{
"type": "FeatureCollection",
"name": "buffalo_eds",
"crs": { "type": "name", "properties": { "name": "urn:ogc:def:crs:OGC:1.3:CRS84" } },
"features": [
{ "type": "Feature", "properties": { "ed_key": "Buffalo NOR 1", "nbhdname": "Riverside", "nbhdnum": 10.0 }, "geometry": { "type": "Polygon", "coordinates": [ [ [ -78.896761000052066, 42.964990000000235 ], [ -78.896834000052067, 42.964941000000223 ], [ -78.897604000052155, 42.964370000000258 ], [ -78.898397000052242, 42.963790000000252 ], [ -78.898472000052237, 42.96373600000026 ], [ -78.897745000052183, 42.963185000000266 ], [ -78.896868000052095, 42.962552000000237 ], [ -78.896094000052031, 42.961992000000251 ], [ -78.896766000052097, 42.961263000000251 ], [ -78.896798000052087, 42.961239000000248 ], [ -78.897579000052176, 42.960659000000256 ], [ -78.897646000052177, 42.96061100000027 ], [ -78.89728900005214, 42.960346000000236 ], [ -78.898260000052232, 42.959928000000247 ], [ -78.899323000052334, 42.960724000000219 ], [ -78.899407000052335, 42.960788000000271 ], [ -78.900192000052442, 42.96020300000022 ], [ -78.900971000052508, 42.959626000000249 ], [ -78.901751000052585, 42.959045000000273 ], [ -78.903301000052693, 42.960181000000254 ], [ -78.904880000052856, 42.961334000000249 ], [ -78.905211000052901, 42.961571000000269 ], [ -78.905384000052905, 42.961560000000262 ], [ -78.905056000052895, 42.961801000000257 ], [ -78.904677000052814, 42.962074000000229 ], [ -78.904494000052836, 42.962210000000269 ], [ -78.903930000052782, 42.962628000000258 ], [ -78.903714000052744, 42.962786000000264 ], [ -78.903279000052706, 42.96310300000026 ], [ -78.90292900005268, 42.963362000000259 ], [ -78.902159000052592, 42.963932000000234 ], [ -78.901923000052562, 42.964106000000264 ], [ -78.901322000052488, 42.964555000000225 ], [ -78.900368000052396, 42.965265000000272 ], [ -78.899606000052344, 42.965828000000293 ], [ -78.898754000052264, 42.966455000000259 ], [ -78.898421000052224, 42.966216000000237 ], [ -78.897459000052123, 42.965502000000264 ], [ -78.896761000052066, 42.964990000000235 ] ] ] } },
{ "type": "Feature", "properties": { "ed_key": "Buffalo NOR 16", "nbhdname": "Riverside", "nbhdnum": 10.0 }, "geometry": { "type": "Polygon", "coordinates": [ [ [ -78.901231000052547, 42.958664000000248 ], [ -78.901751000052585, 42.959045000000273 ], [ -78.900971000052508, 42.959626000000249 ], [ -78.900192000052442, 42.96020300000022 ], [ -78.899407000052335, 42.960788000000271 ], [ -78.899323000052334, 42.960724000000219 ], [ -78.898260000052232, 42.959928000000247 ], [ -78.899185000052327, 42.959534000000239 ], [ -78.899653000052396, 42.959335000000237 ], [ -78.900248000052443, 42.959084000000253 ], [ -78.900388000052445, 42.959025000000246 ], [ -78.901231000052547, 42.958664000000248 ] ] ] } },
{ "type": "Feature", "properties": { "ed_key": "Buffalo NOR 2", "nbhdname": "Riverside", "nbhdnum": 10.0 }, "geometry": { "type": "Polygon", "coordinates": [ [ [ -78.898260000052232, 42.959928000000247 ], [ -78.89728900005214, 42.960346000000236 ], [ -78.896668000052102, 42.960034000000242 ], [ -78.895832000052025, 42.959615000000248 ], [ -78.894967000051935, 42.959179000000212 ], [ -78.894991000051931, 42.959154000000247 ], [ -78.89551700005201, 42.958574000000247 ], [ -78.896074000052053, 42.95797200000024 ], [ -78.896696000052117, 42.957300000000245 ], [ -78.897073000052174, 42.956894000000254 ], [ -78.897403000052179, 42.95654800000024 ], [ -78.897755000052214, 42.956175000000229 ], [ -78.898109000052273, 42.955796000000227 ], [ -78.898207000052267, 42.955846000000257 ], [ -78.90262000005265, 42.958070000000255 ], [ -78.90222500005261, 42.958240000000266 ], [ -78.901686000052578, 42.958470000000219 ], [ -78.901440000052531, 42.958574000000233 ], [ -78.901231000052547, 42.958664000000248 ], [ -78.900388000052445, 42.959025000000246 ], [ -78.900248000052443, 42.959084000000253 ], [ -78.899653000052396, 42.959335000000237 ], [ -78.899185000052327, 42.959534000000239 ], [ -78.898260000052232, 42.959928000000247 ] ] ] } },
{ "type": "Feature", "properties": { "ed_key": "Buffalo NOR 6", "nbhdname": "Riverside", "nbhdnum": 10.0 }, "geometry": { "type": "Polygon", "coordinates": [ [ [ -78.898109000052273, 42.955796000000227 ], [ -78.898464000052329, 42.955411000000254 ], [ -78.898760000052306, 42.955091000000223 ], [ -78.898937000052356, 42.95490300000025 ], [ -78.899352000052374, 42.954462000000227 ], [ -78.8994320000524, 42.95437700000025 ], [ -78.899978000052442, 42.953792000000227 ], [ -78.900528000052489, 42.953202000000253 ], [ -78.900542000052482, 42.953187000000248 ], [ -78.9027860000527, 42.954314000000231 ], [ -78.902870000052687, 42.954351000000244 ], [ -78.902969000052735, 42.954375000000262 ], [ -78.902999000052731, 42.95438000000027 ], [ -78.903094000052732, 42.954384000000246 ], [ -78.90320200005273, 42.954372000000255 ], [ -78.903389000052769, 42.95432300000023 ], [ -78.903843000052774, 42.954196000000252 ], [ -78.905809000052997, 42.953643000000241 ], [ -78.905845000052992, 42.953629000000241 ], [ -78.905856000053006, 42.953653000000251 ], [ -78.906189000053018, 42.954303000000252 ], [ -78.906542000053051, 42.954974000000227 ], [ -78.906880000053079, 42.955631000000253 ], [ -78.907148000053127, 42.956151000000283 ], [ -78.906166000053034, 42.956566000000279 ], [ -78.905257000052927, 42.956951000000267 ], [ -78.904330000052838, 42.957344000000234 ], [ -78.904105000052809, 42.957440000000261 ], [ -78.903216000052709, 42.957815000000252 ], [ -78.90262000005265, 42.958070000000255 ], [ -78.898207000052267, 42.955846000000257 ], [ -78.898109000052273, 42.955796000000227 ] ] ] } },
{ "type": "Feature", "properties": { "ed_key": "Buffalo NOR 15", "nbhdname": "Riverside", "nbhdnum": 10.0 }, "geometry": { "type": "Polygon", "coordinates": [ [ [ -78.89728900005214, 42.960346000000236 ], [ -78.897646000052177, 42.96061100000027 ], [ -78.897579000052176, 42.960659000000256 ], [ -78.896798000052087, 42.961239000000248 ], [ -78.896766000052097, 42.961263000000251 ], [ -78.896094000052031, 42.961992000000251 ], [ -78.896868000052095, 42.962552000000237 ], [ -78.897745000052183, 42.963185000000266 ], [ -78.898472000052237, 42.96373600000026 ], [ -78.898397000052242, 42.963790000000252 ], [ -78.897604000052155, 42.964370000000258 ], [ -78.896834000052067, 42.964941000000223 ], [ -78.896761000052066, 42.964990000000235 ], [ -78.896433000052042, 42.964715000000268 ], [ -78.896092000052022, 42.964415000000265 ], [ -78.895375000051942, 42.963799000000222 ], [ -78.894833000051918, 42.963331000000217 ], [ -78.894157000051848, 42.962747000000256 ], [ -78.893541000051783, 42.962215000000235 ], [ -78.893554000051765, 42.96211300000023 ], [ -78.893517000051787, 42.962080000000249 ], [ -78.893471000051775, 42.962039000000239 ], [ -78.892533000051699, 42.961261000000235 ], [ -78.89235500005168, 42.96105900000024 ], [ -78.890608000051529, 42.958567000000251 ], [ -78.88949500005144, 42.958569000000239 ], [ -78.889287000051411, 42.958572000000203 ], [ -78.889249000051407, 42.958572000000224 ], [ -78.889361000051409, 42.957864000000221 ], [ -78.889471000051415, 42.957169000000285 ], [ -78.889573000051442, 42.956521000000279 ], [ -78.889585000051468, 42.956437000000264 ], [ -78.889617000051459, 42.956453000000266 ], [ -78.889813000051461, 42.956552000000237 ], [ -78.891817000051645, 42.957571000000236 ], [ -78.892619000051738, 42.957980000000248 ], [ -78.892861000051724, 42.958096000000232 ], [ -78.893016000051759, 42.958173000000272 ], [ -78.893220000051798, 42.958246000000251 ], [ -78.893353000051803, 42.95834100000026 ], [ -78.894991000051931, 42.959154000000247 ], [ -78.894967000051935, 42.959179000000212 ], [ -78.895832000052025, 42.959615000000248 ], [ -78.896668000052102, 42.960034000000242 ], [ -78.89728900005214, 42.960346000000236 ] ] ] } },
{ "type": "Feature", "properties": { "ed_key": "Buffalo NOR 7", "nbhdname": "Riverside", "nbhdnum": 10.0 }, "geometry": { "type": "Polygon", "coordinates": [ [ [ -78.899978000052442, 42.953792000000227 ], [ -78.8994320000524, 42.95437700000025 ], [ -78.899352000052374, 42.954462000000227 ], [ -78.898937000052356, 42.95490300000025 ], [ -78.898760000052306, 42.955091000000223 ], [ -78.898464000052329, 42.955411000000254 ], [ -78.898109000052273, 42.955796000000227 ], [ -78.897755000052214, 42.956175000000229 ], [ -78.897403000052179, 42.95654800000024 ], [ -78.897073000052174, 42.956894000000254 ], [ -78.896696000052117, 42.957300000000245 ], [ -78.896074000052053, 42.95797200000024 ], [ -78.89551700005201, 42.958574000000247 ], [ -78.894991000051931, 42.959154000000247 ], [ -78.893353000051803, 42.95834100000026 ], [ -78.893220000051798, 42.958246000000251 ], [ -78.893374000051793, 42.95749700000021 ], [ -78.893549000051806, 42.95663800000024 ], [ -78.89366500005184, 42.956074000000228 ], [ -78.893859000051876, 42.955120000000242 ], [ -78.894325000051893, 42.952833000000247 ], [ -78.895035000052005, 42.949536000000272 ], [ -78.895342000052054, 42.94785400000022 ], [ -78.895610000052102, 42.946383000000239 ], [ -78.895853000052114, 42.944800000000249 ], [ -78.896273000052133, 42.944627000000231 ], [ -78.896833000052212, 42.944392000000221 ], [ -78.896768000052177, 42.944906000000259 ], [ -78.896641000052171, 42.945873000000226 ], [ -78.8960330000521, 42.95008500000025 ], [ -78.897034000052187, 42.950567000000241 ], [ -78.897664000052245, 42.950885000000241 ], [ -78.898877000052352, 42.951507000000241 ], [ -78.899424000052406, 42.950922000000233 ], [ -78.899756000052435, 42.950568000000246 ], [ -78.899978000052457, 42.950328000000276 ], [ -78.900220000052499, 42.950066000000263 ], [ -78.900521000052521, 42.949738000000295 ], [ -78.901045000052576, 42.949175000000231 ], [ -78.901092000052572, 42.94916200000025 ], [ -78.901776000052649, 42.948973000000251 ], [ -78.903224000052774, 42.948562000000237 ], [ -78.903277000052796, 42.948662000000262 ], [ -78.903805000052827, 42.949686000000241 ], [ -78.903987000052865, 42.950041000000247 ], [ -78.90433400005287, 42.95072400000025 ], [ -78.904713000052908, 42.951440000000247 ], [ -78.904953000052942, 42.951899000000253 ], [ -78.905090000052951, 42.952161000000252 ], [ -78.905148000052947, 42.952272000000235 ], [ -78.905476000052971, 42.952891000000271 ], [ -78.905505000052955, 42.952943000000253 ], [ -78.905829000052989, 42.95359900000026 ], [ -78.905845000052992, 42.953629000000241 ], [ -78.905809000052997, 42.953643000000241 ], [ -78.903843000052774, 42.954196000000252 ], [ -78.903389000052769, 42.95432300000023 ], [ -78.90320200005273, 42.954372000000255 ], [ -78.903094000052732, 42.954384000000246 ], [ -78.902999000052731, 42.95438000000027 ], [ -78.902969000052735, 42.954375000000262 ], [ -78.902870000052687, 42.954351000000244 ], [ -78.9027860000527, 42.954314000000231 ], [ -78.900542000052482, 42.953187000000248 ], [ -78.900528000052489, 42.953202000000253 ], [ -78.899978000052442, 42.953792000000227 ] ] ] } },
{ "type": "Feature", "properties": { "ed_key": "Buffalo NOR 3", "nbhdname": "West Hertel", "nbhdnum": 11.0 }, "geometry": { "type": "Polygon", "coordinates": [ [ [ -78.889573000051442, 42.956521000000279 ], [ -78.889471000051415, 42.957169000000285 ], [ -78.889361000051409, 42.957864000000221 ], [ -78.889249000051407, 42.958572000000224 ], [ -78.889170000051394, 42.958575000000259 ], [ -78.887106000051205, 42.958588000000233 ], [ -78.885805000051093, 42.958593000000242 ], [ -78.885233000051045, 42.958597000000232 ], [ -78.884048000050939, 42.958599000000255 ], [ -78.883422000050857, 42.958604000000257 ], [ -78.88276100005082, 42.95861000000022 ], [ -78.88258500005081, 42.958610000000242 ], [ -78.88235700005076, 42.958611000000225 ], [ -78.881954000050726, 42.958612000000244 ], [ -78.881400000050675, 42.958616000000248 ], [ -78.880381000050591, 42.958623000000244 ], [ -78.879368000050476, 42.958629000000251 ], [ -78.878737000050435, 42.958634000000217 ], [ -78.878385000050386, 42.95863600000024 ], [ -78.878373000050388, 42.957580000000213 ], [ -78.878365000050394, 42.956727000000242 ], [ -78.878339000050417, 42.955973000000235 ], [ -78.879017000050496, 42.955977000000232 ], [ -78.883409000050875, 42.955998000000221 ], [ -78.886260000051138, 42.956012000000236 ], [ -78.887584000051277, 42.956011000000217 ], [ -78.889049000051401, 42.956004000000256 ], [ -78.889654000051465, 42.956000000000252 ], [ -78.889585000051468, 42.956437000000264 ], [ -78.889573000051442, 42.956521000000279 ] ] ] } },
{ "type": "Feature", "properties": { "ed_key": "Buffalo NOR 4", "nbhdname": "North Park", "nbhdnum": 12.0 }, "geometry": { "type": "Polygon", "coordinates": [ [ [ -78.878365000050394, 42.956727000000242 ], [ -78.878373000050388, 42.957580000000213 ], [ -78.878385000050386, 42.95863600000024 ], [ -78.876799000050255, 42.958646000000229 ], [ -78.876644000050248, 42.958647000000248 ], [ -78.876376000050229, 42.95864900000025 ], [ -78.876009000050189, 42.958652000000242 ], [ -78.874549000050052, 42.958660000000251 ], [ -78.873600000049976, 42.958665000000231 ], [ -78.872643000049862, 42.958670000000239 ], [ -78.871699000049801, 42.958675000000213 ], [ -78.870752000049706, 42.95868000000025 ], [ -78.869769000049615, 42.958685000000237 ], [ -78.869620000049622, 42.958685000000251 ], [ -78.869543000049589, 42.957989000000218 ], [ -78.869506000049597, 42.957641000000244 ], [ -78.869428000049595, 42.95695800000022 ], [ -78.869411000049624, 42.956797000000265 ], [ -78.869327000049609, 42.955992000000258 ], [ -78.869541000049594, 42.955989000000258 ], [ -78.873492000049978, 42.955981000000243 ], [ -78.877921000050378, 42.955971000000268 ], [ -78.878339000050417, 42.955973000000235 ], [ -78.878365000050394, 42.956727000000242 ] ] ] } },
{ "type": "Feature", "properties": { "ed_key": "Buffalo NOR 11", "nbhdname": "North Park", "nbhdnum": 12.0 }, "geometry": { "type": "Polygon", "coordinates": [ [ [ -78.869428000049595, 42.95695800000022 ], [ -78.869506000049597, 42.957641000000244 ], [ -78.869543000049589, 42.957989000000218 ], [ -78.86834400004949, 42.957988000000221 ], [ -78.868335000049498, 42.956957000000216 ], [ -78.869428000049595, 42.95695800000022 ] ] ] } },
{ "type": "Feature", "properties": { "ed_key": "Buffalo NOR 5", "nbhdname": "Riverside", "nbhdnum": 10.0 }, "geometry": { "type": "Polygon", "coordinates": [ [ [ -78.901751000052585, 42.959045000000273 ], [ -78.901231000052547, 42.958664000000248 ], [ -78.901440000052531, 42.958574000000233 ], [ -78.901686000052578, 42.958470000000219 ], [ -78.90222500005261, 42.958240000000266 ], [ -78.90262000005265, 42.958070000000255 ], [ -78.903216000052709, 42.957815000000252 ], [ -78.904105000052809, 42.957440000000261 ], [ -78.904330000052838, 42.957344000000234 ], [ -78.905257000052927, 42.956951000000267 ], [ -78.906166000053034, 42.956566000000279 ], [ -78.907148000053127, 42.956151000000283 ], [ -78.906880000053079, 42.955631000000253 ], [ -78.906542000053051, 42.954974000000227 ], [ -78.906189000053018, 42.954303000000252 ], [ -78.905856000053006, 42.953653000000251 ], [ -78.905845000052992, 42.953629000000241 ], [ -78.905886000052988, 42.953610000000246 ], [ -78.905946000053021, 42.953587000000248 ], [ -78.906352000053076, 42.953423000000235 ], [ -78.907614000053158, 42.95289200000024 ], [ -78.908900000053279, 42.952349000000261 ], [ -78.909009000053317, 42.952303000000285 ], [ -78.909176000053321, 42.952655000000249 ], [ -78.909231000053325, 42.952770000000228 ], [ -78.909662000053359, 42.953678000000281 ], [ -78.909833000053368, 42.954037000000241 ], [ -78.910225000053416, 42.954864000000256 ], [ -78.91031100005344, 42.954961000000232 ], [ -78.910788000053458, 42.955500000000256 ], [ -78.910902000053454, 42.955629000000258 ], [ -78.911319000053524, 42.956061000000233 ], [ -78.911875000053541, 42.956497000000248 ], [ -78.912065000053573, 42.956646000000276 ], [ -78.911954000053555, 42.956733000000284 ], [ -78.910989000053462, 42.957435000000245 ], [ -78.909761000053336, 42.958340000000256 ], [ -78.908790000053258, 42.95905300000026 ], [ -78.908680000053238, 42.959133000000243 ], [ -78.908642000053248, 42.959161000000236 ], [ -78.907811000053158, 42.959771000000231 ], [ -78.907418000053113, 42.960061000000266 ], [ -78.906992000053052, 42.960372000000255 ], [ -78.906852000053064, 42.960474000000268 ], [ -78.906545000053029, 42.960699000000254 ], [ -78.906072000052973, 42.961055000000243 ], [ -78.905384000052905, 42.961560000000262 ], [ -78.905211000052901, 42.961571000000269 ], [ -78.904880000052856, 42.961334000000249 ], [ -78.903301000052693, 42.960181000000254 ], [ -78.901751000052585, 42.959045000000273 ] ] ] } },
{ "type": "Feature", "properties": { "ed_key": "Buffalo NOR 8", "nbhdname": "West Hertel", "nbhdnum": 11.0 }, "geometry": { "type": "Polygon", "coordinates": [ [ [ -78.893374000051793, 42.95749700000021 ], [ -78.893220000051798, 42.958246000000251 ], [ -78.893016000051759, 42.958173000000272 ], [ -78.892861000051724, 42.958096000000232 ], [ -78.892619000051738, 42.957980000000248 ], [ -78.891817000051645, 42.957571000000236 ], [ -78.889813000051461, 42.956552000000237 ], [ -78.889617000051459, 42.956453000000266 ], [ -78.889585000051468, 42.956437000000264 ], [ -78.889654000051465, 42.956000000000252 ], [ -78.889709000051454, 42.955649000000228 ], [ -78.88976800005149, 42.955313000000224 ], [ -78.889824000051476, 42.954945000000237 ], [ -78.889932000051502, 42.954240000000254 ], [ -78.890120000051525, 42.953018000000249 ], [ -78.890146000051544, 42.952839000000267 ], [ -78.890287000051543, 42.951940000000242 ], [ -78.890367000051555, 42.951427000000244 ], [ -78.89038000005155, 42.951343000000236 ], [ -78.890396000051553, 42.951237000000241 ], [ -78.890486000051538, 42.950657000000255 ], [ -78.890618000051589, 42.94980800000026 ], [ -78.890746000051607, 42.948971000000263 ], [ -78.89097900005163, 42.947514000000254 ], [ -78.890984000051645, 42.947488000000256 ], [ -78.891096000051661, 42.946750000000279 ], [ -78.89117700005167, 42.946211000000254 ], [ -78.891184000051652, 42.946166000000225 ], [ -78.891482000051695, 42.944173000000276 ], [ -78.891502000051716, 42.944046000000228 ], [ -78.892963000051836, 42.944057000000242 ], [ -78.893240000051875, 42.94402700000024 ], [ -78.893502000051896, 42.943982000000254 ], [ -78.89377800005191, 42.94392700000023 ], [ -78.893957000051927, 42.943883000000262 ], [ -78.894256000051968, 42.943800000000259 ], [ -78.894526000051997, 42.943705000000257 ], [ -78.894864000052038, 42.943551000000241 ], [ -78.895155000052071, 42.94338600000026 ], [ -78.895517000052081, 42.943129000000255 ], [ -78.895675000052094, 42.942988000000263 ], [ -78.895838000052109, 42.942799000000257 ], [ -78.895979000052137, 42.942602000000264 ], [ -78.896128000052173, 42.942344000000233 ], [ -78.896273000052162, 42.942062000000234 ], [ -78.895853000052114, 42.944800000000249 ], [ -78.895610000052102, 42.946383000000239 ], [ -78.895342000052054, 42.94785400000022 ], [ -78.895035000052005, 42.949536000000272 ], [ -78.894325000051893, 42.952833000000247 ], [ -78.893859000051876, 42.955120000000242 ], [ -78.89366500005184, 42.956074000000228 ], [ -78.893549000051806, 42.95663800000024 ], [ -78.893374000051793, 42.95749700000021 ] ] ] } },
{ "type": "Feature", "properties": { "ed_key": "Buffalo NOR 12", "nbhdname": "Riverside", "nbhdnum": 10.0 }, "geometry": { "type": "Polygon", "coordinates": [ [ [ -78.909009000053317, 42.952303000000285 ], [ -78.908900000053279, 42.952349000000261 ], [ -78.907614000053158, 42.95289200000024 ], [ -78.906352000053076, 42.953423000000235 ], [ -78.905946000053021, 42.953587000000248 ], [ -78.905886000052988, 42.953610000000246 ], [ -78.905845000052992, 42.953629000000241 ], [ -78.905829000052989, 42.95359900000026 ], [ -78.905505000052955, 42.952943000000253 ], [ -78.905476000052971, 42.952891000000271 ], [ -78.905148000052947, 42.952272000000235 ], [ -78.905090000052951, 42.952161000000252 ], [ -78.904953000052942, 42.951899000000253 ], [ -78.904713000052908, 42.951440000000247 ], [ -78.90433400005287, 42.95072400000025 ], [ -78.903987000052865, 42.950041000000247 ], [ -78.903805000052827, 42.949686000000241 ], [ -78.903277000052796, 42.948662000000262 ], [ -78.903224000052774, 42.948562000000237 ], [ -78.901776000052649, 42.948973000000251 ], [ -78.901092000052572, 42.94916200000025 ], [ -78.901045000052576, 42.949175000000231 ], [ -78.900521000052521, 42.949738000000295 ], [ -78.900220000052499, 42.950066000000263 ], [ -78.899978000052457, 42.950328000000276 ], [ -78.899756000052435, 42.950568000000246 ], [ -78.899424000052406, 42.950922000000233 ], [ -78.898877000052352, 42.951507000000241 ], [ -78.897664000052245, 42.950885000000241 ], [ -78.897034000052187, 42.950567000000241 ], [ -78.8960330000521, 42.95008500000025 ], [ -78.896641000052171, 42.945873000000226 ], [ -78.896768000052177, 42.944906000000259 ], [ -78.896833000052212, 42.944392000000221 ], [ -78.897748000052275, 42.944009000000257 ], [ -78.898076000052328, 42.943874000000228 ], [ -78.89942100005247, 42.943316000000237 ], [ -78.90031800005255, 42.942944000000246 ], [ -78.900798000052575, 42.94386900000022 ], [ -78.901257000052624, 42.944760000000258 ], [ -78.901789000052659, 42.945798000000252 ], [ -78.901928000052692, 42.946068000000224 ], [ -78.90718500005319, 42.944125000000248 ], [ -78.907355000053201, 42.944580000000244 ], [ -78.907372000053201, 42.944636000000237 ], [ -78.907526000053224, 42.945169000000284 ], [ -78.907538000053208, 42.945208000000257 ], [ -78.907597000053215, 42.945654000000268 ], [ -78.907669000053218, 42.946218000000243 ], [ -78.907893000053235, 42.946987000000263 ], [ -78.908113000053262, 42.947721000000264 ], [ -78.908436000053285, 42.948789000000239 ], [ -78.908604000053288, 42.949791000000239 ], [ -78.908613000053307, 42.949845000000259 ], [ -78.908647000053293, 42.950042000000302 ], [ -78.908739000053302, 42.950603000000235 ], [ -78.908877000053295, 42.951447000000243 ], [ -78.909009000053317, 42.952303000000285 ] ] ] } },
{ "type": "Feature", "properties": { "ed_key": "Buffalo NOR 17", "nbhdname": "Black Rock", "nbhdnum": 8.0 }, "geometry": { "type": "Polygon", "coordinates": [ [ [ -78.912065000053573, 42.956646000000276 ], [ -78.911875000053541, 42.956497000000248 ], [ -78.911319000053524, 42.956061000000233 ], [ -78.910902000053454, 42.955629000000258 ], [ -78.910788000053458, 42.955500000000256 ], [ -78.91031100005344, 42.954961000000232 ], [ -78.910225000053416, 42.954864000000256 ], [ -78.909833000053368, 42.954037000000241 ], [ -78.909662000053359, 42.953678000000281 ], [ -78.909231000053325, 42.952770000000228 ], [ -78.909176000053321, 42.952655000000249 ], [ -78.909009000053317, 42.952303000000285 ], [ -78.908877000053295, 42.951447000000243 ], [ -78.908739000053302, 42.950603000000235 ], [ -78.908647000053293, 42.950042000000302 ], [ -78.908613000053307, 42.949845000000259 ], [ -78.908604000053288, 42.949791000000239 ], [ -78.908436000053285, 42.948789000000239 ], [ -78.908113000053262, 42.947721000000264 ], [ -78.907893000053235, 42.946987000000263 ], [ -78.907669000053218, 42.946218000000243 ], [ -78.907597000053215, 42.945654000000268 ], [ -78.907538000053208, 42.945208000000257 ], [ -78.907526000053224, 42.945169000000284 ], [ -78.907372000053201, 42.944636000000237 ], [ -78.907355000053201, 42.944580000000244 ], [ -78.90718500005319, 42.944125000000248 ], [ -78.906982000053176, 42.943721000000238 ], [ -78.906947000053179, 42.943650000000247 ], [ -78.906423000053124, 42.942633000000235 ], [ -78.905961000053097, 42.941728000000275 ], [ -78.905653000053078, 42.941142000000248 ], [ -78.905492000053044, 42.940810000000205 ], [ -78.904579000052976, 42.941183000000258 ], [ -78.903793000052886, 42.941504000000258 ], [ -78.903173000052831, 42.940310000000231 ], [ -78.902938000052814, 42.939863000000273 ], [ -78.90229500005276, 42.938608000000229 ], [ -78.903109000052837, 42.938385000000252 ], [ -78.903393000052858, 42.938308000000248 ], [ -78.904109000052941, 42.93810500000027 ], [ -78.904595000052979, 42.937970000000256 ], [ -78.905049000053054, 42.937844000000268 ], [ -78.905123000053038, 42.937823000000243 ], [ -78.905200000053043, 42.937801000000263 ], [ -78.90545600005305, 42.937731000000262 ], [ -78.905561000053083, 42.937702000000229 ], [ -78.907164000053243, 42.937262000000239 ], [ -78.907194000053238, 42.937284000000233 ], [ -78.907231000053244, 42.937296000000252 ], [ -78.907298000053231, 42.937291000000251 ], [ -78.907912000053315, 42.937197000000253 ], [ -78.907949000053307, 42.937203000000238 ], [ -78.908577000053356, 42.938152000000251 ], [ -78.908738000053361, 42.938373000000219 ], [ -78.908840000053374, 42.938572000000256 ], [ -78.908919000053388, 42.938775000000263 ], [ -78.908902000053388, 42.93887400000024 ], [ -78.908865000053396, 42.938896000000241 ], [ -78.908827000053407, 42.938912000000258 ], [ -78.90878300005339, 42.938895000000251 ], [ -78.908761000053374, 42.938867000000251 ], [ -78.908717000053372, 42.938779000000252 ], [ -78.908010000053324, 42.937620000000237 ], [ -78.907960000053293, 42.937494000000243 ], [ -78.907908000053325, 42.937427000000248 ], [ -78.907864000053294, 42.937394000000218 ], [ -78.907805000053287, 42.93738800000024 ], [ -78.907722000053298, 42.937393000000249 ], [ -78.90644000005318, 42.937739000000285 ], [ -78.907485000053242, 42.93975700000022 ], [ -78.907507000053243, 42.939769000000275 ], [ -78.907627000053282, 42.939753000000266 ], [ -78.908598000053345, 42.939355000000248 ], [ -78.908807000053372, 42.93926900000028 ], [ -78.908777000053377, 42.939246000000246 ], [ -78.908771000053378, 42.939186000000227 ], [ -78.908794000053376, 42.939109000000272 ], [ -78.908817000053403, 42.939071000000261 ], [ -78.908862000053389, 42.939071000000233 ], [ -78.908914000053386, 42.93908800000024 ], [ -78.909055000053385, 42.939177000000264 ], [ -78.909113000053409, 42.939277000000232 ], [ -78.909116000053388, 42.939323000000272 ], [ -78.909138000053417, 42.939341000000255 ], [ -78.909724000053458, 42.940846000000228 ], [ -78.909755000053465, 42.942247000000251 ], [ -78.90930000005342, 42.942216000000244 ], [ -78.909191000053411, 42.943125000000244 ], [ -78.909180000053382, 42.943214000000239 ], [ -78.908390000053302, 42.943641000000241 ], [ -78.908411000053306, 42.943685000000244 ], [ -78.908485000053332, 42.943746000000267 ], [ -78.908686000053336, 42.943797000000288 ], [ -78.908813000053343, 42.943815000000242 ], [ -78.908992000053374, 42.943816000000261 ], [ -78.909246000053386, 42.943796000000262 ], [ -78.909418000053392, 42.943776000000241 ], [ -78.909471000053429, 42.943754000000247 ], [ -78.909523000053426, 42.943755000000245 ], [ -78.909710000053437, 42.943784000000257 ], [ -78.909656000053431, 42.944837000000248 ], [ -78.909020000053346, 42.944926000000244 ], [ -78.90902900005338, 42.944976000000217 ], [ -78.909048000053374, 42.945074000000233 ], [ -78.909720000053397, 42.945052000000203 ], [ -78.909746000053431, 42.945854000000246 ], [ -78.909648000053437, 42.945859000000276 ], [ -78.909628000053416, 42.945710000000254 ], [ -78.90945600005341, 42.945709000000228 ], [ -78.909447000053405, 42.94586800000026 ], [ -78.909357000053404, 42.945856000000241 ], [ -78.909667000053389, 42.949598000000258 ], [ -78.909756000053392, 42.949604000000271 ], [ -78.909778000053393, 42.949621000000263 ], [ -78.909785000053418, 42.949654000000251 ], [ -78.909762000053405, 42.949719000000243 ], [ -78.909484000053411, 42.949811000000274 ], [ -78.909463000053378, 42.950250000000267 ], [ -78.90950000005337, 42.950766000000257 ], [ -78.90954500005337, 42.951250000000258 ], [ -78.909599000053376, 42.951618000000252 ], [ -78.909705000053393, 42.952020000000232 ], [ -78.9098260000534, 42.952421000000257 ], [ -78.909978000053414, 42.952752000000231 ], [ -78.910187000053412, 42.953248000000258 ], [ -78.910354000053431, 42.953573000000262 ], [ -78.91052100005345, 42.953871000000255 ], [ -78.91075500005347, 42.954224000000281 ], [ -78.91103200005351, 42.95470400000022 ], [ -78.911389000053504, 42.955289000000249 ], [ -78.911492000053528, 42.95541100000024 ], [ -78.911654000053545, 42.955571000000248 ], [ -78.912354000053611, 42.956175000000243 ], [ -78.912450000053639, 42.956248000000244 ], [ -78.91243300005361, 42.956343000000231 ], [ -78.9123920000536, 42.956368000000253 ], [ -78.912203000053609, 42.956487000000259 ], [ -78.912080000053592, 42.956570000000262 ], [ -78.912065000053573, 42.956646000000276 ] ] ] } },
{ "type": "Feature", "properties": { "ed_key": "Buffalo NOR 18", "nbhdname": "Black Rock", "nbhdnum": 8.0 }, "geometry": { "type": "Polygon", "coordinates": [ [ [ -78.896833000052212, 42.944392000000221 ], [ -78.896273000052133, 42.944627000000231 ], [ -78.895853000052114, 42.944800000000249 ], [ -78.896273000052162, 42.942062000000234 ], [ -78.896128000052173, 42.942344000000233 ], [ -78.895979000052137, 42.942602000000264 ], [ -78.895838000052109, 42.942799000000257 ], [ -78.895675000052094, 42.942988000000263 ], [ -78.895517000052081, 42.943129000000255 ], [ -78.895155000052071, 42.94338600000026 ], [ -78.894864000052038, 42.943551000000241 ], [ -78.894526000051997, 42.943705000000257 ], [ -78.894256000051968, 42.943800000000259 ], [ -78.893957000051927, 42.943883000000262 ], [ -78.89377800005191, 42.94392700000023 ], [ -78.893502000051896, 42.943982000000254 ], [ -78.893240000051875, 42.94402700000024 ], [ -78.892963000051836, 42.944057000000242 ], [ -78.891502000051716, 42.944046000000228 ], [ -78.891573000051707, 42.943596000000241 ], [ -78.891628000051753, 42.943288000000273 ], [ -78.891792000051751, 42.942357000000214 ], [ -78.891806000051744, 42.942277000000267 ], [ -78.891948000051755, 42.941473000000222 ], [ -78.892912000051837, 42.941204000000262 ], [ -78.893426000051917, 42.941065000000236 ], [ -78.893550000051945, 42.94103100000023 ], [ -78.894421000051992, 42.94079300000022 ], [ -78.89535900005211, 42.940536000000229 ], [ -78.89653600005218, 42.940214000000218 ], [ -78.897424000052311, 42.939969000000261 ], [ -78.898599000052414, 42.939643000000252 ], [ -78.899607000052512, 42.939361000000225 ], [ -78.900509000052594, 42.939107000000227 ], [ -78.900945000052644, 42.938985000000258 ], [ -78.901349000052647, 42.938872000000252 ], [ -78.90229500005276, 42.938608000000229 ], [ -78.902938000052814, 42.939863000000273 ], [ -78.903173000052831, 42.940310000000231 ], [ -78.903793000052886, 42.941504000000258 ], [ -78.904579000052976, 42.941183000000258 ], [ -78.905492000053044, 42.940810000000205 ], [ -78.905653000053078, 42.941142000000248 ], [ -78.905961000053097, 42.941728000000275 ], [ -78.906423000053124, 42.942633000000235 ], [ -78.906947000053179, 42.943650000000247 ], [ -78.906982000053176, 42.943721000000238 ], [ -78.90718500005319, 42.944125000000248 ], [ -78.901928000052692, 42.946068000000224 ], [ -78.901789000052659, 42.945798000000252 ], [ -78.901257000052624, 42.944760000000258 ], [ -78.900798000052575, 42.94386900000022 ], [ -78.90031800005255, 42.942944000000246 ], [ -78.89942100005247, 42.943316000000237 ], [ -78.898076000052328, 42.943874000000228 ], [ -78.897748000052275, 42.944009000000257 ], [ -78.896833000052212, 42.944392000000221 ] ] ] } },
{ "type": "Feature", "properties": { "ed_key": "Buffalo NOR 21", "nbhdname": "Black Rock", "nbhdnum": 8.0 }, "geometry": { "type": "Polygon", "coordinates": [ [ [ -78.907164000053243, 42.937262000000239 ], [ -78.905561000053083, 42.937702000000229 ], [ -78.90545600005305, 42.937731000000262 ], [ -78.905200000053043, 42.937801000000263 ], [ -78.905123000053038, 42.937823000000243 ], [ -78.905049000053054, 42.937844000000268 ], [ -78.904595000052979, 42.937970000000256 ], [ -78.904109000052941, 42.93810500000027 ], [ -78.903393000052858, 42.938308000000248 ], [ -78.903109000052837, 42.938385000000252 ], [ -78.90229500005276, 42.938608000000229 ], [ -78.901349000052647, 42.938872000000252 ], [ -78.900945000052644, 42.938985000000258 ], [ -78.900509000052594, 42.939107000000227 ], [ -78.899607000052512, 42.939361000000225 ], [ -78.898599000052414, 42.939643000000252 ], [ -78.897424000052311, 42.939969000000261 ], [ -78.89653600005218, 42.940214000000218 ], [ -78.89681600005224, 42.938077000000234 ], [ -78.896926000052247, 42.937166000000225 ], [ -78.896978000052258, 42.936486000000244 ], [ -78.896984000052242, 42.936417000000255 ], [ -78.897022000052303, 42.935942000000274 ], [ -78.897025000052267, 42.935901000000243 ], [ -78.897051000052301, 42.935576000000232 ], [ -78.897099000052279, 42.935161000000249 ], [ -78.897293000052343, 42.933460000000252 ], [ -78.897620000052385, 42.930703000000257 ], [ -78.897273000052337, 42.930442000000227 ], [ -78.897407000052368, 42.929387000000268 ], [ -78.89746800005237, 42.928933000000256 ], [ -78.897590000052375, 42.928948000000247 ], [ -78.897745000052396, 42.929027000000239 ], [ -78.897790000052396, 42.929054000000249 ], [ -78.897899000052419, 42.929139000000248 ], [ -78.898034000052405, 42.92920000000025 ], [ -78.898217000052412, 42.929208000000266 ], [ -78.898512000052449, 42.929134000000225 ], [ -78.898752000052497, 42.929075000000218 ], [ -78.898879000052489, 42.929330000000256 ], [ -78.899060000052501, 42.929657000000255 ], [ -78.899318000052517, 42.929985000000286 ], [ -78.899433000052539, 42.930142000000252 ], [ -78.899783000052565, 42.930514000000258 ], [ -78.901232000052687, 42.931761000000243 ], [ -78.901345000052714, 42.931865000000236 ], [ -78.901430000052713, 42.931807000000255 ], [ -78.901446000052758, 42.931795000000221 ], [ -78.901541000052731, 42.931724000000273 ], [ -78.901838000052763, 42.931513000000251 ], [ -78.901932000052781, 42.931452000000249 ], [ -78.90383300005297, 42.932837000000255 ], [ -78.903780000052933, 42.932875000000251 ], [ -78.903335000052891, 42.933190000000245 ], [ -78.903873000052968, 42.933617000000247 ], [ -78.904122000052979, 42.933482000000232 ], [ -78.904299000052987, 42.933642000000262 ], [ -78.903936000052951, 42.933903000000257 ], [ -78.904132000052968, 42.933868000000253 ], [ -78.904445000052988, 42.933814000000226 ], [ -78.904496000053001, 42.933957000000255 ], [ -78.904039000052933, 42.934047000000255 ], [ -78.904082000052952, 42.934157000000248 ], [ -78.904200000052981, 42.934262000000267 ], [ -78.904387000052978, 42.93422000000028 ], [ -78.904473000052988, 42.934445000000252 ], [ -78.904584000053006, 42.934512000000225 ], [ -78.905183000053071, 42.934424000000263 ], [ -78.905248000053064, 42.934578000000251 ], [ -78.904484000052975, 42.934737000000268 ], [ -78.904526000052996, 42.934891000000256 ], [ -78.905171000053073, 42.934726000000225 ], [ -78.905336000053083, 42.934678000000247 ], [ -78.905410000053081, 42.934695000000261 ], [ -78.905981000053131, 42.934990000000226 ], [ -78.906037000053132, 42.935034000000257 ], [ -78.906297000053158, 42.935258000000232 ], [ -78.906328000053165, 42.935284000000252 ], [ -78.906373000053165, 42.935328000000247 ], [ -78.906519000053194, 42.935472000000253 ], [ -78.907672000053296, 42.936783000000254 ], [ -78.907774000053294, 42.936916000000274 ], [ -78.907781000053305, 42.936949000000261 ], [ -78.9077660000533, 42.936987000000265 ], [ -78.907750000053284, 42.937009000000238 ], [ -78.907690000053265, 42.937047000000256 ], [ -78.907645000053279, 42.937063000000279 ], [ -78.907263000053234, 42.937153000000251 ], [ -78.907181000053228, 42.937163000000261 ], [ -78.907158000053244, 42.937174000000255 ], [ -78.907150000053235, 42.937191000000254 ], [ -78.907164000053243, 42.937262000000239 ] ] ] } },
{ "type": "Feature", "properties": { "ed_key": "Buffalo NOR 22", "nbhdname": "Grant-Amherst", "nbhdnum": 9.0 }, "geometry": { "type": "Polygon", "coordinates": [ [ [ -78.89746800005237, 42.928933000000256 ], [ -78.897407000052368, 42.929387000000268 ], [ -78.897273000052337, 42.930442000000227 ], [ -78.897620000052385, 42.930703000000257 ], [ -78.897293000052343, 42.933460000000252 ], [ -78.897099000052279, 42.935161000000249 ], [ -78.897051000052301, 42.935576000000232 ], [ -78.897025000052267, 42.935901000000243 ], [ -78.897022000052303, 42.935942000000274 ], [ -78.896984000052242, 42.936417000000255 ], [ -78.896978000052258, 42.936486000000244 ], [ -78.896926000052247, 42.937166000000225 ], [ -78.89681600005224, 42.938077000000234 ], [ -78.89653600005218, 42.940214000000218 ], [ -78.89535900005211, 42.940536000000229 ], [ -78.894421000051992, 42.94079300000022 ], [ -78.893550000051945, 42.94103100000023 ], [ -78.893426000051917, 42.941065000000236 ], [ -78.892912000051837, 42.941204000000262 ], [ -78.891948000051755, 42.941473000000222 ], [ -78.891973000051749, 42.941329000000245 ], [ -78.891391000051726, 42.940459000000232 ], [ -78.889885000051592, 42.938238000000233 ], [ -78.889488000051557, 42.937634000000237 ], [ -78.889403000051544, 42.937506000000234 ], [ -78.888954000051513, 42.936806000000232 ], [ -78.888847000051513, 42.936655000000229 ], [ -78.888804000051493, 42.936594000000241 ], [ -78.888787000051479, 42.936574000000242 ], [ -78.889169000051538, 42.936301000000249 ], [ -78.89103500005173, 42.934988000000217 ], [ -78.891949000051824, 42.934300000000256 ], [ -78.892089000051811, 42.934197000000225 ], [ -78.892350000051863, 42.933982000000242 ], [ -78.892523000051867, 42.933786000000232 ], [ -78.892665000051892, 42.933621000000237 ], [ -78.892830000051916, 42.933390000000223 ], [ -78.892987000051932, 42.933128000000266 ], [ -78.893063000051924, 42.932938000000242 ], [ -78.893205000051935, 42.93253800000025 ], [ -78.893305000051953, 42.932244000000203 ], [ -78.893405000051956, 42.932020000000236 ], [ -78.893498000051977, 42.931854000000243 ], [ -78.893625000051983, 42.931635000000256 ], [ -78.893752000052004, 42.931468000000244 ], [ -78.894031000052024, 42.931178000000266 ], [ -78.894665000052086, 42.930702000000238 ], [ -78.895438000052181, 42.930041000000244 ], [ -78.895644000052187, 42.929785000000237 ], [ -78.896233000052248, 42.929086000000247 ], [ -78.896389000052253, 42.928889000000225 ], [ -78.8964940000523, 42.928777000000238 ], [ -78.896553000052293, 42.928703000000247 ], [ -78.896644000052277, 42.928645000000259 ], [ -78.896930000052322, 42.928438000000256 ], [ -78.897145000052348, 42.928285000000244 ], [ -78.897583000052379, 42.92808000000025 ], [ -78.897559000052397, 42.928256000000239 ], [ -78.897520000052381, 42.928541000000251 ], [ -78.897510000052378, 42.928609000000257 ], [ -78.89746800005237, 42.928933000000256 ] ] ] } },
{ "type": "Feature", "properties": { "ed_key": "Buffalo NOR 13", "nbhdname": "Grant-Amherst", "nbhdnum": 9.0 }, "geometry": { "type": "Polygon", "coordinates": [ [ [ -78.891948000051755, 42.941473000000222 ], [ -78.891806000051744, 42.942277000000267 ], [ -78.891792000051751, 42.942357000000214 ], [ -78.891628000051753, 42.943288000000273 ], [ -78.891573000051707, 42.943596000000241 ], [ -78.891502000051716, 42.944046000000228 ], [ -78.890103000051582, 42.944035000000234 ], [ -78.884891000051084, 42.944050000000239 ], [ -78.883332000050956, 42.944055000000226 ], [ -78.878380000050498, 42.944069000000255 ], [ -78.878382000050507, 42.944029000000221 ], [ -78.878460000050509, 42.942243000000254 ], [ -78.878482000050511, 42.941979000000259 ], [ -78.878527000050525, 42.941407000000233 ], [ -78.878534000050536, 42.941326000000224 ], [ -78.878596000050536, 42.940564000000244 ], [ -78.878600000050554, 42.939808000000262 ], [ -78.87860000005054, 42.93962500000022 ], [ -78.878603000050546, 42.939070000000243 ], [ -78.87860400005053, 42.938693000000242 ], [ -78.878593000050557, 42.93792000000024 ], [ -78.878582000050557, 42.937864000000239 ], [ -78.878585000050549, 42.937793000000227 ], [ -78.878408000050527, 42.936932000000226 ], [ -78.878310000050561, 42.936412000000217 ], [ -78.878241000050522, 42.936040000000226 ], [ -78.87819700005052, 42.93583900000025 ], [ -78.878145000050537, 42.935464000000245 ], [ -78.878088000050539, 42.935246000000234 ], [ -78.877940000050515, 42.934978000000257 ], [ -78.877745000050481, 42.934626000000257 ], [ -78.877527000050478, 42.934307000000217 ], [ -78.877505000050476, 42.934274000000258 ], [ -78.877451000050428, 42.934196000000235 ], [ -78.877724000050492, 42.93423000000022 ], [ -78.878172000050554, 42.934303000000199 ], [ -78.878587000050558, 42.934374000000233 ], [ -78.879038000050613, 42.934521000000238 ], [ -78.879281000050639, 42.934620000000251 ], [ -78.879504000050673, 42.934746000000231 ], [ -78.879767000050677, 42.934918000000259 ], [ -78.880066000050689, 42.935141000000222 ], [ -78.880233000050737, 42.935346000000223 ], [ -78.88041000005073, 42.935577000000258 ], [ -78.880620000050769, 42.935886000000252 ], [ -78.880856000050741, 42.936158000000226 ], [ -78.880972000050789, 42.936278000000229 ], [ -78.881147000050788, 42.936415000000224 ], [ -78.881426000050837, 42.936577000000248 ], [ -78.88171900005085, 42.936737000000235 ], [ -78.881990000050877, 42.93685800000025 ], [ -78.882366000050908, 42.936989000000224 ], [ -78.882774000050915, 42.937090000000225 ], [ -78.883211000050991, 42.937180000000254 ], [ -78.883581000051038, 42.937243000000251 ], [ -78.883909000051048, 42.937288000000258 ], [ -78.884413000051083, 42.937307000000231 ], [ -78.884871000051135, 42.937320000000263 ], [ -78.884974000051159, 42.937314000000242 ], [ -78.885340000051173, 42.937294000000236 ], [ -78.885633000051214, 42.937291000000258 ], [ -78.886236000051241, 42.937279000000238 ], [ -78.886857000051336, 42.937267000000233 ], [ -78.887125000051341, 42.937229000000244 ], [ -78.88728100005136, 42.93720900000023 ], [ -78.887451000051385, 42.937171000000248 ], [ -78.887748000051403, 42.93710500000023 ], [ -78.887974000051429, 42.937017000000239 ], [ -78.888182000051458, 42.936925000000251 ], [ -78.888299000051475, 42.936869000000243 ], [ -78.888397000051469, 42.936815000000216 ], [ -78.888592000051489, 42.936640000000224 ], [ -78.888750000051502, 42.936526000000221 ], [ -78.888787000051479, 42.936574000000242 ], [ -78.888804000051493, 42.936594000000241 ], [ -78.888847000051513, 42.936655000000229 ], [ -78.888954000051513, 42.936806000000232 ], [ -78.889403000051544, 42.937506000000234 ], [ -78.889488000051557, 42.937634000000237 ], [ -78.889885000051592, 42.938238000000233 ], [ -78.891391000051726, 42.940459000000232 ], [ -78.891973000051749, 42.941329000000245 ], [ -78.891948000051755, 42.941473000000222 ] ] ] } },
{ "type": "Feature", "properties": { "ed_key": "Buffalo NOR 9", "nbhdname": "West Hertel", "nbhdnum": 11.0 }, "geometry": { "type": "Polygon", "coordinates": [ [ [ -78.881411000050747, 42.947756000000226 ], [ -78.882376000050854, 42.94775300000024 ], [ -78.883347000050946, 42.947746000000251 ], [ -78.884289000050998, 42.947728000000254 ], [ -78.88431400005102, 42.94772500000024 ], [ -78.885288000051133, 42.947403000000264 ], [ -78.885298000051108, 42.94896600000024 ], [ -78.885630000051137, 42.948965000000236 ], [ -78.886399000051185, 42.948959000000229 ], [ -78.887521000051322, 42.948965000000243 ], [ -78.888053000051372, 42.948969000000268 ], [ -78.888722000051402, 42.949259000000247 ], [ -78.889521000051488, 42.949237000000245 ], [ -78.889819000051531, 42.947469000000225 ], [ -78.889966000051544, 42.946558000000252 ], [ -78.89117700005167, 42.946211000000254 ], [ -78.891096000051661, 42.946750000000279 ], [ -78.890984000051645, 42.947488000000256 ], [ -78.89097900005163, 42.947514000000254 ], [ -78.890746000051607, 42.948971000000263 ], [ -78.890618000051589, 42.94980800000026 ], [ -78.890486000051538, 42.950657000000255 ], [ -78.890396000051553, 42.951237000000241 ], [ -78.89038000005155, 42.951343000000236 ], [ -78.890367000051555, 42.951427000000244 ], [ -78.890287000051543, 42.951940000000242 ], [ -78.890146000051544, 42.952839000000267 ], [ -78.890120000051525, 42.953018000000249 ], [ -78.889932000051502, 42.954240000000254 ], [ -78.889824000051476, 42.954945000000237 ], [ -78.88976800005149, 42.955313000000224 ], [ -78.889709000051454, 42.955649000000228 ], [ -78.889654000051465, 42.956000000000252 ], [ -78.889049000051401, 42.956004000000256 ], [ -78.887584000051277, 42.956011000000217 ], [ -78.886260000051138, 42.956012000000236 ], [ -78.883409000050875, 42.955998000000221 ], [ -78.879017000050496, 42.955977000000232 ], [ -78.878339000050417, 42.955973000000235 ], [ -78.878279000050426, 42.952706000000227 ], [ -78.87825100005044, 42.951416000000222 ], [ -78.878236000050435, 42.95012500000022 ], [ -78.878212000050453, 42.947757000000244 ], [ -78.880333000050641, 42.947756000000226 ], [ -78.880766000050684, 42.947756000000226 ], [ -78.881411000050747, 42.947756000000226 ] ] ] } },
{ "type": "Feature", "properties": { "ed_key": "Buffalo NOR 19", "nbhdname": "West Hertel", "nbhdnum": 11.0 }, "geometry": { "type": "Polygon", "coordinates": [ [ [ -78.891502000051716, 42.944046000000228 ], [ -78.891482000051695, 42.944173000000276 ], [ -78.891184000051652, 42.946166000000225 ], [ -78.89117700005167, 42.946211000000254 ], [ -78.889966000051544, 42.946558000000252 ], [ -78.889819000051531, 42.947469000000225 ], [ -78.889521000051488, 42.949237000000245 ], [ -78.888722000051402, 42.949259000000247 ], [ -78.888053000051372, 42.948969000000268 ], [ -78.887521000051322, 42.948965000000243 ], [ -78.886399000051185, 42.948959000000229 ], [ -78.885630000051137, 42.948965000000236 ], [ -78.885298000051108, 42.94896600000024 ], [ -78.885288000051133, 42.947403000000264 ], [ -78.88431400005102, 42.94772500000024 ], [ -78.884289000050998, 42.947728000000254 ], [ -78.883347000050946, 42.947746000000251 ], [ -78.882376000050854, 42.94775300000024 ], [ -78.881411000050747, 42.947756000000226 ], [ -78.880766000050684, 42.947756000000226 ], [ -78.880333000050641, 42.947756000000226 ], [ -78.878212000050453, 42.947757000000244 ], [ -78.878380000050498, 42.944069000000255 ], [ -78.883332000050956, 42.944055000000226 ], [ -78.884891000051084, 42.944050000000239 ], [ -78.890103000051582, 42.944035000000234 ], [ -78.891502000051716, 42.944046000000228 ] ] ] } },
{ "type": "Feature", "properties": { "ed_key": "Buffalo NOR 10", "nbhdname": "North Park", "nbhdnum": 12.0 }, "geometry": { "type": "Polygon", "coordinates": [ [ [ -78.878212000050453, 42.947757000000244 ], [ -78.878236000050435, 42.95012500000022 ], [ -78.87825100005044, 42.951416000000222 ], [ -78.878279000050426, 42.952706000000227 ], [ -78.878339000050417, 42.955973000000235 ], [ -78.877921000050378, 42.955971000000268 ], [ -78.873492000049978, 42.955981000000243 ], [ -78.869541000049594, 42.955989000000258 ], [ -78.869327000049609, 42.955992000000258 ], [ -78.869283000049592, 42.955670000000225 ], [ -78.869253000049596, 42.955506000000241 ], [ -78.869225000049596, 42.955334000000221 ], [ -78.86916000004959, 42.954601000000217 ], [ -78.869100000049599, 42.953893000000228 ], [ -78.869093000049617, 42.953778000000234 ], [ -78.869054000049616, 42.953135000000273 ], [ -78.869050000049612, 42.953061000000211 ], [ -78.868971000049569, 42.952321000000211 ], [ -78.868887000049583, 42.951531000000251 ], [ -78.868882000049581, 42.951486000000223 ], [ -78.868791000049583, 42.950630000000245 ], [ -78.868778000049588, 42.95047800000021 ], [ -78.868697000049565, 42.949691000000207 ], [ -78.868597000049562, 42.948721000000226 ], [ -78.868500000049579, 42.947770000000247 ], [ -78.86907100004963, 42.947771000000216 ], [ -78.872877000049982, 42.947763000000208 ], [ -78.873262000050019, 42.947762000000232 ], [ -78.873898000050048, 42.947761000000277 ], [ -78.874342000050092, 42.94776000000023 ], [ -78.874375000050108, 42.947760000000251 ], [ -78.875435000050203, 42.947758000000206 ], [ -78.875548000050216, 42.947757000000244 ], [ -78.878212000050453, 42.947757000000244 ] ] ] } },
{ "type": "Feature", "properties": { "ed_key": "Buffalo NOR 14", "nbhdname": "Parkside", "nbhdnum": 13.0 }, "geometry": { "type": "Polygon", "coordinates": [ [ [ -78.87860000005054, 42.93962500000022 ], [ -78.876293000050339, 42.939622000000227 ], [ -78.872285000049956, 42.939613000000207 ], [ -78.872290000049986, 42.938692000000231 ], [ -78.872302000049999, 42.938672000000231 ], [ -78.87231500004998, 42.937778000000229 ], [ -78.872327000049992, 42.936552000000233 ], [ -78.872333000049977, 42.936025000000264 ], [ -78.872359000049997, 42.935870000000193 ], [ -78.872381000049998, 42.935801000000232 ], [ -78.872497000050004, 42.935631000000235 ], [ -78.87254700005002, 42.935514000000211 ], [ -78.872570000050018, 42.935405000000237 ], [ -78.872577000050043, 42.935167000000249 ], [ -78.872609000050034, 42.935075000000239 ], [ -78.872643000050005, 42.934953000000213 ], [ -78.87263300005003, 42.934865000000229 ], [ -78.87264600005004, 42.934774000000218 ], [ -78.872679000050056, 42.934706000000197 ], [ -78.872735000050042, 42.93464800000023 ], [ -78.872755000050049, 42.934552000000224 ], [ -78.872778000050033, 42.934446000000236 ], [ -78.872854000050026, 42.93442800000021 ], [ -78.873216000050093, 42.934319000000237 ], [ -78.873539000050101, 42.934222000000197 ], [ -78.873873000050139, 42.934109000000234 ], [ -78.874095000050147, 42.93404600000023 ], [ -78.874293000050187, 42.933991000000233 ], [ -78.874400000050187, 42.933963000000219 ], [ -78.874572000050222, 42.933938000000197 ], [ -78.874656000050223, 42.933933000000224 ], [ -78.874942000050225, 42.93390900000022 ], [ -78.875328000050288, 42.933913000000238 ], [ -78.875575000050304, 42.933933000000216 ], [ -78.876375000050359, 42.934036000000212 ], [ -78.876979000050426, 42.934113000000259 ], [ -78.87739000005044, 42.934189000000252 ], [ -78.877451000050428, 42.934196000000235 ], [ -78.877505000050476, 42.934274000000258 ], [ -78.877527000050478, 42.934307000000217 ], [ -78.877745000050481, 42.934626000000257 ], [ -78.877940000050515, 42.934978000000257 ], [ -78.878088000050539, 42.935246000000234 ], [ -78.878145000050537, 42.935464000000245 ], [ -78.87819700005052, 42.93583900000025 ], [ -78.878241000050522, 42.936040000000226 ], [ -78.878310000050561, 42.936412000000217 ], [ -78.878408000050527, 42.936932000000226 ], [ -78.878585000050549, 42.937793000000227 ], [ -78.878582000050557, 42.937864000000239 ], [ -78.878593000050557, 42.93792000000024 ], [ -78.87860400005053, 42.938693000000242 ], [ -78.878603000050546, 42.939070000000243 ], [ -78.87860000005054, 42.93962500000022 ] ] ] } },
{ "type": "Feature", "properties": { "ed_key": "Buffalo NOR 20", "nbhdname": "Parkside", "nbhdnum": 13.0 }, "geometry": { "type": "Polygon", "coordinates": [ [ [ -78.872285000049956, 42.939613000000207 ], [ -78.876293000050339, 42.939622000000227 ], [ -78.87860000005054, 42.93962500000022 ], [ -78.878600000050554, 42.939808000000262 ], [ -78.878596000050536, 42.940564000000244 ], [ -78.878534000050536, 42.941326000000224 ], [ -78.878527000050525, 42.941407000000233 ], [ -78.878482000050511, 42.941979000000259 ], [ -78.878460000050509, 42.942243000000254 ], [ -78.878382000050507, 42.944029000000221 ], [ -78.878380000050498, 42.944069000000255 ], [ -78.878212000050453, 42.947757000000244 ], [ -78.875548000050216, 42.947757000000244 ], [ -78.875435000050203, 42.947758000000206 ], [ -78.874375000050108, 42.947760000000251 ], [ -78.874342000050092, 42.94776000000023 ], [ -78.873898000050048, 42.947761000000277 ], [ -78.873262000050019, 42.947762000000232 ], [ -78.872877000049982, 42.947763000000208 ], [ -78.86907100004963, 42.947771000000216 ], [ -78.868500000049579, 42.947770000000247 ], [ -78.868379000049586, 42.946690000000238 ], [ -78.868265000049561, 42.945661000000236 ], [ -78.868146000049549, 42.944622000000209 ], [ -78.868138000049569, 42.94457000000024 ], [ -78.868078000049564, 42.944074000000235 ], [ -78.868053000049571, 42.943862000000216 ], [ -78.867991000049557, 42.943349000000204 ], [ -78.867879000049555, 42.942427000000265 ], [ -78.867833000049558, 42.941955000000235 ], [ -78.867772000049541, 42.941496000000257 ], [ -78.867715000049543, 42.941079000000258 ], [ -78.867649000049525, 42.940532000000232 ], [ -78.867546000049529, 42.939664000000235 ], [ -78.867229000049548, 42.937073000000225 ], [ -78.867203000049543, 42.936858000000264 ], [ -78.867149000049537, 42.936688000000224 ], [ -78.867170000049512, 42.936593000000222 ], [ -78.867125000049512, 42.936613000000222 ], [ -78.866248000049453, 42.935399000000245 ], [ -78.86633900004945, 42.935358000000242 ], [ -78.866271000049423, 42.93522400000019 ], [ -78.866199000049448, 42.935083000000233 ], [ -78.866108000049437, 42.934778000000236 ], [ -78.866096000049453, 42.934239000000218 ], [ -78.866087000049433, 42.934133000000209 ], [ -78.866244000049448, 42.934130000000238 ], [ -78.866362000049463, 42.934124000000239 ], [ -78.866877000049527, 42.934104000000218 ], [ -78.867353000049548, 42.934094000000215 ], [ -78.867727000049584, 42.93407500000022 ], [ -78.868055000049608, 42.934058000000235 ], [ -78.868167000049596, 42.934052000000229 ], [ -78.868748000049678, 42.934084000000247 ], [ -78.86922100004972, 42.934134000000249 ], [ -78.869431000049744, 42.934167000000208 ], [ -78.869680000049769, 42.93422600000023 ], [ -78.869982000049788, 42.934304000000246 ], [ -78.870264000049829, 42.934386000000238 ], [ -78.870658000049843, 42.934498000000232 ], [ -78.870983000049875, 42.934554000000212 ], [ -78.871344000049902, 42.934587000000249 ], [ -78.871580000049917, 42.934600000000195 ], [ -78.871915000049967, 42.934593000000234 ], [ -78.872240000050013, 42.934554000000233 ], [ -78.872519000050033, 42.934501000000225 ], [ -78.872778000050033, 42.934446000000236 ], [ -78.872755000050049, 42.934552000000224 ], [ -78.872735000050042, 42.93464800000023 ], [ -78.872679000050056, 42.934706000000197 ], [ -78.87264600005004, 42.934774000000218 ], [ -78.87263300005003, 42.934865000000229 ], [ -78.872643000050005, 42.934953000000213 ], [ -78.872609000050034, 42.935075000000239 ], [ -78.872577000050043, 42.935167000000249 ], [ -78.872570000050018, 42.935405000000237 ], [ -78.87254700005002, 42.935514000000211 ], [ -78.872497000050004, 42.935631000000235 ], [ -78.872381000049998, 42.935801000000232 ], [ -78.872359000049997, 42.935870000000193 ], [ -78.872333000049977, 42.936025000000264 ], [ -78.872327000049992, 42.936552000000233 ], [ -78.87231500004998, 42.937778000000229 ], [ -78.872302000049999, 42.938672000000231 ], [ -78.872290000049986, 42.938692000000231 ], [ -78.872285000049956, 42.939613000000207 ] ] ] } },
{ "type": "Feature", "properties": { "ed_key": "Buffalo DEL 2", "nbhdname": "North Park", "nbhdnum": 12.0 }, "geometry": { "type": "Polygon", "coordinates": [ [ [ -78.869327000049609, 42.955992000000258 ], [ -78.869411000049624, 42.956797000000265 ], [ -78.869428000049595, 42.95695800000022 ], [ -78.868335000049498, 42.956957000000216 ], [ -78.86834400004949, 42.957988000000221 ], [ -78.869543000049589, 42.957989000000218 ], [ -78.869620000049622, 42.958685000000251 ], [ -78.869594000049602, 42.958718000000239 ], [ -78.869474000049578, 42.958685000000244 ], [ -78.865821000049266, 42.95868800000023 ], [ -78.865336000049226, 42.95868600000022 ], [ -78.864240000049136, 42.958682000000259 ], [ -78.861587000048857, 42.958669000000235 ], [ -78.858643000048602, 42.958653000000233 ], [ -78.858874000048658, 42.957876000000226 ], [ -78.85887500004867, 42.957031000000249 ], [ -78.858891000048672, 42.956171000000239 ], [ -78.858900000048678, 42.955756000000264 ], [ -78.85952100004873, 42.955853000000246 ], [ -78.864447000049168, 42.955928000000206 ], [ -78.866262000049318, 42.955956000000221 ], [ -78.868728000049543, 42.955972000000209 ], [ -78.868823000049559, 42.95591700000022 ], [ -78.869220000049594, 42.955724000000224 ], [ -78.869283000049592, 42.955670000000225 ], [ -78.869327000049609, 42.955992000000258 ] ] ] } },
{ "type": "Feature", "properties": { "ed_key": "Buffalo DEL 4", "nbhdname": "North Park", "nbhdnum": 12.0 }, "geometry": { "type": "Polygon", "coordinates": [ [ [ -78.86916000004959, 42.954601000000217 ], [ -78.869225000049596, 42.955334000000221 ], [ -78.869253000049596, 42.955506000000241 ], [ -78.869283000049592, 42.955670000000225 ], [ -78.869220000049594, 42.955724000000224 ], [ -78.868823000049559, 42.95591700000022 ], [ -78.868728000049543, 42.955972000000209 ], [ -78.866262000049318, 42.955956000000221 ], [ -78.864447000049168, 42.955928000000206 ], [ -78.85952100004873, 42.955853000000246 ], [ -78.858900000048678, 42.955756000000264 ], [ -78.858897000048671, 42.955572000000217 ], [ -78.858898000048669, 42.955386000000253 ], [ -78.858900000048678, 42.954991000000234 ], [ -78.858903000048684, 42.954640000000246 ], [ -78.858901000048675, 42.954597000000227 ], [ -78.858926000048655, 42.954597000000234 ], [ -78.858925000048686, 42.95456200000023 ], [ -78.858948000048699, 42.953326000000217 ], [ -78.858951000048691, 42.952632000000229 ], [ -78.85897400004869, 42.952155000000204 ], [ -78.85897800004868, 42.951479000000255 ], [ -78.860413000048808, 42.951486000000223 ], [ -78.861777000048946, 42.951498000000214 ], [ -78.863143000049078, 42.951509000000215 ], [ -78.864508000049199, 42.951521000000241 ], [ -78.865873000049305, 42.951524000000255 ], [ -78.867248000049429, 42.951527000000247 ], [ -78.868887000049583, 42.951531000000251 ], [ -78.868971000049569, 42.952321000000211 ], [ -78.869050000049612, 42.953061000000211 ], [ -78.869054000049616, 42.953135000000273 ], [ -78.869093000049617, 42.953778000000234 ], [ -78.869100000049599, 42.953893000000228 ], [ -78.86916000004959, 42.954601000000217 ] ] ] } },
{ "type": "Feature", "properties": { "ed_key": "Buffalo DEL 12", "nbhdname": "North Park", "nbhdnum": 12.0 }, "geometry": { "type": "Polygon", "coordinates": [ [ [ -78.860477000048874, 42.947739000000261 ], [ -78.861823000048972, 42.94774600000023 ], [ -78.863048000049076, 42.947753000000212 ], [ -78.863182000049093, 42.947753000000212 ], [ -78.863162000049087, 42.950163000000224 ], [ -78.863143000049078, 42.951509000000215 ], [ -78.861777000048946, 42.951498000000214 ], [ -78.860413000048808, 42.951486000000223 ], [ -78.85897800004868, 42.951479000000255 ], [ -78.85899600004872, 42.950173000000248 ], [ -78.859006000048709, 42.949669000000227 ], [ -78.859003000048716, 42.949206000000238 ], [ -78.859014000048717, 42.94873200000022 ], [ -78.859036000048718, 42.948138000000235 ], [ -78.859030000048719, 42.947728000000218 ], [ -78.860451000048855, 42.947739000000226 ], [ -78.860477000048874, 42.947739000000261 ] ] ] } },
{ "type": "Feature", "properties": { "ed_key": "Buffalo DEL 11", "nbhdname": "North Park", "nbhdnum": 12.0 }, "geometry": { "type": "Polygon", "coordinates": [ [ [ -78.868500000049579, 42.947770000000247 ], [ -78.868597000049562, 42.948721000000226 ], [ -78.868697000049565, 42.949691000000207 ], [ -78.868778000049588, 42.95047800000021 ], [ -78.868791000049583, 42.950630000000245 ], [ -78.868882000049581, 42.951486000000223 ], [ -78.868887000049583, 42.951531000000251 ], [ -78.867248000049429, 42.951527000000247 ], [ -78.865873000049305, 42.951524000000255 ], [ -78.864508000049199, 42.951521000000241 ], [ -78.863143000049078, 42.951509000000215 ], [ -78.863162000049087, 42.950163000000224 ], [ -78.863182000049093, 42.947753000000212 ], [ -78.863048000049076, 42.947753000000212 ], [ -78.863050000049085, 42.947375000000243 ], [ -78.863062000049112, 42.944594000000251 ], [ -78.864280000049206, 42.944607000000218 ], [ -78.867412000049484, 42.94462100000024 ], [ -78.867981000049554, 42.944623000000227 ], [ -78.868146000049549, 42.944622000000209 ], [ -78.868265000049561, 42.945661000000236 ], [ -78.868379000049586, 42.946690000000238 ], [ -78.868500000049579, 42.947770000000247 ] ] ] } },
{ "type": "Feature", "properties": { "ed_key": "Buffalo DEL 14", "nbhdname": "North Park", "nbhdnum": 12.0 }, "geometry": { "type": "Polygon", "coordinates": [ [ [ -78.868146000049549, 42.944622000000209 ], [ -78.867981000049554, 42.944623000000227 ], [ -78.867412000049484, 42.94462100000024 ], [ -78.864280000049206, 42.944607000000218 ], [ -78.863062000049112, 42.944594000000251 ], [ -78.863050000049085, 42.947375000000243 ], [ -78.863048000049076, 42.947753000000212 ], [ -78.861823000048972, 42.94774600000023 ], [ -78.860477000048874, 42.947739000000261 ], [ -78.860451000048855, 42.947739000000226 ], [ -78.859030000048719, 42.947728000000218 ], [ -78.858807000048714, 42.947351000000261 ], [ -78.85867400004868, 42.947130000000207 ], [ -78.858637000048688, 42.94707100000025 ], [ -78.858421000048679, 42.946762000000227 ], [ -78.858185000048664, 42.946404000000236 ], [ -78.858098000048656, 42.946247000000227 ], [ -78.857999000048636, 42.946043000000223 ], [ -78.857972000048662, 42.945987000000216 ], [ -78.857565000048609, 42.94513600000024 ], [ -78.857271000048598, 42.944538000000193 ], [ -78.856964000048578, 42.943938000000216 ], [ -78.859933000048827, 42.944066000000248 ], [ -78.860401000048867, 42.944067000000217 ], [ -78.868078000049564, 42.944074000000235 ], [ -78.868138000049569, 42.94457000000024 ], [ -78.868146000049549, 42.944622000000209 ] ] ] } },
{ "type": "Feature", "properties": { "ed_key": "Buffalo DEL 1", "nbhdname": "North Park", "nbhdnum": 12.0 }, "geometry": { "type": "Polygon", "coordinates": [ [ [ -78.857440000048598, 42.947713000000249 ], [ -78.857450000048587, 42.946513000000238 ], [ -78.857460000048619, 42.946429000000215 ], [ -78.857487000048579, 42.946362000000214 ], [ -78.857538000048606, 42.946286000000264 ], [ -78.857635000048603, 42.946208000000226 ], [ -78.85774500004861, 42.946141000000246 ], [ -78.857867000048628, 42.94608500000021 ], [ -78.857999000048636, 42.946043000000223 ], [ -78.858098000048656, 42.946247000000227 ], [ -78.858185000048664, 42.946404000000236 ], [ -78.858421000048679, 42.946762000000227 ], [ -78.858637000048688, 42.94707100000025 ], [ -78.85867400004868, 42.947130000000207 ], [ -78.858807000048714, 42.947351000000261 ], [ -78.859030000048719, 42.947728000000218 ], [ -78.857440000048598, 42.947713000000249 ] ] ] } },
{ "type": "Feature", "properties": { "ed_key": "Buffalo DEL 3", "nbhdname": "North Park", "nbhdnum": 12.0 }, "geometry": { "type": "Polygon", "coordinates": [ [ [ -78.858643000048602, 42.958653000000233 ], [ -78.855942000048387, 42.958644000000234 ], [ -78.855792000048382, 42.958643000000244 ], [ -78.855006000048306, 42.958641000000256 ], [ -78.854291000048249, 42.958638000000228 ], [ -78.854067000048218, 42.958638000000228 ], [ -78.853598000048194, 42.958633000000219 ], [ -78.853132000048163, 42.958626000000237 ], [ -78.852197000048065, 42.95861300000022 ], [ -78.852024000048047, 42.958611000000204 ], [ -78.851260000047986, 42.958599000000206 ], [ -78.850907000047954, 42.958593000000242 ], [ -78.850328000047895, 42.958584000000208 ], [ -78.849787000047868, 42.958575000000245 ], [ -78.848615000047729, 42.958556000000229 ], [ -78.847950000047689, 42.958547000000202 ], [ -78.847458000047638, 42.958539000000222 ], [ -78.846943000047588, 42.9585310000002 ], [ -78.846117000047528, 42.958519000000258 ], [ -78.845964000047516, 42.958517000000221 ], [ -78.845005000047436, 42.958503000000228 ], [ -78.844975000047441, 42.958503000000221 ], [ -78.843807000047306, 42.958488000000251 ], [ -78.842606000047212, 42.958469000000214 ], [ -78.842459000047199, 42.958468000000252 ], [ -78.841525000047142, 42.958455000000214 ], [ -78.840632000047052, 42.958444000000192 ], [ -78.84043400004704, 42.958441000000199 ], [ -78.839418000046933, 42.958428000000218 ], [ -78.839455000046968, 42.955911000000192 ], [ -78.84068100004707, 42.955926000000204 ], [ -78.843846000047336, 42.955965000000205 ], [ -78.84384600004735, 42.955934000000205 ], [ -78.843853000047346, 42.955503000000235 ], [ -78.843862000047366, 42.955043000000231 ], [ -78.843873000047353, 42.954437000000262 ], [ -78.845074000047461, 42.954452000000195 ], [ -78.845092000047458, 42.953842000000236 ], [ -78.845112000047479, 42.952491000000222 ], [ -78.845465000047511, 42.95246500000021 ], [ -78.845652000047536, 42.95244400000022 ], [ -78.845839000047548, 42.952418000000215 ], [ -78.846219000047583, 42.95235300000023 ], [ -78.846556000047613, 42.95227900000021 ], [ -78.846886000047633, 42.952189000000196 ], [ -78.847064000047638, 42.952127000000253 ], [ -78.847239000047679, 42.952061000000228 ], [ -78.847328000047668, 42.952141000000218 ], [ -78.847405000047672, 42.952207000000193 ], [ -78.847653000047686, 42.952401000000236 ], [ -78.847837000047718, 42.952528000000193 ], [ -78.848032000047752, 42.952648000000188 ], [ -78.848405000047748, 42.952848000000238 ], [ -78.848500000047778, 42.952895000000197 ], [ -78.848697000047807, 42.952982000000219 ], [ -78.848924000047802, 42.953069000000212 ], [ -78.84917900004784, 42.953154000000218 ], [ -78.849441000047847, 42.953227000000226 ], [ -78.849503000047832, 42.953239000000245 ], [ -78.850094000047903, 42.953352000000237 ], [ -78.850603000047968, 42.953441000000261 ], [ -78.850869000047965, 42.953484000000245 ], [ -78.851403000048023, 42.953560000000216 ], [ -78.851836000048053, 42.953610000000225 ], [ -78.85245100004812, 42.953670000000237 ], [ -78.853068000048168, 42.953718000000222 ], [ -78.853077000048145, 42.954561000000204 ], [ -78.854350000048257, 42.95456900000022 ], [ -78.855757000048385, 42.954579000000237 ], [ -78.857312000048552, 42.954592000000254 ], [ -78.858152000048619, 42.954597000000227 ], [ -78.858901000048675, 42.954597000000227 ], [ -78.858903000048684, 42.954640000000246 ], [ -78.858900000048678, 42.954991000000234 ], [ -78.858898000048669, 42.955386000000253 ], [ -78.858897000048671, 42.955572000000217 ], [ -78.858900000048678, 42.955756000000264 ], [ -78.858891000048672, 42.956171000000239 ], [ -78.85887500004867, 42.957031000000249 ], [ -78.858874000048658, 42.957876000000226 ], [ -78.858643000048602, 42.958653000000233 ] ] ] } },
{ "type": "Feature", "properties": { "ed_key": "Buffalo DEL 6", "nbhdname": "North Park", "nbhdnum": 12.0 }, "geometry": { "type": "Polygon", "coordinates": [ [ [ -78.859030000048719, 42.947728000000218 ], [ -78.859036000048718, 42.948138000000235 ], [ -78.859014000048717, 42.94873200000022 ], [ -78.859003000048716, 42.949206000000238 ], [ -78.859006000048709, 42.949669000000227 ], [ -78.85899600004872, 42.950173000000248 ], [ -78.85897800004868, 42.951479000000255 ], [ -78.85897400004869, 42.952155000000204 ], [ -78.858951000048691, 42.952632000000229 ], [ -78.858948000048699, 42.953326000000217 ], [ -78.858925000048686, 42.95456200000023 ], [ -78.858926000048655, 42.954597000000234 ], [ -78.858901000048675, 42.954597000000227 ], [ -78.858152000048619, 42.954597000000227 ], [ -78.857312000048552, 42.954592000000254 ], [ -78.855757000048385, 42.954579000000237 ], [ -78.855771000048406, 42.953910000000235 ], [ -78.855781000048381, 42.953499000000221 ], [ -78.855781000048381, 42.952990000000227 ], [ -78.855790000048415, 42.952516000000244 ], [ -78.8557960000484, 42.951463000000203 ], [ -78.855735000048398, 42.951463000000203 ], [ -78.854392000048307, 42.951450000000222 ], [ -78.854395000048299, 42.950141000000244 ], [ -78.854413000048325, 42.949730000000216 ], [ -78.85445600004833, 42.947911000000211 ], [ -78.854453000048323, 42.947719000000234 ], [ -78.854451000048343, 42.947685000000199 ], [ -78.854476000048336, 42.947685000000234 ], [ -78.85585500004845, 42.947698000000209 ], [ -78.855880000048444, 42.947698000000194 ], [ -78.857401000048554, 42.947713000000228 ], [ -78.857440000048598, 42.947713000000249 ], [ -78.859030000048719, 42.947728000000218 ] ] ] } },
{ "type": "Feature", "properties": { "ed_key": "Buffalo DEL 8", "nbhdname": "North Park", "nbhdnum": 12.0 }, "geometry": { "type": "Polygon", "coordinates": [ [ [ -78.855757000048385, 42.954579000000237 ], [ -78.854350000048257, 42.95456900000022 ], [ -78.853077000048145, 42.954561000000204 ], [ -78.853068000048168, 42.953718000000222 ], [ -78.85245100004812, 42.953670000000237 ], [ -78.851836000048053, 42.953610000000225 ], [ -78.851836000048053, 42.953354000000225 ], [ -78.851826000048064, 42.952942000000213 ], [ -78.85182600004805, 42.952547000000216 ], [ -78.851816000048046, 42.951946000000198 ], [ -78.851816000048075, 42.951425000000206 ], [ -78.851473000048031, 42.951401000000196 ], [ -78.851205000047997, 42.951367000000225 ], [ -78.850979000047985, 42.951350000000225 ], [ -78.850574000047942, 42.951312000000236 ], [ -78.850375000047919, 42.951271000000226 ], [ -78.849058000047819, 42.95097600000021 ], [ -78.848908000047828, 42.95093200000025 ], [ -78.848846000047814, 42.95088600000021 ], [ -78.848852000047813, 42.950867000000244 ], [ -78.849058000047819, 42.950197000000259 ], [ -78.849095000047853, 42.950073000000216 ], [ -78.84922000004785, 42.949596000000206 ], [ -78.849513000047878, 42.948584000000231 ], [ -78.849777000047922, 42.947684000000237 ], [ -78.84978400004789, 42.94764700000021 ], [ -78.851482000048051, 42.947664000000231 ], [ -78.851778000048071, 42.94766700000023 ], [ -78.853071000048203, 42.947676000000222 ], [ -78.853108000048209, 42.947676000000214 ], [ -78.85363600004824, 42.947679000000193 ], [ -78.854451000048343, 42.947685000000199 ], [ -78.854453000048323, 42.947719000000234 ], [ -78.85445600004833, 42.947911000000211 ], [ -78.854413000048325, 42.949730000000216 ], [ -78.854395000048299, 42.950141000000244 ], [ -78.854392000048307, 42.951450000000222 ], [ -78.855735000048398, 42.951463000000203 ], [ -78.8557960000484, 42.951463000000203 ], [ -78.855790000048415, 42.952516000000244 ], [ -78.855781000048381, 42.952990000000227 ], [ -78.855781000048381, 42.953499000000221 ], [ -78.855771000048406, 42.953910000000235 ], [ -78.855757000048385, 42.954579000000237 ] ] ] } },
{ "type": "Feature", "properties": { "ed_key": "Buffalo DEL 9", "nbhdname": "North Park", "nbhdnum": 12.0 }, "geometry": { "type": "Polygon", "coordinates": [ [ [ -78.851836000048053, 42.953610000000225 ], [ -78.851403000048023, 42.953560000000216 ], [ -78.850869000047965, 42.953484000000245 ], [ -78.850603000047968, 42.953441000000261 ], [ -78.850094000047903, 42.953352000000237 ], [ -78.849503000047832, 42.953239000000245 ], [ -78.849441000047847, 42.953227000000226 ], [ -78.84917900004784, 42.953154000000218 ], [ -78.848924000047802, 42.953069000000212 ], [ -78.848697000047807, 42.952982000000219 ], [ -78.848500000047778, 42.952895000000197 ], [ -78.848405000047748, 42.952848000000238 ], [ -78.848032000047752, 42.952648000000188 ], [ -78.847837000047718, 42.952528000000193 ], [ -78.847653000047686, 42.952401000000236 ], [ -78.847405000047672, 42.952207000000193 ], [ -78.847328000047668, 42.952141000000218 ], [ -78.847239000047679, 42.952061000000228 ], [ -78.847064000047638, 42.952127000000253 ], [ -78.846886000047633, 42.952189000000196 ], [ -78.846556000047613, 42.95227900000021 ], [ -78.846219000047583, 42.95235300000023 ], [ -78.845839000047548, 42.952418000000215 ], [ -78.845652000047536, 42.95244400000022 ], [ -78.845465000047511, 42.95246500000021 ], [ -78.845112000047479, 42.952491000000222 ], [ -78.845092000047458, 42.953842000000236 ], [ -78.845074000047461, 42.954452000000195 ], [ -78.843873000047353, 42.954437000000262 ], [ -78.843903000047348, 42.952490000000218 ], [ -78.84392800004737, 42.952093000000204 ], [ -78.843942000047377, 42.951545000000223 ], [ -78.843971000047389, 42.950288000000199 ], [ -78.843974000047396, 42.949865000000244 ], [ -78.843989000047387, 42.949402000000248 ], [ -78.843996000047397, 42.949206000000196 ], [ -78.844004000047406, 42.948540000000222 ], [ -78.844010000047419, 42.947589000000207 ], [ -78.844048000047422, 42.947589000000228 ], [ -78.846897000047676, 42.947614000000222 ], [ -78.848337000047792, 42.947628000000236 ], [ -78.84978400004789, 42.94764700000021 ], [ -78.849777000047922, 42.947684000000237 ], [ -78.849513000047878, 42.948584000000231 ], [ -78.84922000004785, 42.949596000000206 ], [ -78.849095000047853, 42.950073000000216 ], [ -78.849058000047819, 42.950197000000259 ], [ -78.848852000047813, 42.950867000000244 ], [ -78.848846000047814, 42.95088600000021 ], [ -78.848908000047828, 42.95093200000025 ], [ -78.849058000047819, 42.95097600000021 ], [ -78.850375000047919, 42.951271000000226 ], [ -78.850574000047942, 42.951312000000236 ], [ -78.850979000047985, 42.951350000000225 ], [ -78.851205000047997, 42.951367000000225 ], [ -78.851473000048031, 42.951401000000196 ], [ -78.851816000048075, 42.951425000000206 ], [ -78.851816000048046, 42.951946000000198 ], [ -78.85182600004805, 42.952547000000216 ], [ -78.851826000048064, 42.952942000000213 ], [ -78.851836000048053, 42.953354000000225 ], [ -78.851836000048053, 42.953610000000225 ] ] ] } },
{ "type": "Feature", "properties": { "ed_key": "Buffalo DEL 10", "nbhdname": "Central Park", "nbhdnum": 14.0 }, "geometry": { "type": "Polygon", "coordinates": [ [ [ -78.844010000047419, 42.947589000000207 ], [ -78.844004000047406, 42.948540000000222 ], [ -78.843996000047397, 42.949206000000196 ], [ -78.843989000047387, 42.949402000000248 ], [ -78.843974000047396, 42.949865000000244 ], [ -78.843971000047389, 42.950288000000199 ], [ -78.843942000047377, 42.951545000000223 ], [ -78.84392800004737, 42.952093000000204 ], [ -78.843903000047348, 42.952490000000218 ], [ -78.843873000047353, 42.954437000000262 ], [ -78.843862000047366, 42.955043000000231 ], [ -78.843853000047346, 42.955503000000235 ], [ -78.843172000047275, 42.955510000000231 ], [ -78.840616000047078, 42.955468000000209 ], [ -78.838815000046935, 42.955409000000202 ], [ -78.838808000046924, 42.954971000000207 ], [ -78.838799000046919, 42.954363000000221 ], [ -78.838839000046917, 42.952405000000219 ], [ -78.838860000046935, 42.951937000000221 ], [ -78.838908000046942, 42.950128000000205 ], [ -78.839327000046993, 42.950132000000238 ], [ -78.839527000046999, 42.950122000000214 ], [ -78.839926000047043, 42.95009000000023 ], [ -78.840187000047052, 42.950046000000206 ], [ -78.840217000047062, 42.950041000000191 ], [ -78.840406000047082, 42.950005000000246 ], [ -78.840548000047093, 42.949985000000197 ], [ -78.840758000047117, 42.94994100000023 ], [ -78.841142000047157, 42.949831000000231 ], [ -78.841313000047151, 42.949786000000202 ], [ -78.841504000047181, 42.94973500000021 ], [ -78.841549000047181, 42.949719000000222 ], [ -78.841489000047162, 42.949545000000228 ], [ -78.841444000047161, 42.949369000000225 ], [ -78.841415000047178, 42.949191000000191 ], [ -78.841392000047179, 42.94893400000025 ], [ -78.841380000047195, 42.948654000000204 ], [ -78.841407000047184, 42.947556000000212 ], [ -78.841624000047219, 42.947559000000254 ], [ -78.843703000047384, 42.947585000000217 ], [ -78.844010000047419, 42.947589000000207 ] ] ] } },
{ "type": "Feature", "properties": { "ed_key": "Buffalo DEL 15", "nbhdname": "North Park", "nbhdnum": 12.0 }, "geometry": { "type": "Polygon", "coordinates": [ [ [ -78.857271000048598, 42.944538000000193 ], [ -78.857565000048609, 42.94513600000024 ], [ -78.857972000048662, 42.945987000000216 ], [ -78.857999000048636, 42.946043000000223 ], [ -78.857867000048628, 42.94608500000021 ], [ -78.85774500004861, 42.946141000000246 ], [ -78.857635000048603, 42.946208000000226 ], [ -78.857538000048606, 42.946286000000264 ], [ -78.857487000048579, 42.946362000000214 ], [ -78.857460000048619, 42.946429000000215 ], [ -78.857450000048587, 42.946513000000238 ], [ -78.857440000048598, 42.947713000000249 ], [ -78.857401000048554, 42.947713000000228 ], [ -78.855880000048444, 42.947698000000194 ], [ -78.85585500004845, 42.947698000000209 ], [ -78.854476000048336, 42.947685000000234 ], [ -78.854451000048343, 42.947685000000199 ], [ -78.85363600004824, 42.947679000000193 ], [ -78.853108000048209, 42.947676000000214 ], [ -78.853106000048172, 42.947241000000211 ], [ -78.853134000048229, 42.944478000000217 ], [ -78.852942000048216, 42.944482000000221 ], [ -78.852750000048175, 42.944481000000209 ], [ -78.852558000048177, 42.944475000000253 ], [ -78.852083000048125, 42.944447000000203 ], [ -78.851799000048103, 42.944424000000232 ], [ -78.851517000048077, 42.944395000000213 ], [ -78.85117700004804, 42.944355000000236 ], [ -78.850840000048038, 42.944308000000213 ], [ -78.850504000047991, 42.944252000000247 ], [ -78.850171000047965, 42.9441890000002 ], [ -78.849841000047931, 42.944118000000209 ], [ -78.849983000047956, 42.943429000000222 ], [ -78.850212000047989, 42.942843000000245 ], [ -78.850246000047974, 42.942796000000214 ], [ -78.850337000047986, 42.942650000000206 ], [ -78.850392000047989, 42.942534000000222 ], [ -78.850440000047996, 42.942434000000191 ], [ -78.850655000048022, 42.941961000000205 ], [ -78.850696000048018, 42.941836000000258 ], [ -78.85073600004803, 42.941659000000229 ], [ -78.85075300004803, 42.941488000000227 ], [ -78.850751000048021, 42.941216000000232 ], [ -78.850759000048029, 42.940964000000221 ], [ -78.850759000048015, 42.940777000000246 ], [ -78.850997000048068, 42.940813000000198 ], [ -78.851231000048088, 42.940859000000252 ], [ -78.851346000048096, 42.940886000000226 ], [ -78.851674000048121, 42.940948000000226 ], [ -78.85178700004812, 42.940972000000194 ], [ -78.851957000048131, 42.941007000000212 ], [ -78.852006000048149, 42.941016000000218 ], [ -78.852095000048166, 42.941031000000223 ], [ -78.853352000048275, 42.941255000000211 ], [ -78.853711000048307, 42.941308000000241 ], [ -78.853998000048321, 42.941337000000246 ], [ -78.854296000048322, 42.94134900000023 ], [ -78.854591000048373, 42.941354000000224 ], [ -78.854730000048392, 42.941350000000234 ], [ -78.855225000048421, 42.941305000000199 ], [ -78.855641000048465, 42.941252000000219 ], [ -78.855715000048477, 42.941404000000212 ], [ -78.856171000048505, 42.942332000000235 ], [ -78.856638000048548, 42.943282000000238 ], [ -78.856859000048559, 42.943734000000241 ], [ -78.856964000048578, 42.943938000000216 ], [ -78.857271000048598, 42.944538000000193 ] ] ] } },
{ "type": "Feature", "properties": { "ed_key": "Buffalo DEL 16", "nbhdname": "North Park", "nbhdnum": 12.0 }, "geometry": { "type": "Polygon", "coordinates": [ [ [ -78.853108000048209, 42.947676000000214 ], [ -78.853071000048203, 42.947676000000222 ], [ -78.851778000048071, 42.94766700000023 ], [ -78.851482000048051, 42.947664000000231 ], [ -78.84978400004789, 42.94764700000021 ], [ -78.848337000047792, 42.947628000000236 ], [ -78.846897000047676, 42.947614000000222 ], [ -78.844048000047422, 42.947589000000228 ], [ -78.844010000047419, 42.947589000000207 ], [ -78.843703000047384, 42.947585000000217 ], [ -78.841624000047219, 42.947559000000254 ], [ -78.841407000047184, 42.947556000000212 ], [ -78.840952000047153, 42.947549000000222 ], [ -78.840581000047109, 42.947545000000204 ], [ -78.84058800004712, 42.947184000000206 ], [ -78.840608000047126, 42.94626100000022 ], [ -78.841653000047202, 42.946284000000219 ], [ -78.842256000047257, 42.946284000000219 ], [ -78.844053000047424, 42.946316000000245 ], [ -78.844095000047432, 42.945025000000228 ], [ -78.844103000047468, 42.943882000000229 ], [ -78.844112000047446, 42.94264200000022 ], [ -78.844129000047445, 42.942097000000203 ], [ -78.844132000047466, 42.941428000000244 ], [ -78.84413200004748, 42.941410000000239 ], [ -78.844144000047478, 42.94030500000023 ], [ -78.844207000047462, 42.940305000000215 ], [ -78.845316000047546, 42.9403140000002 ], [ -78.846496000047679, 42.940324000000224 ], [ -78.847835000047766, 42.940336000000208 ], [ -78.847887000047763, 42.940336000000229 ], [ -78.847863000047795, 42.941038000000226 ], [ -78.847840000047782, 42.941112000000203 ], [ -78.847789000047783, 42.941196000000211 ], [ -78.847742000047745, 42.94124600000022 ], [ -78.84770000004778, 42.941303000000225 ], [ -78.847602000047743, 42.941419000000231 ], [ -78.847462000047742, 42.94156100000022 ], [ -78.84733300004774, 42.941700000000203 ], [ -78.847622000047764, 42.941861000000237 ], [ -78.847852000047752, 42.94198600000022 ], [ -78.848088000047795, 42.942105000000218 ], [ -78.848329000047812, 42.942218000000224 ], [ -78.848575000047816, 42.942324000000227 ], [ -78.848799000047862, 42.942414000000213 ], [ -78.849027000047869, 42.942499000000204 ], [ -78.849258000047897, 42.942578000000232 ], [ -78.849492000047931, 42.94265300000022 ], [ -78.84972900004793, 42.942721000000198 ], [ -78.84984300004794, 42.942751000000229 ], [ -78.849969000047963, 42.942785000000214 ], [ -78.850212000047989, 42.942843000000245 ], [ -78.849983000047956, 42.943429000000222 ], [ -78.849841000047931, 42.944118000000209 ], [ -78.850171000047965, 42.9441890000002 ], [ -78.850504000047991, 42.944252000000247 ], [ -78.850840000048038, 42.944308000000213 ], [ -78.85117700004804, 42.944355000000236 ], [ -78.851517000048077, 42.944395000000213 ], [ -78.851799000048103, 42.944424000000232 ], [ -78.852083000048125, 42.944447000000203 ], [ -78.852558000048177, 42.944475000000253 ], [ -78.852750000048175, 42.944481000000209 ], [ -78.852942000048216, 42.944482000000221 ], [ -78.853134000048229, 42.944478000000217 ], [ -78.853106000048172, 42.947241000000211 ], [ -78.853108000048209, 42.947676000000214 ] ] ] } },
{ "type": "Feature", "properties": { "ed_key": "Buffalo DEL 17", "nbhdname": "Central Park", "nbhdnum": 14.0 }, "geometry": { "type": "Polygon", "coordinates": [ [ [ -78.844207000047462, 42.940305000000215 ], [ -78.844144000047478, 42.94030500000023 ], [ -78.84413200004748, 42.941410000000239 ], [ -78.844132000047466, 42.941428000000244 ], [ -78.844129000047445, 42.942097000000203 ], [ -78.844112000047446, 42.94264200000022 ], [ -78.844103000047468, 42.943882000000229 ], [ -78.844095000047432, 42.945025000000228 ], [ -78.844053000047424, 42.946316000000245 ], [ -78.842256000047257, 42.946284000000219 ], [ -78.841653000047202, 42.946284000000219 ], [ -78.840608000047126, 42.94626100000022 ], [ -78.84058800004712, 42.947184000000206 ], [ -78.840581000047109, 42.947545000000204 ], [ -78.840424000047108, 42.947542000000226 ], [ -78.840194000047063, 42.947539000000184 ], [ -78.839129000046995, 42.947522000000212 ], [ -78.838971000046953, 42.947520000000196 ], [ -78.838387000046907, 42.947511000000212 ], [ -78.837814000046876, 42.947504000000251 ], [ -78.837039000046801, 42.947498000000223 ], [ -78.835668000046681, 42.947478000000203 ], [ -78.835313000046639, 42.947473000000194 ], [ -78.835070000046628, 42.947424000000225 ], [ -78.834920000046623, 42.947376000000233 ], [ -78.834777000046628, 42.947317000000233 ], [ -78.8347320000466, 42.947295000000203 ], [ -78.8344560000466, 42.94713800000023 ], [ -78.834314000046575, 42.947064000000239 ], [ -78.83415500004655, 42.947007000000227 ], [ -78.833986000046536, 42.946966000000209 ], [ -78.833856000046538, 42.946946000000217 ], [ -78.833578000046501, 42.946930000000201 ], [ -78.833303000046484, 42.946902000000222 ], [ -78.833102000046452, 42.946854000000222 ], [ -78.832957000046463, 42.946806000000208 ], [ -78.832910000046454, 42.946787000000207 ], [ -78.832801000046445, 42.946743000000197 ], [ -78.832632000046445, 42.946654000000208 ], [ -78.83251800004642, 42.946575000000252 ], [ -78.832419000046414, 42.946486000000199 ], [ -78.832262000046398, 42.946319000000223 ], [ -78.831689000046339, 42.945977000000234 ], [ -78.832354000046408, 42.945376000000202 ], [ -78.832718000046455, 42.945044000000223 ], [ -78.832804000046451, 42.944967000000197 ], [ -78.832834000046461, 42.944939000000218 ], [ -78.833794000046538, 42.944069000000212 ], [ -78.834044000046575, 42.943851000000215 ], [ -78.83481000004663, 42.943144000000203 ], [ -78.835566000046697, 42.942476000000219 ], [ -78.836213000046754, 42.941871000000226 ], [ -78.836933000046841, 42.941203000000222 ], [ -78.837990000046943, 42.940250000000205 ], [ -78.839085000047007, 42.940261000000206 ], [ -78.840063000047095, 42.940269000000228 ], [ -78.841182000047183, 42.940284000000212 ], [ -78.841748000047247, 42.940284000000204 ], [ -78.843289000047378, 42.940297000000207 ], [ -78.843411000047396, 42.940298000000226 ], [ -78.843319000047387, 42.940188000000212 ], [ -78.843028000047354, 42.939772000000204 ], [ -78.842743000047335, 42.939329000000228 ], [ -78.842723000047357, 42.939289000000173 ], [ -78.84269600004734, 42.9392330000002 ], [ -78.842595000047353, 42.939042000000214 ], [ -78.842494000047338, 42.938835000000232 ], [ -78.842342000047339, 42.938397000000229 ], [ -78.842286000047309, 42.938136000000213 ], [ -78.842096000047292, 42.937245000000217 ], [ -78.841728000047297, 42.93702600000023 ], [ -78.841580000047244, 42.936939000000216 ], [ -78.842063000047304, 42.936493000000219 ], [ -78.84211700004731, 42.936441000000201 ], [ -78.842314000047338, 42.936254000000204 ], [ -78.842686000047351, 42.935913000000212 ], [ -78.842680000047352, 42.936822000000198 ], [ -78.842728000047359, 42.937365000000199 ], [ -78.842860000047366, 42.937923000000232 ], [ -78.842997000047376, 42.938370000000234 ], [ -78.843282000047381, 42.938931000000217 ], [ -78.843615000047436, 42.939493000000205 ], [ -78.843941000047465, 42.939976000000222 ], [ -78.844207000047462, 42.940305000000215 ] ] ] } },
{ "type": "Feature", "properties": { "ed_key": "Buffalo DEL 23", "nbhdname": "Parkside", "nbhdnum": 13.0 }, "geometry": { "type": "Polygon", "coordinates": [ [ [ -78.850212000047989, 42.942843000000245 ], [ -78.849969000047963, 42.942785000000214 ], [ -78.84984300004794, 42.942751000000229 ], [ -78.84972900004793, 42.942721000000198 ], [ -78.849492000047931, 42.94265300000022 ], [ -78.849258000047897, 42.942578000000232 ], [ -78.849027000047869, 42.942499000000204 ], [ -78.848799000047862, 42.942414000000213 ], [ -78.848575000047816, 42.942324000000227 ], [ -78.848329000047812, 42.942218000000224 ], [ -78.848088000047795, 42.942105000000218 ], [ -78.847852000047752, 42.94198600000022 ], [ -78.847622000047764, 42.941861000000237 ], [ -78.84733300004774, 42.941700000000203 ], [ -78.847462000047742, 42.94156100000022 ], [ -78.847602000047743, 42.941419000000231 ], [ -78.84770000004778, 42.941303000000225 ], [ -78.847742000047745, 42.94124600000022 ], [ -78.847789000047783, 42.941196000000211 ], [ -78.847840000047782, 42.941112000000203 ], [ -78.847863000047795, 42.941038000000226 ], [ -78.847887000047763, 42.940336000000229 ], [ -78.847835000047766, 42.940336000000208 ], [ -78.846496000047679, 42.940324000000224 ], [ -78.845316000047546, 42.9403140000002 ], [ -78.844207000047462, 42.940305000000215 ], [ -78.843941000047465, 42.939976000000222 ], [ -78.843615000047436, 42.939493000000205 ], [ -78.843282000047381, 42.938931000000217 ], [ -78.842997000047376, 42.938370000000234 ], [ -78.842860000047366, 42.937923000000232 ], [ -78.842728000047359, 42.937365000000199 ], [ -78.842680000047352, 42.936822000000198 ], [ -78.842686000047351, 42.935913000000212 ], [ -78.842854000047382, 42.935760000000236 ], [ -78.843910000047458, 42.93479600000024 ], [ -78.843968000047497, 42.934838000000227 ], [ -78.845270000047606, 42.935588000000223 ], [ -78.845394000047605, 42.935650000000209 ], [ -78.845570000047616, 42.935717000000231 ], [ -78.845709000047634, 42.935756000000232 ], [ -78.845917000047635, 42.935825000000236 ], [ -78.846133000047672, 42.935878000000237 ], [ -78.84635500004768, 42.935917000000245 ], [ -78.846581000047706, 42.935939000000197 ], [ -78.846856000047723, 42.935947000000205 ], [ -78.847155000047735, 42.935935000000235 ], [ -78.847352000047778, 42.9359150000002 ], [ -78.847644000047779, 42.935867000000208 ], [ -78.847908000047795, 42.935817000000235 ], [ -78.848368000047842, 42.935737000000209 ], [ -78.848937000047911, 42.935673000000207 ], [ -78.849217000047943, 42.935655000000196 ], [ -78.849413000047932, 42.935654000000227 ], [ -78.849534000047953, 42.935656000000236 ], [ -78.849623000047984, 42.935660000000205 ], [ -78.849711000047989, 42.935665000000249 ], [ -78.849799000047994, 42.935673000000243 ], [ -78.849886000047974, 42.93568200000022 ], [ -78.84997300004801, 42.935694000000225 ], [ -78.850060000047989, 42.935708000000226 ], [ -78.850230000048029, 42.935741000000199 ], [ -78.850489000048029, 42.935801000000197 ], [ -78.850664000048056, 42.93583700000022 ], [ -78.850842000048075, 42.935869000000224 ], [ -78.851020000048067, 42.935897000000203 ], [ -78.85084800004806, 42.936473000000248 ], [ -78.850752000048061, 42.936995000000231 ], [ -78.85071300004806, 42.937241000000228 ], [ -78.850683000048036, 42.937487000000189 ], [ -78.850660000048066, 42.937734000000212 ], [ -78.850646000048073, 42.937982000000211 ], [ -78.850640000048045, 42.938229000000199 ], [ -78.850645000048047, 42.93835800000025 ], [ -78.850678000048035, 42.939017000000241 ], [ -78.850694000048023, 42.93923100000022 ], [ -78.850696000048018, 42.93935300000021 ], [ -78.850698000048041, 42.93953100000023 ], [ -78.850743000048027, 42.940355000000224 ], [ -78.850759000048015, 42.940777000000246 ], [ -78.850759000048029, 42.940964000000221 ], [ -78.850751000048021, 42.941216000000232 ], [ -78.85075300004803, 42.941488000000227 ], [ -78.85073600004803, 42.941659000000229 ], [ -78.850696000048018, 42.941836000000258 ], [ -78.850655000048022, 42.941961000000205 ], [ -78.850440000047996, 42.942434000000191 ], [ -78.850392000047989, 42.942534000000222 ], [ -78.850337000047986, 42.942650000000206 ], [ -78.850246000047974, 42.942796000000214 ], [ -78.850212000047989, 42.942843000000245 ] ] ] } },
{ "type": "Feature", "properties": { "ed_key": "Buffalo DEL 18", "nbhdname": "Parkside", "nbhdnum": 13.0 }, "geometry": { "type": "Polygon", "coordinates": [ [ [ -78.868078000049564, 42.944074000000235 ], [ -78.860401000048867, 42.944067000000217 ], [ -78.859933000048827, 42.944066000000248 ], [ -78.856964000048578, 42.943938000000216 ], [ -78.856859000048559, 42.943734000000241 ], [ -78.856638000048548, 42.943282000000238 ], [ -78.856171000048505, 42.942332000000235 ], [ -78.855715000048477, 42.941404000000212 ], [ -78.855641000048465, 42.941252000000219 ], [ -78.855225000048421, 42.941305000000199 ], [ -78.854730000048392, 42.941350000000234 ], [ -78.854591000048373, 42.941354000000224 ], [ -78.854296000048322, 42.94134900000023 ], [ -78.853998000048321, 42.941337000000246 ], [ -78.853711000048307, 42.941308000000241 ], [ -78.853352000048275, 42.941255000000211 ], [ -78.852095000048166, 42.941031000000223 ], [ -78.852006000048149, 42.941016000000218 ], [ -78.851957000048131, 42.941007000000212 ], [ -78.85178700004812, 42.940972000000194 ], [ -78.851674000048121, 42.940948000000226 ], [ -78.851346000048096, 42.940886000000226 ], [ -78.851231000048088, 42.940859000000252 ], [ -78.850997000048068, 42.940813000000198 ], [ -78.850759000048015, 42.940777000000246 ], [ -78.850743000048027, 42.940355000000224 ], [ -78.850698000048041, 42.93953100000023 ], [ -78.850696000048018, 42.93935300000021 ], [ -78.850694000048023, 42.93923100000022 ], [ -78.850678000048035, 42.939017000000241 ], [ -78.850645000048047, 42.93835800000025 ], [ -78.850640000048045, 42.938229000000199 ], [ -78.850646000048073, 42.937982000000211 ], [ -78.850660000048066, 42.937734000000212 ], [ -78.850683000048036, 42.937487000000189 ], [ -78.85071300004806, 42.937241000000228 ], [ -78.850752000048061, 42.936995000000231 ], [ -78.85084800004806, 42.936473000000248 ], [ -78.851020000048067, 42.935897000000203 ], [ -78.851513000048143, 42.934333000000223 ], [ -78.851590000048176, 42.934092000000227 ], [ -78.851723000048153, 42.933722000000223 ], [ -78.851766000048173, 42.933557000000206 ], [ -78.851802000048167, 42.933390000000216 ], [ -78.851848000048207, 42.933118000000228 ], [ -78.851852000048183, 42.933003000000213 ], [ -78.851838000048176, 42.932912000000222 ], [ -78.852381000048226, 42.932432000000247 ], [ -78.853256000048319, 42.93160000000023 ], [ -78.854305000048399, 42.930636000000248 ], [ -78.854469000048411, 42.930737000000228 ], [ -78.854765000048459, 42.930926000000234 ], [ -78.855272000048501, 42.930783000000211 ], [ -78.855457000048517, 42.930732000000212 ], [ -78.856463000048606, 42.931827000000219 ], [ -78.856889000048625, 42.932295000000231 ], [ -78.857120000048653, 42.932484000000244 ], [ -78.857455000048688, 42.932715000000229 ], [ -78.857858000048708, 42.932930000000226 ], [ -78.858430000048756, 42.933132000000221 ], [ -78.858950000048779, 42.9332470000002 ], [ -78.859362000048833, 42.933329000000214 ], [ -78.859692000048867, 42.933348000000237 ], [ -78.860136000048897, 42.933380000000227 ], [ -78.860758000048975, 42.9333990000002 ], [ -78.861125000049, 42.933411000000227 ], [ -78.861443000049022, 42.933443000000196 ], [ -78.861747000049036, 42.933475000000229 ], [ -78.862089000049082, 42.933538000000233 ], [ -78.862447000049102, 42.93359800000021 ], [ -78.863346000049191, 42.93380100000023 ], [ -78.863646000049215, 42.933875000000235 ], [ -78.864201000049277, 42.934017000000217 ], [ -78.864605000049295, 42.934083000000236 ], [ -78.864819000049323, 42.93412700000021 ], [ -78.864964000049355, 42.93414700000023 ], [ -78.865220000049348, 42.934153000000229 ], [ -78.865617000049383, 42.934160000000226 ], [ -78.865817000049418, 42.934148000000214 ], [ -78.866087000049433, 42.934133000000209 ], [ -78.866096000049453, 42.934239000000218 ], [ -78.866108000049437, 42.934778000000236 ], [ -78.866199000049448, 42.935083000000233 ], [ -78.866271000049423, 42.93522400000019 ], [ -78.86633900004945, 42.935358000000242 ], [ -78.866248000049453, 42.935399000000245 ], [ -78.867125000049512, 42.936613000000222 ], [ -78.867170000049512, 42.936593000000222 ], [ -78.867149000049537, 42.936688000000224 ], [ -78.867203000049543, 42.936858000000264 ], [ -78.867229000049548, 42.937073000000225 ], [ -78.867546000049529, 42.939664000000235 ], [ -78.867649000049525, 42.940532000000232 ], [ -78.867715000049543, 42.941079000000258 ], [ -78.867772000049541, 42.941496000000257 ], [ -78.867833000049558, 42.941955000000235 ], [ -78.867879000049555, 42.942427000000265 ], [ -78.867991000049557, 42.943349000000204 ], [ -78.868053000049571, 42.943862000000216 ], [ -78.868078000049564, 42.944074000000235 ] ] ] } },
{ "type": "Feature", "properties": { "ed_key": "Buffalo DEL 24", "nbhdname": "Parkside", "nbhdnum": 13.0 }, "geometry": { "type": "Polygon", "coordinates": [ [ [ -78.851020000048067, 42.935897000000203 ], [ -78.850842000048075, 42.935869000000224 ], [ -78.850664000048056, 42.93583700000022 ], [ -78.850489000048029, 42.935801000000197 ], [ -78.850230000048029, 42.935741000000199 ], [ -78.850060000047989, 42.935708000000226 ], [ -78.84997300004801, 42.935694000000225 ], [ -78.849886000047974, 42.93568200000022 ], [ -78.849799000047994, 42.935673000000243 ], [ -78.849711000047989, 42.935665000000249 ], [ -78.849623000047984, 42.935660000000205 ], [ -78.849534000047953, 42.935656000000236 ], [ -78.849413000047932, 42.935654000000227 ], [ -78.849217000047943, 42.935655000000196 ], [ -78.848937000047911, 42.935673000000207 ], [ -78.848368000047842, 42.935737000000209 ], [ -78.847908000047795, 42.935817000000235 ], [ -78.847644000047779, 42.935867000000208 ], [ -78.847352000047778, 42.9359150000002 ], [ -78.847155000047735, 42.935935000000235 ], [ -78.846856000047723, 42.935947000000205 ], [ -78.846581000047706, 42.935939000000197 ], [ -78.84635500004768, 42.935917000000245 ], [ -78.846133000047672, 42.935878000000237 ], [ -78.845917000047635, 42.935825000000236 ], [ -78.845709000047634, 42.935756000000232 ], [ -78.845570000047616, 42.935717000000231 ], [ -78.845394000047605, 42.935650000000209 ], [ -78.845270000047606, 42.935588000000223 ], [ -78.843968000047497, 42.934838000000227 ], [ -78.843910000047458, 42.93479600000024 ], [ -78.844788000047544, 42.933986000000189 ], [ -78.84513000004759, 42.933665000000218 ], [ -78.845860000047651, 42.932992000000233 ], [ -78.846415000047685, 42.932480000000247 ], [ -78.846664000047724, 42.932247000000231 ], [ -78.84703200004779, 42.931911000000213 ], [ -78.847497000047809, 42.931461000000198 ], [ -78.848159000047858, 42.930823000000224 ], [ -78.84869700004792, 42.930330000000232 ], [ -78.849304000047965, 42.92974000000023 ], [ -78.849565000048003, 42.929492000000231 ], [ -78.850951000048127, 42.92817400000024 ], [ -78.852175000048234, 42.928954000000211 ], [ -78.852206000048213, 42.928924000000208 ], [ -78.852367000048247, 42.929023000000214 ], [ -78.853397000048318, 42.929586000000228 ], [ -78.854097000048412, 42.930006000000226 ], [ -78.854074000048385, 42.930257000000232 ], [ -78.85413900004842, 42.930469000000215 ], [ -78.854305000048399, 42.930636000000248 ], [ -78.853256000048319, 42.93160000000023 ], [ -78.852381000048226, 42.932432000000247 ], [ -78.851838000048176, 42.932912000000222 ], [ -78.851852000048183, 42.933003000000213 ], [ -78.851848000048207, 42.933118000000228 ], [ -78.851802000048167, 42.933390000000216 ], [ -78.851766000048173, 42.933557000000206 ], [ -78.851723000048153, 42.933722000000223 ], [ -78.851590000048176, 42.934092000000227 ], [ -78.851513000048143, 42.934333000000223 ], [ -78.851020000048067, 42.935897000000203 ] ] ] } },
{ "type": "Feature", "properties": { "ed_key": "Buffalo DEL 19", "nbhdname": "Parkside", "nbhdnum": 13.0 }, "geometry": { "type": "Polygon", "coordinates": [ [ [ -78.851505000048192, 42.927655000000208 ], [ -78.851728000048197, 42.927445000000219 ], [ -78.85185800004821, 42.927323000000214 ], [ -78.852333000048262, 42.926881000000243 ], [ -78.852718000048313, 42.926518000000222 ], [ -78.852954000048314, 42.926295000000209 ], [ -78.853271000048352, 42.926003000000215 ], [ -78.853827000048383, 42.925493000000209 ], [ -78.853974000048396, 42.925353000000221 ], [ -78.855638000048586, 42.923773000000217 ], [ -78.856206000048644, 42.923232000000233 ], [ -78.856722000048677, 42.922740000000204 ], [ -78.857315000048715, 42.922181000000236 ], [ -78.858924000048873, 42.922217000000209 ], [ -78.859329000048902, 42.922226000000215 ], [ -78.860037000048976, 42.922234000000238 ], [ -78.860726000049013, 42.92223800000022 ], [ -78.862190000049168, 42.922256000000189 ], [ -78.86302600004926, 42.922261000000226 ], [ -78.863770000049314, 42.92226500000023 ], [ -78.864636000049373, 42.922270000000232 ], [ -78.867329000049637, 42.922272000000241 ], [ -78.867331000049631, 42.922299000000208 ], [ -78.867407000049639, 42.923030000000217 ], [ -78.867442000049607, 42.923534000000238 ], [ -78.867504000049621, 42.924290000000212 ], [ -78.867578000049619, 42.925184000000264 ], [ -78.867602000049615, 42.925458000000219 ], [ -78.867628000049649, 42.925948000000211 ], [ -78.867776000049631, 42.927761000000224 ], [ -78.867600000049606, 42.92808900000022 ], [ -78.867571000049608, 42.928123000000234 ], [ -78.867453000049608, 42.928262000000238 ], [ -78.86722200004958, 42.928438000000234 ], [ -78.86685500004954, 42.928592000000229 ], [ -78.866532000049517, 42.928728000000248 ], [ -78.866352000049488, 42.928846000000206 ], [ -78.866205000049476, 42.928974000000252 ], [ -78.866058000049478, 42.929143000000217 ], [ -78.865992000049459, 42.929293000000229 ], [ -78.865877000049451, 42.92957100000023 ], [ -78.865829000049445, 42.929711000000268 ], [ -78.865775000049425, 42.930145000000209 ], [ -78.865743000049434, 42.930697000000237 ], [ -78.865703000049422, 42.93101200000023 ], [ -78.865562000049408, 42.931416000000233 ], [ -78.865378000049418, 42.931832000000242 ], [ -78.865313000049355, 42.932070000000209 ], [ -78.865313000049383, 42.932416000000217 ], [ -78.865319000049368, 42.932451000000214 ], [ -78.865375000049369, 42.932639000000236 ], [ -78.865429000049403, 42.932761000000241 ], [ -78.86573000004941, 42.93315300000021 ], [ -78.865894000049437, 42.93337700000022 ], [ -78.865992000049417, 42.933664000000192 ], [ -78.86599800004943, 42.933699000000232 ], [ -78.866018000049422, 42.93379100000022 ], [ -78.866070000049447, 42.934000000000253 ], [ -78.866086000049449, 42.934111000000215 ], [ -78.866087000049433, 42.934133000000209 ], [ -78.865817000049418, 42.934148000000214 ], [ -78.865617000049383, 42.934160000000226 ], [ -78.865220000049348, 42.934153000000229 ], [ -78.864964000049355, 42.93414700000023 ], [ -78.864819000049323, 42.93412700000021 ], [ -78.864605000049295, 42.934083000000236 ], [ -78.864201000049277, 42.934017000000217 ], [ -78.863646000049215, 42.933875000000235 ], [ -78.863346000049191, 42.93380100000023 ], [ -78.862447000049102, 42.93359800000021 ], [ -78.862089000049082, 42.933538000000233 ], [ -78.861747000049036, 42.933475000000229 ], [ -78.861443000049022, 42.933443000000196 ], [ -78.861125000049, 42.933411000000227 ], [ -78.860758000048975, 42.9333990000002 ], [ -78.860136000048897, 42.933380000000227 ], [ -78.859692000048867, 42.933348000000237 ], [ -78.859362000048833, 42.933329000000214 ], [ -78.858950000048779, 42.9332470000002 ], [ -78.858430000048756, 42.933132000000221 ], [ -78.857858000048708, 42.932930000000226 ], [ -78.857455000048688, 42.932715000000229 ], [ -78.857120000048653, 42.932484000000244 ], [ -78.856889000048625, 42.932295000000231 ], [ -78.856463000048606, 42.931827000000219 ], [ -78.855457000048517, 42.930732000000212 ], [ -78.855272000048501, 42.930783000000211 ], [ -78.854765000048459, 42.930926000000234 ], [ -78.854469000048411, 42.930737000000228 ], [ -78.854305000048399, 42.930636000000248 ], [ -78.85413900004842, 42.930469000000215 ], [ -78.854074000048385, 42.930257000000232 ], [ -78.854097000048412, 42.930006000000226 ], [ -78.853397000048318, 42.929586000000228 ], [ -78.852367000048247, 42.929023000000214 ], [ -78.852206000048213, 42.928924000000208 ], [ -78.852175000048234, 42.928954000000211 ], [ -78.850951000048127, 42.92817400000024 ], [ -78.850996000048141, 42.928132000000232 ], [ -78.851079000048145, 42.928053000000197 ], [ -78.85118000004816, 42.927959000000236 ], [ -78.851303000048176, 42.927844000000221 ], [ -78.851505000048192, 42.927655000000208 ] ] ] } },
{ "type": "Feature", "properties": { "ed_key": "Buffalo DEL 20", "nbhdname": "Elmwood Bidwell", "nbhdnum": 7.0 }, "geometry": { "type": "Polygon", "coordinates": [ [ [ -78.872778000050033, 42.934446000000236 ], [ -78.872519000050033, 42.934501000000225 ], [ -78.872240000050013, 42.934554000000233 ], [ -78.871915000049967, 42.934593000000234 ], [ -78.871580000049917, 42.934600000000195 ], [ -78.871344000049902, 42.934587000000249 ], [ -78.870983000049875, 42.934554000000212 ], [ -78.870658000049843, 42.934498000000232 ], [ -78.870264000049829, 42.934386000000238 ], [ -78.869982000049788, 42.934304000000246 ], [ -78.869680000049769, 42.93422600000023 ], [ -78.869431000049744, 42.934167000000208 ], [ -78.86922100004972, 42.934134000000249 ], [ -78.868748000049678, 42.934084000000247 ], [ -78.868167000049596, 42.934052000000229 ], [ -78.868055000049608, 42.934058000000235 ], [ -78.867727000049584, 42.93407500000022 ], [ -78.867353000049548, 42.934094000000215 ], [ -78.866877000049527, 42.934104000000218 ], [ -78.866362000049463, 42.934124000000239 ], [ -78.866244000049448, 42.934130000000238 ], [ -78.866087000049433, 42.934133000000209 ], [ -78.866086000049449, 42.934111000000215 ], [ -78.866070000049447, 42.934000000000253 ], [ -78.866018000049422, 42.93379100000022 ], [ -78.86599800004943, 42.933699000000232 ], [ -78.865992000049417, 42.933664000000192 ], [ -78.865894000049437, 42.93337700000022 ], [ -78.86573000004941, 42.93315300000021 ], [ -78.865429000049403, 42.932761000000241 ], [ -78.865375000049369, 42.932639000000236 ], [ -78.865319000049368, 42.932451000000214 ], [ -78.865313000049383, 42.932416000000217 ], [ -78.865313000049355, 42.932070000000209 ], [ -78.865378000049418, 42.931832000000242 ], [ -78.865562000049408, 42.931416000000233 ], [ -78.865703000049422, 42.93101200000023 ], [ -78.865743000049434, 42.930697000000237 ], [ -78.865775000049425, 42.930145000000209 ], [ -78.865829000049445, 42.929711000000268 ], [ -78.865877000049451, 42.92957100000023 ], [ -78.865992000049459, 42.929293000000229 ], [ -78.866058000049478, 42.929143000000217 ], [ -78.866205000049476, 42.928974000000252 ], [ -78.866352000049488, 42.928846000000206 ], [ -78.866532000049517, 42.928728000000248 ], [ -78.86685500004954, 42.928592000000229 ], [ -78.86722200004958, 42.928438000000234 ], [ -78.867453000049608, 42.928262000000238 ], [ -78.867571000049608, 42.928123000000234 ], [ -78.867600000049606, 42.92808900000022 ], [ -78.867776000049631, 42.927761000000224 ], [ -78.867628000049649, 42.925948000000211 ], [ -78.868135000049662, 42.925946000000202 ], [ -78.869033000049754, 42.925955000000215 ], [ -78.870273000049892, 42.92596500000024 ], [ -78.871671000050014, 42.925977000000209 ], [ -78.872492000050073, 42.925977000000231 ], [ -78.872622000050072, 42.925978000000221 ], [ -78.872676000050092, 42.925979000000233 ], [ -78.873500000050171, 42.925989000000243 ], [ -78.87372900005019, 42.925992000000228 ], [ -78.873771000050198, 42.925992000000235 ], [ -78.873986000050223, 42.925994000000223 ], [ -78.874836000050294, 42.926006000000257 ], [ -78.874956000050304, 42.926008000000238 ], [ -78.874969000050285, 42.926008000000238 ], [ -78.875642000050334, 42.926013000000239 ], [ -78.876571000050433, 42.926016000000232 ], [ -78.877002000050496, 42.926029000000234 ], [ -78.877006000050486, 42.92795000000023 ], [ -78.877034000050443, 42.92794900000024 ], [ -78.877026000050463, 42.929369000000264 ], [ -78.876997000050437, 42.930730000000239 ], [ -78.876984000050456, 42.931271000000258 ], [ -78.876989000050443, 42.931655000000212 ], [ -78.876988000050432, 42.931984000000249 ], [ -78.876987000050434, 42.932624000000224 ], [ -78.876985000050439, 42.933144000000205 ], [ -78.876984000050413, 42.933377000000235 ], [ -78.877294000050455, 42.933921000000232 ], [ -78.877451000050428, 42.934196000000235 ], [ -78.87739000005044, 42.934189000000252 ], [ -78.876979000050426, 42.934113000000259 ], [ -78.876375000050359, 42.934036000000212 ], [ -78.875575000050304, 42.933933000000216 ], [ -78.875328000050288, 42.933913000000238 ], [ -78.874942000050225, 42.93390900000022 ], [ -78.874656000050223, 42.933933000000224 ], [ -78.874572000050222, 42.933938000000197 ], [ -78.874400000050187, 42.933963000000219 ], [ -78.874293000050187, 42.933991000000233 ], [ -78.874095000050147, 42.93404600000023 ], [ -78.873873000050139, 42.934109000000234 ], [ -78.873539000050101, 42.934222000000197 ], [ -78.873216000050093, 42.934319000000237 ], [ -78.872854000050026, 42.93442800000021 ], [ -78.872778000050033, 42.934446000000236 ] ] ] } },
{ "type": "Feature", "properties": { "ed_key": "Buffalo DEL 5", "nbhdname": "Parkside", "nbhdnum": 13.0 }, "geometry": { "type": "Polygon", "coordinates": [ [ [ -78.839217000047043, 42.939107000000192 ], [ -78.839320000047067, 42.93901300000023 ], [ -78.840310000047154, 42.938104000000216 ], [ -78.841580000047244, 42.936939000000216 ], [ -78.841728000047297, 42.93702600000023 ], [ -78.842096000047292, 42.937245000000217 ], [ -78.842286000047309, 42.938136000000213 ], [ -78.842342000047339, 42.938397000000229 ], [ -78.842494000047338, 42.938835000000232 ], [ -78.842595000047353, 42.939042000000214 ], [ -78.84269600004734, 42.9392330000002 ], [ -78.842723000047357, 42.939289000000173 ], [ -78.842743000047335, 42.939329000000228 ], [ -78.843028000047354, 42.939772000000204 ], [ -78.843319000047387, 42.940188000000212 ], [ -78.843411000047396, 42.940298000000226 ], [ -78.843289000047378, 42.940297000000207 ], [ -78.841748000047247, 42.940284000000204 ], [ -78.841182000047183, 42.940284000000212 ], [ -78.840063000047095, 42.940269000000228 ], [ -78.839085000047007, 42.940261000000206 ], [ -78.837990000046943, 42.940250000000205 ], [ -78.838739000046999, 42.939578000000225 ], [ -78.839042000047044, 42.939270000000185 ], [ -78.839217000047043, 42.939107000000192 ] ] ] } },
{ "type": "Feature", "properties": { "ed_key": "Buffalo DEL 13", "nbhdname": "Elmwood Bidwell", "nbhdnum": 7.0 }, "geometry": { "type": "Polygon", "coordinates": [ [ [ -78.877002000050496, 42.926029000000234 ], [ -78.876571000050433, 42.926016000000232 ], [ -78.875642000050334, 42.926013000000239 ], [ -78.874969000050285, 42.926008000000238 ], [ -78.874956000050304, 42.926008000000238 ], [ -78.874836000050294, 42.926006000000257 ], [ -78.873986000050223, 42.925994000000223 ], [ -78.873771000050198, 42.925992000000235 ], [ -78.87372900005019, 42.925992000000228 ], [ -78.873500000050171, 42.925989000000243 ], [ -78.872676000050092, 42.925979000000233 ], [ -78.872622000050072, 42.925978000000221 ], [ -78.872492000050073, 42.925977000000231 ], [ -78.871671000050014, 42.925977000000209 ], [ -78.870273000049892, 42.92596500000024 ], [ -78.869033000049754, 42.925955000000215 ], [ -78.868135000049662, 42.925946000000202 ], [ -78.867628000049649, 42.925948000000211 ], [ -78.867602000049615, 42.925458000000219 ], [ -78.867578000049619, 42.925184000000264 ], [ -78.867504000049621, 42.924290000000212 ], [ -78.867442000049607, 42.923534000000238 ], [ -78.867407000049639, 42.923030000000217 ], [ -78.867331000049631, 42.922299000000208 ], [ -78.867329000049637, 42.922272000000241 ], [ -78.867459000049635, 42.921815000000223 ], [ -78.867610000049652, 42.92125300000022 ], [ -78.867708000049674, 42.920834000000234 ], [ -78.867615000049653, 42.920794000000214 ], [ -78.867424000049638, 42.920591000000229 ], [ -78.867501000049657, 42.920387000000204 ], [ -78.867871000049661, 42.920280000000197 ], [ -78.868015000049709, 42.920305000000241 ], [ -78.86816900004969, 42.920554000000216 ], [ -78.868600000049753, 42.920546000000229 ], [ -78.868847000049755, 42.920540000000251 ], [ -78.868993000049798, 42.920537000000252 ], [ -78.87063500004993, 42.920498000000244 ], [ -78.871466000050006, 42.92048200000022 ], [ -78.875323000050358, 42.920390000000218 ], [ -78.876200000050432, 42.920366000000229 ], [ -78.877010000050504, 42.920355000000221 ], [ -78.877011000050516, 42.921346000000234 ], [ -78.877010000050504, 42.922204000000249 ], [ -78.877009000050506, 42.922689000000211 ], [ -78.877005000050474, 42.923478000000209 ], [ -78.877007000050497, 42.924203000000219 ], [ -78.877006000050471, 42.925449000000228 ], [ -78.877002000050496, 42.926029000000234 ] ] ] } },
{ "type": "Feature", "properties": { "ed_key": "Buffalo DEL 21", "nbhdname": "Elmwood Bidwell", "nbhdnum": 7.0 }, "geometry": { "type": "Polygon", "coordinates": [ [ [ -78.877451000050428, 42.934196000000235 ], [ -78.877294000050455, 42.933921000000232 ], [ -78.876984000050413, 42.933377000000235 ], [ -78.876985000050439, 42.933144000000205 ], [ -78.876987000050434, 42.932624000000224 ], [ -78.876988000050432, 42.931984000000249 ], [ -78.876989000050443, 42.931655000000212 ], [ -78.876984000050456, 42.931271000000258 ], [ -78.876997000050437, 42.930730000000239 ], [ -78.877026000050463, 42.929369000000264 ], [ -78.877034000050443, 42.92794900000024 ], [ -78.877608000050529, 42.927939000000215 ], [ -78.878317000050572, 42.927932000000219 ], [ -78.879005000050654, 42.927925000000265 ], [ -78.879005000050668, 42.927891000000223 ], [ -78.879598000050706, 42.927882000000224 ], [ -78.880960000050834, 42.927861000000242 ], [ -78.881232000050886, 42.927865000000232 ], [ -78.881344000050873, 42.927867000000219 ], [ -78.881923000050932, 42.927878000000248 ], [ -78.882243000050977, 42.927890000000225 ], [ -78.883490000051083, 42.927870000000226 ], [ -78.884723000051167, 42.927851000000231 ], [ -78.885989000051296, 42.927831000000225 ], [ -78.88719900005141, 42.927812000000237 ], [ -78.888177000051513, 42.927797000000211 ], [ -78.888427000051522, 42.927745000000229 ], [ -78.889383000051595, 42.927736000000245 ], [ -78.889099000051573, 42.929993000000245 ], [ -78.888821000051522, 42.932258000000246 ], [ -78.888586000051504, 42.934041000000271 ], [ -78.888440000051489, 42.935434000000257 ], [ -78.888428000051491, 42.935538000000257 ], [ -78.888408000051456, 42.935713000000263 ], [ -78.888423000051475, 42.935939000000232 ], [ -78.888506000051493, 42.936172000000219 ], [ -78.888604000051501, 42.936338000000212 ], [ -78.888750000051502, 42.936526000000221 ], [ -78.888592000051489, 42.936640000000224 ], [ -78.888397000051469, 42.936815000000216 ], [ -78.888299000051475, 42.936869000000243 ], [ -78.888182000051458, 42.936925000000251 ], [ -78.887974000051429, 42.937017000000239 ], [ -78.887748000051403, 42.93710500000023 ], [ -78.887451000051385, 42.937171000000248 ], [ -78.88728100005136, 42.93720900000023 ], [ -78.887125000051341, 42.937229000000244 ], [ -78.886857000051336, 42.937267000000233 ], [ -78.886236000051241, 42.937279000000238 ], [ -78.885633000051214, 42.937291000000258 ], [ -78.885340000051173, 42.937294000000236 ], [ -78.884974000051159, 42.937314000000242 ], [ -78.884871000051135, 42.937320000000263 ], [ -78.884413000051083, 42.937307000000231 ], [ -78.883909000051048, 42.937288000000258 ], [ -78.883581000051038, 42.937243000000251 ], [ -78.883211000050991, 42.937180000000254 ], [ -78.882774000050915, 42.937090000000225 ], [ -78.882366000050908, 42.936989000000224 ], [ -78.881990000050877, 42.93685800000025 ], [ -78.88171900005085, 42.936737000000235 ], [ -78.881426000050837, 42.936577000000248 ], [ -78.881147000050788, 42.936415000000224 ], [ -78.880972000050789, 42.936278000000229 ], [ -78.880856000050741, 42.936158000000226 ], [ -78.880620000050769, 42.935886000000252 ], [ -78.88041000005073, 42.935577000000258 ], [ -78.880233000050737, 42.935346000000223 ], [ -78.880066000050689, 42.935141000000222 ], [ -78.879767000050677, 42.934918000000259 ], [ -78.879504000050673, 42.934746000000231 ], [ -78.879281000050639, 42.934620000000251 ], [ -78.879038000050613, 42.934521000000238 ], [ -78.878587000050558, 42.934374000000233 ], [ -78.878172000050554, 42.934303000000199 ], [ -78.877724000050492, 42.93423000000022 ], [ -78.877451000050428, 42.934196000000235 ] ] ] } },
{ "type": "Feature", "properties": { "ed_key": "Buffalo DEL 22", "nbhdname": "Upper West Side", "nbhdnum": 6.0 }, "geometry": { "type": "Polygon", "coordinates": [ [ [ -78.897583000052379, 42.92808000000025 ], [ -78.897145000052348, 42.928285000000244 ], [ -78.896930000052322, 42.928438000000256 ], [ -78.896644000052277, 42.928645000000259 ], [ -78.896553000052293, 42.928703000000247 ], [ -78.8964940000523, 42.928777000000238 ], [ -78.896389000052253, 42.928889000000225 ], [ -78.896233000052248, 42.929086000000247 ], [ -78.895644000052187, 42.929785000000237 ], [ -78.895438000052181, 42.930041000000244 ], [ -78.894665000052086, 42.930702000000238 ], [ -78.894031000052024, 42.931178000000266 ], [ -78.893752000052004, 42.931468000000244 ], [ -78.893625000051983, 42.931635000000256 ], [ -78.893498000051977, 42.931854000000243 ], [ -78.893405000051956, 42.932020000000236 ], [ -78.893305000051953, 42.932244000000203 ], [ -78.893205000051935, 42.93253800000025 ], [ -78.893063000051924, 42.932938000000242 ], [ -78.892987000051932, 42.933128000000266 ], [ -78.892830000051916, 42.933390000000223 ], [ -78.892665000051892, 42.933621000000237 ], [ -78.892523000051867, 42.933786000000232 ], [ -78.892350000051863, 42.933982000000242 ], [ -78.892089000051811, 42.934197000000225 ], [ -78.891949000051824, 42.934300000000256 ], [ -78.89103500005173, 42.934988000000217 ], [ -78.889169000051538, 42.936301000000249 ], [ -78.888787000051479, 42.936574000000242 ], [ -78.888750000051502, 42.936526000000221 ], [ -78.888604000051501, 42.936338000000212 ], [ -78.888506000051493, 42.936172000000219 ], [ -78.888423000051475, 42.935939000000232 ], [ -78.888408000051456, 42.935713000000263 ], [ -78.888428000051491, 42.935538000000257 ], [ -78.888440000051489, 42.935434000000257 ], [ -78.888586000051504, 42.934041000000271 ], [ -78.888821000051522, 42.932258000000246 ], [ -78.889099000051573, 42.929993000000245 ], [ -78.889383000051595, 42.927736000000245 ], [ -78.890621000051709, 42.927727000000218 ], [ -78.891863000051828, 42.927705000000273 ], [ -78.893100000051973, 42.927682000000225 ], [ -78.893735000052033, 42.927668000000203 ], [ -78.894326000052089, 42.927671000000217 ], [ -78.895676000052205, 42.927767000000259 ], [ -78.897606000052392, 42.927901000000254 ], [ -78.897803000052406, 42.927976000000236 ], [ -78.897583000052379, 42.92808000000025 ] ] ] } },
{ "type": "Feature", "properties": { "ed_key": "Buffalo DEL 7", "nbhdname": "Elmwood Bidwell", "nbhdnum": 7.0 }, "geometry": { "type": "Polygon", "coordinates": [ [ [ -78.880960000050834, 42.927861000000242 ], [ -78.879598000050706, 42.927882000000224 ], [ -78.879005000050668, 42.927891000000223 ], [ -78.879005000050654, 42.927925000000265 ], [ -78.878317000050572, 42.927932000000219 ], [ -78.877608000050529, 42.927939000000215 ], [ -78.877034000050443, 42.92794900000024 ], [ -78.877006000050486, 42.92795000000023 ], [ -78.877002000050496, 42.926029000000234 ], [ -78.877006000050471, 42.925449000000228 ], [ -78.877007000050497, 42.924203000000219 ], [ -78.877005000050474, 42.923478000000209 ], [ -78.877009000050506, 42.922689000000211 ], [ -78.877010000050504, 42.922204000000249 ], [ -78.877011000050516, 42.921346000000234 ], [ -78.877010000050504, 42.920355000000221 ], [ -78.877014000050522, 42.919451000000215 ], [ -78.877020000050507, 42.918677000000237 ], [ -78.877746000050593, 42.918661000000228 ], [ -78.87863100005066, 42.918650000000213 ], [ -78.879473000050751, 42.918635000000251 ], [ -78.880322000050825, 42.918621000000257 ], [ -78.880949000050919, 42.91861200000023 ], [ -78.881879000051001, 42.91859000000025 ], [ -78.881811000050959, 42.919331000000227 ], [ -78.881766000050959, 42.919829000000249 ], [ -78.882062000050993, 42.919993000000218 ], [ -78.882352000051, 42.920289000000231 ], [ -78.882160000050987, 42.920475000000238 ], [ -78.881875000050954, 42.920640000000233 ], [ -78.881591000050932, 42.920733000000233 ], [ -78.881532000050939, 42.921269000000251 ], [ -78.881417000050916, 42.922158000000252 ], [ -78.881285000050894, 42.923171000000238 ], [ -78.881164000050887, 42.924139000000245 ], [ -78.881038000050864, 42.925092000000227 ], [ -78.880932000050848, 42.925957000000217 ], [ -78.880918000050841, 42.926003000000236 ], [ -78.880911000050816, 42.926046000000198 ], [ -78.880960000050834, 42.927861000000242 ] ] ] } },
{ "type": "Feature", "properties": { "ed_key": "Buffalo UNI 18", "nbhdname": "Central Park", "nbhdnum": 14.0 }, "geometry": { "type": "Polygon", "coordinates": [ [ [ -78.839418000046933, 42.958428000000218 ], [ -78.839343000046938, 42.958427000000199 ], [ -78.838287000046861, 42.95841200000023 ], [ -78.838319000046837, 42.957609000000232 ], [ -78.838347000046852, 42.956881000000216 ], [ -78.838380000046868, 42.956054000000222 ], [ -78.838386000046867, 42.955897000000206 ], [ -78.839455000046968, 42.955911000000192 ], [ -78.839418000046933, 42.958428000000218 ] ] ] } },
{ "type": "Feature", "properties": { "ed_key": "Buffalo UNI 1", "nbhdname": "Central Park", "nbhdnum": 14.0 }, "geometry": { "type": "Polygon", "coordinates": [ [ [ -78.843853000047346, 42.955503000000235 ], [ -78.84384600004735, 42.955934000000205 ], [ -78.843846000047336, 42.955965000000205 ], [ -78.84068100004707, 42.955926000000204 ], [ -78.839455000046968, 42.955911000000192 ], [ -78.838386000046867, 42.955897000000206 ], [ -78.838380000046868, 42.956054000000222 ], [ -78.838347000046852, 42.956881000000216 ], [ -78.838319000046837, 42.957609000000232 ], [ -78.838287000046861, 42.95841200000023 ], [ -78.838262000046868, 42.958411000000211 ], [ -78.837037000046735, 42.95838400000023 ], [ -78.836875000046746, 42.958103000000207 ], [ -78.836632000046706, 42.957677000000217 ], [ -78.836254000046694, 42.957017000000228 ], [ -78.836161000046673, 42.956856000000222 ], [ -78.835682000046631, 42.956017000000237 ], [ -78.835227000046615, 42.955220000000224 ], [ -78.835209000046603, 42.955203000000203 ], [ -78.835206000046597, 42.955184000000195 ], [ -78.835050000046607, 42.954910000000233 ], [ -78.834790000046553, 42.954508000000196 ], [ -78.835393000046622, 42.954797000000191 ], [ -78.836441000046676, 42.955148000000229 ], [ -78.837301000046779, 42.955285000000245 ], [ -78.838384000046872, 42.955396000000235 ], [ -78.838815000046935, 42.955409000000202 ], [ -78.840616000047078, 42.955468000000209 ], [ -78.843172000047275, 42.955510000000231 ], [ -78.843853000047346, 42.955503000000235 ] ] ] } },
{ "type": "Feature", "properties": { "ed_key": "Buffalo UNI 5", "nbhdname": "Central Park", "nbhdnum": 14.0 }, "geometry": { "type": "Polygon", "coordinates": [ [ [ -78.840581000047109, 42.947545000000204 ], [ -78.840952000047153, 42.947549000000222 ], [ -78.841407000047184, 42.947556000000212 ], [ -78.841380000047195, 42.948654000000204 ], [ -78.841392000047179, 42.94893400000025 ], [ -78.841415000047178, 42.949191000000191 ], [ -78.841444000047161, 42.949369000000225 ], [ -78.841489000047162, 42.949545000000228 ], [ -78.841549000047181, 42.949719000000222 ], [ -78.841504000047181, 42.94973500000021 ], [ -78.841313000047151, 42.949786000000202 ], [ -78.841142000047157, 42.949831000000231 ], [ -78.840758000047117, 42.94994100000023 ], [ -78.840548000047093, 42.949985000000197 ], [ -78.840406000047082, 42.950005000000246 ], [ -78.840217000047062, 42.950041000000191 ], [ -78.840187000047052, 42.950046000000206 ], [ -78.839926000047043, 42.95009000000023 ], [ -78.839527000046999, 42.950122000000214 ], [ -78.839327000046993, 42.950132000000238 ], [ -78.838908000046942, 42.950128000000205 ], [ -78.838860000046935, 42.951937000000221 ], [ -78.838839000046917, 42.952405000000219 ], [ -78.838799000046919, 42.954363000000221 ], [ -78.838808000046924, 42.954971000000207 ], [ -78.838815000046935, 42.955409000000202 ], [ -78.838384000046872, 42.955396000000235 ], [ -78.837301000046779, 42.955285000000245 ], [ -78.836441000046676, 42.955148000000229 ], [ -78.835393000046622, 42.954797000000191 ], [ -78.834790000046553, 42.954508000000196 ], [ -78.834470000046537, 42.95404700000023 ], [ -78.834011000046502, 42.953230000000211 ], [ -78.833650000046489, 42.952587000000221 ], [ -78.832758000046411, 42.95099800000019 ], [ -78.832064000046373, 42.94976200000022 ], [ -78.831352000046309, 42.948495000000207 ], [ -78.83053500004624, 42.947039000000203 ], [ -78.831057000046286, 42.946564000000222 ], [ -78.831689000046339, 42.945977000000234 ], [ -78.832262000046398, 42.946319000000223 ], [ -78.832419000046414, 42.946486000000199 ], [ -78.83251800004642, 42.946575000000252 ], [ -78.832632000046445, 42.946654000000208 ], [ -78.832801000046445, 42.946743000000197 ], [ -78.832910000046454, 42.946787000000207 ], [ -78.832957000046463, 42.946806000000208 ], [ -78.833102000046452, 42.946854000000222 ], [ -78.833303000046484, 42.946902000000222 ], [ -78.833578000046501, 42.946930000000201 ], [ -78.833856000046538, 42.946946000000217 ], [ -78.833986000046536, 42.946966000000209 ], [ -78.83415500004655, 42.947007000000227 ], [ -78.834314000046575, 42.947064000000239 ], [ -78.8344560000466, 42.94713800000023 ], [ -78.8347320000466, 42.947295000000203 ], [ -78.834777000046628, 42.947317000000233 ], [ -78.834920000046623, 42.947376000000233 ], [ -78.835070000046628, 42.947424000000225 ], [ -78.835313000046639, 42.947473000000194 ], [ -78.835668000046681, 42.947478000000203 ], [ -78.837039000046801, 42.947498000000223 ], [ -78.837814000046876, 42.947504000000251 ], [ -78.838387000046907, 42.947511000000212 ], [ -78.838971000046953, 42.947520000000196 ], [ -78.839129000046995, 42.947522000000212 ], [ -78.840194000047063, 42.947539000000184 ], [ -78.840424000047108, 42.947542000000226 ], [ -78.840581000047109, 42.947545000000204 ] ] ] } },
{ "type": "Feature", "properties": { "ed_key": "Buffalo UNI 2", "nbhdname": "University Heights", "nbhdnum": 15.0 }, "geometry": { "type": "Polygon", "coordinates": [ [ [ -78.834790000046553, 42.954508000000196 ], [ -78.835050000046607, 42.954910000000233 ], [ -78.835206000046597, 42.955184000000195 ], [ -78.835209000046603, 42.955203000000203 ], [ -78.835227000046615, 42.955220000000224 ], [ -78.835682000046631, 42.956017000000237 ], [ -78.836161000046673, 42.956856000000222 ], [ -78.836254000046694, 42.957017000000228 ], [ -78.836632000046706, 42.957677000000217 ], [ -78.836875000046746, 42.958103000000207 ], [ -78.837037000046735, 42.95838400000023 ], [ -78.836241000046684, 42.958367000000216 ], [ -78.832104000046328, 42.9582890000002 ], [ -78.831917000046303, 42.95828500000021 ], [ -78.831370000046249, 42.958274000000216 ], [ -78.830217000046147, 42.958248000000204 ], [ -78.829925000046131, 42.958241000000221 ], [ -78.829296000046071, 42.958228000000233 ], [ -78.829093000046072, 42.9582240000002 ], [ -78.827926000045991, 42.958200000000225 ], [ -78.826461000045839, 42.958172000000197 ], [ -78.825901000045803, 42.958162000000208 ], [ -78.825568000045763, 42.958157000000206 ], [ -78.825446000045758, 42.958154000000206 ], [ -78.825037000045725, 42.958147000000203 ], [ -78.825002000045743, 42.958147000000203 ], [ -78.824897000045738, 42.95814400000021 ], [ -78.823840000045635, 42.958126000000199 ], [ -78.823806000045622, 42.95812400000019 ], [ -78.822373000045516, 42.958090000000212 ], [ -78.822199000045487, 42.957328000000217 ], [ -78.822080000045489, 42.956835000000204 ], [ -78.822064000045486, 42.956805000000223 ], [ -78.822013000045501, 42.95673600000022 ], [ -78.821946000045457, 42.956673000000222 ], [ -78.821813000045466, 42.956589000000214 ], [ -78.82062800004536, 42.955884000000196 ], [ -78.82107200004539, 42.955486000000207 ], [ -78.822030000045473, 42.954629000000246 ], [ -78.822746000045541, 42.953982000000217 ], [ -78.82295400004557, 42.953794000000215 ], [ -78.823765000045626, 42.953073000000195 ], [ -78.823948000045675, 42.953162000000205 ], [ -78.824396000045681, 42.953362000000233 ], [ -78.82613600004585, 42.954133000000205 ], [ -78.826709000045881, 42.953449000000212 ], [ -78.826931000045917, 42.95318200000019 ], [ -78.827287000045942, 42.952765000000198 ], [ -78.827860000046002, 42.952082000000203 ], [ -78.828172000046024, 42.952227000000207 ], [ -78.828605000046053, 42.952415000000208 ], [ -78.829468000046134, 42.952808000000189 ], [ -78.830449000046201, 42.953249000000206 ], [ -78.83109000004626, 42.953537000000203 ], [ -78.830554000046234, 42.954202000000222 ], [ -78.830529000046212, 42.954235000000175 ], [ -78.8315130000463, 42.954254000000219 ], [ -78.832961000046424, 42.954276000000192 ], [ -78.834086000046526, 42.954292000000237 ], [ -78.834346000046523, 42.954294000000218 ], [ -78.834537000046552, 42.954342000000231 ], [ -78.834748000046559, 42.954488000000204 ], [ -78.834790000046553, 42.954508000000196 ] ] ] } },
{ "type": "Feature", "properties": { "ed_key": "Buffalo UNI 6", "nbhdname": "University Heights", "nbhdnum": 15.0 }, "geometry": { "type": "Polygon", "coordinates": [ [ [ -78.834790000046553, 42.954508000000196 ], [ -78.834748000046559, 42.954488000000204 ], [ -78.834537000046552, 42.954342000000231 ], [ -78.834346000046523, 42.954294000000218 ], [ -78.834086000046526, 42.954292000000237 ], [ -78.832961000046424, 42.954276000000192 ], [ -78.8315130000463, 42.954254000000219 ], [ -78.830529000046212, 42.954235000000175 ], [ -78.830554000046234, 42.954202000000222 ], [ -78.83109000004626, 42.953537000000203 ], [ -78.830449000046201, 42.953249000000206 ], [ -78.829468000046134, 42.952808000000189 ], [ -78.828605000046053, 42.952415000000208 ], [ -78.828172000046024, 42.952227000000207 ], [ -78.827860000046002, 42.952082000000203 ], [ -78.827287000045942, 42.952765000000198 ], [ -78.826931000045917, 42.95318200000019 ], [ -78.826709000045881, 42.953449000000212 ], [ -78.82613600004585, 42.954133000000205 ], [ -78.824396000045681, 42.953362000000233 ], [ -78.824966000045762, 42.952673000000203 ], [ -78.825155000045783, 42.952756000000221 ], [ -78.825370000045794, 42.952494000000229 ], [ -78.825713000045781, 42.952076000000183 ], [ -78.825152000045776, 42.951836000000185 ], [ -78.825591000045819, 42.951443000000197 ], [ -78.825604000045814, 42.951431000000227 ], [ -78.82627800004586, 42.950831000000207 ], [ -78.826350000045892, 42.950762000000232 ], [ -78.826923000045923, 42.950246000000206 ], [ -78.82709400004596, 42.950093000000237 ], [ -78.827668000046003, 42.949580000000211 ], [ -78.826279000045872, 42.949292000000213 ], [ -78.825511000045836, 42.949138000000197 ], [ -78.824795000045754, 42.949003000000197 ], [ -78.825151000045807, 42.948040000000205 ], [ -78.825542000045843, 42.94700700000022 ], [ -78.825903000045884, 42.94608200000021 ], [ -78.825911000045892, 42.946056000000212 ], [ -78.829085000046135, 42.947094000000199 ], [ -78.829422000046137, 42.947218000000206 ], [ -78.829910000046183, 42.947607000000204 ], [ -78.830198000046209, 42.947345000000205 ], [ -78.83053500004624, 42.947039000000203 ], [ -78.831352000046309, 42.948495000000207 ], [ -78.832064000046373, 42.94976200000022 ], [ -78.832758000046411, 42.95099800000019 ], [ -78.833650000046489, 42.952587000000221 ], [ -78.834011000046502, 42.953230000000211 ], [ -78.834470000046537, 42.95404700000023 ], [ -78.834790000046553, 42.954508000000196 ] ] ] } },
{ "type": "Feature", "properties": { "ed_key": "Buffalo UNI 4", "nbhdname": "University Heights", "nbhdnum": 15.0 }, "geometry": { "type": "Polygon", "coordinates": [ [ [ -78.822373000045516, 42.958090000000212 ], [ -78.8209670000454, 42.958058000000207 ], [ -78.820934000045384, 42.958058000000214 ], [ -78.819739000045274, 42.958027000000222 ], [ -78.819229000045254, 42.958013000000207 ], [ -78.818881000045209, 42.957406000000169 ], [ -78.818693000045201, 42.957572000000205 ], [ -78.818509000045182, 42.957644000000222 ], [ -78.818428000045174, 42.957676000000191 ], [ -78.817675000045114, 42.957971000000207 ], [ -78.816287000044994, 42.958513000000188 ], [ -78.815977000044981, 42.958634000000224 ], [ -78.815790000044956, 42.958705000000215 ], [ -78.814940000044885, 42.959037000000222 ], [ -78.814282000044813, 42.959294000000178 ], [ -78.813902000044791, 42.959443000000213 ], [ -78.813869000044804, 42.959457000000199 ], [ -78.813187000044735, 42.959730000000214 ], [ -78.812652000044679, 42.959945000000211 ], [ -78.812126000044643, 42.960153000000226 ], [ -78.811146000044545, 42.960540000000194 ], [ -78.809012000044376, 42.961390000000208 ], [ -78.808942000044368, 42.961416000000206 ], [ -78.808830000044395, 42.959028000000174 ], [ -78.807795000044294, 42.958932000000217 ], [ -78.807734000044277, 42.95763800000023 ], [ -78.807683000044278, 42.956543000000231 ], [ -78.804332000044013, 42.95659900000021 ], [ -78.803875000043988, 42.95641000000019 ], [ -78.80387800004398, 42.955737000000198 ], [ -78.803880000043989, 42.955007000000208 ], [ -78.803881000043987, 42.95455600000016 ], [ -78.804678000044063, 42.954584000000196 ], [ -78.8086590000444, 42.954654000000197 ], [ -78.808757000044423, 42.952260000000187 ], [ -78.810356000044536, 42.952157000000206 ], [ -78.810414000044545, 42.951460000000196 ], [ -78.810490000044538, 42.951424000000216 ], [ -78.810597000044567, 42.951344000000226 ], [ -78.810688000044578, 42.951254000000212 ], [ -78.810761000044579, 42.951156000000211 ], [ -78.810815000044585, 42.951051000000199 ], [ -78.810850000044582, 42.950942000000218 ], [ -78.810798000044599, 42.949869000000191 ], [ -78.810931000044576, 42.949769000000188 ], [ -78.81106000004462, 42.949667000000197 ], [ -78.811222000044623, 42.949561000000195 ], [ -78.81131300004462, 42.949515000000197 ], [ -78.811411000044629, 42.949478000000212 ], [ -78.811493000044635, 42.949459000000203 ], [ -78.811542000044639, 42.949447000000234 ], [ -78.811623000044662, 42.949437000000223 ], [ -78.812526000044713, 42.949443000000208 ], [ -78.812725000044765, 42.949413000000199 ], [ -78.812863000044757, 42.949381000000216 ], [ -78.813039000044796, 42.949322000000187 ], [ -78.813173000044785, 42.949258000000221 ], [ -78.813290000044802, 42.949185000000199 ], [ -78.813380000044816, 42.949107000000211 ], [ -78.81347800004481, 42.948997000000212 ], [ -78.813503000044804, 42.948961000000232 ], [ -78.813704000044851, 42.94896600000024 ], [ -78.813703000044825, 42.948928000000194 ], [ -78.813690000044829, 42.948184000000218 ], [ -78.81368800004482, 42.947919000000191 ], [ -78.817659000045197, 42.94815900000021 ], [ -78.819246000045297, 42.948255000000202 ], [ -78.820222000045391, 42.948321000000199 ], [ -78.821078000045446, 42.948371000000201 ], [ -78.821668000045506, 42.948428000000177 ], [ -78.824795000045754, 42.949003000000197 ], [ -78.825511000045836, 42.949138000000197 ], [ -78.826279000045872, 42.949292000000213 ], [ -78.827668000046003, 42.949580000000211 ], [ -78.82709400004596, 42.950093000000237 ], [ -78.826923000045923, 42.950246000000206 ], [ -78.826350000045892, 42.950762000000232 ], [ -78.82627800004586, 42.950831000000207 ], [ -78.825604000045814, 42.951431000000227 ], [ -78.825591000045819, 42.951443000000197 ], [ -78.825152000045776, 42.951836000000185 ], [ -78.825713000045781, 42.952076000000183 ], [ -78.825370000045794, 42.952494000000229 ], [ -78.825155000045783, 42.952756000000221 ], [ -78.824966000045762, 42.952673000000203 ], [ -78.824396000045681, 42.953362000000233 ], [ -78.823948000045675, 42.953162000000205 ], [ -78.823765000045626, 42.953073000000195 ], [ -78.82295400004557, 42.953794000000215 ], [ -78.822746000045541, 42.953982000000217 ], [ -78.822030000045473, 42.954629000000246 ], [ -78.82107200004539, 42.955486000000207 ], [ -78.82062800004536, 42.955884000000196 ], [ -78.821813000045466, 42.956589000000214 ], [ -78.821946000045457, 42.956673000000222 ], [ -78.822013000045501, 42.95673600000022 ], [ -78.822064000045486, 42.956805000000223 ], [ -78.822080000045489, 42.956835000000204 ], [ -78.822199000045487, 42.957328000000217 ], [ -78.822373000045516, 42.958090000000212 ] ] ] } },
{ "type": "Feature", "properties": { "ed_key": "Buffalo UNI 10", "nbhdname": "University Heights", "nbhdnum": 15.0 }, "geometry": { "type": "Polygon", "coordinates": [ [ [ -78.825911000045892, 42.946056000000212 ], [ -78.825903000045884, 42.94608200000021 ], [ -78.825542000045843, 42.94700700000022 ], [ -78.825151000045807, 42.948040000000205 ], [ -78.824795000045754, 42.949003000000197 ], [ -78.821668000045506, 42.948428000000177 ], [ -78.821078000045446, 42.948371000000201 ], [ -78.820222000045391, 42.948321000000199 ], [ -78.819246000045297, 42.948255000000202 ], [ -78.817659000045197, 42.94815900000021 ], [ -78.81368800004482, 42.947919000000191 ], [ -78.813680000044855, 42.947410000000204 ], [ -78.813674000044841, 42.946910000000209 ], [ -78.813674000044855, 42.946680000000221 ], [ -78.813672000044846, 42.94594600000022 ], [ -78.813672000044832, 42.94583200000023 ], [ -78.813672000044846, 42.944970000000197 ], [ -78.813672000044846, 42.944951000000195 ], [ -78.813672000044861, 42.944197000000216 ], [ -78.817644000045192, 42.944490000000201 ], [ -78.820321000045396, 42.944702000000191 ], [ -78.821647000045516, 42.944801000000197 ], [ -78.82399200004572, 42.944986000000192 ], [ -78.823993000045732, 42.945059000000207 ], [ -78.823999000045717, 42.945466000000238 ], [ -78.824105000045734, 42.945465000000219 ], [ -78.82523400004581, 42.945852000000201 ], [ -78.825733000045858, 42.946028000000211 ], [ -78.825911000045892, 42.946056000000212 ] ] ] } },
{ "type": "Feature", "properties": { "ed_key": "Buffalo UNI 13", "nbhdname": "University Heights", "nbhdnum": 15.0 }, "geometry": { "type": "Polygon", "coordinates": [ [ [ -78.831689000046339, 42.945977000000234 ], [ -78.831057000046286, 42.946564000000222 ], [ -78.83053500004624, 42.947039000000203 ], [ -78.830198000046209, 42.947345000000205 ], [ -78.829910000046183, 42.947607000000204 ], [ -78.829422000046137, 42.947218000000206 ], [ -78.829085000046135, 42.947094000000199 ], [ -78.825911000045892, 42.946056000000212 ], [ -78.825733000045858, 42.946028000000211 ], [ -78.82523400004581, 42.945852000000201 ], [ -78.824105000045734, 42.945465000000219 ], [ -78.823999000045717, 42.945466000000238 ], [ -78.823993000045732, 42.945059000000207 ], [ -78.82399200004572, 42.944986000000192 ], [ -78.821647000045516, 42.944801000000197 ], [ -78.820321000045396, 42.944702000000191 ], [ -78.817644000045192, 42.944490000000201 ], [ -78.813672000044861, 42.944197000000216 ], [ -78.813655000044861, 42.943598000000193 ], [ -78.813656000044872, 42.943435000000193 ], [ -78.813656000044844, 42.943377000000183 ], [ -78.813659000044865, 42.942677000000209 ], [ -78.813659000044851, 42.942480000000238 ], [ -78.817441000045179, 42.942477000000203 ], [ -78.817431000045161, 42.942395000000211 ], [ -78.820225000045411, 42.942377000000221 ], [ -78.821651000045549, 42.942372000000184 ], [ -78.821650000045523, 42.942003000000206 ], [ -78.821641000045531, 42.941597000000201 ], [ -78.821621000045525, 42.940850000000211 ], [ -78.821609000045541, 42.940109000000191 ], [ -78.822625000045633, 42.940097000000215 ], [ -78.822945000045664, 42.940093000000211 ], [ -78.824193000045739, 42.940078000000199 ], [ -78.824908000045824, 42.940087000000212 ], [ -78.825354000045877, 42.940093000000232 ], [ -78.826020000045901, 42.940101000000197 ], [ -78.826404000045954, 42.940107000000218 ], [ -78.826520000045946, 42.940109000000199 ], [ -78.828121000046067, 42.940124000000218 ], [ -78.8281250000461, 42.940323000000227 ], [ -78.828225000046103, 42.94055200000021 ], [ -78.828910000046122, 42.941814000000221 ], [ -78.829168000046167, 42.942350000000197 ], [ -78.829415000046168, 42.94274700000021 ], [ -78.829541000046177, 42.942863000000187 ], [ -78.829620000046205, 42.94288200000021 ], [ -78.829730000046197, 42.942835000000223 ], [ -78.829867000046193, 42.94310100000019 ], [ -78.829979000046237, 42.943241000000199 ], [ -78.830324000046261, 42.943488000000222 ], [ -78.832804000046451, 42.944967000000197 ], [ -78.832718000046455, 42.945044000000223 ], [ -78.832354000046408, 42.945376000000202 ], [ -78.831689000046339, 42.945977000000234 ] ] ] } },
{ "type": "Feature", "properties": { "ed_key": "Buffalo UNI 15", "nbhdname": "University Heights", "nbhdnum": 15.0 }, "geometry": { "type": "Polygon", "coordinates": [ [ [ -78.813659000044851, 42.942480000000238 ], [ -78.813659000044865, 42.941909000000173 ], [ -78.813658000044882, 42.941687000000186 ], [ -78.813658000044896, 42.9411470000002 ], [ -78.813657000044856, 42.940956000000185 ], [ -78.813654000044878, 42.94037700000019 ], [ -78.81365300004488, 42.94020200000022 ], [ -78.814125000044925, 42.94020200000022 ], [ -78.81528400004504, 42.940182000000235 ], [ -78.817335000045176, 42.940163000000211 ], [ -78.818381000045278, 42.940151000000192 ], [ -78.819443000045368, 42.940139000000201 ], [ -78.820182000045421, 42.940129000000219 ], [ -78.820500000045442, 42.940127000000238 ], [ -78.821561000045548, 42.940109000000213 ], [ -78.821609000045541, 42.940109000000191 ], [ -78.821621000045525, 42.940850000000211 ], [ -78.821641000045531, 42.941597000000201 ], [ -78.821650000045523, 42.942003000000206 ], [ -78.821651000045549, 42.942372000000184 ], [ -78.820225000045411, 42.942377000000221 ], [ -78.817431000045161, 42.942395000000211 ], [ -78.817441000045179, 42.942477000000203 ], [ -78.813659000044851, 42.942480000000238 ] ] ] } },
{ "type": "Feature", "properties": { "ed_key": "Buffalo UNI 11", "nbhdname": "Kensington-Bailey", "nbhdnum": 16.0 }, "geometry": { "type": "Polygon", "coordinates": [ [ [ -78.81368800004482, 42.947919000000191 ], [ -78.813690000044829, 42.948184000000218 ], [ -78.813703000044825, 42.948928000000194 ], [ -78.813704000044851, 42.94896600000024 ], [ -78.813503000044804, 42.948961000000232 ], [ -78.81347800004481, 42.948997000000212 ], [ -78.813380000044816, 42.949107000000211 ], [ -78.813290000044802, 42.949185000000199 ], [ -78.813173000044785, 42.949258000000221 ], [ -78.813039000044796, 42.949322000000187 ], [ -78.812863000044757, 42.949381000000216 ], [ -78.812725000044765, 42.949413000000199 ], [ -78.812526000044713, 42.949443000000208 ], [ -78.811623000044662, 42.949437000000223 ], [ -78.811542000044639, 42.949447000000234 ], [ -78.811493000044635, 42.949459000000203 ], [ -78.803449000043969, 42.949389000000224 ], [ -78.803409000043985, 42.949380000000204 ], [ -78.803430000043988, 42.949369000000189 ], [ -78.803425000043987, 42.948891000000209 ], [ -78.803425000044015, 42.948871000000224 ], [ -78.803419000043974, 42.948097000000217 ], [ -78.806920000044286, 42.948127000000177 ], [ -78.808828000044429, 42.948141000000227 ], [ -78.810868000044593, 42.948159000000203 ], [ -78.810862000044608, 42.947391000000202 ], [ -78.810855000044626, 42.946663000000193 ], [ -78.810851000044607, 42.945836000000206 ], [ -78.810847000044618, 42.94495300000019 ], [ -78.813672000044846, 42.944951000000195 ], [ -78.813672000044846, 42.944970000000197 ], [ -78.813672000044832, 42.94583200000023 ], [ -78.813672000044846, 42.94594600000022 ], [ -78.813674000044855, 42.946680000000221 ], [ -78.813674000044841, 42.946910000000209 ], [ -78.813680000044855, 42.947410000000204 ], [ -78.81368800004482, 42.947919000000191 ] ] ] } },
{ "type": "Feature", "properties": { "ed_key": "Buffalo UNI 12", "nbhdname": "Kensington-Bailey", "nbhdnum": 16.0 }, "geometry": { "type": "Polygon", "coordinates": [ [ [ -78.810851000044607, 42.945836000000206 ], [ -78.810855000044626, 42.946663000000193 ], [ -78.810862000044608, 42.947391000000202 ], [ -78.810868000044593, 42.948159000000203 ], [ -78.808828000044429, 42.948141000000227 ], [ -78.806920000044286, 42.948127000000177 ], [ -78.803419000043974, 42.948097000000217 ], [ -78.803425000044015, 42.948871000000224 ], [ -78.803425000043987, 42.948891000000209 ], [ -78.803430000043988, 42.949369000000189 ], [ -78.803409000043985, 42.949380000000204 ], [ -78.798255000043554, 42.949257000000188 ], [ -78.79837800004357, 42.948899000000203 ], [ -78.798455000043589, 42.948658000000229 ], [ -78.798454000043606, 42.94725800000019 ], [ -78.798505000043619, 42.946164000000216 ], [ -78.79854400004362, 42.945263000000203 ], [ -78.799042000043656, 42.945057000000197 ], [ -78.799175000043661, 42.945003000000185 ], [ -78.800328000043777, 42.944535000000215 ], [ -78.80127900004382, 42.945780000000205 ], [ -78.801287000043843, 42.945797000000205 ], [ -78.802084000043891, 42.945795000000196 ], [ -78.803407000044004, 42.945790000000208 ], [ -78.806898000044313, 42.945810000000193 ], [ -78.810851000044607, 42.945836000000206 ] ] ] } },
{ "type": "Feature", "properties": { "ed_key": "Buffalo UNI 14", "nbhdname": "Kensington-Bailey", "nbhdnum": 16.0 }, "geometry": { "type": "Polygon", "coordinates": [ [ [ -78.813672000044846, 42.944951000000195 ], [ -78.810847000044618, 42.94495300000019 ], [ -78.810851000044607, 42.945836000000206 ], [ -78.806898000044313, 42.945810000000193 ], [ -78.803407000044004, 42.945790000000208 ], [ -78.802084000043891, 42.945795000000196 ], [ -78.802088000043881, 42.944623000000192 ], [ -78.802089000043892, 42.943821000000177 ], [ -78.803407000044018, 42.943310000000203 ], [ -78.803407000044018, 42.943434000000202 ], [ -78.806892000044314, 42.94343900000019 ], [ -78.806890000044305, 42.944194000000195 ], [ -78.807832000044385, 42.944194000000223 ], [ -78.809008000044486, 42.944200000000201 ], [ -78.810846000044634, 42.944201000000227 ], [ -78.813672000044861, 42.944197000000216 ], [ -78.813672000044846, 42.944951000000195 ] ] ] } },
{ "type": "Feature", "properties": { "ed_key": "Buffalo UNI 16", "nbhdname": "Kensington-Bailey", "nbhdnum": 16.0 }, "geometry": { "type": "Polygon", "coordinates": [ [ [ -78.813659000044865, 42.941909000000173 ], [ -78.813659000044851, 42.942480000000238 ], [ -78.813659000044865, 42.942677000000209 ], [ -78.813656000044844, 42.943377000000183 ], [ -78.813656000044872, 42.943435000000193 ], [ -78.813655000044861, 42.943598000000193 ], [ -78.813672000044861, 42.944197000000216 ], [ -78.810846000044634, 42.944201000000227 ], [ -78.809008000044486, 42.944200000000201 ], [ -78.807832000044385, 42.944194000000223 ], [ -78.806890000044305, 42.944194000000195 ], [ -78.806892000044314, 42.94343900000019 ], [ -78.803407000044018, 42.943434000000202 ], [ -78.803407000044018, 42.943310000000203 ], [ -78.803407000044032, 42.943076000000197 ], [ -78.803386000044014, 42.942668000000204 ], [ -78.803890000044049, 42.942673000000198 ], [ -78.804460000044116, 42.942673000000163 ], [ -78.804680000044129, 42.942575000000161 ], [ -78.805923000044231, 42.942052000000182 ], [ -78.806249000044261, 42.941921000000178 ], [ -78.806868000044304, 42.941670000000208 ], [ -78.806851000044318, 42.941642000000201 ], [ -78.806615000044275, 42.941330000000207 ], [ -78.806327000044277, 42.940950000000207 ], [ -78.806889000044322, 42.940719000000243 ], [ -78.807216000044349, 42.940583000000224 ], [ -78.807624000044385, 42.940415000000215 ], [ -78.807954000044404, 42.940282000000202 ], [ -78.810279000044588, 42.939333000000175 ], [ -78.810887000044659, 42.939087000000214 ], [ -78.811355000044713, 42.938896000000206 ], [ -78.813060000044842, 42.938192000000193 ], [ -78.813643000044877, 42.937957000000182 ], [ -78.813648000044878, 42.938624000000189 ], [ -78.813648000044907, 42.939124000000206 ], [ -78.813644000044874, 42.939290000000192 ], [ -78.813649000044862, 42.939391000000207 ], [ -78.81365300004488, 42.94020200000022 ], [ -78.813654000044878, 42.94037700000019 ], [ -78.813657000044856, 42.940956000000185 ], [ -78.813658000044896, 42.9411470000002 ], [ -78.813658000044882, 42.941687000000186 ], [ -78.813659000044865, 42.941909000000173 ] ] ] } },
{ "type": "Feature", "properties": { "ed_key": "Buffalo UNI 17", "nbhdname": "Kensington-Bailey", "nbhdnum": 16.0 }, "geometry": { "type": "Polygon", "coordinates": [ [ [ -78.802084000043891, 42.945795000000196 ], [ -78.801287000043843, 42.945797000000205 ], [ -78.80127900004382, 42.945780000000205 ], [ -78.800328000043777, 42.944535000000215 ], [ -78.799175000043661, 42.945003000000185 ], [ -78.799042000043656, 42.945057000000197 ], [ -78.79854400004362, 42.945263000000203 ], [ -78.798555000043592, 42.945056000000207 ], [ -78.798562000043631, 42.944099000000186 ], [ -78.798824000043638, 42.942921000000212 ], [ -78.79882000004369, 42.940938000000216 ], [ -78.799082000043711, 42.938117000000183 ], [ -78.799025000043684, 42.938064000000189 ], [ -78.799025000043684, 42.9373420000002 ], [ -78.800565000043818, 42.937340000000205 ], [ -78.802110000043953, 42.937337000000205 ], [ -78.802622000043982, 42.937335000000211 ], [ -78.803391000044059, 42.937324000000224 ], [ -78.803629000044083, 42.937324000000224 ], [ -78.804794000044183, 42.937332000000204 ], [ -78.805160000044197, 42.937331000000214 ], [ -78.806738000044334, 42.937330000000216 ], [ -78.806737000044322, 42.938103000000204 ], [ -78.806737000044308, 42.938845000000214 ], [ -78.806738000044291, 42.939091000000182 ], [ -78.806747000044325, 42.939331000000202 ], [ -78.806747000044325, 42.939582000000229 ], [ -78.806746000044299, 42.939883000000194 ], [ -78.806746000044313, 42.939948000000193 ], [ -78.80712400004434, 42.940465000000209 ], [ -78.807216000044349, 42.940583000000224 ], [ -78.806889000044322, 42.940719000000243 ], [ -78.806327000044277, 42.940950000000207 ], [ -78.806615000044275, 42.941330000000207 ], [ -78.806851000044318, 42.941642000000201 ], [ -78.806868000044304, 42.941670000000208 ], [ -78.806249000044261, 42.941921000000178 ], [ -78.805923000044231, 42.942052000000182 ], [ -78.804680000044129, 42.942575000000161 ], [ -78.804460000044116, 42.942673000000163 ], [ -78.803890000044049, 42.942673000000198 ], [ -78.803386000044014, 42.942668000000204 ], [ -78.803407000044032, 42.943076000000197 ], [ -78.803407000044018, 42.943310000000203 ], [ -78.802089000043892, 42.943821000000177 ], [ -78.802088000043881, 42.944623000000192 ], [ -78.802084000043891, 42.945795000000196 ] ] ] } },
{ "type": "Feature", "properties": { "ed_key": "Buffalo UNI 19", "nbhdname": "Kensington-Bailey", "nbhdnum": 16.0 }, "geometry": { "type": "Polygon", "coordinates": [ [ [ -78.807216000044349, 42.940583000000224 ], [ -78.80712400004434, 42.940465000000209 ], [ -78.806746000044313, 42.939948000000193 ], [ -78.806746000044299, 42.939883000000194 ], [ -78.806747000044325, 42.939582000000229 ], [ -78.806747000044325, 42.939331000000202 ], [ -78.806738000044291, 42.939091000000182 ], [ -78.806737000044308, 42.938845000000214 ], [ -78.806737000044322, 42.938103000000204 ], [ -78.806738000044334, 42.937330000000216 ], [ -78.806737000044322, 42.936559000000194 ], [ -78.809008000044514, 42.936562000000201 ], [ -78.810427000044641, 42.936556000000209 ], [ -78.81042400004462, 42.935819000000208 ], [ -78.810426000044671, 42.935075000000211 ], [ -78.810426000044643, 42.934416000000191 ], [ -78.81083400004465, 42.934409000000208 ], [ -78.812164000044802, 42.934415000000207 ], [ -78.813139000044856, 42.934400000000196 ], [ -78.813646000044926, 42.934398000000193 ], [ -78.8136450000449, 42.9348090000002 ], [ -78.813646000044926, 42.935056000000216 ], [ -78.813646000044926, 42.93580300000022 ], [ -78.813638000044875, 42.936548000000229 ], [ -78.813639000044873, 42.937332000000211 ], [ -78.813643000044877, 42.937957000000182 ], [ -78.813060000044842, 42.938192000000193 ], [ -78.811355000044713, 42.938896000000206 ], [ -78.810887000044659, 42.939087000000214 ], [ -78.810279000044588, 42.939333000000175 ], [ -78.807954000044404, 42.940282000000202 ], [ -78.807624000044385, 42.940415000000215 ], [ -78.807216000044349, 42.940583000000224 ] ] ] } },
{ "type": "Feature", "properties": { "ed_key": "Buffalo UNI 3", "nbhdname": "Kensington-Bailey", "nbhdnum": 16.0 }, "geometry": { "type": "Polygon", "coordinates": [ [ [ -78.806738000044334, 42.937330000000216 ], [ -78.805160000044197, 42.937331000000214 ], [ -78.804794000044183, 42.937332000000204 ], [ -78.803629000044083, 42.937324000000224 ], [ -78.803391000044059, 42.937324000000224 ], [ -78.802622000043982, 42.937335000000211 ], [ -78.802110000043953, 42.937337000000205 ], [ -78.800565000043818, 42.937340000000205 ], [ -78.799025000043684, 42.9373420000002 ], [ -78.799024000043687, 42.937061000000213 ], [ -78.799021000043695, 42.936562000000194 ], [ -78.799020000043697, 42.93652400000019 ], [ -78.799012000043703, 42.935837000000184 ], [ -78.799007000043687, 42.935463000000219 ], [ -78.799008000043713, 42.935096000000215 ], [ -78.802090000043961, 42.9350850000002 ], [ -78.806739000044331, 42.935082000000186 ], [ -78.809009000044526, 42.935080000000205 ], [ -78.810426000044671, 42.935075000000211 ], [ -78.81042400004462, 42.935819000000208 ], [ -78.810427000044641, 42.936556000000209 ], [ -78.809008000044514, 42.936562000000201 ], [ -78.806737000044322, 42.936559000000194 ], [ -78.806738000044334, 42.937330000000216 ] ] ] } },
{ "type": "Feature", "properties": { "ed_key": "Buffalo UNI 20", "nbhdname": "Kenfield", "nbhdnum": 18.0 }, "geometry": { "type": "Polygon", "coordinates": [ [ [ -78.810426000044671, 42.935075000000211 ], [ -78.809009000044526, 42.935080000000205 ], [ -78.806739000044331, 42.935082000000186 ], [ -78.802090000043961, 42.9350850000002 ], [ -78.799008000043713, 42.935096000000215 ], [ -78.799005000043678, 42.934412000000179 ], [ -78.799002000043714, 42.933792000000217 ], [ -78.799001000043717, 42.9336920000002 ], [ -78.799000000043733, 42.933496000000183 ], [ -78.799000000043719, 42.933342000000202 ], [ -78.799000000043719, 42.933231000000205 ], [ -78.799000000043719, 42.93317000000021 ], [ -78.798999000043707, 42.933092000000194 ], [ -78.798996000043729, 42.932753000000197 ], [ -78.798993000043708, 42.932459000000215 ], [ -78.79899000004373, 42.931401000000207 ], [ -78.798980000043713, 42.929928000000146 ], [ -78.798979000043744, 42.929908000000189 ], [ -78.798982000043722, 42.929877000000189 ], [ -78.799756000043814, 42.929877000000218 ], [ -78.799815000043779, 42.929877000000211 ], [ -78.799917000043806, 42.929876000000199 ], [ -78.801190000043917, 42.929880000000189 ], [ -78.801297000043931, 42.929881000000208 ], [ -78.801424000043951, 42.929882000000184 ], [ -78.802098000043983, 42.929888000000204 ], [ -78.804455000044172, 42.929878000000194 ], [ -78.805616000044282, 42.9298700000002 ], [ -78.806285000044312, 42.929869000000188 ], [ -78.806945000044365, 42.929868000000177 ], [ -78.806955000044383, 42.930657000000188 ], [ -78.810462000044652, 42.930677000000216 ], [ -78.813651000044914, 42.930672000000186 ], [ -78.813657000044927, 42.931162000000199 ], [ -78.813655000044932, 42.931379000000199 ], [ -78.81365400004492, 42.931523000000197 ], [ -78.813651000044899, 42.932370000000191 ], [ -78.813649000044904, 42.932573000000211 ], [ -78.813645000044914, 42.93310200000019 ], [ -78.8136450000449, 42.933632000000195 ], [ -78.813653000044923, 42.933834000000196 ], [ -78.813651000044914, 42.933961000000203 ], [ -78.813646000044926, 42.934398000000193 ], [ -78.813139000044856, 42.934400000000196 ], [ -78.812164000044802, 42.934415000000207 ], [ -78.81083400004465, 42.934409000000208 ], [ -78.810426000044643, 42.934416000000191 ], [ -78.810426000044671, 42.935075000000211 ] ] ] } },
{ "type": "Feature", "properties": { "ed_key": "Buffalo UNI 7", "nbhdname": "Kenfield", "nbhdnum": 18.0 }, "geometry": { "type": "Polygon", "coordinates": [ [ [ -78.802098000043983, 42.929888000000204 ], [ -78.802112000043991, 42.928817000000194 ], [ -78.802113000044017, 42.928714000000213 ], [ -78.802102000043988, 42.928345000000199 ], [ -78.802103000043999, 42.928010000000214 ], [ -78.802112000043991, 42.927572000000175 ], [ -78.803319000044098, 42.927570000000195 ], [ -78.804554000044192, 42.927566000000212 ], [ -78.805725000044305, 42.927562000000201 ], [ -78.80678700004438, 42.927559000000187 ], [ -78.808382000044503, 42.927552000000205 ], [ -78.81046700004471, 42.927546000000191 ], [ -78.813654000044949, 42.927539000000216 ], [ -78.813654000044934, 42.92792600000022 ], [ -78.813653000044951, 42.928303000000199 ], [ -78.813656000044915, 42.928779000000198 ], [ -78.813653000044937, 42.929076000000251 ], [ -78.813649000044919, 42.92965500000021 ], [ -78.81364800004495, 42.929870000000193 ], [ -78.813649000044904, 42.930526000000221 ], [ -78.813651000044914, 42.930672000000186 ], [ -78.810462000044652, 42.930677000000216 ], [ -78.806955000044383, 42.930657000000188 ], [ -78.806945000044365, 42.929868000000177 ], [ -78.806285000044312, 42.929869000000188 ], [ -78.805616000044282, 42.9298700000002 ], [ -78.804455000044172, 42.929878000000194 ], [ -78.802098000043983, 42.929888000000204 ] ] ] } },
{ "type": "Feature", "properties": { "ed_key": "Buffalo UNI 8", "nbhdname": "Kenfield", "nbhdnum": 18.0 }, "geometry": { "type": "Polygon", "coordinates": [ [ [ -78.808718000044564, 42.922700000000184 ], [ -78.809456000044605, 42.922695000000196 ], [ -78.809667000044641, 42.922694000000227 ], [ -78.810491000044706, 42.922688000000178 ], [ -78.810618000044741, 42.922686000000219 ], [ -78.81153300004479, 42.922677000000213 ], [ -78.811583000044791, 42.922677000000199 ], [ -78.812585000044891, 42.9226710000002 ], [ -78.813561000044956, 42.92266300000022 ], [ -78.813678000044973, 42.922657000000164 ], [ -78.813675000044981, 42.9236250000002 ], [ -78.813671000044963, 42.924600000000197 ], [ -78.813671000044948, 42.924618000000187 ], [ -78.813669000044953, 42.925107000000189 ], [ -78.813677000044962, 42.925432000000193 ], [ -78.813674000044969, 42.925922000000213 ], [ -78.813671000044948, 42.926248000000207 ], [ -78.81366800004497, 42.926743000000229 ], [ -78.813665000044949, 42.927075000000201 ], [ -78.813654000044949, 42.927539000000216 ], [ -78.81046700004471, 42.927546000000191 ], [ -78.808382000044503, 42.927552000000205 ], [ -78.80678700004438, 42.927559000000187 ], [ -78.806806000044389, 42.925537000000176 ], [ -78.806812000044388, 42.924983000000211 ], [ -78.806813000044386, 42.924021000000202 ], [ -78.806828000044405, 42.92272100000023 ], [ -78.8077640000445, 42.922710000000187 ], [ -78.808414000044536, 42.92270300000019 ], [ -78.808718000044564, 42.922700000000184 ] ] ] } },
{ "type": "Feature", "properties": { "ed_key": "Buffalo UNI 9", "nbhdname": "Kenfield", "nbhdnum": 18.0 }, "geometry": { "type": "Polygon", "coordinates": [ [ [ -78.80678700004438, 42.927559000000187 ], [ -78.805725000044305, 42.927562000000201 ], [ -78.804554000044192, 42.927566000000212 ], [ -78.803319000044098, 42.927570000000195 ], [ -78.802112000043991, 42.927572000000175 ], [ -78.802103000043999, 42.928010000000214 ], [ -78.802102000043988, 42.928345000000199 ], [ -78.802113000044017, 42.928714000000213 ], [ -78.802112000043991, 42.928817000000194 ], [ -78.802098000043983, 42.929888000000204 ], [ -78.801424000043951, 42.929882000000184 ], [ -78.801297000043931, 42.929881000000208 ], [ -78.801190000043917, 42.929880000000189 ], [ -78.799917000043806, 42.929876000000199 ], [ -78.799815000043779, 42.929877000000211 ], [ -78.799756000043814, 42.929877000000218 ], [ -78.798982000043722, 42.929877000000189 ], [ -78.798961000043747, 42.929670000000193 ], [ -78.799547000043788, 42.929542000000204 ], [ -78.799483000043779, 42.928914000000198 ], [ -78.799435000043772, 42.9276720000002 ], [ -78.799289000043785, 42.926543000000201 ], [ -78.799147000043789, 42.922788000000182 ], [ -78.799857000043829, 42.922772000000215 ], [ -78.800161000043886, 42.922769000000187 ], [ -78.801010000043931, 42.922764000000186 ], [ -78.801190000043974, 42.922763000000195 ], [ -78.802173000044021, 42.922756000000213 ], [ -78.802212000044022, 42.922756000000234 ], [ -78.80337800004412, 42.9227470000002 ], [ -78.804598000044237, 42.922740000000189 ], [ -78.80493600004425, 42.922737000000204 ], [ -78.80575600004434, 42.922730000000186 ], [ -78.805883000044332, 42.922729000000217 ], [ -78.806828000044405, 42.92272100000023 ], [ -78.806813000044386, 42.924021000000202 ], [ -78.806812000044388, 42.924983000000211 ], [ -78.806806000044389, 42.925537000000176 ], [ -78.80678700004438, 42.927559000000187 ] ] ] } },
{ "type": "Feature", "properties": { "ed_key": "Buffalo SOU 19", "nbhdname": "Seneca-Cazenovia", "nbhdnum": 33.0 }, "geometry": { "type": "Polygon", "coordinates": [ [ [ -78.800816000044378, 42.839599000000206 ], [ -78.802271000044485, 42.84032800000017 ], [ -78.802700000044524, 42.840539000000163 ], [ -78.80328800004456, 42.840835000000212 ], [ -78.803507000044576, 42.840954000000188 ], [ -78.803551000044578, 42.840977000000194 ], [ -78.80538600004472, 42.842532000000162 ], [ -78.806681000044833, 42.843641000000211 ], [ -78.808165000044951, 42.844905000000217 ], [ -78.809277000045043, 42.845838000000185 ], [ -78.810105000045098, 42.846523000000182 ], [ -78.810639000045128, 42.846937000000203 ], [ -78.811089000045158, 42.847274000000176 ], [ -78.811887000045232, 42.847874000000211 ], [ -78.812502000045271, 42.848330000000189 ], [ -78.81235600004527, 42.848440000000167 ], [ -78.810830000045129, 42.849547000000179 ], [ -78.809426000045008, 42.850570000000168 ], [ -78.809382000044991, 42.850602000000166 ], [ -78.809163000044975, 42.850875000000194 ], [ -78.808981000044966, 42.851102000000196 ], [ -78.808851000044982, 42.851264000000235 ], [ -78.808817000044954, 42.851306000000186 ], [ -78.808181000044925, 42.852028000000189 ], [ -78.807616000044845, 42.852743000000181 ], [ -78.807239000044802, 42.853220000000178 ], [ -78.806519000044759, 42.852602000000175 ], [ -78.8054390000447, 42.853294000000162 ], [ -78.805196000044646, 42.853446000000211 ], [ -78.804437000044587, 42.853914000000202 ], [ -78.804013000044534, 42.854174000000199 ], [ -78.80273500004445, 42.8530620000002 ], [ -78.803136000044475, 42.85281000000019 ], [ -78.803895000044562, 42.85233400000017 ], [ -78.803003000044484, 42.851560000000198 ], [ -78.802614000044471, 42.851223000000189 ], [ -78.802298000044445, 42.850947000000197 ], [ -78.80153400004437, 42.851420000000196 ], [ -78.800432000044268, 42.852105000000172 ], [ -78.800467000044279, 42.851126000000171 ], [ -78.800505000044296, 42.850158000000199 ], [ -78.800524000044277, 42.849574000000196 ], [ -78.800560000044314, 42.848165000000186 ], [ -78.800576000044302, 42.848155000000176 ], [ -78.801002000044321, 42.847884000000185 ], [ -78.800595000044311, 42.847542000000175 ], [ -78.800583000044327, 42.8475320000002 ], [ -78.800583000044298, 42.847099000000163 ], [ -78.800623000044325, 42.845993000000171 ], [ -78.800649000044331, 42.845434000000161 ], [ -78.799229000044193, 42.84637500000018 ], [ -78.799082000044208, 42.846321000000195 ], [ -78.79860800004414, 42.84614700000018 ], [ -78.798253000044156, 42.846017000000188 ], [ -78.797953000044103, 42.845907000000182 ], [ -78.797527000044056, 42.845751000000192 ], [ -78.796904000043995, 42.845522000000166 ], [ -78.798269000044158, 42.843305000000193 ], [ -78.798225000044141, 42.8432910000002 ], [ -78.79791100004411, 42.843152000000202 ], [ -78.797760000044093, 42.843086000000163 ], [ -78.797505000044055, 42.842950000000194 ], [ -78.797219000044066, 42.842777000000176 ], [ -78.797061000044039, 42.842657000000173 ], [ -78.79691800004403, 42.84247700000018 ], [ -78.796897000044041, 42.842446000000187 ], [ -78.796796000044012, 42.842302000000188 ], [ -78.79671200004401, 42.842116000000182 ], [ -78.796665000044015, 42.841941000000205 ], [ -78.796483000043992, 42.8416840000002 ], [ -78.796152000043989, 42.841445000000171 ], [ -78.796074000043959, 42.841414000000185 ], [ -78.795897000043965, 42.84134300000018 ], [ -78.795501000043942, 42.841219000000166 ], [ -78.795224000043916, 42.841155000000199 ], [ -78.795157000043915, 42.841135000000186 ], [ -78.796659000044031, 42.838372000000184 ], [ -78.796881000044053, 42.838425000000178 ], [ -78.797275000044095, 42.838528000000203 ], [ -78.798506000044185, 42.838833000000214 ], [ -78.79966200004425, 42.839123000000207 ], [ -78.800196000044295, 42.839268000000182 ], [ -78.800140000044308, 42.841228000000193 ], [ -78.800419000044357, 42.841257000000198 ], [ -78.800617000044326, 42.841286000000181 ], [ -78.800791000044356, 42.841544000000184 ], [ -78.800807000044372, 42.841087000000208 ], [ -78.800816000044378, 42.839599000000206 ] ] ] } },
{ "type": "Feature", "properties": { "ed_key": "Buffalo SOU 20", "nbhdname": "South Park", "nbhdnum": 35.0 }, "geometry": { "type": "Polygon", "coordinates": [ [ [ -78.800816000044378, 42.839599000000206 ], [ -78.800816000044378, 42.839571000000191 ], [ -78.800834000044361, 42.838953000000195 ], [ -78.800848000044383, 42.838490000000171 ], [ -78.800850000044377, 42.838404000000182 ], [ -78.800859000044383, 42.838095000000187 ], [ -78.800883000044408, 42.837301000000181 ], [ -78.800900000044393, 42.836943000000197 ], [ -78.800906000044378, 42.836476000000175 ], [ -78.804345000044677, 42.836516000000209 ], [ -78.804393000044684, 42.836516000000209 ], [ -78.804425000044674, 42.836522000000187 ], [ -78.807035000044905, 42.836553000000194 ], [ -78.807301000044902, 42.83739700000018 ], [ -78.807497000044918, 42.838042000000186 ], [ -78.807542000044947, 42.838180000000207 ], [ -78.807787000044954, 42.838923000000207 ], [ -78.80779400004495, 42.838945000000194 ], [ -78.808090000044984, 42.839862000000181 ], [ -78.808423000045011, 42.840890000000194 ], [ -78.808453000044977, 42.840996000000189 ], [ -78.808722000045009, 42.841869000000216 ], [ -78.807931000044945, 42.84198600000019 ], [ -78.806736000044836, 42.842183000000183 ], [ -78.806023000044789, 42.842300000000193 ], [ -78.805948000044779, 42.842317000000207 ], [ -78.80538600004472, 42.842532000000162 ], [ -78.803551000044578, 42.840977000000194 ], [ -78.803507000044576, 42.840954000000188 ], [ -78.80328800004456, 42.840835000000212 ], [ -78.802700000044524, 42.840539000000163 ], [ -78.802271000044485, 42.84032800000017 ], [ -78.800816000044378, 42.839599000000206 ] ] ] } },
{ "type": "Feature", "properties": { "ed_key": "Buffalo SOU 14", "nbhdname": "South Park", "nbhdnum": 35.0 }, "geometry": { "type": "Polygon", "coordinates": [ [ [ -78.800906000044378, 42.836476000000175 ], [ -78.800919000044388, 42.835507000000192 ], [ -78.800935000044376, 42.83505700000017 ], [ -78.800973000044408, 42.834501000000188 ], [ -78.800975000044417, 42.834472000000197 ], [ -78.801003000044403, 42.834023000000187 ], [ -78.801019000044406, 42.833547000000202 ], [ -78.801046000044423, 42.832795000000168 ], [ -78.801054000044402, 42.83253700000018 ], [ -78.801059000044418, 42.832423000000176 ], [ -78.801062000044439, 42.832369000000185 ], [ -78.801077000044444, 42.831982000000195 ], [ -78.801697000044484, 42.83198400000019 ], [ -78.802384000044555, 42.831985000000188 ], [ -78.803414000044626, 42.831985000000188 ], [ -78.803960000044668, 42.831986000000185 ], [ -78.805621000044823, 42.831992000000206 ], [ -78.806548000044913, 42.831995000000198 ], [ -78.807360000044952, 42.832013000000167 ], [ -78.808499000045032, 42.832009000000191 ], [ -78.80860600004506, 42.832008000000194 ], [ -78.809164000045101, 42.832007000000182 ], [ -78.809658000045147, 42.832005000000215 ], [ -78.812546000045373, 42.832004000000182 ], [ -78.813700000045472, 42.832004000000197 ], [ -78.81486000004557, 42.83201000000021 ], [ -78.815113000045571, 42.832011000000207 ], [ -78.81512000004561, 42.832044000000195 ], [ -78.815163000045601, 42.832069000000203 ], [ -78.815204000045597, 42.832080000000204 ], [ -78.815192000045599, 42.832887000000191 ], [ -78.815180000045601, 42.833783000000217 ], [ -78.815159000045583, 42.834689000000175 ], [ -78.815143000045566, 42.835439000000179 ], [ -78.815142000045569, 42.835483000000202 ], [ -78.815125000045583, 42.836290000000204 ], [ -78.815122000045577, 42.836431000000196 ], [ -78.815109000045581, 42.837139000000171 ], [ -78.815107000045572, 42.837268000000172 ], [ -78.813662000045454, 42.837254000000172 ], [ -78.812413000045368, 42.837235000000199 ], [ -78.811124000045254, 42.837214000000216 ], [ -78.810859000045227, 42.837217000000216 ], [ -78.810683000045202, 42.83723000000019 ], [ -78.810436000045172, 42.837262000000202 ], [ -78.810116000045142, 42.83729600000018 ], [ -78.809867000045131, 42.837313000000229 ], [ -78.80960500004511, 42.837314000000198 ], [ -78.809494000045106, 42.837305000000185 ], [ -78.809387000045106, 42.8372850000002 ], [ -78.809283000045056, 42.83725500000017 ], [ -78.809207000045063, 42.837219000000168 ], [ -78.809089000045063, 42.837142000000163 ], [ -78.809007000045057, 42.837071000000201 ], [ -78.808951000045028, 42.837002000000197 ], [ -78.808911000045029, 42.836922000000172 ], [ -78.808890000045039, 42.836838000000199 ], [ -78.808890000045039, 42.836345000000172 ], [ -78.808039000044985, 42.83632600000022 ], [ -78.80696000004491, 42.836315000000205 ], [ -78.807035000044905, 42.836553000000194 ], [ -78.804425000044674, 42.836522000000187 ], [ -78.804393000044684, 42.836516000000209 ], [ -78.804345000044677, 42.836516000000209 ], [ -78.800906000044378, 42.836476000000175 ] ] ] } },
{ "type": "Feature", "properties": { "ed_key": "Buffalo SOU 17", "nbhdname": "South Park", "nbhdnum": 35.0 }, "geometry": { "type": "Polygon", "coordinates": [ [ [ -78.807787000044954, 42.838923000000207 ], [ -78.807542000044947, 42.838180000000207 ], [ -78.807497000044918, 42.838042000000186 ], [ -78.807301000044902, 42.83739700000018 ], [ -78.807035000044905, 42.836553000000194 ], [ -78.80696000004491, 42.836315000000205 ], [ -78.808039000044985, 42.83632600000022 ], [ -78.808890000045039, 42.836345000000172 ], [ -78.808890000045039, 42.836838000000199 ], [ -78.808911000045029, 42.836922000000172 ], [ -78.808951000045028, 42.837002000000197 ], [ -78.809007000045057, 42.837071000000201 ], [ -78.809089000045063, 42.837142000000163 ], [ -78.809207000045063, 42.837219000000168 ], [ -78.809283000045056, 42.83725500000017 ], [ -78.809387000045106, 42.8372850000002 ], [ -78.809494000045106, 42.837305000000185 ], [ -78.80960500004511, 42.837314000000198 ], [ -78.809867000045131, 42.837313000000229 ], [ -78.810116000045142, 42.83729600000018 ], [ -78.810436000045172, 42.837262000000202 ], [ -78.810683000045202, 42.83723000000019 ], [ -78.810859000045227, 42.837217000000216 ], [ -78.811124000045254, 42.837214000000216 ], [ -78.812413000045368, 42.837235000000199 ], [ -78.813662000045454, 42.837254000000172 ], [ -78.815107000045572, 42.837268000000172 ], [ -78.815096000045571, 42.837950000000198 ], [ -78.81509100004557, 42.838162000000175 ], [ -78.815077000045576, 42.838710000000212 ], [ -78.815068000045557, 42.839073000000198 ], [ -78.815059000045565, 42.839529000000184 ], [ -78.815046000045527, 42.84033400000019 ], [ -78.815027000045561, 42.841033000000195 ], [ -78.815023000045528, 42.841160000000201 ], [ -78.815006000045528, 42.841969000000162 ], [ -78.814120000045463, 42.841947000000197 ], [ -78.81232900004531, 42.841921000000227 ], [ -78.808722000045009, 42.841869000000216 ], [ -78.808453000044977, 42.840996000000189 ], [ -78.808423000045011, 42.840890000000194 ], [ -78.808090000044984, 42.839862000000181 ], [ -78.80779400004495, 42.838945000000194 ], [ -78.807787000044954, 42.838923000000207 ] ] ] } },
{ "type": "Feature", "properties": { "ed_key": "Buffalo SOU 10", "nbhdname": "South Park", "nbhdnum": 35.0 }, "geometry": { "type": "Polygon", "coordinates": [ [ [ -78.815109000045581, 42.837139000000171 ], [ -78.815122000045577, 42.836431000000196 ], [ -78.815125000045583, 42.836290000000204 ], [ -78.815142000045569, 42.835483000000202 ], [ -78.815143000045566, 42.835439000000179 ], [ -78.815159000045583, 42.834689000000175 ], [ -78.815180000045601, 42.833783000000217 ], [ -78.815192000045599, 42.832887000000191 ], [ -78.815204000045597, 42.832080000000204 ], [ -78.815163000045601, 42.832069000000203 ], [ -78.81512000004561, 42.832044000000195 ], [ -78.815113000045571, 42.832011000000207 ], [ -78.815297000045604, 42.832012000000226 ], [ -78.815666000045638, 42.83201300000016 ], [ -78.81774600004583, 42.83202200000018 ], [ -78.818701000045905, 42.832026000000205 ], [ -78.819732000045988, 42.8320280000002 ], [ -78.820802000046072, 42.832030000000188 ], [ -78.823910000046325, 42.832042000000193 ], [ -78.823887000046341, 42.832907000000183 ], [ -78.823865000046325, 42.834163000000231 ], [ -78.823855000046322, 42.834816000000203 ], [ -78.823847000046314, 42.83533700000018 ], [ -78.823845000046333, 42.835550000000204 ], [ -78.823834000046318, 42.836379000000193 ], [ -78.823833000046307, 42.836418000000229 ], [ -78.823822000046306, 42.837235000000192 ], [ -78.822027000046162, 42.837209000000186 ], [ -78.819836000045953, 42.837183000000202 ], [ -78.816098000045642, 42.837153000000185 ], [ -78.815109000045581, 42.837139000000171 ] ] ] } },
{ "type": "Feature", "properties": { "ed_key": "Buffalo SOU 8", "nbhdname": "South Park", "nbhdnum": 35.0 }, "geometry": { "type": "Polygon", "coordinates": [ [ [ -78.815107000045572, 42.837268000000172 ], [ -78.815109000045581, 42.837139000000171 ], [ -78.816098000045642, 42.837153000000185 ], [ -78.819836000045953, 42.837183000000202 ], [ -78.822027000046162, 42.837209000000186 ], [ -78.823822000046306, 42.837235000000192 ], [ -78.823822000046292, 42.837761000000164 ], [ -78.823816000046307, 42.838046000000183 ], [ -78.823808000046299, 42.838859000000213 ], [ -78.823798000046295, 42.8396690000002 ], [ -78.823796000046286, 42.840073000000181 ], [ -78.823786000046269, 42.840458000000183 ], [ -78.823786000046283, 42.840502000000221 ], [ -78.823781000046282, 42.840881000000181 ], [ -78.823775000046282, 42.841265000000234 ], [ -78.823768000046257, 42.841683000000202 ], [ -78.82376300004627, 42.842081000000221 ], [ -78.820448000045985, 42.84203700000019 ], [ -78.820316000046006, 42.842036000000213 ], [ -78.815006000045528, 42.841969000000162 ], [ -78.815023000045528, 42.841160000000201 ], [ -78.815027000045561, 42.841033000000195 ], [ -78.815046000045527, 42.84033400000019 ], [ -78.815059000045565, 42.839529000000184 ], [ -78.815068000045557, 42.839073000000198 ], [ -78.815077000045576, 42.838710000000212 ], [ -78.81509100004557, 42.838162000000175 ], [ -78.815096000045571, 42.837950000000198 ], [ -78.815107000045572, 42.837268000000172 ] ] ] } },
{ "type": "Feature", "properties": { "ed_key": "Buffalo SOU 18", "nbhdname": "South Park", "nbhdnum": 35.0 }, "geometry": { "type": "Polygon", "coordinates": [ [ [ -78.810105000045098, 42.846523000000182 ], [ -78.809277000045043, 42.845838000000185 ], [ -78.808165000044951, 42.844905000000217 ], [ -78.806681000044833, 42.843641000000211 ], [ -78.80538600004472, 42.842532000000162 ], [ -78.805948000044779, 42.842317000000207 ], [ -78.806023000044789, 42.842300000000193 ], [ -78.806736000044836, 42.842183000000183 ], [ -78.807931000044945, 42.84198600000019 ], [ -78.808722000045009, 42.841869000000216 ], [ -78.81232900004531, 42.841921000000227 ], [ -78.814120000045463, 42.841947000000197 ], [ -78.815006000045528, 42.841969000000162 ], [ -78.814991000045524, 42.842771000000177 ], [ -78.814977000045531, 42.843583000000187 ], [ -78.814966000045501, 42.84431700000016 ], [ -78.814937000045504, 42.8443210000002 ], [ -78.814905000045513, 42.844335000000207 ], [ -78.814893000045501, 42.844347000000219 ], [ -78.814885000045507, 42.844360000000179 ], [ -78.814895000045539, 42.844410000000202 ], [ -78.814944000045514, 42.844426000000219 ], [ -78.814994000045502, 42.844449000000211 ], [ -78.815030000045539, 42.844436000000186 ], [ -78.815937000045594, 42.845101000000206 ], [ -78.814763000045488, 42.84593300000018 ], [ -78.813537000045386, 42.84681600000016 ], [ -78.81379200004541, 42.847026000000213 ], [ -78.814343000045426, 42.847444000000202 ], [ -78.813592000045404, 42.847989000000183 ], [ -78.813390000045359, 42.848115000000206 ], [ -78.813308000045339, 42.848154000000207 ], [ -78.813213000045351, 42.848189000000161 ], [ -78.812976000045325, 42.848253000000213 ], [ -78.812527000045293, 42.848349000000184 ], [ -78.812502000045271, 42.848330000000189 ], [ -78.811887000045232, 42.847874000000211 ], [ -78.811089000045158, 42.847274000000176 ], [ -78.810639000045128, 42.846937000000203 ], [ -78.810105000045098, 42.846523000000182 ] ] ] } },
{ "type": "Feature", "properties": { "ed_key": "Buffalo SOU 13", "nbhdname": "South Park", "nbhdnum": 35.0 }, "geometry": { "type": "Polygon", "coordinates": [ [ [ -78.815030000045539, 42.844436000000186 ], [ -78.815062000045529, 42.844391000000208 ], [ -78.815125000045512, 42.844288000000205 ], [ -78.815158000045514, 42.844190000000175 ], [ -78.815169000045543, 42.84410200000017 ], [ -78.815149000045551, 42.843929000000195 ], [ -78.815123000045531, 42.843750000000185 ], [ -78.815074000045541, 42.8436650000002 ], [ -78.814977000045531, 42.843583000000187 ], [ -78.814991000045524, 42.842771000000177 ], [ -78.815006000045528, 42.841969000000162 ], [ -78.820316000046006, 42.842036000000213 ], [ -78.820448000045985, 42.84203700000019 ], [ -78.82376300004627, 42.842081000000221 ], [ -78.823759000046266, 42.842499000000203 ], [ -78.823753000046267, 42.842883000000207 ], [ -78.823746000046256, 42.843330000000179 ], [ -78.823739000046274, 42.843685000000185 ], [ -78.823734000046244, 42.844095000000202 ], [ -78.823732000046277, 42.844515000000214 ], [ -78.823729000046271, 42.844967000000196 ], [ -78.823728000046259, 42.84534200000018 ], [ -78.823727000046247, 42.845919000000201 ], [ -78.823721000046234, 42.846175000000208 ], [ -78.823716000046232, 42.8469240000002 ], [ -78.823304000046178, 42.846917000000182 ], [ -78.822808000046166, 42.84691800000018 ], [ -78.822129000046104, 42.846937000000217 ], [ -78.821364000046046, 42.846941000000179 ], [ -78.820417000045964, 42.846932000000173 ], [ -78.820194000045959, 42.846930000000185 ], [ -78.818397000045778, 42.846901000000194 ], [ -78.818223000045776, 42.846901000000209 ], [ -78.81816200004576, 42.846790000000205 ], [ -78.818107000045785, 42.846689000000197 ], [ -78.81764300004572, 42.846348000000177 ], [ -78.8174990000457, 42.846242000000203 ], [ -78.816774000045655, 42.845713000000195 ], [ -78.81647200004565, 42.845493000000175 ], [ -78.815937000045594, 42.845101000000206 ], [ -78.815030000045539, 42.844436000000186 ] ] ] } },
{ "type": "Feature", "properties": { "ed_key": "Buffalo SOU 9", "nbhdname": "South Park", "nbhdnum": 35.0 }, "geometry": { "type": "Polygon", "coordinates": [ [ [ -78.815937000045594, 42.845101000000206 ], [ -78.81647200004565, 42.845493000000175 ], [ -78.816774000045655, 42.845713000000195 ], [ -78.8174990000457, 42.846242000000203 ], [ -78.81764300004572, 42.846348000000177 ], [ -78.818107000045785, 42.846689000000197 ], [ -78.81816200004576, 42.846790000000205 ], [ -78.818223000045776, 42.846901000000209 ], [ -78.818583000045805, 42.847554000000201 ], [ -78.818667000045821, 42.847706000000194 ], [ -78.818780000045834, 42.847912000000186 ], [ -78.818985000045842, 42.848280000000194 ], [ -78.819152000045847, 42.848627000000199 ], [ -78.819220000045846, 42.848769000000217 ], [ -78.819385000045841, 42.849037000000216 ], [ -78.819720000045891, 42.849588000000182 ], [ -78.819827000045919, 42.849765000000183 ], [ -78.820237000045935, 42.85046100000018 ], [ -78.820268000045942, 42.850517000000202 ], [ -78.820475000045931, 42.850890000000199 ], [ -78.820650000045958, 42.851215000000174 ], [ -78.81945300004584, 42.852107000000188 ], [ -78.818517000045759, 42.852799000000189 ], [ -78.818422000045771, 42.852728000000205 ], [ -78.817839000045723, 42.852298000000197 ], [ -78.817588000045689, 42.852114000000192 ], [ -78.817119000045636, 42.85176900000021 ], [ -78.816756000045629, 42.851496000000189 ], [ -78.816396000045572, 42.851226000000196 ], [ -78.815943000045564, 42.850890000000184 ], [ -78.815683000045553, 42.850697000000181 ], [ -78.815131000045497, 42.850286000000196 ], [ -78.814978000045485, 42.850172000000185 ], [ -78.81431500004544, 42.849678000000203 ], [ -78.814267000045433, 42.849642000000202 ], [ -78.813908000045416, 42.849375000000208 ], [ -78.813531000045373, 42.849097000000178 ], [ -78.813449000045367, 42.849037000000195 ], [ -78.812527000045293, 42.848349000000184 ], [ -78.812976000045325, 42.848253000000213 ], [ -78.813213000045351, 42.848189000000161 ], [ -78.813308000045339, 42.848154000000207 ], [ -78.813390000045359, 42.848115000000206 ], [ -78.813592000045404, 42.847989000000183 ], [ -78.814343000045426, 42.847444000000202 ], [ -78.81379200004541, 42.847026000000213 ], [ -78.813537000045386, 42.84681600000016 ], [ -78.814763000045488, 42.84593300000018 ], [ -78.815937000045594, 42.845101000000206 ] ] ] } },
{ "type": "Feature", "properties": { "ed_key": "Buffalo SOU 3", "nbhdname": "South Park", "nbhdnum": 35.0 }, "geometry": { "type": "Polygon", "coordinates": [ [ [ -78.818223000045776, 42.846901000000209 ], [ -78.818397000045778, 42.846901000000194 ], [ -78.820194000045959, 42.846930000000185 ], [ -78.820417000045964, 42.846932000000173 ], [ -78.821364000046046, 42.846941000000179 ], [ -78.822129000046104, 42.846937000000217 ], [ -78.822808000046166, 42.84691800000018 ], [ -78.823304000046178, 42.846917000000182 ], [ -78.823716000046232, 42.8469240000002 ], [ -78.823707000046241, 42.847733000000211 ], [ -78.823694000046231, 42.848653000000198 ], [ -78.823682000046233, 42.849596000000204 ], [ -78.823681000046221, 42.849623000000179 ], [ -78.823675000046222, 42.850486000000174 ], [ -78.823669000046223, 42.851332000000212 ], [ -78.823662000046198, 42.852131000000206 ], [ -78.823660000046189, 42.852248000000188 ], [ -78.823652000046209, 42.852960000000188 ], [ -78.823637000046205, 42.853883000000202 ], [ -78.823628000046185, 42.854708000000187 ], [ -78.823623000046169, 42.855047000000205 ], [ -78.823608000046178, 42.856060000000198 ], [ -78.822706000046111, 42.855892000000168 ], [ -78.822163000046061, 42.855490000000188 ], [ -78.821417000045997, 42.854944000000195 ], [ -78.820716000045948, 42.854429000000202 ], [ -78.820435000045933, 42.854224000000201 ], [ -78.820019000045889, 42.853918000000178 ], [ -78.819973000045906, 42.853883000000202 ], [ -78.819255000045843, 42.853348000000189 ], [ -78.81920200004582, 42.853309000000181 ], [ -78.818517000045759, 42.852799000000189 ], [ -78.81945300004584, 42.852107000000188 ], [ -78.820650000045958, 42.851215000000174 ], [ -78.820475000045931, 42.850890000000199 ], [ -78.820268000045942, 42.850517000000202 ], [ -78.820237000045935, 42.85046100000018 ], [ -78.819827000045919, 42.849765000000183 ], [ -78.819720000045891, 42.849588000000182 ], [ -78.819385000045841, 42.849037000000216 ], [ -78.819220000045846, 42.848769000000217 ], [ -78.819152000045847, 42.848627000000199 ], [ -78.818985000045842, 42.848280000000194 ], [ -78.818780000045834, 42.847912000000186 ], [ -78.818667000045821, 42.847706000000194 ], [ -78.818583000045805, 42.847554000000201 ], [ -78.818223000045776, 42.846901000000209 ] ] ] } },
{ "type": "Feature", "properties": { "ed_key": "Buffalo SOU 15", "nbhdname": "Hopkins-Tifft", "nbhdnum": 34.0 }, "geometry": { "type": "Polygon", "coordinates": [ [ [ -78.82376300004627, 42.842081000000221 ], [ -78.823768000046257, 42.841683000000202 ], [ -78.823775000046282, 42.841265000000234 ], [ -78.823781000046282, 42.840881000000181 ], [ -78.823786000046283, 42.840502000000221 ], [ -78.823786000046269, 42.840458000000183 ], [ -78.823796000046286, 42.840073000000181 ], [ -78.823798000046295, 42.8396690000002 ], [ -78.823808000046299, 42.838859000000213 ], [ -78.823816000046307, 42.838046000000183 ], [ -78.823822000046292, 42.837761000000164 ], [ -78.823822000046306, 42.837235000000192 ], [ -78.823833000046307, 42.836418000000229 ], [ -78.823834000046318, 42.836379000000193 ], [ -78.823845000046333, 42.835550000000204 ], [ -78.823847000046314, 42.83533700000018 ], [ -78.823855000046322, 42.834816000000203 ], [ -78.823865000046325, 42.834163000000231 ], [ -78.823887000046341, 42.832907000000183 ], [ -78.823910000046325, 42.832042000000193 ], [ -78.825141000046457, 42.832066000000196 ], [ -78.829750000046829, 42.835008000000201 ], [ -78.832441000047055, 42.836727000000202 ], [ -78.832476000047023, 42.838040000000206 ], [ -78.832345000047042, 42.838731000000216 ], [ -78.832425000047039, 42.838733000000197 ], [ -78.832401000047042, 42.840164000000172 ], [ -78.832396000047041, 42.840478000000196 ], [ -78.832390000047013, 42.840983000000222 ], [ -78.832377000046989, 42.841793000000223 ], [ -78.832373000046999, 42.842035000000209 ], [ -78.832365000047005, 42.842623000000216 ], [ -78.831809000046974, 42.842615000000229 ], [ -78.825773000046439, 42.842535000000197 ], [ -78.825449000046419, 42.842528000000172 ], [ -78.823759000046266, 42.842499000000203 ], [ -78.82376300004627, 42.842081000000221 ] ] ] } },
{ "type": "Feature", "properties": { "ed_key": "Buffalo SOU 12", "nbhdname": "Hopkins-Tifft", "nbhdnum": 34.0 }, "geometry": { "type": "Polygon", "coordinates": [ [ [ -78.823727000046247, 42.845919000000201 ], [ -78.823728000046259, 42.84534200000018 ], [ -78.823729000046271, 42.844967000000196 ], [ -78.823732000046277, 42.844515000000214 ], [ -78.823734000046244, 42.844095000000202 ], [ -78.823739000046274, 42.843685000000185 ], [ -78.823746000046256, 42.843330000000179 ], [ -78.823753000046267, 42.842883000000207 ], [ -78.823759000046266, 42.842499000000203 ], [ -78.825449000046419, 42.842528000000172 ], [ -78.825773000046439, 42.842535000000197 ], [ -78.831809000046974, 42.842615000000229 ], [ -78.832365000047005, 42.842623000000216 ], [ -78.832354000047005, 42.843437000000193 ], [ -78.832343000047004, 42.844221000000189 ], [ -78.832333000047015, 42.845037000000183 ], [ -78.832324000046967, 42.845978000000201 ], [ -78.831585000046928, 42.84597700000019 ], [ -78.830647000046838, 42.845958000000167 ], [ -78.830047000046775, 42.845959000000214 ], [ -78.825869000046438, 42.845919000000208 ], [ -78.825463000046398, 42.845932000000204 ], [ -78.823727000046247, 42.845919000000201 ] ] ] } },
{ "type": "Feature", "properties": { "ed_key": "Buffalo SOU 2", "nbhdname": "Hopkins-Tifft", "nbhdnum": 34.0 }, "geometry": { "type": "Polygon", "coordinates": [ [ [ -78.823716000046232, 42.8469240000002 ], [ -78.823721000046234, 42.846175000000208 ], [ -78.823727000046247, 42.845919000000201 ], [ -78.825463000046398, 42.845932000000204 ], [ -78.825869000046438, 42.845919000000208 ], [ -78.830047000046775, 42.845959000000214 ], [ -78.830647000046838, 42.845958000000167 ], [ -78.831585000046928, 42.84597700000019 ], [ -78.832324000046967, 42.845978000000201 ], [ -78.832314000046964, 42.847023000000185 ], [ -78.832306000046955, 42.847762000000202 ], [ -78.832305000046972, 42.847909000000186 ], [ -78.832305000046972, 42.848510000000189 ], [ -78.832306000046955, 42.848688000000209 ], [ -78.832299000046959, 42.849196000000205 ], [ -78.832290000046967, 42.849894000000184 ], [ -78.832278000046955, 42.850684000000214 ], [ -78.832269000046935, 42.851375000000218 ], [ -78.832258000046949, 42.852065000000209 ], [ -78.832247000046934, 42.852755000000201 ], [ -78.829244000046685, 42.852748000000183 ], [ -78.8292440000467, 42.852380000000188 ], [ -78.826540000046421, 42.853471000000212 ], [ -78.827004000046486, 42.854092000000229 ], [ -78.82709100004648, 42.854208000000199 ], [ -78.827455000046527, 42.854697000000186 ], [ -78.827626000046536, 42.854928000000193 ], [ -78.828233000046552, 42.855758000000193 ], [ -78.828869000046623, 42.856623000000191 ], [ -78.82911900004666, 42.856963000000228 ], [ -78.82925000004667, 42.8571400000002 ], [ -78.829485000046674, 42.857216000000193 ], [ -78.828431000046578, 42.858972000000193 ], [ -78.826721000046447, 42.859486000000167 ], [ -78.825516000046321, 42.859843000000204 ], [ -78.825009000046293, 42.85891800000018 ], [ -78.826424000046416, 42.856577000000186 ], [ -78.826371000046421, 42.856568000000188 ], [ -78.825326000046317, 42.856378000000227 ], [ -78.82526700004631, 42.856367000000191 ], [ -78.823608000046178, 42.856060000000198 ], [ -78.823623000046169, 42.855047000000205 ], [ -78.823628000046185, 42.854708000000187 ], [ -78.823637000046205, 42.853883000000202 ], [ -78.823652000046209, 42.852960000000188 ], [ -78.823660000046189, 42.852248000000188 ], [ -78.823662000046198, 42.852131000000206 ], [ -78.823669000046223, 42.851332000000212 ], [ -78.823675000046222, 42.850486000000174 ], [ -78.823681000046221, 42.849623000000179 ], [ -78.823682000046233, 42.849596000000204 ], [ -78.823694000046231, 42.848653000000198 ], [ -78.823707000046241, 42.847733000000211 ], [ -78.823716000046232, 42.8469240000002 ] ] ] } },
{ "type": "Feature", "properties": { "ed_key": "Buffalo SOU 1", "nbhdname": "Hopkins-Tifft", "nbhdnum": 34.0 }, "geometry": { "type": "Polygon", "coordinates": [ [ [ -78.832314000046964, 42.847023000000185 ], [ -78.834930000047208, 42.84705200000019 ], [ -78.836723000047385, 42.847072000000196 ], [ -78.83725900004741, 42.846980000000222 ], [ -78.8372630000474, 42.84758500000023 ], [ -78.837258000047399, 42.84799400000022 ], [ -78.837252000047414, 42.848400000000204 ], [ -78.83725400004738, 42.849558000000208 ], [ -78.837256000047375, 42.850022000000209 ], [ -78.837285000047402, 42.8504900000002 ], [ -78.837285000047373, 42.852838000000212 ], [ -78.837286000047371, 42.853347000000213 ], [ -78.837285000047359, 42.853666000000196 ], [ -78.837280000047357, 42.854484000000191 ], [ -78.837271000047352, 42.855311000000228 ], [ -78.837270000047369, 42.85539400000021 ], [ -78.837273000047347, 42.856103000000203 ], [ -78.83727400004733, 42.856139000000191 ], [ -78.837253000047369, 42.856856000000221 ], [ -78.837245000047361, 42.856875000000208 ], [ -78.837262000047346, 42.857061000000201 ], [ -78.836645000047312, 42.85754300000022 ], [ -78.835801000047212, 42.858185000000177 ], [ -78.835368000047154, 42.85851500000021 ], [ -78.834791000047119, 42.858938000000222 ], [ -78.833252000046969, 42.858436000000189 ], [ -78.832178000046895, 42.858085000000216 ], [ -78.832196000046906, 42.856871000000226 ], [ -78.832199000046899, 42.856707000000206 ], [ -78.832204000046914, 42.855962000000197 ], [ -78.832208000046933, 42.855268000000194 ], [ -78.832211000046911, 42.854878000000191 ], [ -78.832218000046936, 42.854449000000216 ], [ -78.832223000046952, 42.854183000000212 ], [ -78.832233000046941, 42.853627000000202 ], [ -78.832235000046964, 42.853473000000221 ], [ -78.832246000046922, 42.852804000000205 ], [ -78.832247000046934, 42.852755000000201 ], [ -78.832258000046949, 42.852065000000209 ], [ -78.832269000046935, 42.851375000000218 ], [ -78.832278000046955, 42.850684000000214 ], [ -78.832290000046967, 42.849894000000184 ], [ -78.832299000046959, 42.849196000000205 ], [ -78.832306000046955, 42.848688000000209 ], [ -78.832305000046972, 42.848510000000189 ], [ -78.832305000046972, 42.847909000000186 ], [ -78.832306000046955, 42.847762000000202 ], [ -78.832314000046964, 42.847023000000185 ] ] ] } },
{ "type": "Feature", "properties": { "ed_key": "Buffalo SOU 7", "nbhdname": "South Park", "nbhdnum": 35.0 }, "geometry": { "type": "Polygon", "coordinates": [ [ [ -78.809426000045008, 42.850570000000168 ], [ -78.810830000045129, 42.849547000000179 ], [ -78.81235600004527, 42.848440000000167 ], [ -78.812502000045271, 42.848330000000189 ], [ -78.812527000045293, 42.848349000000184 ], [ -78.813449000045367, 42.849037000000195 ], [ -78.813531000045373, 42.849097000000178 ], [ -78.813908000045416, 42.849375000000208 ], [ -78.814267000045433, 42.849642000000202 ], [ -78.81431500004544, 42.849678000000203 ], [ -78.814978000045485, 42.850172000000185 ], [ -78.815131000045497, 42.850286000000196 ], [ -78.815683000045553, 42.850697000000181 ], [ -78.815943000045564, 42.850890000000184 ], [ -78.816396000045572, 42.851226000000196 ], [ -78.816756000045629, 42.851496000000189 ], [ -78.817119000045636, 42.85176900000021 ], [ -78.817588000045689, 42.852114000000192 ], [ -78.817839000045723, 42.852298000000197 ], [ -78.818422000045771, 42.852728000000205 ], [ -78.818517000045759, 42.852799000000189 ], [ -78.81920200004582, 42.853309000000181 ], [ -78.819255000045843, 42.853348000000189 ], [ -78.819973000045906, 42.853883000000202 ], [ -78.820019000045889, 42.853918000000178 ], [ -78.819602000045847, 42.854225000000191 ], [ -78.818724000045776, 42.854877000000215 ], [ -78.818353000045732, 42.855147000000173 ], [ -78.817997000045708, 42.854885000000159 ], [ -78.817584000045684, 42.854579000000221 ], [ -78.817183000045645, 42.854875000000192 ], [ -78.815927000045548, 42.855791000000202 ], [ -78.81554800004551, 42.856057000000185 ], [ -78.815363000045494, 42.855926000000196 ], [ -78.814388000045412, 42.855162000000171 ], [ -78.813932000045369, 42.854789000000196 ], [ -78.813283000045331, 42.8542580000002 ], [ -78.812235000045234, 42.853455000000189 ], [ -78.811813000045206, 42.853111000000169 ], [ -78.811551000045185, 42.852897000000198 ], [ -78.810566000045114, 42.852078000000191 ], [ -78.809995000045063, 42.851620000000203 ], [ -78.809395000045015, 42.85110800000021 ], [ -78.809163000044975, 42.850875000000194 ], [ -78.809382000044991, 42.850602000000166 ], [ -78.809426000045008, 42.850570000000168 ] ] ] } },
{ "type": "Feature", "properties": { "ed_key": "Buffalo SOU 4", "nbhdname": "South Park", "nbhdnum": 35.0 }, "geometry": { "type": "Polygon", "coordinates": [ [ [ -78.816344000045575, 42.856608000000215 ], [ -78.816280000045538, 42.856575000000184 ], [ -78.81554800004551, 42.856057000000185 ], [ -78.815927000045548, 42.855791000000202 ], [ -78.817183000045645, 42.854875000000192 ], [ -78.817584000045684, 42.854579000000221 ], [ -78.817997000045708, 42.854885000000159 ], [ -78.818353000045732, 42.855147000000173 ], [ -78.818724000045776, 42.854877000000215 ], [ -78.819602000045847, 42.854225000000191 ], [ -78.820019000045889, 42.853918000000178 ], [ -78.820435000045933, 42.854224000000201 ], [ -78.820716000045948, 42.854429000000202 ], [ -78.821417000045997, 42.854944000000195 ], [ -78.822163000046061, 42.855490000000188 ], [ -78.822706000046111, 42.855892000000168 ], [ -78.823608000046178, 42.856060000000198 ], [ -78.82526700004631, 42.856367000000191 ], [ -78.825326000046317, 42.856378000000227 ], [ -78.826371000046421, 42.856568000000188 ], [ -78.826424000046416, 42.856577000000186 ], [ -78.825009000046293, 42.85891800000018 ], [ -78.825516000046321, 42.859843000000204 ], [ -78.825235000046291, 42.860296000000183 ], [ -78.82518300004628, 42.860386000000219 ], [ -78.82511000004628, 42.860365000000193 ], [ -78.824318000046233, 42.860100000000195 ], [ -78.82371100004616, 42.859897000000181 ], [ -78.823369000046128, 42.859793000000195 ], [ -78.822382000046076, 42.859491000000183 ], [ -78.821509000045992, 42.859232000000198 ], [ -78.821016000045958, 42.858962000000226 ], [ -78.820340000045903, 42.858546000000182 ], [ -78.819978000045879, 42.858323000000198 ], [ -78.819367000045787, 42.857959000000179 ], [ -78.818244000045738, 42.857500000000208 ], [ -78.817438000045627, 42.857166000000184 ], [ -78.817133000045615, 42.857010000000187 ], [ -78.816344000045575, 42.856608000000215 ] ] ] } },
{ "type": "Feature", "properties": { "ed_key": "Buffalo SOU 16", "nbhdname": "Seneca-Cazenovia", "nbhdnum": 33.0 }, "geometry": { "type": "Polygon", "coordinates": [ [ [ -78.800432000044268, 42.852105000000172 ], [ -78.80153400004437, 42.851420000000196 ], [ -78.802298000044445, 42.850947000000197 ], [ -78.802614000044471, 42.851223000000189 ], [ -78.803003000044484, 42.851560000000198 ], [ -78.803895000044562, 42.85233400000017 ], [ -78.803136000044475, 42.85281000000019 ], [ -78.80273500004445, 42.8530620000002 ], [ -78.804013000044534, 42.854174000000199 ], [ -78.804437000044587, 42.853914000000202 ], [ -78.805196000044646, 42.853446000000211 ], [ -78.8054390000447, 42.853294000000162 ], [ -78.806519000044759, 42.852602000000175 ], [ -78.807239000044802, 42.853220000000178 ], [ -78.807616000044845, 42.852743000000181 ], [ -78.808181000044925, 42.852028000000189 ], [ -78.808817000044954, 42.851306000000186 ], [ -78.808851000044982, 42.851264000000235 ], [ -78.808981000044966, 42.851102000000196 ], [ -78.809163000044975, 42.850875000000194 ], [ -78.809395000045015, 42.85110800000021 ], [ -78.809995000045063, 42.851620000000203 ], [ -78.810566000045114, 42.852078000000191 ], [ -78.811551000045185, 42.852897000000198 ], [ -78.811813000045206, 42.853111000000169 ], [ -78.811614000045196, 42.853248000000207 ], [ -78.810557000045108, 42.853896000000184 ], [ -78.810431000045071, 42.853962000000195 ], [ -78.809975000045043, 42.854245000000169 ], [ -78.809073000044961, 42.854800000000182 ], [ -78.808781000044931, 42.85455000000016 ], [ -78.807496000044836, 42.855350000000215 ], [ -78.804763000044616, 42.857038000000223 ], [ -78.804045000044539, 42.8574860000002 ], [ -78.803615000044488, 42.85774900000019 ], [ -78.803369000044484, 42.857755000000196 ], [ -78.803271000044461, 42.857743000000198 ], [ -78.803177000044471, 42.857717000000164 ], [ -78.803107000044463, 42.857684000000198 ], [ -78.803045000044449, 42.857643000000195 ], [ -78.802984000044447, 42.857585000000192 ], [ -78.802942000044453, 42.85751900000021 ], [ -78.802915000044436, 42.857420000000189 ], [ -78.802915000044436, 42.857377000000206 ], [ -78.802931000044467, 42.857306000000186 ], [ -78.802967000044433, 42.857239000000185 ], [ -78.803041000044445, 42.857160000000192 ], [ -78.803330000044483, 42.856971000000165 ], [ -78.802326000044388, 42.85611800000018 ], [ -78.80225800004439, 42.856061000000167 ], [ -78.801844000044369, 42.855709000000196 ], [ -78.801819000044347, 42.857181000000175 ], [ -78.801817000044352, 42.857257000000182 ], [ -78.801432000044315, 42.858194000000168 ], [ -78.801663000044343, 42.859127000000186 ], [ -78.800802000044243, 42.85871500000016 ], [ -78.800245000044214, 42.858477000000178 ], [ -78.800302000044255, 42.855677000000163 ], [ -78.800326000044265, 42.854562000000186 ], [ -78.800372000044234, 42.853639000000172 ], [ -78.800424000044273, 42.852428000000195 ], [ -78.800432000044268, 42.852105000000172 ] ] ] } },
{ "type": "Feature", "properties": { "ed_key": "Buffalo SOU 11", "nbhdname": "Seneca-Cazenovia", "nbhdnum": 33.0 }, "geometry": { "type": "Polygon", "coordinates": [ [ [ -78.811614000045196, 42.853248000000207 ], [ -78.812520000045268, 42.854022000000185 ], [ -78.812959000045282, 42.854384000000195 ], [ -78.813229000045325, 42.854587000000187 ], [ -78.813951000045392, 42.855127000000238 ], [ -78.814306000045406, 42.85539200000018 ], [ -78.814702000045443, 42.855700000000184 ], [ -78.8153720000455, 42.856196000000196 ], [ -78.815517000045503, 42.856302000000184 ], [ -78.816089000045537, 42.856719000000169 ], [ -78.815092000045453, 42.857491000000174 ], [ -78.814423000045394, 42.858053000000204 ], [ -78.813631000045319, 42.858704000000181 ], [ -78.813396000045302, 42.85852300000019 ], [ -78.81326000004529, 42.858402000000204 ], [ -78.809317000044942, 42.859454000000177 ], [ -78.80888500004491, 42.859570000000183 ], [ -78.808035000044853, 42.859800000000206 ], [ -78.807710000044821, 42.85988800000019 ], [ -78.807148000044776, 42.86002400000018 ], [ -78.806427000044707, 42.860180000000177 ], [ -78.805194000044608, 42.860447000000171 ], [ -78.804521000044559, 42.860593000000208 ], [ -78.801663000044343, 42.859127000000186 ], [ -78.801432000044315, 42.858194000000168 ], [ -78.801817000044352, 42.857257000000182 ], [ -78.801819000044347, 42.857181000000175 ], [ -78.801844000044369, 42.855709000000196 ], [ -78.80225800004439, 42.856061000000167 ], [ -78.802326000044388, 42.85611800000018 ], [ -78.803330000044483, 42.856971000000165 ], [ -78.803041000044445, 42.857160000000192 ], [ -78.802967000044433, 42.857239000000185 ], [ -78.802931000044467, 42.857306000000186 ], [ -78.802915000044436, 42.857377000000206 ], [ -78.802915000044436, 42.857420000000189 ], [ -78.802942000044453, 42.85751900000021 ], [ -78.802984000044447, 42.857585000000192 ], [ -78.803045000044449, 42.857643000000195 ], [ -78.803107000044463, 42.857684000000198 ], [ -78.803177000044471, 42.857717000000164 ], [ -78.803271000044461, 42.857743000000198 ], [ -78.803369000044484, 42.857755000000196 ], [ -78.803615000044488, 42.85774900000019 ], [ -78.804045000044539, 42.8574860000002 ], [ -78.804763000044616, 42.857038000000223 ], [ -78.807496000044836, 42.855350000000215 ], [ -78.808781000044931, 42.85455000000016 ], [ -78.809073000044961, 42.854800000000182 ], [ -78.809975000045043, 42.854245000000169 ], [ -78.810431000045071, 42.853962000000195 ], [ -78.810557000045108, 42.853896000000184 ], [ -78.811614000045196, 42.853248000000207 ] ] ] } },
{ "type": "Feature", "properties": { "ed_key": "Buffalo SOU 6", "nbhdname": "Seneca-Cazenovia", "nbhdnum": 33.0 }, "geometry": { "type": "Polygon", "coordinates": [ [ [ -78.816089000045537, 42.856719000000169 ], [ -78.816136000045532, 42.856754000000201 ], [ -78.816812000045601, 42.857241000000201 ], [ -78.816853000045597, 42.857255000000208 ], [ -78.8144770000454, 42.859253000000216 ], [ -78.81495500004543, 42.859564000000205 ], [ -78.815376000045475, 42.859838000000202 ], [ -78.815899000045519, 42.86017800000019 ], [ -78.814229000045358, 42.861505000000193 ], [ -78.812295000045197, 42.863045000000234 ], [ -78.812058000045141, 42.863203000000219 ], [ -78.811968000045155, 42.863271000000196 ], [ -78.811366000045098, 42.863017000000184 ], [ -78.811165000045108, 42.862971000000179 ], [ -78.810986000045077, 42.862952000000206 ], [ -78.810829000045075, 42.862961000000197 ], [ -78.810657000045069, 42.863008000000193 ], [ -78.81049000004505, 42.86309400000021 ], [ -78.810384000045048, 42.863169000000163 ], [ -78.810293000045021, 42.863245000000184 ], [ -78.810140000044981, 42.863386000000148 ], [ -78.809992000044986, 42.863537000000207 ], [ -78.804521000044559, 42.860593000000208 ], [ -78.805194000044608, 42.860447000000171 ], [ -78.806427000044707, 42.860180000000177 ], [ -78.807148000044776, 42.86002400000018 ], [ -78.807710000044821, 42.85988800000019 ], [ -78.808035000044853, 42.859800000000206 ], [ -78.80888500004491, 42.859570000000183 ], [ -78.809317000044942, 42.859454000000177 ], [ -78.81326000004529, 42.858402000000204 ], [ -78.813396000045302, 42.85852300000019 ], [ -78.813631000045319, 42.858704000000181 ], [ -78.814423000045394, 42.858053000000204 ], [ -78.815092000045453, 42.857491000000174 ], [ -78.816089000045537, 42.856719000000169 ] ] ] } },
{ "type": "Feature", "properties": { "ed_key": "Buffalo SOU 5", "nbhdname": "Seneca-Cazenovia", "nbhdnum": 33.0 }, "geometry": { "type": "Polygon", "coordinates": [ [ [ -78.815899000045519, 42.86017800000019 ], [ -78.815376000045475, 42.859838000000202 ], [ -78.81495500004543, 42.859564000000205 ], [ -78.8144770000454, 42.859253000000216 ], [ -78.816853000045597, 42.857255000000208 ], [ -78.817133000045615, 42.857010000000187 ], [ -78.817438000045627, 42.857166000000184 ], [ -78.818244000045738, 42.857500000000208 ], [ -78.819367000045787, 42.857959000000179 ], [ -78.819978000045879, 42.858323000000198 ], [ -78.820340000045903, 42.858546000000182 ], [ -78.821016000045958, 42.858962000000226 ], [ -78.821509000045992, 42.859232000000198 ], [ -78.822382000046076, 42.859491000000183 ], [ -78.823369000046128, 42.859793000000195 ], [ -78.82371100004616, 42.859897000000181 ], [ -78.824318000046233, 42.860100000000195 ], [ -78.82511000004628, 42.860365000000193 ], [ -78.82518300004628, 42.860386000000219 ], [ -78.824777000046268, 42.861086000000206 ], [ -78.824791000046247, 42.86188600000019 ], [ -78.824841000046248, 42.861960000000195 ], [ -78.824506000046227, 42.862068000000214 ], [ -78.823774000046171, 42.862377000000208 ], [ -78.823564000046133, 42.862440000000191 ], [ -78.822941000046086, 42.8625800000002 ], [ -78.822317000046027, 42.862737000000187 ], [ -78.822030000045999, 42.862881000000179 ], [ -78.821838000045972, 42.863020000000205 ], [ -78.821665000045982, 42.863146000000192 ], [ -78.82123300004595, 42.863420000000211 ], [ -78.820980000045921, 42.863505000000195 ], [ -78.820342000045855, 42.863719000000188 ], [ -78.819929000045818, 42.864142000000186 ], [ -78.819815000045821, 42.864642000000188 ], [ -78.819740000045783, 42.864907000000201 ], [ -78.819660000045801, 42.865188000000202 ], [ -78.819638000045771, 42.865479000000242 ], [ -78.819605000045769, 42.865741000000192 ], [ -78.819590000045793, 42.865912000000186 ], [ -78.819491000045772, 42.866026000000204 ], [ -78.819444000045792, 42.866102000000168 ], [ -78.819486000045785, 42.866212000000182 ], [ -78.81955000004578, 42.866334000000201 ], [ -78.819542000045772, 42.866383000000233 ], [ -78.819420000045767, 42.86649700000018 ], [ -78.819357000045741, 42.866530000000203 ], [ -78.819208000045762, 42.866620000000196 ], [ -78.819058000045729, 42.866640000000196 ], [ -78.818850000045728, 42.866588000000206 ], [ -78.818481000045693, 42.866424000000208 ], [ -78.817544000045629, 42.865962000000195 ], [ -78.817248000045595, 42.865816000000194 ], [ -78.817078000045569, 42.865770000000211 ], [ -78.816943000045555, 42.865779000000188 ], [ -78.816815000045565, 42.865826000000183 ], [ -78.816762000045543, 42.865853000000207 ], [ -78.816581000045559, 42.865715000000172 ], [ -78.816564000045503, 42.865702000000198 ], [ -78.816408000045541, 42.865689000000224 ], [ -78.816151000045494, 42.865489000000174 ], [ -78.81610200004549, 42.865378000000199 ], [ -78.815903000045481, 42.865231000000207 ], [ -78.815559000045454, 42.864976000000205 ], [ -78.815152000045416, 42.864842000000223 ], [ -78.814781000045372, 42.864719000000214 ], [ -78.814068000045324, 42.8645840000002 ], [ -78.81398700004533, 42.864515000000175 ], [ -78.813570000045289, 42.864155000000189 ], [ -78.813040000045248, 42.863868000000195 ], [ -78.812996000045231, 42.863843000000188 ], [ -78.812451000045201, 42.863531000000194 ], [ -78.812038000045149, 42.863300000000187 ], [ -78.811968000045155, 42.863271000000196 ], [ -78.812058000045141, 42.863203000000219 ], [ -78.812295000045197, 42.863045000000234 ], [ -78.814229000045358, 42.861505000000193 ], [ -78.815899000045519, 42.86017800000019 ] ] ] } },
{ "type": "Feature", "properties": { "ed_key": "Buffalo NIA 1", "nbhdname": "Upper West Side", "nbhdnum": 6.0 }, "geometry": { "type": "Polygon", "coordinates": [ [ [ -78.897803000052406, 42.927976000000236 ], [ -78.897606000052392, 42.927901000000254 ], [ -78.895676000052205, 42.927767000000259 ], [ -78.894326000052089, 42.927671000000217 ], [ -78.893735000052033, 42.927668000000203 ], [ -78.893100000051973, 42.927682000000225 ], [ -78.891863000051828, 42.927705000000273 ], [ -78.890621000051709, 42.927727000000218 ], [ -78.889383000051595, 42.927736000000245 ], [ -78.889526000051632, 42.926724000000249 ], [ -78.892708000051925, 42.926788000000244 ], [ -78.892729000051929, 42.926308000000247 ], [ -78.892720000051924, 42.92584000000025 ], [ -78.892099000051871, 42.925850000000217 ], [ -78.889631000051637, 42.925878000000253 ], [ -78.889757000051688, 42.92495100000022 ], [ -78.892217000051886, 42.92491100000025 ], [ -78.892341000051914, 42.923976000000216 ], [ -78.892478000051938, 42.922976000000226 ], [ -78.892605000051958, 42.922011000000239 ], [ -78.893837000052073, 42.921994000000232 ], [ -78.89491000005215, 42.921978000000237 ], [ -78.895065000052199, 42.921979000000249 ], [ -78.895214000052178, 42.921993000000214 ], [ -78.896420000052316, 42.922075000000227 ], [ -78.898363000052484, 42.922202000000212 ], [ -78.898683000052557, 42.922222000000254 ], [ -78.899033000052583, 42.922244000000205 ], [ -78.899135000052567, 42.922255000000213 ], [ -78.899329000052589, 42.922275000000226 ], [ -78.899179000052584, 42.922718000000231 ], [ -78.898818000052529, 42.924208000000242 ], [ -78.898735000052525, 42.924851000000267 ], [ -78.89869600005251, 42.925150000000237 ], [ -78.898650000052498, 42.926088000000249 ], [ -78.898535000052476, 42.927267000000242 ], [ -78.89852600005247, 42.92796900000026 ], [ -78.897803000052406, 42.927976000000236 ] ] ] } },
{ "type": "Feature", "properties": { "ed_key": "Buffalo NIA 2", "nbhdname": "Upper West Side", "nbhdnum": 6.0 }, "geometry": { "type": "Polygon", "coordinates": [ [ [ -78.889383000051595, 42.927736000000245 ], [ -78.888427000051522, 42.927745000000229 ], [ -78.888177000051513, 42.927797000000211 ], [ -78.88719900005141, 42.927812000000237 ], [ -78.885989000051296, 42.927831000000225 ], [ -78.884723000051167, 42.927851000000231 ], [ -78.884721000051158, 42.92780200000027 ], [ -78.884690000051208, 42.925980000000216 ], [ -78.884684000051166, 42.925943000000245 ], [ -78.88468400005118, 42.925906000000246 ], [ -78.884815000051219, 42.92504300000023 ], [ -78.884953000051212, 42.924086000000258 ], [ -78.885078000051223, 42.923119000000234 ], [ -78.885165000051273, 42.922458000000255 ], [ -78.885203000051291, 42.92210800000025 ], [ -78.885499000051269, 42.922103000000263 ], [ -78.886440000051365, 42.922090000000217 ], [ -78.88767900005152, 42.922073000000225 ], [ -78.887614000051485, 42.92257600000022 ], [ -78.887570000051483, 42.922878000000225 ], [ -78.88746400005148, 42.923746000000229 ], [ -78.887407000051439, 42.924070000000228 ], [ -78.888663000051565, 42.924048000000248 ], [ -78.889886000051675, 42.924025000000242 ], [ -78.891106000051792, 42.924001000000246 ], [ -78.892341000051914, 42.923976000000216 ], [ -78.892217000051886, 42.92491100000025 ], [ -78.889757000051688, 42.92495100000022 ], [ -78.889631000051637, 42.925878000000253 ], [ -78.892099000051871, 42.925850000000217 ], [ -78.892720000051924, 42.92584000000025 ], [ -78.892729000051929, 42.926308000000247 ], [ -78.892708000051925, 42.926788000000244 ], [ -78.889526000051632, 42.926724000000249 ], [ -78.889383000051595, 42.927736000000245 ] ] ] } },
{ "type": "Feature", "properties": { "ed_key": "Buffalo NIA 3", "nbhdname": "Elmwood Bidwell", "nbhdnum": 7.0 }, "geometry": { "type": "Polygon", "coordinates": [ [ [ -78.884723000051167, 42.927851000000231 ], [ -78.883490000051083, 42.927870000000226 ], [ -78.882243000050977, 42.927890000000225 ], [ -78.881923000050932, 42.927878000000248 ], [ -78.881344000050873, 42.927867000000219 ], [ -78.881232000050886, 42.927865000000232 ], [ -78.880960000050834, 42.927861000000242 ], [ -78.880911000050816, 42.926046000000198 ], [ -78.880918000050841, 42.926003000000236 ], [ -78.880932000050848, 42.925957000000217 ], [ -78.881038000050864, 42.925092000000227 ], [ -78.881164000050887, 42.924139000000245 ], [ -78.881285000050894, 42.923171000000238 ], [ -78.881417000050916, 42.922158000000252 ], [ -78.885203000051291, 42.92210800000025 ], [ -78.885165000051273, 42.922458000000255 ], [ -78.885078000051223, 42.923119000000234 ], [ -78.884953000051212, 42.924086000000258 ], [ -78.884815000051219, 42.92504300000023 ], [ -78.88468400005118, 42.925906000000246 ], [ -78.884684000051166, 42.925943000000245 ], [ -78.884690000051208, 42.925980000000216 ], [ -78.884721000051158, 42.92780200000027 ], [ -78.884723000051167, 42.927851000000231 ] ] ] } },
{ "type": "Feature", "properties": { "ed_key": "Buffalo NIA 9", "nbhdname": "Elmwood Bidwell", "nbhdnum": 7.0 }, "geometry": { "type": "Polygon", "coordinates": [ [ [ -78.881940231628121, 42.915510041706071 ], [ -78.882112434026311, 42.915243910727071 ], [ -78.882081124499408, 42.913412303401039 ], [ -78.882480320967943, 42.913216618857675 ], [ -78.882968227762817, 42.913738444306688 ], [ -78.882709924165511, 42.913894991941362 ], [ -78.882751670201429, 42.914158513793105 ], [ -78.88295518212658, 42.914382898736207 ], [ -78.882819507509836, 42.914463781680837 ], [ -78.883020410307694, 42.914672511860452 ], [ -78.882749061074207, 42.914821232113383 ], [ -78.883120861706658, 42.915224342272751 ], [ -78.882601482314385, 42.915489005617701 ], [ -78.882819000051072, 42.915483000000243 ], [ -78.883096000051097, 42.915475000000228 ], [ -78.883409000051159, 42.915467000000234 ], [ -78.884521000051251, 42.915438000000236 ], [ -78.884569000051243, 42.91688200000025 ], [ -78.884388000051231, 42.916885000000264 ], [ -78.884447000051196, 42.918560000000234 ], [ -78.8854810000513, 42.918545000000229 ], [ -78.885665000051318, 42.918543000000206 ], [ -78.885488000051311, 42.919923000000239 ], [ -78.885451000051319, 42.920217000000264 ], [ -78.88532000005128, 42.921217000000212 ], [ -78.885203000051291, 42.92210800000025 ], [ -78.881417000050916, 42.922158000000252 ], [ -78.881532000050939, 42.921269000000251 ], [ -78.881591000050932, 42.920733000000233 ], [ -78.881875000050954, 42.920640000000233 ], [ -78.882160000050987, 42.920475000000238 ], [ -78.882352000051, 42.920289000000231 ], [ -78.882062000050993, 42.919993000000218 ], [ -78.881766000050959, 42.919829000000249 ], [ -78.881811000050959, 42.919331000000227 ], [ -78.881879000051001, 42.91859000000025 ], [ -78.881931000050969, 42.917933000000225 ], [ -78.882008000051002, 42.916923000000239 ], [ -78.882032000050984, 42.916700000000269 ], [ -78.882093000051015, 42.915898000000226 ], [ -78.882028941954488, 42.915630061559355 ], [ -78.881940231628121, 42.915510041706071 ] ] ] } },
{ "type": "Feature", "properties": { "ed_key": "Buffalo NIA 4", "nbhdname": "Elmwood Bidwell", "nbhdnum": 7.0 }, "geometry": { "type": "Polygon", "coordinates": [ [ [ -78.881929795119149, 42.915507432578877 ], [ -78.882031551081724, 42.915630061559348 ], [ -78.882093000051015, 42.915898000000226 ], [ -78.882032000050984, 42.916700000000269 ], [ -78.882008000051002, 42.916923000000239 ], [ -78.881931000050969, 42.917933000000225 ], [ -78.881879000051001, 42.91859000000025 ], [ -78.880949000050919, 42.91861200000023 ], [ -78.880322000050825, 42.918621000000257 ], [ -78.879473000050751, 42.918635000000251 ], [ -78.87863100005066, 42.918650000000213 ], [ -78.877746000050593, 42.918661000000228 ], [ -78.877020000050507, 42.918677000000237 ], [ -78.877020000050535, 42.918648000000232 ], [ -78.877029000050541, 42.917512000000237 ], [ -78.877034000050529, 42.916938000000236 ], [ -78.877039000050544, 42.91691900000022 ], [ -78.877047000050567, 42.915465000000204 ], [ -78.878659000050689, 42.915479000000232 ], [ -78.879335000050744, 42.915488000000231 ], [ -78.880339000050853, 42.915493000000218 ], [ -78.881235000050935, 42.915498000000227 ], [ -78.881365000050948, 42.915499000000189 ], [ -78.881744000050986, 42.91550200000021 ], [ -78.881929795119149, 42.915507432578877 ] ] ] } },
{ "type": "Feature", "properties": { "ed_key": "Buffalo NIA 18", "nbhdname": "Elmwood Bryant", "nbhdnum": 5.0 }, "geometry": { "type": "Polygon", "coordinates": [ [ [ -78.882079000051021, 42.913415000000228 ], [ -78.882093000051029, 42.914142000000247 ], [ -78.882097000051019, 42.91443300000023 ], [ -78.88211500005103, 42.915078000000243 ], [ -78.882112434026325, 42.915254347236051 ], [ -78.882018505445487, 42.915387412725558 ], [ -78.881932404246399, 42.915504823451606 ], [ -78.881744000050986, 42.91550200000021 ], [ -78.881365000050948, 42.915499000000189 ], [ -78.881235000050935, 42.915498000000227 ], [ -78.880339000050853, 42.915493000000218 ], [ -78.879335000050744, 42.915488000000231 ], [ -78.878659000050689, 42.915479000000232 ], [ -78.877047000050567, 42.915465000000204 ], [ -78.87706100005056, 42.914115000000216 ], [ -78.877061000050574, 42.913173000000228 ], [ -78.877073000050572, 42.912241000000236 ], [ -78.877085000050556, 42.911298000000251 ], [ -78.878696000050738, 42.911306000000209 ], [ -78.880322000050867, 42.911312000000223 ], [ -78.882027000051025, 42.911315000000258 ], [ -78.882035000051005, 42.911605000000208 ], [ -78.882056000051037, 42.912260000000224 ], [ -78.882075000051046, 42.913212000000236 ], [ -78.882079000051021, 42.913415000000228 ] ] ] } },
{ "type": "Feature", "properties": { "ed_key": "Buffalo NIA 5", "nbhdname": "Upper West Side", "nbhdnum": 6.0 }, "geometry": { "type": "Polygon", "coordinates": [ [ [ -78.892341000051914, 42.923976000000216 ], [ -78.891106000051792, 42.924001000000246 ], [ -78.889886000051675, 42.924025000000242 ], [ -78.888663000051565, 42.924048000000248 ], [ -78.887407000051439, 42.924070000000228 ], [ -78.88746400005148, 42.923746000000229 ], [ -78.887570000051483, 42.922878000000225 ], [ -78.887614000051485, 42.92257600000022 ], [ -78.88767900005152, 42.922073000000225 ], [ -78.886440000051365, 42.922090000000217 ], [ -78.885499000051269, 42.922103000000263 ], [ -78.885203000051291, 42.92210800000025 ], [ -78.88532000005128, 42.921217000000212 ], [ -78.885451000051319, 42.920217000000264 ], [ -78.885488000051311, 42.919923000000239 ], [ -78.885665000051318, 42.918543000000206 ], [ -78.886893000051458, 42.918526000000234 ], [ -78.887196000051475, 42.918518000000248 ], [ -78.888091000051546, 42.918509000000249 ], [ -78.888140000051578, 42.91850700000024 ], [ -78.888137000051557, 42.918545000000229 ], [ -78.887941000051526, 42.920046000000248 ], [ -78.887916000051547, 42.92019500000022 ], [ -78.889154000051647, 42.920181000000255 ], [ -78.890388000051743, 42.920161000000242 ], [ -78.891631000051888, 42.920144000000228 ], [ -78.892843000051982, 42.920126000000231 ], [ -78.892727000051948, 42.921063000000274 ], [ -78.892605000051958, 42.922011000000239 ], [ -78.892478000051938, 42.922976000000226 ], [ -78.892341000051914, 42.923976000000216 ] ] ] } },
{ "type": "Feature", "properties": { "ed_key": "Buffalo NIA 7", "nbhdname": "Upper West Side", "nbhdnum": 6.0 }, "geometry": { "type": "Polygon", "coordinates": [ [ [ -78.899329000052589, 42.922275000000226 ], [ -78.899135000052567, 42.922255000000213 ], [ -78.899033000052583, 42.922244000000205 ], [ -78.898683000052557, 42.922222000000254 ], [ -78.898363000052484, 42.922202000000212 ], [ -78.896420000052316, 42.922075000000227 ], [ -78.895214000052178, 42.921993000000214 ], [ -78.895065000052199, 42.921979000000249 ], [ -78.89491000005215, 42.921978000000237 ], [ -78.893837000052073, 42.921994000000232 ], [ -78.892605000051958, 42.922011000000239 ], [ -78.892727000051948, 42.921063000000274 ], [ -78.892843000051982, 42.920126000000231 ], [ -78.891631000051888, 42.920144000000228 ], [ -78.891637000051873, 42.920055000000239 ], [ -78.891837000051908, 42.918474000000224 ], [ -78.892916000052011, 42.918460000000245 ], [ -78.894290000052138, 42.918443000000231 ], [ -78.895676000052262, 42.918423000000232 ], [ -78.895916000052281, 42.918456000000212 ], [ -78.897010000052376, 42.918569000000225 ], [ -78.897949000052478, 42.918667000000241 ], [ -78.898935000052546, 42.918774000000276 ], [ -78.899061000052598, 42.918782000000228 ], [ -78.899508000052634, 42.918832000000236 ], [ -78.899745000052661, 42.918859000000246 ], [ -78.899934000052667, 42.918877000000258 ], [ -78.900179000052674, 42.918904000000246 ], [ -78.900261000052694, 42.918913000000266 ], [ -78.90036400005269, 42.918921000000267 ], [ -78.900277000052682, 42.919227000000227 ], [ -78.899753000052641, 42.920899000000254 ], [ -78.899734000052632, 42.920960000000228 ], [ -78.899329000052589, 42.922275000000226 ] ] ] } },
{ "type": "Feature", "properties": { "ed_key": "Buffalo NIA 10", "nbhdname": "Upper West Side", "nbhdnum": 6.0 }, "geometry": { "type": "Polygon", "coordinates": [ [ [ -78.90036400005269, 42.918921000000267 ], [ -78.900261000052694, 42.918913000000266 ], [ -78.900179000052674, 42.918904000000246 ], [ -78.899934000052667, 42.918877000000258 ], [ -78.899745000052661, 42.918859000000246 ], [ -78.899508000052634, 42.918832000000236 ], [ -78.899061000052598, 42.918782000000228 ], [ -78.898935000052546, 42.918774000000276 ], [ -78.897949000052478, 42.918667000000241 ], [ -78.897010000052376, 42.918569000000225 ], [ -78.895916000052281, 42.918456000000212 ], [ -78.895676000052262, 42.918423000000232 ], [ -78.894290000052138, 42.918443000000231 ], [ -78.892916000052011, 42.918460000000245 ], [ -78.892924000051991, 42.918420000000232 ], [ -78.892934000052009, 42.917708000000218 ], [ -78.892960000052028, 42.917709000000222 ], [ -78.892956000052024, 42.917682000000248 ], [ -78.893063000052038, 42.916739000000227 ], [ -78.893088000052046, 42.916536000000242 ], [ -78.893159000052037, 42.915843000000244 ], [ -78.893181000052024, 42.915645000000232 ], [ -78.893241000052072, 42.915211000000241 ], [ -78.894615000052198, 42.915176000000258 ], [ -78.895989000052325, 42.91514200000023 ], [ -78.897506000052488, 42.915104000000234 ], [ -78.89844400005255, 42.915143000000221 ], [ -78.899454000052657, 42.915199000000236 ], [ -78.900253000052714, 42.91523000000025 ], [ -78.900749000052755, 42.915222000000242 ], [ -78.901164000052802, 42.915202000000249 ], [ -78.901386000052838, 42.915206000000239 ], [ -78.901315000052819, 42.915716000000245 ], [ -78.901123000052806, 42.916386000000259 ], [ -78.900956000052744, 42.917008000000273 ], [ -78.900840000052781, 42.917352000000257 ], [ -78.90036400005269, 42.918921000000267 ] ] ] } },
{ "type": "Feature", "properties": { "ed_key": "Buffalo NIA 8", "nbhdname": "Upper West Side", "nbhdnum": 6.0 }, "geometry": { "type": "Polygon", "coordinates": [ [ [ -78.892916000052011, 42.918460000000245 ], [ -78.891837000051908, 42.918474000000224 ], [ -78.891637000051873, 42.920055000000239 ], [ -78.891631000051888, 42.920144000000228 ], [ -78.890388000051743, 42.920161000000242 ], [ -78.889154000051647, 42.920181000000255 ], [ -78.887916000051547, 42.92019500000022 ], [ -78.887941000051526, 42.920046000000248 ], [ -78.888137000051557, 42.918545000000229 ], [ -78.888140000051578, 42.91850700000024 ], [ -78.888091000051546, 42.918509000000249 ], [ -78.887196000051475, 42.918518000000248 ], [ -78.886893000051458, 42.918526000000234 ], [ -78.885665000051318, 42.918543000000206 ], [ -78.8854810000513, 42.918545000000229 ], [ -78.884447000051196, 42.918560000000234 ], [ -78.884388000051231, 42.916885000000264 ], [ -78.884569000051243, 42.91688200000025 ], [ -78.884521000051251, 42.915438000000236 ], [ -78.885666000051344, 42.915411000000191 ], [ -78.886176000051421, 42.915398000000252 ], [ -78.886797000051445, 42.915381000000231 ], [ -78.886906000051468, 42.915382000000207 ], [ -78.887341000051521, 42.915368000000242 ], [ -78.88738700005149, 42.915367000000245 ], [ -78.88816900005159, 42.914965000000237 ], [ -78.888792000051652, 42.914649000000217 ], [ -78.889964000051762, 42.914049000000247 ], [ -78.890253000051771, 42.914069000000239 ], [ -78.892247000051967, 42.91419500000022 ], [ -78.893348000052072, 42.914267000000251 ], [ -78.893241000052072, 42.915211000000241 ], [ -78.893181000052024, 42.915645000000232 ], [ -78.893159000052037, 42.915843000000244 ], [ -78.893088000052046, 42.916536000000242 ], [ -78.893063000052038, 42.916739000000227 ], [ -78.892956000052024, 42.917682000000248 ], [ -78.892960000052028, 42.917709000000222 ], [ -78.892934000052009, 42.917708000000218 ], [ -78.892924000051991, 42.918420000000232 ], [ -78.892916000052011, 42.918460000000245 ] ] ] } },
{ "type": "Feature", "properties": { "ed_key": "Buffalo NIA 14", "nbhdname": "Elmwood Bryant", "nbhdnum": 5.0 }, "geometry": { "type": "Polygon", "coordinates": [ [ [ -78.884521000051251, 42.915438000000236 ], [ -78.883409000051159, 42.915467000000234 ], [ -78.883096000051097, 42.915475000000228 ], [ -78.882819000051072, 42.915483000000243 ], [ -78.882601000051054, 42.91548900000025 ], [ -78.883121000051091, 42.915224000000215 ], [ -78.882750000051075, 42.91482000000024 ], [ -78.883022000051099, 42.914672000000223 ], [ -78.882820000051083, 42.914457000000219 ], [ -78.882961000051097, 42.914381000000233 ], [ -78.88275300005111, 42.914162000000246 ], [ -78.882714000051095, 42.913896000000214 ], [ -78.882975000051104, 42.913740000000253 ], [ -78.882481000051072, 42.913213000000226 ], [ -78.882079000051021, 42.913415000000228 ], [ -78.882075000051046, 42.913212000000236 ], [ -78.882056000051037, 42.912260000000224 ], [ -78.882035000051005, 42.911605000000208 ], [ -78.882027000051025, 42.911315000000258 ], [ -78.882024000051032, 42.911084000000223 ], [ -78.882013000051032, 42.910273000000224 ], [ -78.881994000051051, 42.909567000000244 ], [ -78.881999000051053, 42.909497000000215 ], [ -78.881985000051046, 42.908959000000266 ], [ -78.881986000051043, 42.908760000000242 ], [ -78.882043000051027, 42.90873100000023 ], [ -78.882159000051075, 42.908672000000216 ], [ -78.882372000051078, 42.908566000000214 ], [ -78.883398000051187, 42.908044000000217 ], [ -78.883718000051218, 42.908382000000231 ], [ -78.883846000051221, 42.908513000000248 ], [ -78.884255000051255, 42.908951000000222 ], [ -78.884565000051282, 42.909281000000249 ], [ -78.884878000051316, 42.909618000000215 ], [ -78.884338000051258, 42.909893000000217 ], [ -78.885445000051348, 42.911113000000263 ], [ -78.885645000051355, 42.91133500000025 ], [ -78.885839000051405, 42.911336000000254 ], [ -78.885936000051402, 42.911333000000226 ], [ -78.886155000051417, 42.91133600000024 ], [ -78.886002000051406, 42.911403000000234 ], [ -78.885210000051359, 42.911818000000196 ], [ -78.886391000051447, 42.913088000000229 ], [ -78.88668400005146, 42.913399000000219 ], [ -78.887010000051461, 42.91374400000025 ], [ -78.88816900005159, 42.914965000000237 ], [ -78.88738700005149, 42.915367000000245 ], [ -78.887341000051521, 42.915368000000242 ], [ -78.886906000051468, 42.915382000000207 ], [ -78.886797000051445, 42.915381000000231 ], [ -78.886176000051421, 42.915398000000252 ], [ -78.885666000051344, 42.915411000000191 ], [ -78.884521000051251, 42.915438000000236 ] ] ] } },
{ "type": "Feature", "properties": { "ed_key": "Buffalo NIA 13", "nbhdname": "West Side", "nbhdnum": 4.0 }, "geometry": { "type": "Polygon", "coordinates": [ [ [ -78.892701000052043, 42.912660000000244 ], [ -78.892387000051983, 42.912821000000243 ], [ -78.891591000051918, 42.913229000000236 ], [ -78.890481000051793, 42.913796000000254 ], [ -78.890162000051788, 42.913960000000245 ], [ -78.889964000051762, 42.914049000000247 ], [ -78.888792000051652, 42.914649000000217 ], [ -78.88816900005159, 42.914965000000237 ], [ -78.887010000051461, 42.91374400000025 ], [ -78.88668400005146, 42.913399000000219 ], [ -78.886391000051447, 42.913088000000229 ], [ -78.885210000051359, 42.911818000000196 ], [ -78.886002000051406, 42.911403000000234 ], [ -78.886155000051417, 42.91133600000024 ], [ -78.885936000051402, 42.911333000000226 ], [ -78.885839000051405, 42.911336000000254 ], [ -78.885645000051355, 42.91133500000025 ], [ -78.885445000051348, 42.911113000000263 ], [ -78.884338000051258, 42.909893000000217 ], [ -78.884878000051316, 42.909618000000215 ], [ -78.885442000051341, 42.90933000000021 ], [ -78.886939000051498, 42.910934000000239 ], [ -78.8880470000516, 42.910362000000227 ], [ -78.888614000051646, 42.910069000000227 ], [ -78.889717000051775, 42.909488000000223 ], [ -78.891220000051888, 42.911071000000241 ], [ -78.891955000051951, 42.911853000000256 ], [ -78.892701000052043, 42.912660000000244 ] ] ] } },
{ "type": "Feature", "properties": { "ed_key": "Buffalo NIA 12", "nbhdname": "West Side", "nbhdnum": 4.0 }, "geometry": { "type": "MultiPolygon", "coordinates": [ [ [ [ -78.901386000052838, 42.915206000000239 ], [ -78.901164000052802, 42.915202000000249 ], [ -78.900749000052755, 42.915222000000242 ], [ -78.900253000052714, 42.91523000000025 ], [ -78.899454000052657, 42.915199000000236 ], [ -78.89844400005255, 42.915143000000221 ], [ -78.897506000052488, 42.915104000000234 ], [ -78.895989000052325, 42.91514200000023 ], [ -78.894615000052198, 42.915176000000258 ], [ -78.893241000052072, 42.915211000000241 ], [ -78.893348000052072, 42.914267000000251 ], [ -78.892247000051967, 42.91419500000022 ], [ -78.890253000051771, 42.914069000000239 ], [ -78.889964000051762, 42.914049000000247 ], [ -78.890162000051788, 42.913960000000245 ], [ -78.890481000051793, 42.913796000000254 ], [ -78.891591000051918, 42.913229000000236 ], [ -78.892387000051983, 42.912821000000243 ], [ -78.892701000052043, 42.912660000000244 ], [ -78.892776000052038, 42.912621000000264 ], [ -78.893812000052137, 42.912079000000219 ], [ -78.89397000005215, 42.911997000000234 ], [ -78.894948000052224, 42.911491000000218 ], [ -78.895079000052263, 42.911423000000248 ], [ -78.896048000052346, 42.910928000000254 ], [ -78.897167000052434, 42.910350000000243 ], [ -78.897835000052538, 42.910003000000252 ], [ -78.898413000052585, 42.909713000000238 ], [ -78.898453000052584, 42.909692000000241 ], [ -78.898929000052618, 42.909443000000223 ], [ -78.899545000052711, 42.909130000000246 ], [ -78.900194000052764, 42.908801000000231 ], [ -78.900184000052747, 42.908029000000241 ], [ -78.900246000052775, 42.907351000000233 ], [ -78.900422000052799, 42.906505000000244 ], [ -78.900457000052796, 42.906281000000249 ], [ -78.900498000052806, 42.906061000000264 ], [ -78.900730000052818, 42.906166000000248 ], [ -78.901230000052848, 42.906324000000211 ], [ -78.901282000052873, 42.908417000000249 ], [ -78.901347000052837, 42.910264000000232 ], [ -78.901385000052869, 42.911329000000237 ], [ -78.901436000052868, 42.912341000000239 ], [ -78.901481000052854, 42.912962000000235 ], [ -78.901484000052861, 42.913034000000259 ], [ -78.901484000052832, 42.913235000000228 ], [ -78.901501000052846, 42.913725000000262 ], [ -78.901490000052846, 42.914323000000266 ], [ -78.901462000052831, 42.91456700000024 ], [ -78.901386000052838, 42.915206000000239 ] ] ], [ [ [ -78.901687000052902, 42.906388000000256 ], [ -78.901641000052919, 42.906874000000222 ], [ -78.901592000052887, 42.907397000000266 ], [ -78.901589000052894, 42.908594000000242 ], [ -78.901624000052891, 42.910225000000239 ], [ -78.901660000052871, 42.912251000000232 ], [ -78.901676000052859, 42.912854000000252 ], [ -78.901680000052878, 42.913032000000264 ], [ -78.901712000052868, 42.914245000000264 ], [ -78.901709000052861, 42.91456200000021 ], [ -78.901707000052852, 42.915009000000225 ], [ -78.901710000052859, 42.91517200000024 ], [ -78.90172800005287, 42.915190000000244 ], [ -78.901499000052851, 42.915200000000269 ], [ -78.901528000052835, 42.914954000000257 ], [ -78.901562000052849, 42.91475000000024 ], [ -78.901578000052851, 42.914565000000245 ], [ -78.901594000052881, 42.914399000000252 ], [ -78.90159900005284, 42.913847000000239 ], [ -78.901574000052847, 42.913032000000271 ], [ -78.901571000052854, 42.91291200000024 ], [ -78.901562000052863, 42.912605000000227 ], [ -78.901545000052877, 42.911681000000229 ], [ -78.901518000052874, 42.911049000000268 ], [ -78.90146500005288, 42.909758000000231 ], [ -78.90144500005286, 42.908855000000244 ], [ -78.901397000052896, 42.90799500000027 ], [ -78.901367000052858, 42.906743000000219 ], [ -78.901366000052903, 42.906343000000255 ], [ -78.901687000052902, 42.906388000000256 ] ] ] ] } },
{ "type": "Feature", "properties": { "ed_key": "Buffalo NIA 16", "nbhdname": "West Side", "nbhdnum": 4.0 }, "geometry": { "type": "Polygon", "coordinates": [ [ [ -78.892701000052043, 42.912660000000244 ], [ -78.891955000051951, 42.911853000000256 ], [ -78.891220000051888, 42.911071000000241 ], [ -78.889717000051775, 42.909488000000223 ], [ -78.890789000051882, 42.908934000000244 ], [ -78.890840000051867, 42.908907000000248 ], [ -78.89194900005198, 42.90834500000026 ], [ -78.892590000052053, 42.908016000000252 ], [ -78.893066000052087, 42.907777000000223 ], [ -78.893401000052123, 42.90761500000022 ], [ -78.894207000052191, 42.907200000000245 ], [ -78.895466000052309, 42.906553000000244 ], [ -78.896592000052422, 42.905994000000227 ], [ -78.897393000052517, 42.905573000000267 ], [ -78.897714000052531, 42.905410000000245 ], [ -78.898539000052622, 42.904983000000236 ], [ -78.898836000052668, 42.904824000000254 ], [ -78.899611000052715, 42.905642000000242 ], [ -78.89974200005274, 42.905780000000263 ], [ -78.900269000052802, 42.906429000000244 ], [ -78.900312000052793, 42.906450000000227 ], [ -78.900422000052799, 42.906505000000244 ], [ -78.900246000052775, 42.907351000000233 ], [ -78.900184000052747, 42.908029000000241 ], [ -78.900194000052764, 42.908801000000231 ], [ -78.899545000052711, 42.909130000000246 ], [ -78.898929000052618, 42.909443000000223 ], [ -78.898453000052584, 42.909692000000241 ], [ -78.898413000052585, 42.909713000000238 ], [ -78.897835000052538, 42.910003000000252 ], [ -78.897167000052434, 42.910350000000243 ], [ -78.896048000052346, 42.910928000000254 ], [ -78.895079000052263, 42.911423000000248 ], [ -78.894948000052224, 42.911491000000218 ], [ -78.89397000005215, 42.911997000000234 ], [ -78.893812000052137, 42.912079000000219 ], [ -78.892776000052038, 42.912621000000264 ], [ -78.892701000052043, 42.912660000000244 ] ] ] } },
{ "type": "Feature", "properties": { "ed_key": "Buffalo NIA 17", "nbhdname": "West Side", "nbhdnum": 4.0 }, "geometry": { "type": "Polygon", "coordinates": [ [ [ -78.889717000051775, 42.909488000000223 ], [ -78.888614000051646, 42.910069000000227 ], [ -78.8880470000516, 42.910362000000227 ], [ -78.886939000051498, 42.910934000000239 ], [ -78.885442000051341, 42.90933000000021 ], [ -78.886000000051425, 42.909045000000262 ], [ -78.886551000051483, 42.908764000000225 ], [ -78.887126000051509, 42.908477000000218 ], [ -78.886485000051465, 42.90780300000025 ], [ -78.885650000051413, 42.90691200000024 ], [ -78.885423000051375, 42.906674000000237 ], [ -78.884485000051313, 42.905673000000249 ], [ -78.884166000051252, 42.905339000000247 ], [ -78.884455000051275, 42.905191000000215 ], [ -78.885282000051376, 42.904769000000236 ], [ -78.886090000051453, 42.905632000000217 ], [ -78.886444000051469, 42.905999000000229 ], [ -78.886757000051503, 42.906338000000254 ], [ -78.88686700005151, 42.906450000000248 ], [ -78.88710100005153, 42.90669200000022 ], [ -78.888128000051623, 42.90779700000023 ], [ -78.88823200005163, 42.907908000000226 ], [ -78.889198000051721, 42.908938000000205 ], [ -78.889717000051775, 42.909488000000223 ] ] ] } },
{ "type": "Feature", "properties": { "ed_key": "Buffalo NIA 21", "nbhdname": "West Side", "nbhdnum": 4.0 }, "geometry": { "type": "Polygon", "coordinates": [ [ [ -78.900422000052799, 42.906505000000244 ], [ -78.900312000052793, 42.906450000000227 ], [ -78.900269000052802, 42.906429000000244 ], [ -78.89974200005274, 42.905780000000263 ], [ -78.899611000052715, 42.905642000000242 ], [ -78.898836000052668, 42.904824000000254 ], [ -78.898539000052622, 42.904983000000236 ], [ -78.897714000052531, 42.905410000000245 ], [ -78.897393000052517, 42.905573000000267 ], [ -78.896592000052422, 42.905994000000227 ], [ -78.895466000052309, 42.906553000000244 ], [ -78.894207000052191, 42.907200000000245 ], [ -78.893401000052123, 42.90761500000022 ], [ -78.893066000052087, 42.907777000000223 ], [ -78.892590000052053, 42.908016000000252 ], [ -78.89194900005198, 42.90834500000026 ], [ -78.890840000051867, 42.908907000000248 ], [ -78.890789000051882, 42.908934000000244 ], [ -78.889717000051775, 42.909488000000223 ], [ -78.889198000051721, 42.908938000000205 ], [ -78.88823200005163, 42.907908000000226 ], [ -78.888128000051623, 42.90779700000023 ], [ -78.88710100005153, 42.90669200000022 ], [ -78.88686700005151, 42.906450000000248 ], [ -78.886757000051503, 42.906338000000254 ], [ -78.887882000051633, 42.905773000000259 ], [ -78.888997000051717, 42.905203000000235 ], [ -78.887872000051615, 42.904011000000239 ], [ -78.887529000051586, 42.90364300000023 ], [ -78.888652000051678, 42.903079000000233 ], [ -78.88921300005174, 42.902797000000227 ], [ -78.889773000051832, 42.902513000000219 ], [ -78.890324000051876, 42.902234000000234 ], [ -78.890720000051886, 42.902033000000252 ], [ -78.891067000051933, 42.901861000000252 ], [ -78.892208000052037, 42.901285000000229 ], [ -78.892405000052051, 42.901157000000268 ], [ -78.893284000052162, 42.900720000000227 ], [ -78.894394000052259, 42.900166000000226 ], [ -78.895028000052321, 42.899848000000226 ], [ -78.895529000052363, 42.899597000000256 ], [ -78.896031000052432, 42.89934600000025 ], [ -78.896645000052473, 42.899040000000248 ], [ -78.897097000052526, 42.898812000000234 ], [ -78.897214000052557, 42.898753000000255 ], [ -78.897455000052545, 42.898632000000262 ], [ -78.897682000052598, 42.898517000000211 ], [ -78.897720000052601, 42.898497000000269 ], [ -78.897793000052587, 42.898461000000232 ], [ -78.89782400005258, 42.898446000000249 ], [ -78.897910000052605, 42.898403000000243 ], [ -78.897937000052622, 42.898389000000222 ], [ -78.898349000052647, 42.89818200000024 ], [ -78.898651000052681, 42.898029000000236 ], [ -78.898888000052693, 42.897910000000238 ], [ -78.899156000052741, 42.897776000000214 ], [ -78.89957400005278, 42.897567000000222 ], [ -78.900288000052839, 42.897204000000229 ], [ -78.900836000052905, 42.896903000000229 ], [ -78.901584000052964, 42.896516000000226 ], [ -78.901880000053026, 42.896473000000242 ], [ -78.902188000053016, 42.89656100000024 ], [ -78.902548000053045, 42.899225000000243 ], [ -78.902149000052987, 42.899337000000244 ], [ -78.902140000053009, 42.89938500000023 ], [ -78.902084000052994, 42.899637000000247 ], [ -78.90199900005301, 42.90029000000024 ], [ -78.902026000052999, 42.900460000000251 ], [ -78.902062000052993, 42.900598000000222 ], [ -78.902089000052996, 42.900741000000224 ], [ -78.902085000052978, 42.90104300000025 ], [ -78.902090000052979, 42.901175000000215 ], [ -78.902126000053002, 42.901296000000222 ], [ -78.902162000052996, 42.901373000000248 ], [ -78.902175000053006, 42.901494000000234 ], [ -78.902164000052977, 42.901730000000235 ], [ -78.902181000052977, 42.90209800000023 ], [ -78.902165000052975, 42.902158000000249 ], [ -78.902127000052971, 42.902158000000227 ], [ -78.902090000052979, 42.902146000000251 ], [ -78.901862000052958, 42.901936000000234 ], [ -78.901621000052955, 42.902071000000269 ], [ -78.901802000052967, 42.902424000000252 ], [ -78.901860000052977, 42.902578000000275 ], [ -78.901923000052946, 42.902837000000247 ], [ -78.901950000052963, 42.90299600000025 ], [ -78.901947000052971, 42.903194000000241 ], [ -78.90192300005296, 42.903781000000237 ], [ -78.901856000052945, 42.904797000000258 ], [ -78.901708000052921, 42.906187000000237 ], [ -78.901698000052917, 42.906288000000245 ], [ -78.901687000052902, 42.906388000000256 ], [ -78.901366000052903, 42.906343000000255 ], [ -78.901230000052848, 42.906324000000211 ], [ -78.900730000052818, 42.906166000000248 ], [ -78.900498000052806, 42.906061000000264 ], [ -78.900457000052796, 42.906281000000249 ], [ -78.900422000052799, 42.906505000000244 ] ] ] } },
{ "type": "Feature", "properties": { "ed_key": "Buffalo NIA 6", "nbhdname": "West Side", "nbhdnum": 4.0 }, "geometry": { "type": "Polygon", "coordinates": [ [ [ -78.885442000051341, 42.90933000000021 ], [ -78.884878000051316, 42.909618000000215 ], [ -78.884565000051282, 42.909281000000249 ], [ -78.884255000051255, 42.908951000000222 ], [ -78.883846000051221, 42.908513000000248 ], [ -78.883718000051218, 42.908382000000231 ], [ -78.883398000051187, 42.908044000000217 ], [ -78.882372000051078, 42.908566000000214 ], [ -78.882159000051075, 42.908672000000216 ], [ -78.882043000051027, 42.90873100000023 ], [ -78.881986000051043, 42.908760000000242 ], [ -78.881960000051066, 42.906954000000212 ], [ -78.881958000051071, 42.906881000000233 ], [ -78.881948000051068, 42.90647300000024 ], [ -78.881923000051046, 42.905434000000191 ], [ -78.881902000051028, 42.904769000000222 ], [ -78.88188700005108, 42.904174000000232 ], [ -78.881882000051064, 42.903952000000231 ], [ -78.881872000051075, 42.903277000000237 ], [ -78.881869000051054, 42.903007000000244 ], [ -78.881867000051045, 42.902990000000216 ], [ -78.881839000051059, 42.902380000000221 ], [ -78.882520000051144, 42.902453000000236 ], [ -78.882611000051142, 42.902463000000218 ], [ -78.883149000051176, 42.902517000000216 ], [ -78.883477000051229, 42.902865000000219 ], [ -78.883054000051189, 42.903079000000226 ], [ -78.882758000051126, 42.903224000000229 ], [ -78.882574000051122, 42.903320000000214 ], [ -78.882564000051119, 42.903344000000239 ], [ -78.882571000051144, 42.903824000000228 ], [ -78.882988000051171, 42.903617000000224 ], [ -78.883088000051188, 42.903730000000238 ], [ -78.884349000051287, 42.905079000000221 ], [ -78.884455000051275, 42.905191000000215 ], [ -78.884166000051252, 42.905339000000247 ], [ -78.884485000051313, 42.905673000000249 ], [ -78.885423000051375, 42.906674000000237 ], [ -78.885650000051413, 42.90691200000024 ], [ -78.886485000051465, 42.90780300000025 ], [ -78.887126000051509, 42.908477000000218 ], [ -78.886551000051483, 42.908764000000225 ], [ -78.886000000051425, 42.909045000000262 ], [ -78.885442000051341, 42.90933000000021 ] ] ] } },
{ "type": "Feature", "properties": { "ed_key": "Buffalo NIA 11", "nbhdname": "West Side", "nbhdnum": 4.0 }, "geometry": { "type": "Polygon", "coordinates": [ [ [ -78.886757000051503, 42.906338000000254 ], [ -78.886444000051469, 42.905999000000229 ], [ -78.886090000051453, 42.905632000000217 ], [ -78.885282000051376, 42.904769000000236 ], [ -78.884455000051275, 42.905191000000215 ], [ -78.884349000051287, 42.905079000000221 ], [ -78.883088000051188, 42.903730000000238 ], [ -78.882988000051171, 42.903617000000224 ], [ -78.882571000051144, 42.903824000000228 ], [ -78.882564000051119, 42.903344000000239 ], [ -78.882574000051122, 42.903320000000214 ], [ -78.882758000051126, 42.903224000000229 ], [ -78.883054000051189, 42.903079000000226 ], [ -78.883477000051229, 42.902865000000219 ], [ -78.883149000051176, 42.902517000000216 ], [ -78.884235000051277, 42.902601000000253 ], [ -78.884950000051376, 42.902662000000227 ], [ -78.885002000051372, 42.902669000000216 ], [ -78.885442000051398, 42.902700000000237 ], [ -78.886731000051512, 42.902800000000269 ], [ -78.887359000051575, 42.902846000000231 ], [ -78.888533000051666, 42.902953000000224 ], [ -78.888652000051678, 42.903079000000233 ], [ -78.887529000051586, 42.90364300000023 ], [ -78.887872000051615, 42.904011000000239 ], [ -78.888997000051717, 42.905203000000235 ], [ -78.887882000051633, 42.905773000000259 ], [ -78.886757000051503, 42.906338000000254 ] ] ] } },
{ "type": "Feature", "properties": { "ed_key": "Buffalo NIA 15", "nbhdname": "West Side", "nbhdnum": 4.0 }, "geometry": { "type": "Polygon", "coordinates": [ [ [ -78.888081000051685, 42.898691000000234 ], [ -78.889552000051793, 42.90028000000023 ], [ -78.888543000051712, 42.900788000000205 ], [ -78.888284000051669, 42.900927000000237 ], [ -78.887725000051645, 42.901209000000236 ], [ -78.887300000051596, 42.901425000000238 ], [ -78.887166000051565, 42.901481000000238 ], [ -78.888293000051675, 42.902700000000237 ], [ -78.888533000051666, 42.902953000000224 ], [ -78.887359000051575, 42.902846000000231 ], [ -78.886731000051512, 42.902800000000269 ], [ -78.885442000051398, 42.902700000000237 ], [ -78.885002000051372, 42.902669000000216 ], [ -78.884950000051376, 42.902662000000227 ], [ -78.884235000051277, 42.902601000000253 ], [ -78.883149000051176, 42.902517000000216 ], [ -78.882611000051142, 42.902463000000218 ], [ -78.882520000051144, 42.902453000000236 ], [ -78.881839000051059, 42.902380000000221 ], [ -78.881957000051088, 42.902009000000234 ], [ -78.882168000051081, 42.901834000000221 ], [ -78.882204000051132, 42.901804000000261 ], [ -78.882881000051185, 42.901354000000225 ], [ -78.883533000051244, 42.90102100000022 ], [ -78.883606000051216, 42.900980000000253 ], [ -78.884577000051323, 42.900492000000227 ], [ -78.884900000051374, 42.900330000000217 ], [ -78.885697000051437, 42.89991800000022 ], [ -78.885885000051474, 42.899816000000214 ], [ -78.886799000051553, 42.899348000000224 ], [ -78.887076000051565, 42.899210000000224 ], [ -78.887746000051663, 42.898861000000224 ], [ -78.888081000051685, 42.898691000000234 ] ] ] } },
{ "type": "Feature", "properties": { "ed_key": "Buffalo NIA 20", "nbhdname": "West Side", "nbhdnum": 4.0 }, "geometry": { "type": "Polygon", "coordinates": [ [ [ -78.888652000051678, 42.903079000000233 ], [ -78.888533000051666, 42.902953000000224 ], [ -78.888293000051675, 42.902700000000237 ], [ -78.887166000051565, 42.901481000000238 ], [ -78.887300000051596, 42.901425000000238 ], [ -78.887725000051645, 42.901209000000236 ], [ -78.888284000051669, 42.900927000000237 ], [ -78.888543000051712, 42.900788000000205 ], [ -78.889552000051793, 42.90028000000023 ], [ -78.888081000051685, 42.898691000000234 ], [ -78.887746000051663, 42.898861000000224 ], [ -78.887076000051565, 42.899210000000224 ], [ -78.886799000051553, 42.899348000000224 ], [ -78.885885000051474, 42.899816000000214 ], [ -78.885697000051437, 42.89991800000022 ], [ -78.885582000051443, 42.899808000000206 ], [ -78.884585000051345, 42.898753000000234 ], [ -78.88431200005131, 42.898459000000237 ], [ -78.884207000051333, 42.89835300000022 ], [ -78.884961000051376, 42.897971000000247 ], [ -78.885327000051404, 42.897784000000215 ], [ -78.885727000051446, 42.897581000000208 ], [ -78.886597000051552, 42.897134000000264 ], [ -78.887722000051667, 42.896566000000234 ], [ -78.888843000051764, 42.895996000000217 ], [ -78.889400000051808, 42.895714000000225 ], [ -78.889695000051859, 42.895565000000204 ], [ -78.889960000051886, 42.895431000000237 ], [ -78.890789000051953, 42.894998000000243 ], [ -78.891298000052004, 42.895536000000206 ], [ -78.891549000052009, 42.895802000000231 ], [ -78.891800000052072, 42.896068000000263 ], [ -78.8922730000521, 42.896568000000222 ], [ -78.891424000051998, 42.896996000000243 ], [ -78.890864000051948, 42.897282000000239 ], [ -78.890306000051879, 42.897568000000227 ], [ -78.890557000051899, 42.897831000000224 ], [ -78.890791000051934, 42.898099000000251 ], [ -78.891246000051979, 42.898587000000234 ], [ -78.89176600005203, 42.899132000000243 ], [ -78.893284000052162, 42.900720000000227 ], [ -78.892405000052051, 42.901157000000268 ], [ -78.892208000052037, 42.901285000000229 ], [ -78.891067000051933, 42.901861000000252 ], [ -78.890720000051886, 42.902033000000252 ], [ -78.890324000051876, 42.902234000000234 ], [ -78.889773000051832, 42.902513000000219 ], [ -78.88921300005174, 42.902797000000227 ], [ -78.888652000051678, 42.903079000000233 ] ] ] } },
{ "type": "Feature", "properties": { "ed_key": "Buffalo NIA 19", "nbhdname": "Lower West Side", "nbhdnum": 2.0 }, "geometry": { "type": "Polygon", "coordinates": [ [ [ -78.893284000052162, 42.900720000000227 ], [ -78.89176600005203, 42.899132000000243 ], [ -78.891246000051979, 42.898587000000234 ], [ -78.890791000051934, 42.898099000000251 ], [ -78.890557000051899, 42.897831000000224 ], [ -78.890306000051879, 42.897568000000227 ], [ -78.890864000051948, 42.897282000000239 ], [ -78.891424000051998, 42.896996000000243 ], [ -78.8922730000521, 42.896568000000222 ], [ -78.891800000052072, 42.896068000000263 ], [ -78.891549000052009, 42.895802000000231 ], [ -78.891298000052004, 42.895536000000206 ], [ -78.890789000051953, 42.894998000000243 ], [ -78.889960000051886, 42.895431000000237 ], [ -78.889695000051859, 42.895565000000204 ], [ -78.889400000051808, 42.895714000000225 ], [ -78.888843000051764, 42.895996000000217 ], [ -78.888112000051706, 42.895221000000241 ], [ -78.888081000051685, 42.895189000000244 ], [ -78.887784000051667, 42.894870000000232 ], [ -78.887355000051627, 42.894419000000248 ], [ -78.8869100000516, 42.893949000000248 ], [ -78.88665900005158, 42.89367500000025 ], [ -78.886344000051551, 42.893339000000239 ], [ -78.885890000051518, 42.892849000000211 ], [ -78.886335000051545, 42.892629000000241 ], [ -78.886455000051555, 42.892567000000213 ], [ -78.886730000051585, 42.892426000000242 ], [ -78.886979000051596, 42.892298000000238 ], [ -78.887847000051707, 42.891855000000255 ], [ -78.888569000051774, 42.891492000000241 ], [ -78.889335000051858, 42.891107000000233 ], [ -78.889591000051865, 42.891070000000219 ], [ -78.889909000051901, 42.89109400000023 ], [ -78.890227000051937, 42.891220000000231 ], [ -78.89052400005194, 42.891432000000243 ], [ -78.890946000051983, 42.891753000000236 ], [ -78.891242000052031, 42.892002000000225 ], [ -78.892421000052124, 42.893023000000234 ], [ -78.893177000052191, 42.893782000000229 ], [ -78.894656000052336, 42.895233000000211 ], [ -78.896252000052456, 42.896871000000246 ], [ -78.896340000052476, 42.896826000000246 ], [ -78.896395000052451, 42.896797000000213 ], [ -78.896668000052486, 42.897082000000239 ], [ -78.897420000052563, 42.897819000000226 ], [ -78.897937000052622, 42.898389000000222 ], [ -78.897910000052605, 42.898403000000243 ], [ -78.89782400005258, 42.898446000000249 ], [ -78.897793000052587, 42.898461000000232 ], [ -78.897720000052601, 42.898497000000269 ], [ -78.897682000052598, 42.898517000000211 ], [ -78.897455000052545, 42.898632000000262 ], [ -78.897214000052557, 42.898753000000255 ], [ -78.897097000052526, 42.898812000000234 ], [ -78.896645000052473, 42.899040000000248 ], [ -78.896031000052432, 42.89934600000025 ], [ -78.895529000052363, 42.899597000000256 ], [ -78.895028000052321, 42.899848000000226 ], [ -78.894394000052259, 42.900166000000226 ], [ -78.893284000052162, 42.900720000000227 ] ] ] } },
{ "type": "Feature", "properties": { "ed_key": "Buffalo ELL 2", "nbhdname": "Elmwood Bidwell", "nbhdnum": 7.0 }, "geometry": { "type": "Polygon", "coordinates": [ [ [ -78.858015000048781, 42.921526000000227 ], [ -78.858901000048874, 42.921647000000213 ], [ -78.858924000048873, 42.922217000000209 ], [ -78.857315000048715, 42.922181000000236 ], [ -78.857565000048751, 42.921950000000209 ], [ -78.858015000048781, 42.921526000000227 ] ] ] } },
{ "type": "Feature", "properties": { "ed_key": "Buffalo ELL 1", "nbhdname": "Elmwood Bidwell", "nbhdnum": 7.0 }, "geometry": { "type": "Polygon", "coordinates": [ [ [ -78.867708000049674, 42.920834000000234 ], [ -78.867610000049652, 42.92125300000022 ], [ -78.867459000049635, 42.921815000000223 ], [ -78.867329000049637, 42.922272000000241 ], [ -78.864636000049373, 42.922270000000232 ], [ -78.863770000049314, 42.92226500000023 ], [ -78.86302600004926, 42.922261000000226 ], [ -78.862190000049168, 42.922256000000189 ], [ -78.860726000049013, 42.92223800000022 ], [ -78.860037000048976, 42.922234000000238 ], [ -78.859329000048902, 42.922226000000215 ], [ -78.858924000048873, 42.922217000000209 ], [ -78.858901000048874, 42.921647000000213 ], [ -78.858015000048781, 42.921526000000227 ], [ -78.858835000048899, 42.920752000000256 ], [ -78.859235000048912, 42.920368000000231 ], [ -78.859405000048923, 42.920204000000204 ], [ -78.859941000048963, 42.919693000000223 ], [ -78.860170000048996, 42.9194740000002 ], [ -78.860624000049043, 42.919040000000265 ], [ -78.861302000049108, 42.918386000000211 ], [ -78.861954000049153, 42.917764000000219 ], [ -78.862102000049177, 42.917623000000226 ], [ -78.862261000049202, 42.917473000000207 ], [ -78.862278000049201, 42.917221000000247 ], [ -78.862321000049207, 42.915323000000214 ], [ -78.862920000049257, 42.915335000000226 ], [ -78.863588000049305, 42.915343000000206 ], [ -78.864432000049405, 42.915349000000226 ], [ -78.86460200004943, 42.915015000000217 ], [ -78.864642000049429, 42.914903000000258 ], [ -78.864827000049459, 42.914346000000229 ], [ -78.864984000049475, 42.913944000000235 ], [ -78.865026000049468, 42.913837000000235 ], [ -78.865494000049509, 42.912486000000222 ], [ -78.865913000049559, 42.911246000000219 ], [ -78.866263000049599, 42.910287000000238 ], [ -78.866523000049611, 42.909554000000249 ], [ -78.866720000049654, 42.908996000000251 ], [ -78.866771000049653, 42.908854000000211 ], [ -78.868667000049825, 42.908849000000245 ], [ -78.868910000049851, 42.908854000000225 ], [ -78.868890000049845, 42.908901000000242 ], [ -78.868135000049747, 42.911251000000242 ], [ -78.867336000049647, 42.913777000000231 ], [ -78.867146000049658, 42.914348000000231 ], [ -78.866824000049618, 42.915376000000215 ], [ -78.869173000049827, 42.915394000000219 ], [ -78.868752000049795, 42.916958000000228 ], [ -78.86870600004977, 42.917160000000223 ], [ -78.868470000049754, 42.91805600000022 ], [ -78.868427000049721, 42.918223000000218 ], [ -78.868327000049717, 42.918614000000218 ], [ -78.868314000049736, 42.918664000000248 ], [ -78.868235000049722, 42.918966000000225 ], [ -78.86814200004973, 42.91932600000024 ], [ -78.868102000049703, 42.91945500000022 ], [ -78.867962000049701, 42.919968000000232 ], [ -78.867871000049661, 42.920280000000197 ], [ -78.867501000049657, 42.920387000000204 ], [ -78.867424000049638, 42.920591000000229 ], [ -78.867615000049653, 42.920794000000214 ], [ -78.867708000049674, 42.920834000000234 ] ] ] } },
{ "type": "Feature", "properties": { "ed_key": "Buffalo ELL 3", "nbhdname": "Elmwood Bryant", "nbhdnum": 5.0 }, "geometry": { "type": "Polygon", "coordinates": [ [ [ -78.870325000049959, 42.911261000000216 ], [ -78.870176000049952, 42.91180900000019 ], [ -78.870081000049922, 42.912214000000212 ], [ -78.870013000049923, 42.912456000000226 ], [ -78.869825000049929, 42.913136000000236 ], [ -78.869566000049872, 42.914080000000219 ], [ -78.86937200004985, 42.914691000000225 ], [ -78.869173000049827, 42.915394000000219 ], [ -78.866824000049618, 42.915376000000215 ], [ -78.867146000049658, 42.914348000000231 ], [ -78.867336000049647, 42.913777000000231 ], [ -78.868135000049747, 42.911251000000242 ], [ -78.868890000049845, 42.908901000000242 ], [ -78.868910000049851, 42.908854000000225 ], [ -78.869315000049909, 42.90885800000023 ], [ -78.870549000049991, 42.90885500000023 ], [ -78.871082000050052, 42.908872000000208 ], [ -78.871045000050046, 42.908985000000207 ], [ -78.870771000050013, 42.909845000000239 ], [ -78.870522000049988, 42.910618000000213 ], [ -78.870325000049959, 42.911261000000216 ] ] ] } },
{ "type": "Feature", "properties": { "ed_key": "Buffalo ELL 5", "nbhdname": "Elmwood Bidwell", "nbhdnum": 7.0 }, "geometry": { "type": "Polygon", "coordinates": [ [ [ -78.877047000050567, 42.915465000000204 ], [ -78.877039000050544, 42.91691900000022 ], [ -78.877034000050529, 42.916938000000236 ], [ -78.877029000050541, 42.917512000000237 ], [ -78.877020000050535, 42.918648000000232 ], [ -78.877020000050507, 42.918677000000237 ], [ -78.877014000050522, 42.919451000000215 ], [ -78.877010000050504, 42.920355000000221 ], [ -78.876200000050432, 42.920366000000229 ], [ -78.875323000050358, 42.920390000000218 ], [ -78.871466000050006, 42.92048200000022 ], [ -78.87063500004993, 42.920498000000244 ], [ -78.868993000049798, 42.920537000000252 ], [ -78.868847000049755, 42.920540000000251 ], [ -78.868600000049753, 42.920546000000229 ], [ -78.86816900004969, 42.920554000000216 ], [ -78.868015000049709, 42.920305000000241 ], [ -78.867871000049661, 42.920280000000197 ], [ -78.867962000049701, 42.919968000000232 ], [ -78.868102000049703, 42.91945500000022 ], [ -78.86814200004973, 42.91932600000024 ], [ -78.868235000049722, 42.918966000000225 ], [ -78.868314000049736, 42.918664000000248 ], [ -78.868327000049717, 42.918614000000218 ], [ -78.868427000049721, 42.918223000000218 ], [ -78.868470000049754, 42.91805600000022 ], [ -78.86870600004977, 42.917160000000223 ], [ -78.868752000049795, 42.916958000000228 ], [ -78.869173000049827, 42.915394000000219 ], [ -78.86937200004985, 42.914691000000225 ], [ -78.869566000049872, 42.914080000000219 ], [ -78.870519000049953, 42.914085000000249 ], [ -78.870770000049987, 42.914082000000249 ], [ -78.872356000050132, 42.91409300000025 ], [ -78.876146000050483, 42.914104000000243 ], [ -78.87706100005056, 42.914115000000216 ], [ -78.877047000050567, 42.915465000000204 ] ] ] } },
{ "type": "Feature", "properties": { "ed_key": "Buffalo ELL 10", "nbhdname": "Elmwood Bryant", "nbhdnum": 5.0 }, "geometry": { "type": "Polygon", "coordinates": [ [ [ -78.882027000051025, 42.911315000000258 ], [ -78.880322000050867, 42.911312000000223 ], [ -78.878696000050738, 42.911306000000209 ], [ -78.877085000050556, 42.911298000000251 ], [ -78.877073000050572, 42.912241000000236 ], [ -78.877061000050574, 42.913173000000228 ], [ -78.87706100005056, 42.914115000000216 ], [ -78.876146000050483, 42.914104000000243 ], [ -78.872356000050132, 42.91409300000025 ], [ -78.870770000049987, 42.914082000000249 ], [ -78.870519000049953, 42.914085000000249 ], [ -78.869566000049872, 42.914080000000219 ], [ -78.869825000049929, 42.913136000000236 ], [ -78.870013000049923, 42.912456000000226 ], [ -78.870081000049922, 42.912214000000212 ], [ -78.870176000049952, 42.91180900000019 ], [ -78.870325000049959, 42.911261000000216 ], [ -78.870522000049988, 42.910618000000213 ], [ -78.870771000050013, 42.909845000000239 ], [ -78.871045000050046, 42.908985000000207 ], [ -78.871082000050052, 42.908872000000208 ], [ -78.87192200005012, 42.908878000000236 ], [ -78.873277000050251, 42.908888000000239 ], [ -78.874990000050403, 42.90890100000022 ], [ -78.87710300005061, 42.908928000000216 ], [ -78.878720000050762, 42.908938000000227 ], [ -78.880325000050902, 42.908953000000224 ], [ -78.881985000051046, 42.908959000000266 ], [ -78.881999000051053, 42.909497000000215 ], [ -78.881994000051051, 42.909567000000244 ], [ -78.882013000051032, 42.910273000000224 ], [ -78.882024000051032, 42.911084000000223 ], [ -78.882027000051025, 42.911315000000258 ] ] ] } },
{ "type": "Feature", "properties": { "ed_key": "Buffalo ELL 13", "nbhdname": "Elmwood Bryant", "nbhdnum": 5.0 }, "geometry": { "type": "Polygon", "coordinates": [ [ [ -78.880325000050902, 42.908953000000224 ], [ -78.878720000050762, 42.908938000000227 ], [ -78.87710300005061, 42.908928000000216 ], [ -78.874990000050403, 42.90890100000022 ], [ -78.873277000050251, 42.908888000000239 ], [ -78.87192200005012, 42.908878000000236 ], [ -78.871082000050052, 42.908872000000208 ], [ -78.871428000050074, 42.907613000000204 ], [ -78.871682000050143, 42.906784000000236 ], [ -78.871692000050118, 42.906739000000229 ], [ -78.872109000050159, 42.905308000000225 ], [ -78.872297000050182, 42.904668000000207 ], [ -78.873751000050305, 42.904685000000242 ], [ -78.875128000050452, 42.904703000000225 ], [ -78.877126000050623, 42.90473200000023 ], [ -78.878757000050769, 42.90474500000024 ], [ -78.880298000050914, 42.904759000000226 ], [ -78.880302000050904, 42.906529000000212 ], [ -78.880325000050902, 42.908953000000224 ] ] ] } },
{ "type": "Feature", "properties": { "ed_key": "Buffalo ELL 4", "nbhdname": "Masten Park", "nbhdnum": 21.0 }, "geometry": { "type": "Polygon", "coordinates": [ [ [ -78.848082000047995, 42.910094000000207 ], [ -78.849132000048073, 42.910098000000204 ], [ -78.850657000048201, 42.910113000000237 ], [ -78.853980000048509, 42.91016100000023 ], [ -78.853979000048497, 42.910104000000217 ], [ -78.85557700004864, 42.91010700000021 ], [ -78.856825000048744, 42.910119000000222 ], [ -78.859618000048997, 42.910150000000208 ], [ -78.859627000049045, 42.909443000000209 ], [ -78.85963700004902, 42.909013000000193 ], [ -78.859648000049035, 42.908426000000219 ], [ -78.859664000049008, 42.907535000000252 ], [ -78.85967800004903, 42.906649000000236 ], [ -78.862517000049266, 42.90668900000022 ], [ -78.865158000049519, 42.90671900000023 ], [ -78.867494000049717, 42.906747000000244 ], [ -78.867169000049714, 42.907666000000205 ], [ -78.866935000049665, 42.908327000000206 ], [ -78.866771000049653, 42.908854000000211 ], [ -78.866720000049654, 42.908996000000251 ], [ -78.866523000049611, 42.909554000000249 ], [ -78.866263000049599, 42.910287000000238 ], [ -78.865913000049559, 42.911246000000219 ], [ -78.865847000049556, 42.911249000000225 ], [ -78.865187000049502, 42.911246000000219 ], [ -78.862416000049222, 42.91121000000021 ], [ -78.862395000049261, 42.911863000000245 ], [ -78.862383000049221, 42.912457000000224 ], [ -78.860075000049022, 42.912430000000242 ], [ -78.859556000048983, 42.912417000000175 ], [ -78.859446000048976, 42.912416000000199 ], [ -78.859026000048956, 42.912416000000221 ], [ -78.858613000048891, 42.912411000000233 ], [ -78.857688000048825, 42.912401000000237 ], [ -78.856772000048736, 42.912390000000251 ], [ -78.856732000048723, 42.912390000000229 ], [ -78.85585300004864, 42.912379000000207 ], [ -78.854937000048565, 42.912367000000224 ], [ -78.854044000048489, 42.912359000000237 ], [ -78.853986000048494, 42.912360000000234 ], [ -78.853986000048494, 42.91234200000023 ], [ -78.853932000048488, 42.912344000000232 ], [ -78.852971000048399, 42.91234200000023 ], [ -78.851990000048318, 42.912335000000212 ], [ -78.851015000048235, 42.91232900000022 ], [ -78.850079000048154, 42.912322000000231 ], [ -78.849124000048064, 42.91231000000024 ], [ -78.849122000048069, 42.911117000000218 ], [ -78.849130000048092, 42.911072000000203 ], [ -78.848083000047993, 42.911065000000193 ], [ -78.848079000047989, 42.911016000000245 ], [ -78.848082000047995, 42.910094000000207 ] ] ] } },
{ "type": "Feature", "properties": { "ed_key": "Buffalo ELL 6", "nbhdname": "Masten Park", "nbhdnum": 21.0 }, "geometry": { "type": "Polygon", "coordinates": [ [ [ -78.843484000047596, 42.909328000000237 ], [ -78.843582000047618, 42.909263000000209 ], [ -78.843732000047609, 42.909273000000191 ], [ -78.848085000047973, 42.909319000000245 ], [ -78.848082000047995, 42.910094000000207 ], [ -78.848079000047989, 42.911016000000245 ], [ -78.848083000047993, 42.911065000000193 ], [ -78.849130000048092, 42.911072000000203 ], [ -78.849122000048069, 42.911117000000218 ], [ -78.849124000048064, 42.91231000000024 ], [ -78.848090000047961, 42.912311000000223 ], [ -78.846601000047841, 42.912289000000193 ], [ -78.845158000047704, 42.912273000000241 ], [ -78.84367600004758, 42.912256000000198 ], [ -78.843467000047568, 42.912253000000206 ], [ -78.843480000047563, 42.911830000000229 ], [ -78.843480000047578, 42.910995000000227 ], [ -78.843485000047579, 42.910043000000236 ], [ -78.843484000047596, 42.909328000000237 ] ] ] } },
{ "type": "Feature", "properties": { "ed_key": "Buffalo ELL 7", "nbhdname": "MLK Park", "nbhdnum": 22.0 }, "geometry": { "type": "Polygon", "coordinates": [ [ [ -78.843484000047596, 42.909328000000237 ], [ -78.843485000047579, 42.910043000000236 ], [ -78.843480000047578, 42.910995000000227 ], [ -78.843480000047563, 42.911830000000229 ], [ -78.843467000047568, 42.912253000000206 ], [ -78.843308000047557, 42.912247000000214 ], [ -78.843113000047538, 42.912241000000222 ], [ -78.843117000047528, 42.911818000000196 ], [ -78.839080000047176, 42.911751000000187 ], [ -78.839081000047202, 42.91134500000021 ], [ -78.839081000047202, 42.910937000000231 ], [ -78.839077000047212, 42.910467000000196 ], [ -78.8390760000472, 42.909978000000201 ], [ -78.839073000047222, 42.90939500000021 ], [ -78.839072000047196, 42.909268000000196 ], [ -78.842792000047538, 42.909319000000231 ], [ -78.843086000047549, 42.909323000000221 ], [ -78.843185000047555, 42.909324000000211 ], [ -78.843341000047573, 42.909326000000235 ], [ -78.843484000047596, 42.909328000000237 ] ] ] } },
{ "type": "Feature", "properties": { "ed_key": "Buffalo ELL 12", "nbhdname": "Masten Park", "nbhdnum": 21.0 }, "geometry": { "type": "Polygon", "coordinates": [ [ [ -78.848082000047995, 42.910094000000207 ], [ -78.848085000047973, 42.909319000000245 ], [ -78.843732000047609, 42.909273000000191 ], [ -78.843582000047618, 42.909263000000209 ], [ -78.843484000047596, 42.909328000000237 ], [ -78.843341000047573, 42.909326000000235 ], [ -78.843185000047555, 42.909324000000211 ], [ -78.843086000047549, 42.909323000000221 ], [ -78.842792000047538, 42.909319000000231 ], [ -78.839072000047196, 42.909268000000196 ], [ -78.839069000047218, 42.908742000000196 ], [ -78.839059000047243, 42.908385000000223 ], [ -78.839060000047198, 42.908307000000221 ], [ -78.839060000047212, 42.907310000000209 ], [ -78.841918000047471, 42.907321000000216 ], [ -78.8424130000475, 42.907322000000207 ], [ -78.842849000047551, 42.907317000000198 ], [ -78.842910000047553, 42.907318000000203 ], [ -78.843141000047581, 42.907322000000192 ], [ -78.843631000047623, 42.907330000000208 ], [ -78.843816000047639, 42.907333000000193 ], [ -78.843931000047633, 42.907082000000209 ], [ -78.844560000047693, 42.905862000000205 ], [ -78.84475200004772, 42.90552500000021 ], [ -78.844894000047702, 42.905275000000209 ], [ -78.845102000047731, 42.904910000000235 ], [ -78.845408000047769, 42.904375000000215 ], [ -78.845756000047814, 42.903733000000209 ], [ -78.845775000047823, 42.903733000000251 ], [ -78.845951000047833, 42.903735000000204 ], [ -78.84635300004787, 42.903739000000201 ], [ -78.846433000047867, 42.903740000000212 ], [ -78.847046000047939, 42.903747000000223 ], [ -78.847113000047926, 42.903748000000213 ], [ -78.848073000048004, 42.903758000000238 ], [ -78.848355000048031, 42.903762000000199 ], [ -78.849152000048122, 42.90377500000023 ], [ -78.850235000048201, 42.903793000000206 ], [ -78.850264000048227, 42.903793000000228 ], [ -78.851488000048334, 42.903806000000245 ], [ -78.85275200004844, 42.903820000000223 ], [ -78.853974000048524, 42.903838000000249 ], [ -78.85398600004855, 42.904850000000224 ], [ -78.853986000048536, 42.90564800000022 ], [ -78.853986000048522, 42.906037000000225 ], [ -78.853978000048514, 42.906579000000221 ], [ -78.853966000048516, 42.9074540000002 ], [ -78.853965000048532, 42.908236000000194 ], [ -78.853965000048518, 42.908368000000223 ], [ -78.853965000048504, 42.909027000000236 ], [ -78.85396600004853, 42.909373000000237 ], [ -78.853978000048514, 42.9098520000002 ], [ -78.853979000048497, 42.910104000000217 ], [ -78.853980000048509, 42.91016100000023 ], [ -78.850657000048201, 42.910113000000237 ], [ -78.849132000048073, 42.910098000000204 ], [ -78.848082000047995, 42.910094000000207 ] ] ] } },
{ "type": "Feature", "properties": { "ed_key": "Buffalo ELL 11", "nbhdname": "Masten Park", "nbhdnum": 21.0 }, "geometry": { "type": "Polygon", "coordinates": [ [ [ -78.853979000048497, 42.910104000000217 ], [ -78.853978000048514, 42.9098520000002 ], [ -78.85396600004853, 42.909373000000237 ], [ -78.853965000048504, 42.909027000000236 ], [ -78.853965000048518, 42.908368000000223 ], [ -78.853965000048532, 42.908236000000194 ], [ -78.853966000048516, 42.9074540000002 ], [ -78.853978000048514, 42.906579000000221 ], [ -78.853986000048522, 42.906037000000225 ], [ -78.853986000048536, 42.90564800000022 ], [ -78.85398600004855, 42.904850000000224 ], [ -78.853974000048524, 42.903838000000249 ], [ -78.855229000048652, 42.903854000000216 ], [ -78.856208000048738, 42.903866000000207 ], [ -78.857148000048824, 42.903878000000212 ], [ -78.857327000048841, 42.903880000000193 ], [ -78.859741000049056, 42.903909000000219 ], [ -78.859755000049049, 42.903147000000224 ], [ -78.859754000049051, 42.902144000000213 ], [ -78.860379000049122, 42.902149000000243 ], [ -78.860889000049141, 42.900575000000238 ], [ -78.860985000049169, 42.900275000000221 ], [ -78.861996000049288, 42.900284000000212 ], [ -78.863011000049383, 42.900291000000209 ], [ -78.86280600004936, 42.900943000000225 ], [ -78.862712000049342, 42.901234000000251 ], [ -78.86398800004946, 42.901246000000199 ], [ -78.864020000049464, 42.901254000000201 ], [ -78.865217000049554, 42.901254000000236 ], [ -78.866932000049744, 42.901277000000235 ], [ -78.868255000049828, 42.901283000000213 ], [ -78.869290000049915, 42.901288000000221 ], [ -78.868971000049896, 42.902210000000224 ], [ -78.868751000049883, 42.902867000000235 ], [ -78.868656000049896, 42.903163000000205 ], [ -78.868608000049846, 42.90331100000023 ], [ -78.868480000049857, 42.903708000000215 ], [ -78.868179000049821, 42.904601000000227 ], [ -78.868169000049804, 42.904631000000258 ], [ -78.867783000049783, 42.905811000000242 ], [ -78.867538000049734, 42.906604000000215 ], [ -78.867494000049717, 42.906747000000244 ], [ -78.865158000049519, 42.90671900000023 ], [ -78.862517000049266, 42.90668900000022 ], [ -78.85967800004903, 42.906649000000236 ], [ -78.859664000049008, 42.907535000000252 ], [ -78.859648000049035, 42.908426000000219 ], [ -78.85963700004902, 42.909013000000193 ], [ -78.859627000049045, 42.909443000000209 ], [ -78.859618000048997, 42.910150000000208 ], [ -78.856825000048744, 42.910119000000222 ], [ -78.85557700004864, 42.91010700000021 ], [ -78.853979000048497, 42.910104000000217 ] ] ] } },
{ "type": "Feature", "properties": { "ed_key": "Buffalo ELL 18", "nbhdname": "Fruit Belt", "nbhdnum": 28.0 }, "geometry": { "type": "Polygon", "coordinates": [ [ [ -78.860985000049169, 42.900275000000221 ], [ -78.861392000049221, 42.899007000000218 ], [ -78.861567000049249, 42.89847700000022 ], [ -78.860552000049154, 42.898462000000222 ], [ -78.861120000049212, 42.89670700000022 ], [ -78.862130000049319, 42.896721000000205 ], [ -78.863149000049418, 42.89673200000022 ], [ -78.864183000049465, 42.896744000000204 ], [ -78.864407000049525, 42.896747000000239 ], [ -78.865533000049624, 42.89694600000022 ], [ -78.866043000049643, 42.89704600000023 ], [ -78.866901000049751, 42.897196000000228 ], [ -78.867380000049792, 42.897280000000244 ], [ -78.868179000049835, 42.897424000000214 ], [ -78.868385000049884, 42.896794000000249 ], [ -78.869657000049997, 42.896814000000226 ], [ -78.870555000050047, 42.896823000000218 ], [ -78.870752000050103, 42.896774000000214 ], [ -78.870576000050093, 42.897299000000224 ], [ -78.87015800005004, 42.898579000000225 ], [ -78.869894000049996, 42.899401000000232 ], [ -78.869747000049998, 42.899856000000213 ], [ -78.869588000049959, 42.900375000000224 ], [ -78.869476000049957, 42.900740000000233 ], [ -78.869290000049915, 42.901288000000221 ], [ -78.868255000049828, 42.901283000000213 ], [ -78.866932000049744, 42.901277000000235 ], [ -78.865217000049554, 42.901254000000236 ], [ -78.864020000049464, 42.901254000000201 ], [ -78.86398800004946, 42.901246000000199 ], [ -78.862712000049342, 42.901234000000251 ], [ -78.86280600004936, 42.900943000000225 ], [ -78.863011000049383, 42.900291000000209 ], [ -78.861996000049288, 42.900284000000212 ], [ -78.860985000049169, 42.900275000000221 ] ] ] } },
{ "type": "Feature", "properties": { "ed_key": "Buffalo ELL 19", "nbhdname": "Fruit Belt", "nbhdnum": 28.0 }, "geometry": { "type": "Polygon", "coordinates": [ [ [ -78.860552000049154, 42.898462000000222 ], [ -78.861567000049249, 42.89847700000022 ], [ -78.861392000049221, 42.899007000000218 ], [ -78.860985000049169, 42.900275000000221 ], [ -78.860889000049141, 42.900575000000238 ], [ -78.860379000049122, 42.902149000000243 ], [ -78.859754000049051, 42.902144000000213 ], [ -78.859755000049049, 42.903147000000224 ], [ -78.859741000049056, 42.903909000000219 ], [ -78.857327000048841, 42.903880000000193 ], [ -78.857148000048824, 42.903878000000212 ], [ -78.856208000048738, 42.903866000000207 ], [ -78.855229000048652, 42.903854000000216 ], [ -78.853974000048524, 42.903838000000249 ], [ -78.85275200004844, 42.903820000000223 ], [ -78.851488000048334, 42.903806000000245 ], [ -78.850264000048227, 42.903793000000228 ], [ -78.850235000048201, 42.903793000000206 ], [ -78.849152000048122, 42.90377500000023 ], [ -78.848355000048031, 42.903762000000199 ], [ -78.848073000048004, 42.903758000000238 ], [ -78.847113000047926, 42.903748000000213 ], [ -78.847046000047939, 42.903747000000223 ], [ -78.846433000047867, 42.903740000000212 ], [ -78.84635300004787, 42.903739000000201 ], [ -78.845951000047833, 42.903735000000204 ], [ -78.845775000047823, 42.903733000000251 ], [ -78.845756000047814, 42.903733000000209 ], [ -78.845886000047813, 42.9034860000002 ], [ -78.846038000047827, 42.903191000000199 ], [ -78.846105000047842, 42.903085000000203 ], [ -78.846390000047876, 42.902635000000203 ], [ -78.846595000047884, 42.902281000000208 ], [ -78.846432000047884, 42.902085000000234 ], [ -78.846298000047867, 42.901923000000217 ], [ -78.845862000047816, 42.901924000000214 ], [ -78.845856000047831, 42.900132000000191 ], [ -78.84584300004785, 42.899586000000191 ], [ -78.847083000047974, 42.899066000000211 ], [ -78.848311000048071, 42.898543000000231 ], [ -78.848664000048103, 42.898391000000217 ], [ -78.849493000048184, 42.898044000000198 ], [ -78.849706000048187, 42.897955000000231 ], [ -78.850937000048333, 42.897438000000228 ], [ -78.851937000048395, 42.89701700000019 ], [ -78.853953000048605, 42.896170000000232 ], [ -78.853956000048584, 42.896590000000238 ], [ -78.855318000048698, 42.896605000000207 ], [ -78.855674000048722, 42.896628000000248 ], [ -78.856047000048775, 42.896652000000216 ], [ -78.856351000048775, 42.896660000000203 ], [ -78.857050000048858, 42.896663000000217 ], [ -78.858060000048951, 42.896675000000243 ], [ -78.859079000049022, 42.896684000000235 ], [ -78.860097000049109, 42.896698000000207 ], [ -78.861120000049212, 42.89670700000022 ], [ -78.860552000049154, 42.898462000000222 ] ] ] } },
{ "type": "Feature", "properties": { "ed_key": "Buffalo ELL 24", "nbhdname": "Broadway Fillmore", "nbhdnum": 27.0 }, "geometry": { "type": "Polygon", "coordinates": [ [ [ -78.84584300004785, 42.899586000000191 ], [ -78.845856000047831, 42.900132000000191 ], [ -78.845862000047816, 42.901924000000214 ], [ -78.846298000047867, 42.901923000000217 ], [ -78.846432000047884, 42.902085000000234 ], [ -78.846595000047884, 42.902281000000208 ], [ -78.846390000047876, 42.902635000000203 ], [ -78.846105000047842, 42.903085000000203 ], [ -78.846038000047827, 42.903191000000199 ], [ -78.845886000047813, 42.9034860000002 ], [ -78.845756000047814, 42.903733000000209 ], [ -78.845414000047782, 42.903729000000197 ], [ -78.844922000047731, 42.903723000000205 ], [ -78.844625000047714, 42.903719000000201 ], [ -78.843559000047605, 42.903710000000196 ], [ -78.842621000047515, 42.903701000000197 ], [ -78.841551000047446, 42.903691000000244 ], [ -78.841549000047451, 42.901374000000196 ], [ -78.841352000047451, 42.901456000000202 ], [ -78.841198000047441, 42.901522000000213 ], [ -78.841195000047421, 42.900677000000215 ], [ -78.841186000047443, 42.899083000000232 ], [ -78.841185000047446, 42.897775000000237 ], [ -78.841190000047447, 42.89702500000022 ], [ -78.841721000047514, 42.896855000000215 ], [ -78.842362000047558, 42.896657000000204 ], [ -78.843445000047666, 42.896316000000212 ], [ -78.844583000047763, 42.895958000000199 ], [ -78.845808000047882, 42.8955720000002 ], [ -78.84582800004786, 42.897642000000211 ], [ -78.84584300004785, 42.899586000000191 ] ] ] } },
{ "type": "Feature", "properties": { "ed_key": "Buffalo ELL 16", "nbhdname": "Broadway Fillmore", "nbhdnum": 27.0 }, "geometry": { "type": "Polygon", "coordinates": [ [ [ -78.841551000047446, 42.903691000000244 ], [ -78.840474000047351, 42.903680000000215 ], [ -78.839311000047246, 42.903667000000212 ], [ -78.837695000047106, 42.9036520000002 ], [ -78.836522000047012, 42.903636000000198 ], [ -78.835840000046957, 42.903627000000185 ], [ -78.836524000047007, 42.903572000000239 ], [ -78.83652600004703, 42.903491000000223 ], [ -78.836655000047031, 42.903438000000236 ], [ -78.836638000047046, 42.902442000000235 ], [ -78.83662900004704, 42.900894000000207 ], [ -78.836624000047067, 42.899989000000204 ], [ -78.836622000047072, 42.899063000000211 ], [ -78.836620000047063, 42.898840000000213 ], [ -78.836619000047051, 42.898479000000208 ], [ -78.838652000047233, 42.897834000000195 ], [ -78.838963000047258, 42.897736000000208 ], [ -78.83929200004728, 42.897632000000179 ], [ -78.840049000047358, 42.897393000000221 ], [ -78.841190000047447, 42.89702500000022 ], [ -78.841185000047446, 42.897775000000237 ], [ -78.841186000047443, 42.899083000000232 ], [ -78.841195000047421, 42.900677000000215 ], [ -78.841198000047441, 42.901522000000213 ], [ -78.841352000047451, 42.901456000000202 ], [ -78.841549000047451, 42.901374000000196 ], [ -78.841551000047446, 42.903691000000244 ] ] ] } },
{ "type": "Feature", "properties": { "ed_key": "Buffalo ELL 15", "nbhdname": "Broadway Fillmore", "nbhdnum": 27.0 }, "geometry": { "type": "Polygon", "coordinates": [ [ [ -78.835840000046957, 42.903627000000185 ], [ -78.835505000046922, 42.903621000000228 ], [ -78.834980000046869, 42.903610000000185 ], [ -78.834501000046856, 42.903604000000207 ], [ -78.833560000046774, 42.903590000000214 ], [ -78.833314000046755, 42.90358600000021 ], [ -78.832669000046693, 42.903577000000197 ], [ -78.832121000046641, 42.903569000000211 ], [ -78.831745000046595, 42.903564000000237 ], [ -78.830937000046561, 42.903547000000195 ], [ -78.830745000046505, 42.903545000000207 ], [ -78.829946000046462, 42.903535000000218 ], [ -78.829745000046444, 42.903533000000209 ], [ -78.828904000046379, 42.903524000000218 ], [ -78.828880000046382, 42.900915000000246 ], [ -78.829934000046478, 42.900586000000224 ], [ -78.830767000046535, 42.900324000000218 ], [ -78.830850000046524, 42.900299000000189 ], [ -78.831766000046628, 42.900016000000193 ], [ -78.832677000046715, 42.899718000000227 ], [ -78.833567000046784, 42.899441000000195 ], [ -78.834509000046864, 42.899142000000204 ], [ -78.835536000046957, 42.898817000000207 ], [ -78.836619000047051, 42.898479000000208 ], [ -78.836620000047063, 42.898840000000213 ], [ -78.836622000047072, 42.899063000000211 ], [ -78.836624000047067, 42.899989000000204 ], [ -78.83662900004704, 42.900894000000207 ], [ -78.836638000047046, 42.902442000000235 ], [ -78.836655000047031, 42.903438000000236 ], [ -78.83652600004703, 42.903491000000223 ], [ -78.836524000047007, 42.903572000000239 ], [ -78.835840000046957, 42.903627000000185 ] ] ] } },
{ "type": "Feature", "properties": { "ed_key": "Buffalo ELL 14", "nbhdname": "MLK Park", "nbhdnum": 22.0 }, "geometry": { "type": "Polygon", "coordinates": [ [ [ -78.828988000046337, 42.911233000000209 ], [ -78.827974000046225, 42.911226000000205 ], [ -78.82571900004605, 42.911200000000221 ], [ -78.824256000045921, 42.911187000000197 ], [ -78.824259000045913, 42.912013000000222 ], [ -78.825722000046056, 42.912033000000207 ], [ -78.826391000046115, 42.912042000000234 ], [ -78.826395000046105, 42.912847000000205 ], [ -78.826397000046086, 42.913626000000207 ], [ -78.826400000046092, 42.914480000000211 ], [ -78.825362000045999, 42.914463000000204 ], [ -78.824412000045939, 42.91447400000019 ], [ -78.824286000045902, 42.914477000000204 ], [ -78.823756000045833, 42.914489000000223 ], [ -78.823287000045809, 42.914503000000224 ], [ -78.822636000045762, 42.914523000000237 ], [ -78.822315000045748, 42.914534000000224 ], [ -78.821523000045673, 42.914559000000224 ], [ -78.821335000045664, 42.914565000000195 ], [ -78.820432000045585, 42.91459500000019 ], [ -78.820355000045595, 42.914598000000183 ], [ -78.819313000045483, 42.914632000000211 ], [ -78.818490000045429, 42.914652000000181 ], [ -78.818668000045477, 42.910653000000195 ], [ -78.818709000045473, 42.909741000000203 ], [ -78.820339000045593, 42.909734000000213 ], [ -78.820952000045651, 42.9097310000002 ], [ -78.821297000045689, 42.909594000000183 ], [ -78.821819000045735, 42.909393000000193 ], [ -78.822286000045764, 42.909205000000199 ], [ -78.822553000045801, 42.909097000000202 ], [ -78.823227000045861, 42.908827000000201 ], [ -78.823214000045866, 42.906009000000203 ], [ -78.824234000045948, 42.906004000000209 ], [ -78.824215000045967, 42.903466000000215 ], [ -78.824871000046016, 42.903480000000229 ], [ -78.825249000046057, 42.903487000000183 ], [ -78.826022000046081, 42.903494000000158 ], [ -78.826264000046137, 42.903497000000201 ], [ -78.827003000046204, 42.90350400000019 ], [ -78.82729300004624, 42.903507000000197 ], [ -78.828015000046264, 42.9035140000002 ], [ -78.828314000046333, 42.90351800000019 ], [ -78.828904000046379, 42.903524000000218 ], [ -78.829745000046444, 42.903533000000209 ], [ -78.829946000046462, 42.903535000000218 ], [ -78.830745000046505, 42.903545000000207 ], [ -78.830937000046561, 42.903547000000195 ], [ -78.831745000046595, 42.903564000000237 ], [ -78.832121000046641, 42.903569000000211 ], [ -78.832669000046693, 42.903577000000197 ], [ -78.833314000046755, 42.90358600000021 ], [ -78.833312000046746, 42.904272000000219 ], [ -78.83332000004674, 42.904789000000221 ], [ -78.833179000046727, 42.904846000000191 ], [ -78.832924000046702, 42.904950000000198 ], [ -78.832372000046661, 42.905162000000225 ], [ -78.832369000046654, 42.905479000000199 ], [ -78.832376000046636, 42.906534000000192 ], [ -78.832381000046652, 42.907190000000206 ], [ -78.832390000046644, 42.908249000000204 ], [ -78.83239000004663, 42.908720000000223 ], [ -78.832396000046629, 42.909076000000212 ], [ -78.832399000046621, 42.909314000000201 ], [ -78.832412000046645, 42.909951000000213 ], [ -78.832413000046643, 42.910394000000231 ], [ -78.832421000046608, 42.911278000000216 ], [ -78.830611000046474, 42.911252000000211 ], [ -78.830518000046425, 42.911250000000216 ], [ -78.830219000046412, 42.911241000000203 ], [ -78.828988000046337, 42.911233000000209 ] ] ] } },
{ "type": "Feature", "properties": { "ed_key": "Buffalo ELL 9", "nbhdname": "Genesee-Moselle", "nbhdnum": 23.0 }, "geometry": { "type": "Polygon", "coordinates": [ [ [ -78.818490000045429, 42.914652000000181 ], [ -78.817720000045355, 42.91465800000018 ], [ -78.816729000045285, 42.914663000000196 ], [ -78.815728000045183, 42.914669000000224 ], [ -78.814717000045121, 42.914673000000192 ], [ -78.814707000045118, 42.913191000000175 ], [ -78.814718000045133, 42.9122300000002 ], [ -78.814758000045131, 42.912214000000198 ], [ -78.814752000045132, 42.909795000000187 ], [ -78.814751000045135, 42.909754000000191 ], [ -78.814776000045129, 42.909754000000234 ], [ -78.815775000045235, 42.909751000000213 ], [ -78.815807000045211, 42.909751000000199 ], [ -78.816800000045319, 42.909748000000214 ], [ -78.816848000045297, 42.909748000000185 ], [ -78.817818000045392, 42.909744000000195 ], [ -78.817878000045368, 42.909744000000209 ], [ -78.818709000045473, 42.909741000000203 ], [ -78.818668000045477, 42.910653000000195 ], [ -78.818490000045429, 42.914652000000181 ] ] ] } },
{ "type": "Feature", "properties": { "ed_key": "Buffalo ELL 22", "nbhdname": "Broadway Fillmore", "nbhdnum": 27.0 }, "geometry": { "type": "Polygon", "coordinates": [ [ [ -78.847007000048023, 42.891321000000218 ], [ -78.84790600004807, 42.891126000000234 ], [ -78.848253000048103, 42.89105900000024 ], [ -78.848871000048177, 42.890930000000225 ], [ -78.849650000048229, 42.890767000000174 ], [ -78.849951000048264, 42.890698000000192 ], [ -78.850921000048359, 42.890473000000192 ], [ -78.851945000048417, 42.89023800000021 ], [ -78.852943000048526, 42.890008000000201 ], [ -78.853383000048566, 42.889913000000199 ], [ -78.85396800004861, 42.889787000000233 ], [ -78.855589000048752, 42.889436000000217 ], [ -78.855614000048774, 42.889430000000196 ], [ -78.855625000048775, 42.889466000000226 ], [ -78.855798000048779, 42.889889000000203 ], [ -78.855903000048798, 42.890150000000219 ], [ -78.856145000048812, 42.890747000000225 ], [ -78.856385000048832, 42.89133300000023 ], [ -78.856653000048837, 42.891992000000215 ], [ -78.856723000048859, 42.892149000000224 ], [ -78.857213000048915, 42.89279600000021 ], [ -78.858396000048998, 42.894367000000202 ], [ -78.858457000048986, 42.894449000000243 ], [ -78.858979000049047, 42.895133000000222 ], [ -78.859274000049041, 42.895171000000204 ], [ -78.85956200004911, 42.895209000000236 ], [ -78.858540000049018, 42.895641000000218 ], [ -78.856047000048775, 42.896652000000216 ], [ -78.855674000048722, 42.896628000000248 ], [ -78.855318000048698, 42.896605000000207 ], [ -78.853956000048584, 42.896590000000238 ], [ -78.853953000048605, 42.896170000000232 ], [ -78.851937000048395, 42.89701700000019 ], [ -78.850937000048333, 42.897438000000228 ], [ -78.849706000048187, 42.897955000000231 ], [ -78.849493000048184, 42.898044000000198 ], [ -78.848664000048103, 42.898391000000217 ], [ -78.848311000048071, 42.898543000000231 ], [ -78.847083000047974, 42.899066000000211 ], [ -78.84584300004785, 42.899586000000191 ], [ -78.84582800004786, 42.897642000000211 ], [ -78.845808000047882, 42.8955720000002 ], [ -78.845809000047865, 42.895327000000222 ], [ -78.845793000047877, 42.893107000000228 ], [ -78.845776000047863, 42.892647000000196 ], [ -78.845774000047896, 42.891590000000221 ], [ -78.845944000047908, 42.891552000000189 ], [ -78.846919000047976, 42.891341000000196 ], [ -78.847007000048023, 42.891321000000218 ] ] ] } },
{ "type": "Feature", "properties": { "ed_key": "Buffalo ELL 21", "nbhdname": "Fruit Belt", "nbhdnum": 28.0 }, "geometry": { "type": "Polygon", "coordinates": [ [ [ -78.861120000049212, 42.89670700000022 ], [ -78.860097000049109, 42.896698000000207 ], [ -78.859079000049022, 42.896684000000235 ], [ -78.858060000048951, 42.896675000000243 ], [ -78.857050000048858, 42.896663000000217 ], [ -78.856351000048775, 42.896660000000203 ], [ -78.856047000048775, 42.896652000000216 ], [ -78.858540000049018, 42.895641000000218 ], [ -78.85956200004911, 42.895209000000236 ], [ -78.859274000049041, 42.895171000000204 ], [ -78.858979000049047, 42.895133000000222 ], [ -78.858457000048986, 42.894449000000243 ], [ -78.858396000048998, 42.894367000000202 ], [ -78.859369000049085, 42.893970000000209 ], [ -78.859929000049121, 42.893745000000216 ], [ -78.861008000049239, 42.893298000000215 ], [ -78.861386000049279, 42.893142000000203 ], [ -78.861956000049332, 42.892918000000222 ], [ -78.862084000049308, 42.892866000000225 ], [ -78.862934000049407, 42.892522000000213 ], [ -78.863826000049499, 42.892162000000205 ], [ -78.863877000049484, 42.89214100000023 ], [ -78.865027000049608, 42.891668000000223 ], [ -78.865947000049715, 42.891293000000225 ], [ -78.865572000049653, 42.892458000000204 ], [ -78.86538400004963, 42.893036000000222 ], [ -78.865433000049649, 42.89303000000023 ], [ -78.865679000049653, 42.892998000000205 ], [ -78.866921000049757, 42.892900000000239 ], [ -78.866959000049746, 42.892897000000211 ], [ -78.867367000049825, 42.89284900000024 ], [ -78.868275000049891, 42.892868000000234 ], [ -78.86790700004984, 42.894003000000204 ], [ -78.867699000049839, 42.894655000000213 ], [ -78.869033000049939, 42.894880000000235 ], [ -78.870238000050051, 42.895074000000228 ], [ -78.871121000050124, 42.895225000000245 ], [ -78.871292000050147, 42.895133000000214 ], [ -78.871254000050143, 42.895248000000223 ], [ -78.870918000050125, 42.896270000000243 ], [ -78.870752000050103, 42.896774000000214 ], [ -78.870555000050047, 42.896823000000218 ], [ -78.869657000049997, 42.896814000000226 ], [ -78.868385000049884, 42.896794000000249 ], [ -78.868179000049835, 42.897424000000214 ], [ -78.867380000049792, 42.897280000000244 ], [ -78.866901000049751, 42.897196000000228 ], [ -78.866043000049643, 42.89704600000023 ], [ -78.865533000049624, 42.89694600000022 ], [ -78.864407000049525, 42.896747000000239 ], [ -78.864183000049465, 42.896744000000204 ], [ -78.863149000049418, 42.89673200000022 ], [ -78.862130000049319, 42.896721000000205 ], [ -78.861120000049212, 42.89670700000022 ] ] ] } },
{ "type": "Feature", "properties": { "ed_key": "Buffalo ELL 25", "nbhdname": "Pratt-Willert", "nbhdnum": 29.0 }, "geometry": { "type": "Polygon", "coordinates": [ [ [ -78.858396000048998, 42.894367000000202 ], [ -78.857213000048915, 42.89279600000021 ], [ -78.856723000048859, 42.892149000000224 ], [ -78.856653000048837, 42.891992000000215 ], [ -78.856385000048832, 42.89133300000023 ], [ -78.856145000048812, 42.890747000000225 ], [ -78.855903000048798, 42.890150000000219 ], [ -78.855798000048779, 42.889889000000203 ], [ -78.855625000048775, 42.889466000000226 ], [ -78.855614000048774, 42.889430000000196 ], [ -78.856178000048828, 42.889304000000195 ], [ -78.856482000048842, 42.88923500000022 ], [ -78.856877000048897, 42.889146000000224 ], [ -78.857279000048919, 42.88905600000021 ], [ -78.857518000048955, 42.889014000000216 ], [ -78.85791500004899, 42.888927000000209 ], [ -78.858485000049043, 42.888801000000214 ], [ -78.858525000049013, 42.88879300000022 ], [ -78.858970000049069, 42.88869500000019 ], [ -78.859709000049151, 42.888533000000223 ], [ -78.86029000004919, 42.888406000000231 ], [ -78.859826000049168, 42.887279000000177 ], [ -78.858872000049089, 42.885000000000211 ], [ -78.859602000049151, 42.884985000000199 ], [ -78.860056000049184, 42.884977000000241 ], [ -78.86082900004925, 42.884963000000205 ], [ -78.862112000049379, 42.884937000000207 ], [ -78.862493000049412, 42.884930000000246 ], [ -78.863363000049503, 42.884913000000218 ], [ -78.864433000049573, 42.887519000000182 ], [ -78.864757000049593, 42.887451000000212 ], [ -78.865634000049695, 42.887256000000221 ], [ -78.86636500004974, 42.887092000000209 ], [ -78.866837000049784, 42.886990000000225 ], [ -78.866992000049805, 42.886956000000232 ], [ -78.86743900004987, 42.886838000000211 ], [ -78.867634000049875, 42.886182000000218 ], [ -78.867784000049895, 42.885713000000223 ], [ -78.867890000049911, 42.8854040000002 ], [ -78.867965000049892, 42.885148000000193 ], [ -78.868475000049983, 42.885238000000207 ], [ -78.869311000050033, 42.88538900000021 ], [ -78.870116000050075, 42.88553200000019 ], [ -78.870636000050155, 42.885631000000238 ], [ -78.871924000050242, 42.885861000000205 ], [ -78.871956000050261, 42.8858600000002 ], [ -78.871899000050249, 42.886045000000209 ], [ -78.871665000050228, 42.886807000000211 ], [ -78.871587000050241, 42.887027000000224 ], [ -78.871198000050185, 42.888247000000227 ], [ -78.872403000050312, 42.888450000000219 ], [ -78.872298000050279, 42.888771000000247 ], [ -78.872190000050267, 42.88911400000022 ], [ -78.872072000050267, 42.889488000000235 ], [ -78.871932000050236, 42.889907000000193 ], [ -78.871487000050209, 42.891255000000243 ], [ -78.871290000050166, 42.891861000000212 ], [ -78.871110000050166, 42.892395000000242 ], [ -78.870865000050117, 42.893135000000221 ], [ -78.871890000050229, 42.893315000000229 ], [ -78.871507000050144, 42.894460000000215 ], [ -78.871334000050169, 42.895001000000235 ], [ -78.871292000050147, 42.895133000000214 ], [ -78.871121000050124, 42.895225000000245 ], [ -78.870238000050051, 42.895074000000228 ], [ -78.869033000049939, 42.894880000000235 ], [ -78.867699000049839, 42.894655000000213 ], [ -78.86790700004984, 42.894003000000204 ], [ -78.868275000049891, 42.892868000000234 ], [ -78.867367000049825, 42.89284900000024 ], [ -78.866959000049746, 42.892897000000211 ], [ -78.866921000049757, 42.892900000000239 ], [ -78.865679000049653, 42.892998000000205 ], [ -78.865433000049649, 42.89303000000023 ], [ -78.86538400004963, 42.893036000000222 ], [ -78.865572000049653, 42.892458000000204 ], [ -78.865947000049715, 42.891293000000225 ], [ -78.865027000049608, 42.891668000000223 ], [ -78.863877000049484, 42.89214100000023 ], [ -78.863826000049499, 42.892162000000205 ], [ -78.862934000049407, 42.892522000000213 ], [ -78.862084000049308, 42.892866000000225 ], [ -78.861956000049332, 42.892918000000222 ], [ -78.861386000049279, 42.893142000000203 ], [ -78.861008000049239, 42.893298000000215 ], [ -78.859929000049121, 42.893745000000216 ], [ -78.859369000049085, 42.893970000000209 ], [ -78.858396000048998, 42.894367000000202 ] ] ] } },
{ "type": "Feature", "properties": { "ed_key": "Buffalo ELL 27", "nbhdname": "Pratt-Willert", "nbhdnum": 29.0 }, "geometry": { "type": "Polygon", "coordinates": [ [ [ -78.855614000048774, 42.889430000000196 ], [ -78.855589000048752, 42.889436000000217 ], [ -78.85396800004861, 42.889787000000233 ], [ -78.853383000048566, 42.889913000000199 ], [ -78.852943000048526, 42.890008000000201 ], [ -78.851945000048417, 42.89023800000021 ], [ -78.850921000048359, 42.890473000000192 ], [ -78.849951000048264, 42.890698000000192 ], [ -78.849947000048275, 42.889805000000216 ], [ -78.849937000048257, 42.88891300000023 ], [ -78.849936000048274, 42.887823000000218 ], [ -78.850916000048358, 42.887821000000201 ], [ -78.851926000048465, 42.887822000000213 ], [ -78.852925000048529, 42.887821000000237 ], [ -78.853394000048581, 42.887817000000211 ], [ -78.853955000048629, 42.887814000000205 ], [ -78.853959000048633, 42.886833000000216 ], [ -78.85395100004861, 42.885772000000216 ], [ -78.853947000048635, 42.885169000000189 ], [ -78.853946000048666, 42.885094000000208 ], [ -78.854943000048721, 42.885075000000192 ], [ -78.855158000048746, 42.885071000000224 ], [ -78.855663000048807, 42.885061000000242 ], [ -78.856942000048903, 42.885037000000217 ], [ -78.857586000048968, 42.885024000000193 ], [ -78.858213000049048, 42.885012000000231 ], [ -78.858275000049048, 42.885011000000205 ], [ -78.858872000049089, 42.885000000000211 ], [ -78.859826000049168, 42.887279000000177 ], [ -78.86029000004919, 42.888406000000231 ], [ -78.859709000049151, 42.888533000000223 ], [ -78.858970000049069, 42.88869500000019 ], [ -78.858525000049013, 42.88879300000022 ], [ -78.858485000049043, 42.888801000000214 ], [ -78.85791500004899, 42.888927000000209 ], [ -78.857518000048955, 42.889014000000216 ], [ -78.857279000048919, 42.88905600000021 ], [ -78.856877000048897, 42.889146000000224 ], [ -78.856482000048842, 42.88923500000022 ], [ -78.856178000048828, 42.889304000000195 ], [ -78.855614000048774, 42.889430000000196 ] ] ] } },
{ "type": "Feature", "properties": { "ed_key": "Buffalo ELL 17", "nbhdname": "Broadway Fillmore", "nbhdnum": 27.0 }, "geometry": { "type": "Polygon", "coordinates": [ [ [ -78.849951000048264, 42.890698000000192 ], [ -78.849650000048229, 42.890767000000174 ], [ -78.848871000048177, 42.890930000000225 ], [ -78.848253000048103, 42.89105900000024 ], [ -78.84790600004807, 42.891126000000234 ], [ -78.847007000048023, 42.891321000000218 ], [ -78.846919000047976, 42.891341000000196 ], [ -78.846916000047983, 42.889626000000199 ], [ -78.846920000048001, 42.887837000000225 ], [ -78.84695200004802, 42.887837000000218 ], [ -78.846945000048052, 42.885098000000191 ], [ -78.846945000048052, 42.885078000000242 ], [ -78.846953000048032, 42.884602000000221 ], [ -78.846953000048032, 42.883338000000215 ], [ -78.847291000048045, 42.88334300000021 ], [ -78.847938000048117, 42.883342000000205 ], [ -78.848935000048229, 42.883341000000222 ], [ -78.848939000048205, 42.882783000000202 ], [ -78.848943000048237, 42.882339000000222 ], [ -78.848955000048235, 42.8818920000002 ], [ -78.84894900004825, 42.881789000000211 ], [ -78.848948000048225, 42.881429000000232 ], [ -78.84894600004823, 42.880985000000237 ], [ -78.848959000048239, 42.879779000000191 ], [ -78.848964000048255, 42.879232000000229 ], [ -78.848967000048248, 42.878965000000214 ], [ -78.848968000048245, 42.878879000000232 ], [ -78.848971000048252, 42.878472000000194 ], [ -78.848973000048261, 42.878071000000219 ], [ -78.849050000048251, 42.87808800000019 ], [ -78.851239000048437, 42.878465000000212 ], [ -78.852045000048506, 42.87860300000019 ], [ -78.853929000048666, 42.878927000000225 ], [ -78.854337000048716, 42.878993000000229 ], [ -78.854269000048703, 42.879211000000197 ], [ -78.854076000048707, 42.879788000000211 ], [ -78.853910000048671, 42.880287000000195 ], [ -78.853911000048669, 42.880642000000229 ], [ -78.85391600004867, 42.881588000000228 ], [ -78.853918000048637, 42.881845000000219 ], [ -78.853929000048652, 42.88268200000023 ], [ -78.853932000048673, 42.883329000000245 ], [ -78.853936000048677, 42.883835000000204 ], [ -78.853946000048666, 42.885094000000208 ], [ -78.853947000048635, 42.885169000000189 ], [ -78.85395100004861, 42.885772000000216 ], [ -78.853959000048633, 42.886833000000216 ], [ -78.853955000048629, 42.887814000000205 ], [ -78.853394000048581, 42.887817000000211 ], [ -78.852925000048529, 42.887821000000237 ], [ -78.851926000048465, 42.887822000000213 ], [ -78.850916000048358, 42.887821000000201 ], [ -78.849936000048274, 42.887823000000218 ], [ -78.849937000048257, 42.88891300000023 ], [ -78.849947000048275, 42.889805000000216 ], [ -78.849951000048264, 42.890698000000192 ] ] ] } },
{ "type": "Feature", "properties": { "ed_key": "Buffalo ELL 26", "nbhdname": "Ellicott", "nbhdnum": 30.0 }, "geometry": { "type": "Polygon", "coordinates": [ [ [ -78.856096000048879, 42.877799000000223 ], [ -78.855928000048891, 42.878329000000249 ], [ -78.855895000048875, 42.878403000000219 ], [ -78.855800000048873, 42.878561000000211 ], [ -78.855722000048843, 42.878652000000237 ], [ -78.855624000048849, 42.878740000000228 ], [ -78.855417000048831, 42.878870000000212 ], [ -78.855248000048803, 42.878943000000241 ], [ -78.855141000048803, 42.878983000000197 ], [ -78.855114000048786, 42.878994000000191 ], [ -78.855004000048794, 42.879025000000219 ], [ -78.854889000048772, 42.87904100000025 ], [ -78.854730000048775, 42.87904600000023 ], [ -78.854565000048723, 42.879038000000229 ], [ -78.854488000048747, 42.879026000000209 ], [ -78.854337000048716, 42.878993000000229 ], [ -78.853929000048666, 42.878927000000225 ], [ -78.852045000048506, 42.87860300000019 ], [ -78.851239000048437, 42.878465000000212 ], [ -78.849050000048251, 42.87808800000019 ], [ -78.848973000048261, 42.878071000000219 ], [ -78.848975000048256, 42.877672000000217 ], [ -78.848977000048265, 42.877360000000223 ], [ -78.849099000048255, 42.877105000000199 ], [ -78.84911000004827, 42.877085000000207 ], [ -78.849633000048328, 42.876409000000173 ], [ -78.849675000048322, 42.876428000000203 ], [ -78.850396000048391, 42.876320000000206 ], [ -78.851031000048451, 42.876243000000201 ], [ -78.852703000048606, 42.876537000000205 ], [ -78.853932000048701, 42.8767530000002 ], [ -78.854610000048751, 42.876880000000213 ], [ -78.854758000048761, 42.876730000000208 ], [ -78.854873000048784, 42.876566000000203 ], [ -78.854956000048787, 42.876377000000225 ], [ -78.855243000048816, 42.875505000000217 ], [ -78.855489000048848, 42.875550000000217 ], [ -78.856746000048958, 42.87578100000021 ], [ -78.856648000048949, 42.87608200000021 ], [ -78.856293000048893, 42.877179000000204 ], [ -78.856096000048879, 42.877799000000223 ] ] ] } },
{ "type": "Feature", "properties": { "ed_key": "Buffalo ELL 23", "nbhdname": "Pratt-Willert", "nbhdnum": 29.0 }, "geometry": { "type": "Polygon", "coordinates": [ [ [ -78.853946000048666, 42.885094000000208 ], [ -78.853936000048677, 42.883835000000204 ], [ -78.853932000048673, 42.883329000000245 ], [ -78.853929000048652, 42.88268200000023 ], [ -78.853918000048637, 42.881845000000219 ], [ -78.85391600004867, 42.881588000000228 ], [ -78.853911000048669, 42.880642000000229 ], [ -78.853910000048671, 42.880287000000195 ], [ -78.854076000048707, 42.879788000000211 ], [ -78.854269000048703, 42.879211000000197 ], [ -78.854337000048716, 42.878993000000229 ], [ -78.854488000048747, 42.879026000000209 ], [ -78.854565000048723, 42.879038000000229 ], [ -78.854730000048775, 42.87904600000023 ], [ -78.854889000048772, 42.87904100000025 ], [ -78.855004000048794, 42.879025000000219 ], [ -78.855114000048786, 42.878994000000191 ], [ -78.855141000048803, 42.878983000000197 ], [ -78.855248000048803, 42.878943000000241 ], [ -78.855417000048831, 42.878870000000212 ], [ -78.855624000048849, 42.878740000000228 ], [ -78.855722000048843, 42.878652000000237 ], [ -78.855800000048873, 42.878561000000211 ], [ -78.855895000048875, 42.878403000000219 ], [ -78.855928000048891, 42.878329000000249 ], [ -78.856096000048879, 42.877799000000223 ], [ -78.857979000049056, 42.878129000000214 ], [ -78.859258000049138, 42.878354000000208 ], [ -78.860435000049264, 42.878556000000202 ], [ -78.860799000049298, 42.87861600000025 ], [ -78.861975000049398, 42.878820000000204 ], [ -78.86177000004939, 42.879439000000197 ], [ -78.860190000049244, 42.879166000000239 ], [ -78.85993300004921, 42.879974000000203 ], [ -78.859667000049186, 42.880827000000231 ], [ -78.859646000049196, 42.880893000000199 ], [ -78.859413000049159, 42.88157500000019 ], [ -78.859331000049153, 42.881820000000204 ], [ -78.859020000049114, 42.882748000000227 ], [ -78.858862000049086, 42.883224000000219 ], [ -78.858598000049057, 42.884016000000216 ], [ -78.858441000049055, 42.884499000000233 ], [ -78.858275000049048, 42.885011000000205 ], [ -78.858213000049048, 42.885012000000231 ], [ -78.857586000048968, 42.885024000000193 ], [ -78.856942000048903, 42.885037000000217 ], [ -78.855663000048807, 42.885061000000242 ], [ -78.855158000048746, 42.885071000000224 ], [ -78.854943000048721, 42.885075000000192 ], [ -78.853946000048666, 42.885094000000208 ] ] ] } },
{ "type": "Feature", "properties": { "ed_key": "Buffalo ELL 20", "nbhdname": "Pratt-Willert", "nbhdnum": 29.0 }, "geometry": { "type": "Polygon", "coordinates": [ [ [ -78.867965000049892, 42.885148000000193 ], [ -78.867890000049911, 42.8854040000002 ], [ -78.867784000049895, 42.885713000000223 ], [ -78.867634000049875, 42.886182000000218 ], [ -78.86743900004987, 42.886838000000211 ], [ -78.866992000049805, 42.886956000000232 ], [ -78.866837000049784, 42.886990000000225 ], [ -78.86636500004974, 42.887092000000209 ], [ -78.865634000049695, 42.887256000000221 ], [ -78.864757000049593, 42.887451000000212 ], [ -78.864433000049573, 42.887519000000182 ], [ -78.863363000049503, 42.884913000000218 ], [ -78.862493000049412, 42.884930000000246 ], [ -78.862112000049379, 42.884937000000207 ], [ -78.86082900004925, 42.884963000000205 ], [ -78.860056000049184, 42.884977000000241 ], [ -78.859602000049151, 42.884985000000199 ], [ -78.858872000049089, 42.885000000000211 ], [ -78.858275000049048, 42.885011000000205 ], [ -78.858441000049055, 42.884499000000233 ], [ -78.858598000049057, 42.884016000000216 ], [ -78.858862000049086, 42.883224000000219 ], [ -78.859020000049114, 42.882748000000227 ], [ -78.859331000049153, 42.881820000000204 ], [ -78.859413000049159, 42.88157500000019 ], [ -78.859646000049196, 42.880893000000199 ], [ -78.859667000049186, 42.880827000000231 ], [ -78.85993300004921, 42.879974000000203 ], [ -78.860190000049244, 42.879166000000239 ], [ -78.86177000004939, 42.879439000000197 ], [ -78.861975000049398, 42.878820000000204 ], [ -78.862177000049428, 42.878193000000223 ], [ -78.862434000049447, 42.878238000000266 ], [ -78.862654000049474, 42.877567000000226 ], [ -78.862889000049478, 42.87683800000022 ], [ -78.866374000049802, 42.877437000000228 ], [ -78.86839200004998, 42.877787000000225 ], [ -78.868617000050037, 42.877826000000248 ], [ -78.870129000050156, 42.878102000000212 ], [ -78.869897000050102, 42.878807000000208 ], [ -78.869869000050102, 42.878893000000211 ], [ -78.869670000050093, 42.879504000000203 ], [ -78.869494000050082, 42.880047000000204 ], [ -78.869467000050079, 42.880129000000231 ], [ -78.869364000050084, 42.880763000000229 ], [ -78.86939400005005, 42.880768000000195 ], [ -78.86926300005004, 42.881178000000219 ], [ -78.86914300005003, 42.881551000000236 ], [ -78.869132000050016, 42.881583000000198 ], [ -78.870453000050148, 42.881809000000224 ], [ -78.870448000050132, 42.881827000000236 ], [ -78.871796000050281, 42.882057000000223 ], [ -78.871784000050283, 42.88209500000022 ], [ -78.873113000050381, 42.882335000000239 ], [ -78.874314000050489, 42.882551000000198 ], [ -78.874091000050498, 42.883231000000208 ], [ -78.872894000050366, 42.883024000000241 ], [ -78.872744000050375, 42.883480000000219 ], [ -78.872635000050337, 42.883812000000241 ], [ -78.872610000050329, 42.883911000000218 ], [ -78.872597000050348, 42.883948000000224 ], [ -78.872380000050327, 42.884593000000237 ], [ -78.872229000050297, 42.885049000000222 ], [ -78.871956000050261, 42.8858600000002 ], [ -78.871924000050242, 42.885861000000205 ], [ -78.870636000050155, 42.885631000000238 ], [ -78.870116000050075, 42.88553200000019 ], [ -78.869311000050033, 42.88538900000021 ], [ -78.868475000049983, 42.885238000000207 ], [ -78.867965000049892, 42.885148000000193 ] ] ] } },
{ "type": "Feature", "properties": { "ed_key": "Buffalo ELL 8", "nbhdname": "Ellicott", "nbhdnum": 30.0 }, "geometry": { "type": "Polygon", "coordinates": [ [ [ -78.869132000050016, 42.881583000000198 ], [ -78.86914300005003, 42.881551000000236 ], [ -78.86926300005004, 42.881178000000219 ], [ -78.86939400005005, 42.880768000000195 ], [ -78.869364000050084, 42.880763000000229 ], [ -78.869467000050079, 42.880129000000231 ], [ -78.869494000050082, 42.880047000000204 ], [ -78.869670000050093, 42.879504000000203 ], [ -78.869869000050102, 42.878893000000211 ], [ -78.869897000050102, 42.878807000000208 ], [ -78.870129000050156, 42.878102000000212 ], [ -78.868617000050037, 42.877826000000248 ], [ -78.86839200004998, 42.877787000000225 ], [ -78.866374000049802, 42.877437000000228 ], [ -78.862889000049478, 42.87683800000022 ], [ -78.862654000049474, 42.877567000000226 ], [ -78.862434000049447, 42.878238000000266 ], [ -78.862177000049428, 42.878193000000223 ], [ -78.861975000049398, 42.878820000000204 ], [ -78.860799000049298, 42.87861600000025 ], [ -78.860435000049264, 42.878556000000202 ], [ -78.859258000049138, 42.878354000000208 ], [ -78.857979000049056, 42.878129000000214 ], [ -78.856096000048879, 42.877799000000223 ], [ -78.856293000048893, 42.877179000000204 ], [ -78.856648000048949, 42.87608200000021 ], [ -78.856746000048958, 42.87578100000021 ], [ -78.856881000048972, 42.875353000000189 ], [ -78.857157000049, 42.874481000000223 ], [ -78.857353000049031, 42.87386300000022 ], [ -78.857461000049042, 42.873522000000229 ], [ -78.857495000049028, 42.873416000000226 ], [ -78.857544000049018, 42.873261000000205 ], [ -78.857744000049067, 42.872631000000226 ], [ -78.857922000049086, 42.872070000000228 ], [ -78.858055000049106, 42.87165100000022 ], [ -78.858217000049109, 42.87115400000021 ], [ -78.86051600004933, 42.871559000000225 ], [ -78.860677000049321, 42.871067000000217 ], [ -78.861631000049442, 42.871233000000203 ], [ -78.863085000049551, 42.871478000000216 ], [ -78.863751000049589, 42.871603000000206 ], [ -78.864423000049669, 42.871721000000242 ], [ -78.864544000049676, 42.871735000000221 ], [ -78.868017000049988, 42.872337000000186 ], [ -78.869231000050107, 42.872548000000229 ], [ -78.869855000050165, 42.872672000000229 ], [ -78.869969000050148, 42.872692000000214 ], [ -78.870696000050231, 42.872819000000227 ], [ -78.87176700005034, 42.873006000000203 ], [ -78.871452000050297, 42.873980000000223 ], [ -78.871136000050257, 42.874956000000189 ], [ -78.871466000050305, 42.875014000000192 ], [ -78.872239000050342, 42.875150000000232 ], [ -78.872396000050372, 42.875177000000207 ], [ -78.872765000050407, 42.875241000000244 ], [ -78.873691000050471, 42.875404000000238 ], [ -78.874687000050585, 42.875579000000229 ], [ -78.875664000050662, 42.875750000000224 ], [ -78.876497000050762, 42.875897000000229 ], [ -78.876059000050688, 42.877230000000218 ], [ -78.875725000050664, 42.878237000000233 ], [ -78.875601000050636, 42.878609000000232 ], [ -78.875576000050643, 42.878684000000234 ], [ -78.875563000050647, 42.878721000000205 ], [ -78.875544000050638, 42.878779000000222 ], [ -78.875523000050634, 42.878842000000226 ], [ -78.875504000050654, 42.87890000000025 ], [ -78.875460000050637, 42.879033000000213 ], [ -78.875335000050598, 42.879368000000206 ], [ -78.874991000050571, 42.880430000000239 ], [ -78.874638000050538, 42.881537000000236 ], [ -78.874600000050535, 42.881662000000233 ], [ -78.87446300005054, 42.882087000000233 ], [ -78.874314000050489, 42.882551000000198 ], [ -78.873113000050381, 42.882335000000239 ], [ -78.871784000050283, 42.88209500000022 ], [ -78.871796000050281, 42.882057000000223 ], [ -78.870448000050132, 42.881827000000236 ], [ -78.870453000050148, 42.881809000000224 ], [ -78.869132000050016, 42.881583000000198 ] ] ] } },
{ "type": "Feature", "properties": { "ed_key": "Buffalo MAS 1", "nbhdname": "Fillmore-Leroy", "nbhdnum": 17.0 }, "geometry": { "type": "Polygon", "coordinates": [ [ [ -78.837990000046943, 42.940250000000205 ], [ -78.836933000046841, 42.941203000000222 ], [ -78.836213000046754, 42.941871000000226 ], [ -78.835566000046697, 42.942476000000219 ], [ -78.83481000004663, 42.943144000000203 ], [ -78.834044000046575, 42.943851000000215 ], [ -78.833794000046538, 42.944069000000212 ], [ -78.832834000046461, 42.944939000000218 ], [ -78.832804000046451, 42.944967000000197 ], [ -78.830324000046261, 42.943488000000222 ], [ -78.829979000046237, 42.943241000000199 ], [ -78.829867000046193, 42.94310100000019 ], [ -78.829730000046197, 42.942835000000223 ], [ -78.829620000046205, 42.94288200000021 ], [ -78.829541000046177, 42.942863000000187 ], [ -78.829415000046168, 42.94274700000021 ], [ -78.829168000046167, 42.942350000000197 ], [ -78.828910000046122, 42.941814000000221 ], [ -78.828225000046103, 42.94055200000021 ], [ -78.8281250000461, 42.940323000000227 ], [ -78.828121000046067, 42.940124000000218 ], [ -78.82815000004608, 42.939464000000214 ], [ -78.828154000046098, 42.939138000000185 ], [ -78.828161000046109, 42.938812000000212 ], [ -78.828164000046101, 42.938653000000208 ], [ -78.828199000046112, 42.937159000000236 ], [ -78.828217000046124, 42.936382000000187 ], [ -78.829353000046183, 42.936405000000235 ], [ -78.830478000046284, 42.936428000000205 ], [ -78.830983000046359, 42.936438000000223 ], [ -78.831058000046355, 42.936439000000206 ], [ -78.831420000046364, 42.936447000000214 ], [ -78.831602000046416, 42.936450000000235 ], [ -78.831614000046415, 42.936025000000193 ], [ -78.831635000046418, 42.935231000000186 ], [ -78.834988000046707, 42.935285000000235 ], [ -78.837046000046868, 42.935319000000213 ], [ -78.83738400004691, 42.935316000000221 ], [ -78.838435000046999, 42.935341000000243 ], [ -78.839234000047071, 42.93534900000023 ], [ -78.839232000047048, 42.936029000000204 ], [ -78.839230000047053, 42.936134000000216 ], [ -78.839222000047073, 42.936500000000215 ], [ -78.839213000047053, 42.937021000000236 ], [ -78.839210000047061, 42.937172000000245 ], [ -78.83921400004705, 42.937816000000232 ], [ -78.839218000047055, 42.938622000000244 ], [ -78.839217000047043, 42.939107000000192 ], [ -78.839042000047044, 42.939270000000185 ], [ -78.838739000046999, 42.939578000000225 ], [ -78.837990000046943, 42.940250000000205 ] ] ] } },
{ "type": "Feature", "properties": { "ed_key": "Buffalo MAS 4", "nbhdname": "Fillmore-Leroy", "nbhdnum": 17.0 }, "geometry": { "type": "Polygon", "coordinates": [ [ [ -78.828121000046067, 42.940124000000218 ], [ -78.826520000045946, 42.940109000000199 ], [ -78.826404000045954, 42.940107000000218 ], [ -78.826020000045901, 42.940101000000197 ], [ -78.825354000045877, 42.940093000000232 ], [ -78.824908000045824, 42.940087000000212 ], [ -78.824193000045739, 42.940078000000199 ], [ -78.822945000045664, 42.940093000000211 ], [ -78.822625000045633, 42.940097000000215 ], [ -78.821609000045541, 42.940109000000191 ], [ -78.821561000045548, 42.940109000000213 ], [ -78.820500000045442, 42.940127000000238 ], [ -78.820510000045431, 42.93930800000021 ], [ -78.820521000045474, 42.937737000000176 ], [ -78.820551000045484, 42.936540000000214 ], [ -78.820560000045447, 42.935681000000194 ], [ -78.82024500004546, 42.935281000000231 ], [ -78.820699000045508, 42.935106000000197 ], [ -78.821255000045539, 42.934881000000189 ], [ -78.822399000045635, 42.934417000000224 ], [ -78.823069000045706, 42.934145000000235 ], [ -78.823155000045702, 42.934110000000231 ], [ -78.823232000045707, 42.934079000000217 ], [ -78.823388000045725, 42.934016000000248 ], [ -78.823467000045724, 42.933984000000223 ], [ -78.824280000045803, 42.933654000000203 ], [ -78.82485400004586, 42.933417000000198 ], [ -78.825528000045921, 42.933140000000208 ], [ -78.825983000045923, 42.932966000000192 ], [ -78.826664000045994, 42.93269100000019 ], [ -78.827131000046066, 42.932699000000213 ], [ -78.827373000046038, 42.932703000000217 ], [ -78.828271000046144, 42.9327180000002 ], [ -78.829181000046248, 42.932733000000205 ], [ -78.829401000046246, 42.932737000000216 ], [ -78.830269000046314, 42.932751000000195 ], [ -78.830520000046349, 42.932755000000213 ], [ -78.830829000046336, 42.932760000000208 ], [ -78.831369000046394, 42.932769000000221 ], [ -78.831714000046418, 42.932775000000206 ], [ -78.831679000046435, 42.933612000000203 ], [ -78.83165700004642, 42.934432000000207 ], [ -78.831656000046408, 42.934451000000188 ], [ -78.831635000046418, 42.935231000000186 ], [ -78.831614000046415, 42.936025000000193 ], [ -78.831602000046416, 42.936450000000235 ], [ -78.831420000046364, 42.936447000000214 ], [ -78.831058000046355, 42.936439000000206 ], [ -78.830983000046359, 42.936438000000223 ], [ -78.830478000046284, 42.936428000000205 ], [ -78.829353000046183, 42.936405000000235 ], [ -78.828217000046124, 42.936382000000187 ], [ -78.828199000046112, 42.937159000000236 ], [ -78.828164000046101, 42.938653000000208 ], [ -78.828161000046109, 42.938812000000212 ], [ -78.828154000046098, 42.939138000000185 ], [ -78.82815000004608, 42.939464000000214 ], [ -78.828121000046067, 42.940124000000218 ] ] ] } },
{ "type": "Feature", "properties": { "ed_key": "Buffalo MAS 5", "nbhdname": "Kensington-Bailey", "nbhdnum": 16.0 }, "geometry": { "type": "Polygon", "coordinates": [ [ [ -78.81365300004488, 42.94020200000022 ], [ -78.813649000044862, 42.939391000000207 ], [ -78.817337000045171, 42.939394000000199 ], [ -78.817335000045176, 42.940163000000211 ], [ -78.81528400004504, 42.940182000000235 ], [ -78.814125000044925, 42.94020200000022 ], [ -78.81365300004488, 42.94020200000022 ] ] ] } },
{ "type": "Feature", "properties": { "ed_key": "Buffalo MAS 6", "nbhdname": "Kensington-Bailey", "nbhdnum": 16.0 }, "geometry": { "type": "Polygon", "coordinates": [ [ [ -78.817335000045176, 42.940163000000211 ], [ -78.817337000045171, 42.939394000000199 ], [ -78.813649000044862, 42.939391000000207 ], [ -78.813644000044874, 42.939290000000192 ], [ -78.813648000044907, 42.939124000000206 ], [ -78.813648000044878, 42.938624000000189 ], [ -78.814266000044938, 42.938625000000215 ], [ -78.814296000044934, 42.938621000000225 ], [ -78.816538000045099, 42.937719000000172 ], [ -78.817366000045226, 42.937723000000233 ], [ -78.818404000045291, 42.937727000000194 ], [ -78.818384000045256, 42.9393260000002 ], [ -78.818381000045278, 42.940151000000192 ], [ -78.817335000045176, 42.940163000000211 ] ] ] } },
{ "type": "Feature", "properties": { "ed_key": "Buffalo MAS 7", "nbhdname": "Kensington-Bailey", "nbhdnum": 16.0 }, "geometry": { "type": "Polygon", "coordinates": [ [ [ -78.820500000045442, 42.940127000000238 ], [ -78.820182000045421, 42.940129000000219 ], [ -78.819443000045368, 42.940139000000201 ], [ -78.818381000045278, 42.940151000000192 ], [ -78.818384000045256, 42.9393260000002 ], [ -78.818404000045291, 42.937727000000194 ], [ -78.817366000045226, 42.937723000000233 ], [ -78.816538000045099, 42.937719000000172 ], [ -78.814296000044934, 42.938621000000225 ], [ -78.814266000044938, 42.938625000000215 ], [ -78.813648000044878, 42.938624000000189 ], [ -78.813643000044877, 42.937957000000182 ], [ -78.813639000044873, 42.937332000000211 ], [ -78.813638000044875, 42.936548000000229 ], [ -78.813646000044926, 42.93580300000022 ], [ -78.813646000044926, 42.935056000000216 ], [ -78.8136450000449, 42.9348090000002 ], [ -78.814111000044946, 42.934804000000213 ], [ -78.814600000044976, 42.934808000000203 ], [ -78.81497100004502, 42.934806000000229 ], [ -78.8161830000451, 42.934806000000194 ], [ -78.817310000045225, 42.93480400000022 ], [ -78.817861000045255, 42.934803000000215 ], [ -78.818422000045288, 42.934797000000188 ], [ -78.818421000045319, 42.935163000000209 ], [ -78.818434000045301, 42.935540000000223 ], [ -78.818697000045319, 42.935912000000208 ], [ -78.819194000045371, 42.93571200000018 ], [ -78.819522000045424, 42.935577000000215 ], [ -78.819828000045433, 42.935449000000197 ], [ -78.82024500004546, 42.935281000000231 ], [ -78.820560000045447, 42.935681000000194 ], [ -78.820551000045484, 42.936540000000214 ], [ -78.820521000045474, 42.937737000000176 ], [ -78.820510000045431, 42.93930800000021 ], [ -78.820500000045442, 42.940127000000238 ] ] ] } },
{ "type": "Feature", "properties": { "ed_key": "Buffalo MAS 13", "nbhdname": "Kenfield", "nbhdnum": 18.0 }, "geometry": { "type": "Polygon", "coordinates": [ [ [ -78.820622000045503, 42.929992000000205 ], [ -78.819947000045474, 42.930183000000206 ], [ -78.819355000045405, 42.930383000000219 ], [ -78.819067000045393, 42.93049400000023 ], [ -78.818434000045301, 42.930694000000194 ], [ -78.818435000045312, 42.930741000000189 ], [ -78.818434000045329, 42.930785000000206 ], [ -78.818434000045315, 42.930843000000209 ], [ -78.818433000045317, 42.931123000000206 ], [ -78.818432000045334, 42.931293000000231 ], [ -78.81843200004532, 42.931394000000203 ], [ -78.818431000045322, 42.932277000000191 ], [ -78.818426000045307, 42.933129000000221 ], [ -78.818424000045297, 42.933796000000193 ], [ -78.818428000045301, 42.933972000000232 ], [ -78.818422000045288, 42.934797000000188 ], [ -78.817861000045255, 42.934803000000215 ], [ -78.817310000045225, 42.93480400000022 ], [ -78.8161830000451, 42.934806000000194 ], [ -78.81497100004502, 42.934806000000229 ], [ -78.814600000044976, 42.934808000000203 ], [ -78.814111000044946, 42.934804000000213 ], [ -78.8136450000449, 42.9348090000002 ], [ -78.813646000044926, 42.934398000000193 ], [ -78.813651000044914, 42.933961000000203 ], [ -78.813653000044923, 42.933834000000196 ], [ -78.8136450000449, 42.933632000000195 ], [ -78.813645000044914, 42.93310200000019 ], [ -78.813649000044904, 42.932573000000211 ], [ -78.813651000044899, 42.932370000000191 ], [ -78.81365400004492, 42.931523000000197 ], [ -78.813655000044932, 42.931379000000199 ], [ -78.813657000044927, 42.931162000000199 ], [ -78.813651000044914, 42.930672000000186 ], [ -78.813649000044904, 42.930526000000221 ], [ -78.81364800004495, 42.929870000000193 ], [ -78.813649000044919, 42.92965500000021 ], [ -78.813653000044937, 42.929076000000251 ], [ -78.813656000044915, 42.928779000000198 ], [ -78.813653000044951, 42.928303000000199 ], [ -78.813654000044934, 42.92792600000022 ], [ -78.813654000044949, 42.927539000000216 ], [ -78.813665000044949, 42.927075000000201 ], [ -78.81366800004497, 42.926743000000229 ], [ -78.813671000044948, 42.926248000000207 ], [ -78.816181000045148, 42.926232000000212 ], [ -78.818322000045342, 42.926225000000215 ], [ -78.817878000045312, 42.925403000000195 ], [ -78.81743300004527, 42.924581000000202 ], [ -78.816909000045243, 42.923609000000219 ], [ -78.816615000045189, 42.923055000000197 ], [ -78.816620000045219, 42.922634000000194 ], [ -78.816768000045244, 42.922633000000175 ], [ -78.819513000045447, 42.927674000000223 ], [ -78.820565000045491, 42.929873000000242 ], [ -78.820622000045503, 42.929992000000205 ] ] ] } },
{ "type": "Feature", "properties": { "ed_key": "Buffalo MAS 12", "nbhdname": "Fillmore-Leroy", "nbhdnum": 17.0 }, "geometry": { "type": "Polygon", "coordinates": [ [ [ -78.82024500004546, 42.935281000000231 ], [ -78.819828000045433, 42.935449000000197 ], [ -78.819522000045424, 42.935577000000215 ], [ -78.819194000045371, 42.93571200000018 ], [ -78.818697000045319, 42.935912000000208 ], [ -78.818434000045301, 42.935540000000223 ], [ -78.818421000045319, 42.935163000000209 ], [ -78.818422000045288, 42.934797000000188 ], [ -78.818428000045301, 42.933972000000232 ], [ -78.818424000045297, 42.933796000000193 ], [ -78.818426000045307, 42.933129000000221 ], [ -78.818431000045322, 42.932277000000191 ], [ -78.81843200004532, 42.931394000000203 ], [ -78.818432000045334, 42.931293000000231 ], [ -78.818433000045317, 42.931123000000206 ], [ -78.818434000045315, 42.930843000000209 ], [ -78.818939000045361, 42.930690000000219 ], [ -78.819535000045434, 42.930455000000187 ], [ -78.820681000045496, 42.9301150000002 ], [ -78.821027000045547, 42.930034000000198 ], [ -78.821219000045573, 42.930006000000219 ], [ -78.821448000045592, 42.929973000000203 ], [ -78.821678000045594, 42.929941000000191 ], [ -78.82200500004565, 42.929921000000206 ], [ -78.822606000045681, 42.929897000000189 ], [ -78.822864000045712, 42.929887000000221 ], [ -78.82342300004575, 42.929748000000217 ], [ -78.823759000045783, 42.92966500000022 ], [ -78.824268000045834, 42.929540000000223 ], [ -78.824267000045836, 42.929456000000215 ], [ -78.824263000045832, 42.928725000000192 ], [ -78.824269000045845, 42.927981000000202 ], [ -78.824272000045823, 42.927275000000201 ], [ -78.824272000045823, 42.927243000000196 ], [ -78.824284000045836, 42.925135000000246 ], [ -78.825557000045947, 42.925136000000208 ], [ -78.825774000045953, 42.925137000000191 ], [ -78.82674900004605, 42.925138000000224 ], [ -78.826738000046035, 42.927245000000227 ], [ -78.826746000046057, 42.927984000000222 ], [ -78.826743000046022, 42.928727000000215 ], [ -78.826741000046013, 42.929464000000223 ], [ -78.826740000046016, 42.929755000000199 ], [ -78.82674000004603, 42.929825000000193 ], [ -78.826741000046027, 42.929892000000216 ], [ -78.826744000046034, 42.930189000000205 ], [ -78.826746000046015, 42.9309280000002 ], [ -78.829162000046253, 42.93093000000021 ], [ -78.829166000046229, 42.931678000000225 ], [ -78.828268000046137, 42.932042000000216 ], [ -78.827235000046059, 42.932460000000205 ], [ -78.826742000046011, 42.932659000000207 ], [ -78.826664000045994, 42.93269100000019 ], [ -78.825983000045923, 42.932966000000192 ], [ -78.825528000045921, 42.933140000000208 ], [ -78.82485400004586, 42.933417000000198 ], [ -78.824280000045803, 42.933654000000203 ], [ -78.823467000045724, 42.933984000000223 ], [ -78.823388000045725, 42.934016000000248 ], [ -78.823232000045707, 42.934079000000217 ], [ -78.823155000045702, 42.934110000000231 ], [ -78.823069000045706, 42.934145000000235 ], [ -78.822399000045635, 42.934417000000224 ], [ -78.821255000045539, 42.934881000000189 ], [ -78.820699000045508, 42.935106000000197 ], [ -78.82024500004546, 42.935281000000231 ] ] ] } },
{ "type": "Feature", "properties": { "ed_key": "Buffalo MAS 19", "nbhdname": "Delavan Grider", "nbhdnum": 19.0 }, "geometry": { "type": "Polygon", "coordinates": [ [ [ -78.820681000045496, 42.9301150000002 ], [ -78.820622000045503, 42.929992000000205 ], [ -78.820565000045491, 42.929873000000242 ], [ -78.819513000045447, 42.927674000000223 ], [ -78.816768000045244, 42.922633000000175 ], [ -78.816996000045251, 42.922631000000202 ], [ -78.817147000045281, 42.922630000000197 ], [ -78.81742900004528, 42.922628000000216 ], [ -78.818301000045381, 42.922621000000213 ], [ -78.818284000045367, 42.922183000000203 ], [ -78.818222000045367, 42.920581000000183 ], [ -78.818383000045415, 42.917027000000196 ], [ -78.819329000045485, 42.917044000000232 ], [ -78.819329000045499, 42.917076000000186 ], [ -78.820414000045574, 42.916783000000194 ], [ -78.820776000045612, 42.916686000000198 ], [ -78.820861000045596, 42.916669000000226 ], [ -78.821046000045627, 42.916647000000182 ], [ -78.82152000004568, 42.9166400000002 ], [ -78.82152000004568, 42.918878000000184 ], [ -78.822628000045739, 42.918878000000184 ], [ -78.823736000045841, 42.918877000000201 ], [ -78.824400000045884, 42.918876000000218 ], [ -78.825362000045956, 42.918882000000195 ], [ -78.826523000046095, 42.918875000000227 ], [ -78.827818000046193, 42.918868000000209 ], [ -78.829110000046285, 42.91886400000022 ], [ -78.829110000046299, 42.918882000000224 ], [ -78.829124000046292, 42.919301000000218 ], [ -78.829121000046257, 42.920880000000189 ], [ -78.829130000046277, 42.922155000000203 ], [ -78.829143000046273, 42.923147000000199 ], [ -78.829189000046284, 42.923984000000218 ], [ -78.829124000046249, 42.924531000000215 ], [ -78.829136000046276, 42.925140000000219 ], [ -78.827942000046164, 42.925140000000226 ], [ -78.82674900004605, 42.925138000000224 ], [ -78.825774000045953, 42.925137000000191 ], [ -78.825557000045947, 42.925136000000208 ], [ -78.824284000045836, 42.925135000000246 ], [ -78.824272000045823, 42.927243000000196 ], [ -78.824272000045823, 42.927275000000201 ], [ -78.824269000045845, 42.927981000000202 ], [ -78.824263000045832, 42.928725000000192 ], [ -78.824267000045836, 42.929456000000215 ], [ -78.824268000045834, 42.929540000000223 ], [ -78.823759000045783, 42.92966500000022 ], [ -78.82342300004575, 42.929748000000217 ], [ -78.822864000045712, 42.929887000000221 ], [ -78.822606000045681, 42.929897000000189 ], [ -78.82200500004565, 42.929921000000206 ], [ -78.821678000045594, 42.929941000000191 ], [ -78.821448000045592, 42.929973000000203 ], [ -78.821219000045573, 42.930006000000219 ], [ -78.821027000045547, 42.930034000000198 ], [ -78.820681000045496, 42.9301150000002 ] ] ] } },
{ "type": "Feature", "properties": { "ed_key": "Buffalo MAS 26", "nbhdname": "Genesee-Moselle", "nbhdnum": 23.0 }, "geometry": { "type": "Polygon", "coordinates": [ [ [ -78.821335000045664, 42.914565000000195 ], [ -78.821523000045673, 42.914559000000224 ], [ -78.822315000045748, 42.914534000000224 ], [ -78.822636000045762, 42.914523000000237 ], [ -78.823287000045809, 42.914503000000224 ], [ -78.823756000045833, 42.914489000000223 ], [ -78.824286000045902, 42.914477000000204 ], [ -78.824412000045939, 42.91447400000019 ], [ -78.825362000045999, 42.914463000000204 ], [ -78.826400000046092, 42.914480000000211 ], [ -78.826500000046096, 42.914482000000234 ], [ -78.826521000046085, 42.916496000000208 ], [ -78.826523000046095, 42.918875000000227 ], [ -78.825362000045956, 42.918882000000195 ], [ -78.824400000045884, 42.918876000000218 ], [ -78.823736000045841, 42.918877000000201 ], [ -78.822628000045739, 42.918878000000184 ], [ -78.82152000004568, 42.918878000000184 ], [ -78.82152000004568, 42.9166400000002 ], [ -78.821046000045627, 42.916647000000182 ], [ -78.820861000045596, 42.916669000000226 ], [ -78.820776000045612, 42.916686000000198 ], [ -78.820414000045574, 42.916783000000194 ], [ -78.819329000045499, 42.917076000000186 ], [ -78.819329000045485, 42.917044000000232 ], [ -78.818383000045415, 42.917027000000196 ], [ -78.818490000045429, 42.914652000000181 ], [ -78.819313000045483, 42.914632000000211 ], [ -78.820355000045595, 42.914598000000183 ], [ -78.820432000045585, 42.91459500000019 ], [ -78.821335000045664, 42.914565000000195 ] ] ] } },
{ "type": "Feature", "properties": { "ed_key": "Buffalo MAS 9", "nbhdname": "Fillmore-Leroy", "nbhdnum": 17.0 }, "geometry": { "type": "Polygon", "coordinates": [ [ [ -78.839234000047071, 42.93534900000023 ], [ -78.838435000046999, 42.935341000000243 ], [ -78.83738400004691, 42.935316000000221 ], [ -78.837046000046868, 42.935319000000213 ], [ -78.834988000046707, 42.935285000000235 ], [ -78.831635000046418, 42.935231000000186 ], [ -78.831656000046408, 42.934451000000188 ], [ -78.83165700004642, 42.934432000000207 ], [ -78.831679000046435, 42.933612000000203 ], [ -78.831714000046418, 42.932775000000206 ], [ -78.831369000046394, 42.932769000000221 ], [ -78.831411000046415, 42.931231000000189 ], [ -78.831412000046427, 42.931198000000215 ], [ -78.836508000046834, 42.931288000000208 ], [ -78.8392620000471, 42.931330000000209 ], [ -78.839255000047103, 42.931952000000223 ], [ -78.839258000047082, 42.932898000000236 ], [ -78.839259000047093, 42.933154000000208 ], [ -78.839253000047094, 42.933454000000225 ], [ -78.839250000047073, 42.933663000000223 ], [ -78.839249000047076, 42.933735000000212 ], [ -78.839246000047083, 42.934015000000215 ], [ -78.83924000004707, 42.934549000000224 ], [ -78.839235000047083, 42.935026000000249 ], [ -78.839234000047071, 42.93534900000023 ] ] ] } },
{ "type": "Feature", "properties": { "ed_key": "Buffalo MAS 8", "nbhdname": "Fillmore-Leroy", "nbhdnum": 17.0 }, "geometry": { "type": "Polygon", "coordinates": [ [ [ -78.843910000047458, 42.93479600000024 ], [ -78.842854000047382, 42.935760000000236 ], [ -78.842686000047351, 42.935913000000212 ], [ -78.842314000047338, 42.936254000000204 ], [ -78.84211700004731, 42.936441000000201 ], [ -78.842063000047304, 42.936493000000219 ], [ -78.841580000047244, 42.936939000000216 ], [ -78.840310000047154, 42.938104000000216 ], [ -78.839320000047067, 42.93901300000023 ], [ -78.839217000047043, 42.939107000000192 ], [ -78.839218000047055, 42.938622000000244 ], [ -78.83921400004705, 42.937816000000232 ], [ -78.839210000047061, 42.937172000000245 ], [ -78.839213000047053, 42.937021000000236 ], [ -78.839222000047073, 42.936500000000215 ], [ -78.839230000047053, 42.936134000000216 ], [ -78.839232000047048, 42.936029000000204 ], [ -78.839234000047071, 42.93534900000023 ], [ -78.839235000047083, 42.935026000000249 ], [ -78.83924000004707, 42.934549000000224 ], [ -78.839246000047083, 42.934015000000215 ], [ -78.839249000047076, 42.933735000000212 ], [ -78.839250000047073, 42.933663000000223 ], [ -78.839253000047094, 42.933454000000225 ], [ -78.839259000047093, 42.933154000000208 ], [ -78.839258000047082, 42.932898000000236 ], [ -78.839255000047103, 42.931952000000223 ], [ -78.8392620000471, 42.931330000000209 ], [ -78.839275000047081, 42.930558000000239 ], [ -78.839281000047094, 42.930208000000221 ], [ -78.839284000047115, 42.929865000000227 ], [ -78.839285000047113, 42.929780000000235 ], [ -78.839291000047112, 42.929180000000216 ], [ -78.839293000047093, 42.928497000000199 ], [ -78.83930300004711, 42.927523000000249 ], [ -78.83930300004711, 42.927474000000231 ], [ -78.841150000047278, 42.927505000000203 ], [ -78.842753000047423, 42.927526000000213 ], [ -78.843437000047473, 42.927535000000226 ], [ -78.846134000047726, 42.927568000000235 ], [ -78.849889000048037, 42.927626000000245 ], [ -78.849951000048037, 42.927627000000214 ], [ -78.850038000048059, 42.927629000000209 ], [ -78.850143000048064, 42.927631000000211 ], [ -78.850375000048089, 42.927634000000218 ], [ -78.850491000048095, 42.927636000000199 ], [ -78.850658000048114, 42.927639000000248 ], [ -78.850926000048148, 42.927644000000207 ], [ -78.851164000048158, 42.927648000000239 ], [ -78.851505000048192, 42.927655000000208 ], [ -78.851303000048176, 42.927844000000221 ], [ -78.85118000004816, 42.927959000000236 ], [ -78.851079000048145, 42.928053000000197 ], [ -78.850996000048141, 42.928132000000232 ], [ -78.850951000048127, 42.92817400000024 ], [ -78.849565000048003, 42.929492000000231 ], [ -78.849304000047965, 42.92974000000023 ], [ -78.84869700004792, 42.930330000000232 ], [ -78.848159000047858, 42.930823000000224 ], [ -78.847497000047809, 42.931461000000198 ], [ -78.84703200004779, 42.931911000000213 ], [ -78.846664000047724, 42.932247000000231 ], [ -78.846415000047685, 42.932480000000247 ], [ -78.845860000047651, 42.932992000000233 ], [ -78.84513000004759, 42.933665000000218 ], [ -78.844788000047544, 42.933986000000189 ], [ -78.843910000047458, 42.93479600000024 ] ] ] } },
{ "type": "Feature", "properties": { "ed_key": "Buffalo MAS 11", "nbhdname": "Delavan Grider", "nbhdnum": 19.0 }, "geometry": { "type": "Polygon", "coordinates": [ [ [ -78.8392620000471, 42.931330000000209 ], [ -78.836508000046834, 42.931288000000208 ], [ -78.831412000046427, 42.931198000000215 ], [ -78.831411000046415, 42.931231000000189 ], [ -78.831369000046394, 42.932769000000221 ], [ -78.830829000046336, 42.932760000000208 ], [ -78.830520000046349, 42.932755000000213 ], [ -78.830269000046314, 42.932751000000195 ], [ -78.829401000046246, 42.932737000000216 ], [ -78.829181000046248, 42.932733000000205 ], [ -78.828271000046144, 42.9327180000002 ], [ -78.827373000046038, 42.932703000000217 ], [ -78.827131000046066, 42.932699000000213 ], [ -78.826664000045994, 42.93269100000019 ], [ -78.826742000046011, 42.932659000000207 ], [ -78.827235000046059, 42.932460000000205 ], [ -78.828268000046137, 42.932042000000216 ], [ -78.829166000046229, 42.931678000000225 ], [ -78.829162000046253, 42.93093000000021 ], [ -78.826746000046015, 42.9309280000002 ], [ -78.826744000046034, 42.930189000000205 ], [ -78.826741000046027, 42.929892000000216 ], [ -78.82674000004603, 42.929825000000193 ], [ -78.826740000046016, 42.929755000000199 ], [ -78.826741000046013, 42.929464000000223 ], [ -78.826743000046022, 42.928727000000215 ], [ -78.826746000046057, 42.927984000000222 ], [ -78.826738000046035, 42.927245000000227 ], [ -78.82674900004605, 42.925138000000224 ], [ -78.827942000046164, 42.925140000000226 ], [ -78.829136000046276, 42.925140000000219 ], [ -78.834059000046679, 42.925556000000249 ], [ -78.834190000046675, 42.928896000000194 ], [ -78.834643000046711, 42.928729000000203 ], [ -78.835077000046752, 42.928552000000217 ], [ -78.835867000046804, 42.928211000000196 ], [ -78.836314000046855, 42.927980000000204 ], [ -78.836944000046913, 42.927665000000211 ], [ -78.837390000046966, 42.927415000000181 ], [ -78.837737000046985, 42.927202000000214 ], [ -78.838087000047025, 42.92696800000023 ], [ -78.838460000047064, 42.926708000000211 ], [ -78.838939000047063, 42.926361000000213 ], [ -78.83932700004712, 42.926063000000248 ], [ -78.83932900004713, 42.9263100000002 ], [ -78.839310000047107, 42.927168000000201 ], [ -78.83930300004711, 42.927474000000231 ], [ -78.83930300004711, 42.927523000000249 ], [ -78.839293000047093, 42.928497000000199 ], [ -78.839291000047112, 42.929180000000216 ], [ -78.839285000047113, 42.929780000000235 ], [ -78.839284000047115, 42.929865000000227 ], [ -78.839281000047094, 42.930208000000221 ], [ -78.839275000047081, 42.930558000000239 ], [ -78.8392620000471, 42.931330000000209 ] ] ] } },
{ "type": "Feature", "properties": { "ed_key": "Buffalo MAS 16", "nbhdname": "Delavan Grider", "nbhdnum": 19.0 }, "geometry": { "type": "Polygon", "coordinates": [ [ [ -78.843507000047538, 42.919154000000226 ], [ -78.843512000047539, 42.920092000000217 ], [ -78.843522000047514, 42.920478000000223 ], [ -78.843491000047521, 42.921444000000236 ], [ -78.843478000047526, 42.921712000000248 ], [ -78.843486000047491, 42.921935000000218 ], [ -78.843454000047501, 42.921934000000213 ], [ -78.843378000047508, 42.921933000000209 ], [ -78.843065000047474, 42.921927000000203 ], [ -78.842933000047466, 42.921925000000215 ], [ -78.842801000047459, 42.921922000000201 ], [ -78.842425000047413, 42.921914000000207 ], [ -78.841865000047363, 42.921891000000237 ], [ -78.841079000047316, 42.921880000000193 ], [ -78.839373000047161, 42.921857000000223 ], [ -78.839367000047147, 42.922235000000242 ], [ -78.839362000047146, 42.922589000000222 ], [ -78.839360000047137, 42.922780000000202 ], [ -78.839356000047147, 42.923153000000205 ], [ -78.839341000047142, 42.924812000000216 ], [ -78.839338000047135, 42.924988000000212 ], [ -78.83933600004714, 42.925146000000204 ], [ -78.83933300004712, 42.925347000000201 ], [ -78.839329000047144, 42.925566000000217 ], [ -78.839325000047126, 42.925755000000194 ], [ -78.83932500004714, 42.9258060000002 ], [ -78.83932700004712, 42.926063000000248 ], [ -78.838939000047063, 42.926361000000213 ], [ -78.838460000047064, 42.926708000000211 ], [ -78.838087000047025, 42.92696800000023 ], [ -78.837737000046985, 42.927202000000214 ], [ -78.837390000046966, 42.927415000000181 ], [ -78.836944000046913, 42.927665000000211 ], [ -78.836314000046855, 42.927980000000204 ], [ -78.835867000046804, 42.928211000000196 ], [ -78.835077000046752, 42.928552000000217 ], [ -78.834643000046711, 42.928729000000203 ], [ -78.834190000046675, 42.928896000000194 ], [ -78.834059000046679, 42.925556000000249 ], [ -78.829136000046276, 42.925140000000219 ], [ -78.829124000046249, 42.924531000000215 ], [ -78.829189000046284, 42.923984000000218 ], [ -78.829143000046273, 42.923147000000199 ], [ -78.829130000046277, 42.922155000000203 ], [ -78.829121000046257, 42.920880000000189 ], [ -78.829124000046292, 42.919301000000218 ], [ -78.829110000046299, 42.918882000000224 ], [ -78.830421000046414, 42.918907000000225 ], [ -78.831635000046489, 42.918930000000209 ], [ -78.832613000046592, 42.918950000000223 ], [ -78.832640000046595, 42.91895100000022 ], [ -78.833599000046675, 42.918969000000182 ], [ -78.834526000046765, 42.9189870000002 ], [ -78.835408000046854, 42.919006000000209 ], [ -78.836832000046954, 42.91903000000022 ], [ -78.837827000047042, 42.919052000000221 ], [ -78.839046000047119, 42.919079000000174 ], [ -78.839280000047154, 42.919227000000205 ], [ -78.839275000047152, 42.919084000000225 ], [ -78.84043700004726, 42.919101000000204 ], [ -78.841720000047388, 42.91912000000022 ], [ -78.842073000047407, 42.919125000000228 ], [ -78.842966000047497, 42.919143000000233 ], [ -78.843092000047506, 42.919146000000239 ], [ -78.843275000047527, 42.919149000000225 ], [ -78.843365000047527, 42.919151000000191 ], [ -78.843507000047538, 42.919154000000226 ] ] ] } },
{ "type": "Feature", "properties": { "ed_key": "Buffalo MAS 14", "nbhdname": "Hamlin Park", "nbhdnum": 20.0 }, "geometry": { "type": "Polygon", "coordinates": [ [ [ -78.83930300004711, 42.927474000000231 ], [ -78.839310000047107, 42.927168000000201 ], [ -78.83932900004713, 42.9263100000002 ], [ -78.83932700004712, 42.926063000000248 ], [ -78.83932500004714, 42.9258060000002 ], [ -78.839325000047126, 42.925755000000194 ], [ -78.839329000047144, 42.925566000000217 ], [ -78.83933300004712, 42.925347000000201 ], [ -78.83933600004714, 42.925146000000204 ], [ -78.839338000047135, 42.924988000000212 ], [ -78.839341000047142, 42.924812000000216 ], [ -78.839356000047147, 42.923153000000205 ], [ -78.839360000047137, 42.922780000000202 ], [ -78.839362000047146, 42.922589000000222 ], [ -78.839367000047147, 42.922235000000242 ], [ -78.839373000047161, 42.921857000000223 ], [ -78.841079000047316, 42.921880000000193 ], [ -78.841865000047363, 42.921891000000237 ], [ -78.842425000047413, 42.921914000000207 ], [ -78.842801000047459, 42.921922000000201 ], [ -78.842933000047466, 42.921925000000215 ], [ -78.843065000047474, 42.921927000000203 ], [ -78.843378000047508, 42.921933000000209 ], [ -78.843454000047501, 42.921934000000213 ], [ -78.843486000047491, 42.921935000000218 ], [ -78.843766000047523, 42.92194100000021 ], [ -78.84380100004752, 42.921942000000207 ], [ -78.844016000047546, 42.921945000000235 ], [ -78.844552000047585, 42.921954000000241 ], [ -78.845451000047689, 42.921969000000239 ], [ -78.845765000047706, 42.921974000000205 ], [ -78.846894000047811, 42.921995000000223 ], [ -78.846936000047805, 42.921995000000216 ], [ -78.84811000004791, 42.922016000000212 ], [ -78.848674000047964, 42.922028000000232 ], [ -78.84890400004798, 42.922037000000216 ], [ -78.849353000048012, 42.922042000000211 ], [ -78.849620000048048, 42.922050000000198 ], [ -78.852975000048346, 42.922114000000228 ], [ -78.853831000048416, 42.922128000000228 ], [ -78.853987000048448, 42.922136000000201 ], [ -78.85416100004845, 42.922144000000223 ], [ -78.854938000048506, 42.922159000000221 ], [ -78.855630000048578, 42.922169000000231 ], [ -78.857066000048718, 42.9221840000002 ], [ -78.857315000048715, 42.922181000000236 ], [ -78.856722000048677, 42.922740000000204 ], [ -78.856206000048644, 42.923232000000233 ], [ -78.855638000048586, 42.923773000000217 ], [ -78.853974000048396, 42.925353000000221 ], [ -78.853827000048383, 42.925493000000209 ], [ -78.853271000048352, 42.926003000000215 ], [ -78.852954000048314, 42.926295000000209 ], [ -78.852718000048313, 42.926518000000222 ], [ -78.852333000048262, 42.926881000000243 ], [ -78.85185800004821, 42.927323000000214 ], [ -78.851728000048197, 42.927445000000219 ], [ -78.851505000048192, 42.927655000000208 ], [ -78.851164000048158, 42.927648000000239 ], [ -78.850926000048148, 42.927644000000207 ], [ -78.850658000048114, 42.927639000000248 ], [ -78.850491000048095, 42.927636000000199 ], [ -78.850375000048089, 42.927634000000218 ], [ -78.850143000048064, 42.927631000000211 ], [ -78.850038000048059, 42.927629000000209 ], [ -78.849951000048037, 42.927627000000214 ], [ -78.849889000048037, 42.927626000000245 ], [ -78.846134000047726, 42.927568000000235 ], [ -78.843437000047473, 42.927535000000226 ], [ -78.842753000047423, 42.927526000000213 ], [ -78.841150000047278, 42.927505000000203 ], [ -78.83930300004711, 42.927474000000231 ] ] ] } },
{ "type": "Feature", "properties": { "ed_key": "Buffalo MAS 24", "nbhdname": "Hamlin Park", "nbhdnum": 20.0 }, "geometry": { "type": "Polygon", "coordinates": [ [ [ -78.858835000048899, 42.920752000000256 ], [ -78.858015000048781, 42.921526000000227 ], [ -78.857565000048751, 42.921950000000209 ], [ -78.857315000048715, 42.922181000000236 ], [ -78.857066000048718, 42.9221840000002 ], [ -78.855630000048578, 42.922169000000231 ], [ -78.854938000048506, 42.922159000000221 ], [ -78.85416100004845, 42.922144000000223 ], [ -78.853987000048448, 42.922136000000201 ], [ -78.853831000048416, 42.922128000000228 ], [ -78.852975000048346, 42.922114000000228 ], [ -78.849620000048048, 42.922050000000198 ], [ -78.849353000048012, 42.922042000000211 ], [ -78.84890400004798, 42.922037000000216 ], [ -78.848674000047964, 42.922028000000232 ], [ -78.84811000004791, 42.922016000000212 ], [ -78.846936000047805, 42.921995000000216 ], [ -78.846894000047811, 42.921995000000223 ], [ -78.845765000047706, 42.921974000000205 ], [ -78.845451000047689, 42.921969000000239 ], [ -78.844552000047585, 42.921954000000241 ], [ -78.844016000047546, 42.921945000000235 ], [ -78.84380100004752, 42.921942000000207 ], [ -78.843766000047523, 42.92194100000021 ], [ -78.843486000047491, 42.921935000000218 ], [ -78.843478000047526, 42.921712000000248 ], [ -78.843491000047521, 42.921444000000236 ], [ -78.843522000047514, 42.920478000000223 ], [ -78.843512000047539, 42.920092000000217 ], [ -78.843507000047538, 42.919154000000226 ], [ -78.843713000047543, 42.919158000000216 ], [ -78.846188000047775, 42.919202000000233 ], [ -78.847353000047875, 42.919218000000193 ], [ -78.848027000047935, 42.919241000000213 ], [ -78.848229000047965, 42.919248000000245 ], [ -78.850199000048107, 42.919284000000232 ], [ -78.850841000048149, 42.91929900000023 ], [ -78.851967000048276, 42.919311000000206 ], [ -78.852184000048268, 42.919316000000201 ], [ -78.85399600004844, 42.919349000000217 ], [ -78.855618000048594, 42.919377000000232 ], [ -78.856661000048689, 42.919396000000241 ], [ -78.857547000048768, 42.919412000000207 ], [ -78.858455000048849, 42.919430000000219 ], [ -78.858879000048887, 42.919438000000227 ], [ -78.859414000048915, 42.919448000000223 ], [ -78.860170000048996, 42.9194740000002 ], [ -78.859941000048963, 42.919693000000223 ], [ -78.859405000048923, 42.920204000000204 ], [ -78.859235000048912, 42.920368000000231 ], [ -78.858835000048899, 42.920752000000256 ] ] ] } },
{ "type": "Feature", "properties": { "ed_key": "Buffalo MAS 3", "nbhdname": "Masten Park", "nbhdnum": 21.0 }, "geometry": { "type": "Polygon", "coordinates": [ [ [ -78.864984000049475, 42.913944000000235 ], [ -78.864827000049459, 42.914346000000229 ], [ -78.864642000049429, 42.914903000000258 ], [ -78.86460200004943, 42.915015000000217 ], [ -78.864432000049405, 42.915349000000226 ], [ -78.863588000049305, 42.915343000000206 ], [ -78.863601000049329, 42.914880000000231 ], [ -78.863613000049341, 42.914377000000215 ], [ -78.863633000049347, 42.913947000000249 ], [ -78.863824000049348, 42.913950000000213 ], [ -78.864984000049475, 42.913944000000235 ] ] ] } },
{ "type": "Feature", "properties": { "ed_key": "Buffalo MAS 15", "nbhdname": "Masten Park", "nbhdnum": 21.0 }, "geometry": { "type": "Polygon", "coordinates": [ [ [ -78.865913000049559, 42.911246000000219 ], [ -78.865494000049509, 42.912486000000222 ], [ -78.865026000049468, 42.913837000000235 ], [ -78.864984000049475, 42.913944000000235 ], [ -78.863824000049348, 42.913950000000213 ], [ -78.863633000049347, 42.913947000000249 ], [ -78.862357000049215, 42.913936000000213 ], [ -78.862374000049229, 42.913206000000251 ], [ -78.862383000049221, 42.912457000000224 ], [ -78.862395000049261, 42.911863000000245 ], [ -78.862416000049222, 42.91121000000021 ], [ -78.865187000049502, 42.911246000000219 ], [ -78.865847000049556, 42.911249000000225 ], [ -78.865913000049559, 42.911246000000219 ] ] ] } },
{ "type": "Feature", "properties": { "ed_key": "Buffalo MAS 10", "nbhdname": "Masten Park", "nbhdnum": 21.0 }, "geometry": { "type": "Polygon", "coordinates": [ [ [ -78.863588000049305, 42.915343000000206 ], [ -78.862920000049257, 42.915335000000226 ], [ -78.862321000049207, 42.915323000000214 ], [ -78.862278000049201, 42.917221000000247 ], [ -78.862261000049202, 42.917473000000207 ], [ -78.862102000049177, 42.917623000000226 ], [ -78.861954000049153, 42.917764000000219 ], [ -78.861302000049108, 42.918386000000211 ], [ -78.860731000049057, 42.918064000000257 ], [ -78.859446000048933, 42.918050000000214 ], [ -78.859452000048947, 42.917720000000202 ], [ -78.859482000048942, 42.915606000000217 ], [ -78.859487000048958, 42.915286000000215 ], [ -78.858546000048875, 42.915278000000207 ], [ -78.85857400004889, 42.913896000000214 ], [ -78.859484000048951, 42.913898000000202 ], [ -78.859533000048955, 42.913901000000237 ], [ -78.85958500004898, 42.91390400000023 ], [ -78.860160000049021, 42.913907000000222 ], [ -78.861749000049201, 42.913938000000222 ], [ -78.862357000049215, 42.913936000000213 ], [ -78.863633000049347, 42.913947000000249 ], [ -78.863613000049341, 42.914377000000215 ], [ -78.863601000049329, 42.914880000000231 ], [ -78.863588000049305, 42.915343000000206 ] ] ] } },
{ "type": "Feature", "properties": { "ed_key": "Buffalo MAS 2", "nbhdname": "Masten Park", "nbhdnum": 21.0 }, "geometry": { "type": "Polygon", "coordinates": [ [ [ -78.862383000049221, 42.912457000000224 ], [ -78.862374000049229, 42.913206000000251 ], [ -78.862357000049215, 42.913936000000213 ], [ -78.861749000049201, 42.913938000000222 ], [ -78.860160000049021, 42.913907000000222 ], [ -78.85958500004898, 42.91390400000023 ], [ -78.859533000048955, 42.913901000000237 ], [ -78.859535000048965, 42.913773000000212 ], [ -78.859537000048959, 42.913656000000231 ], [ -78.859548000048974, 42.913173000000192 ], [ -78.859550000048984, 42.91267400000023 ], [ -78.859551000048967, 42.912468000000196 ], [ -78.859556000048983, 42.912417000000175 ], [ -78.860075000049022, 42.912430000000242 ], [ -78.862383000049221, 42.912457000000224 ] ] ] } },
{ "type": "Feature", "properties": { "ed_key": "Buffalo MAS 17", "nbhdname": "Masten Park", "nbhdnum": 21.0 }, "geometry": { "type": "Polygon", "coordinates": [ [ [ -78.858613000048891, 42.912411000000233 ], [ -78.859026000048956, 42.912416000000221 ], [ -78.859446000048976, 42.912416000000199 ], [ -78.859556000048983, 42.912417000000175 ], [ -78.859551000048967, 42.912468000000196 ], [ -78.859550000048984, 42.91267400000023 ], [ -78.859548000048974, 42.913173000000192 ], [ -78.859537000048959, 42.913656000000231 ], [ -78.859535000048965, 42.913773000000212 ], [ -78.859533000048955, 42.913901000000237 ], [ -78.859484000048951, 42.913898000000202 ], [ -78.85857400004889, 42.913896000000214 ], [ -78.858593000048899, 42.913559000000205 ], [ -78.858613000048891, 42.912411000000233 ] ] ] } },
{ "type": "Feature", "properties": { "ed_key": "Buffalo MAS 27", "nbhdname": "Masten Park", "nbhdnum": 21.0 }, "geometry": { "type": "Polygon", "coordinates": [ [ [ -78.858613000048891, 42.912411000000233 ], [ -78.858593000048899, 42.913559000000205 ], [ -78.85857400004889, 42.913896000000214 ], [ -78.858546000048875, 42.915278000000207 ], [ -78.859487000048958, 42.915286000000215 ], [ -78.859482000048942, 42.915606000000217 ], [ -78.859452000048947, 42.917720000000202 ], [ -78.859446000048933, 42.918050000000214 ], [ -78.860731000049057, 42.918064000000257 ], [ -78.861302000049108, 42.918386000000211 ], [ -78.860624000049043, 42.919040000000265 ], [ -78.860170000048996, 42.9194740000002 ], [ -78.859414000048915, 42.919448000000223 ], [ -78.858879000048887, 42.919438000000227 ], [ -78.858455000048849, 42.919430000000219 ], [ -78.857547000048768, 42.919412000000207 ], [ -78.856661000048689, 42.919396000000241 ], [ -78.855618000048594, 42.919377000000232 ], [ -78.85399600004844, 42.919349000000217 ], [ -78.853998000048449, 42.918523000000214 ], [ -78.853997000048452, 42.918062000000198 ], [ -78.853993000048462, 42.917001000000226 ], [ -78.853991000048453, 42.916805000000217 ], [ -78.853985000048482, 42.914957000000214 ], [ -78.853984000048484, 42.914757000000236 ], [ -78.853989000048486, 42.913865000000207 ], [ -78.853985000048496, 42.912986000000217 ], [ -78.853986000048494, 42.912360000000234 ], [ -78.854044000048489, 42.912359000000237 ], [ -78.854937000048565, 42.912367000000224 ], [ -78.85585300004864, 42.912379000000207 ], [ -78.856732000048723, 42.912390000000229 ], [ -78.856772000048736, 42.912390000000251 ], [ -78.857688000048825, 42.912401000000237 ], [ -78.858613000048891, 42.912411000000233 ] ] ] } },
{ "type": "Feature", "properties": { "ed_key": "Buffalo MAS 28", "nbhdname": "Hamlin Park", "nbhdnum": 20.0 }, "geometry": { "type": "Polygon", "coordinates": [ [ [ -78.85399600004844, 42.919349000000217 ], [ -78.852184000048268, 42.919316000000201 ], [ -78.851967000048276, 42.919311000000206 ], [ -78.850841000048149, 42.91929900000023 ], [ -78.850199000048107, 42.919284000000232 ], [ -78.848229000047965, 42.919248000000245 ], [ -78.848027000047935, 42.919241000000213 ], [ -78.847353000047875, 42.919218000000193 ], [ -78.846188000047775, 42.919202000000233 ], [ -78.843713000047543, 42.919158000000216 ], [ -78.843713000047558, 42.917703000000223 ], [ -78.843694000047535, 42.916933000000235 ], [ -78.843694000047563, 42.91629900000023 ], [ -78.84368800004755, 42.916162000000213 ], [ -78.843875000047575, 42.916161000000216 ], [ -78.845224000047708, 42.91617200000023 ], [ -78.846762000047818, 42.916179000000213 ], [ -78.847137000047852, 42.916189000000216 ], [ -78.848046000047958, 42.916198000000193 ], [ -78.848043000047937, 42.916958000000228 ], [ -78.852231000048334, 42.916988000000224 ], [ -78.853993000048462, 42.917001000000226 ], [ -78.853997000048452, 42.918062000000198 ], [ -78.853998000048449, 42.918523000000214 ], [ -78.85399600004844, 42.919349000000217 ] ] ] } },
{ "type": "Feature", "properties": { "ed_key": "Buffalo MAS 20", "nbhdname": "Masten Park", "nbhdnum": 21.0 }, "geometry": { "type": "Polygon", "coordinates": [ [ [ -78.849124000048064, 42.91231000000024 ], [ -78.850079000048154, 42.912322000000231 ], [ -78.850082000048133, 42.913118000000225 ], [ -78.851018000048199, 42.913124000000209 ], [ -78.852564000048346, 42.913133000000201 ], [ -78.852971000048413, 42.913131000000241 ], [ -78.852968000048406, 42.913857000000213 ], [ -78.85392400004848, 42.91385900000023 ], [ -78.853989000048486, 42.913865000000207 ], [ -78.853984000048484, 42.914757000000236 ], [ -78.853985000048482, 42.914957000000214 ], [ -78.853991000048453, 42.916805000000217 ], [ -78.853993000048462, 42.917001000000226 ], [ -78.852231000048334, 42.916988000000224 ], [ -78.848043000047937, 42.916958000000228 ], [ -78.848046000047958, 42.916198000000193 ], [ -78.847137000047852, 42.916189000000216 ], [ -78.846762000047818, 42.916179000000213 ], [ -78.845224000047708, 42.91617200000023 ], [ -78.843875000047575, 42.916161000000216 ], [ -78.84368800004755, 42.916162000000213 ], [ -78.84368800004755, 42.915495000000213 ], [ -78.843683000047577, 42.915430000000214 ], [ -78.843683000047577, 42.914679000000213 ], [ -78.843679000047572, 42.913807000000212 ], [ -78.843679000047572, 42.913060000000229 ], [ -78.84367600004758, 42.912256000000198 ], [ -78.845158000047704, 42.912273000000241 ], [ -78.846601000047841, 42.912289000000193 ], [ -78.848090000047961, 42.912311000000223 ], [ -78.849124000048064, 42.91231000000024 ] ] ] } },
{ "type": "Feature", "properties": { "ed_key": "Buffalo MAS 18", "nbhdname": "Masten Park", "nbhdnum": 21.0 }, "geometry": { "type": "Polygon", "coordinates": [ [ [ -78.850079000048154, 42.912322000000231 ], [ -78.851015000048235, 42.91232900000022 ], [ -78.851990000048318, 42.912335000000212 ], [ -78.852971000048399, 42.91234200000023 ], [ -78.853932000048488, 42.912344000000232 ], [ -78.853986000048494, 42.91234200000023 ], [ -78.853986000048494, 42.912360000000234 ], [ -78.853985000048496, 42.912986000000217 ], [ -78.853989000048486, 42.913865000000207 ], [ -78.85392400004848, 42.91385900000023 ], [ -78.852968000048406, 42.913857000000213 ], [ -78.852971000048413, 42.913131000000241 ], [ -78.852564000048346, 42.913133000000201 ], [ -78.851018000048199, 42.913124000000209 ], [ -78.850082000048133, 42.913118000000225 ], [ -78.850079000048154, 42.912322000000231 ] ] ] } },
{ "type": "Feature", "properties": { "ed_key": "Buffalo MAS 21", "nbhdname": "Delavan Grider", "nbhdnum": 19.0 }, "geometry": { "type": "Polygon", "coordinates": [ [ [ -78.84368800004755, 42.916162000000213 ], [ -78.843694000047563, 42.91629900000023 ], [ -78.843694000047535, 42.916933000000235 ], [ -78.843713000047558, 42.917703000000223 ], [ -78.843713000047543, 42.919158000000216 ], [ -78.843507000047538, 42.919154000000226 ], [ -78.843365000047527, 42.919151000000191 ], [ -78.843275000047527, 42.919149000000225 ], [ -78.843092000047506, 42.919146000000239 ], [ -78.842966000047497, 42.919143000000233 ], [ -78.842073000047407, 42.919125000000228 ], [ -78.841720000047388, 42.91912000000022 ], [ -78.84043700004726, 42.919101000000204 ], [ -78.839275000047152, 42.919084000000225 ], [ -78.839239000047186, 42.918100000000209 ], [ -78.839186000047164, 42.916280000000206 ], [ -78.839162000047182, 42.915454000000224 ], [ -78.839139000047155, 42.914626000000212 ], [ -78.839206000047199, 42.914626000000204 ], [ -78.843038000047514, 42.914672000000238 ], [ -78.843116000047516, 42.914673000000207 ], [ -78.843244000047534, 42.914675000000216 ], [ -78.843324000047517, 42.914675000000209 ], [ -78.84347400004755, 42.914677000000211 ], [ -78.843683000047577, 42.914679000000213 ], [ -78.843683000047577, 42.915430000000214 ], [ -78.84368800004755, 42.915495000000213 ], [ -78.84368800004755, 42.916162000000213 ] ] ] } },
{ "type": "Feature", "properties": { "ed_key": "Buffalo MAS 22", "nbhdname": "Delavan Grider", "nbhdnum": 19.0 }, "geometry": { "type": "Polygon", "coordinates": [ [ [ -78.829110000046299, 42.918882000000224 ], [ -78.829110000046285, 42.91886400000022 ], [ -78.827818000046193, 42.918868000000209 ], [ -78.826523000046095, 42.918875000000227 ], [ -78.826521000046085, 42.916496000000208 ], [ -78.826500000046096, 42.914482000000234 ], [ -78.826400000046092, 42.914480000000211 ], [ -78.826397000046086, 42.913626000000207 ], [ -78.826395000046105, 42.912847000000205 ], [ -78.826391000046115, 42.912042000000234 ], [ -78.825722000046056, 42.912033000000207 ], [ -78.824259000045913, 42.912013000000222 ], [ -78.824256000045921, 42.911187000000197 ], [ -78.82571900004605, 42.911200000000221 ], [ -78.827974000046225, 42.911226000000205 ], [ -78.828988000046337, 42.911233000000209 ], [ -78.828994000046322, 42.911703000000244 ], [ -78.829001000046318, 42.912144000000211 ], [ -78.829349000046349, 42.912061000000222 ], [ -78.830554000046448, 42.912073000000191 ], [ -78.832399000046635, 42.912090000000212 ], [ -78.832403000046597, 42.912282000000189 ], [ -78.832408000046598, 42.912924000000224 ], [ -78.83240900004661, 42.913064000000205 ], [ -78.835278000046841, 42.913088000000208 ], [ -78.83761400004704, 42.913115000000204 ], [ -78.839076000047186, 42.913134000000198 ], [ -78.839082000047171, 42.913763000000223 ], [ -78.83908400004718, 42.913904000000201 ], [ -78.839093000047185, 42.914620000000227 ], [ -78.839139000047155, 42.914626000000212 ], [ -78.839162000047182, 42.915454000000224 ], [ -78.839186000047164, 42.916280000000206 ], [ -78.839239000047186, 42.918100000000209 ], [ -78.839275000047152, 42.919084000000225 ], [ -78.839280000047154, 42.919227000000205 ], [ -78.839046000047119, 42.919079000000174 ], [ -78.837827000047042, 42.919052000000221 ], [ -78.836832000046954, 42.91903000000022 ], [ -78.835408000046854, 42.919006000000209 ], [ -78.834526000046765, 42.9189870000002 ], [ -78.833599000046675, 42.918969000000182 ], [ -78.832640000046595, 42.91895100000022 ], [ -78.832613000046592, 42.918950000000223 ], [ -78.831635000046489, 42.918930000000209 ], [ -78.830421000046414, 42.918907000000225 ], [ -78.829110000046299, 42.918882000000224 ] ] ] } },
{ "type": "Feature", "properties": { "ed_key": "Buffalo MAS 23", "nbhdname": "MLK Park", "nbhdnum": 22.0 }, "geometry": { "type": "Polygon", "coordinates": [ [ [ -78.843467000047568, 42.912253000000206 ], [ -78.84367600004758, 42.912256000000198 ], [ -78.843679000047572, 42.913060000000229 ], [ -78.843679000047572, 42.913807000000212 ], [ -78.843683000047577, 42.914679000000213 ], [ -78.84347400004755, 42.914677000000211 ], [ -78.843324000047517, 42.914675000000209 ], [ -78.843244000047534, 42.914675000000216 ], [ -78.843116000047516, 42.914673000000207 ], [ -78.843038000047514, 42.914672000000238 ], [ -78.839206000047199, 42.914626000000204 ], [ -78.839139000047155, 42.914626000000212 ], [ -78.839093000047185, 42.914620000000227 ], [ -78.83908400004718, 42.913904000000201 ], [ -78.839082000047171, 42.913763000000223 ], [ -78.839076000047186, 42.913134000000198 ], [ -78.83761400004704, 42.913115000000204 ], [ -78.835278000046841, 42.913088000000208 ], [ -78.83240900004661, 42.913064000000205 ], [ -78.832408000046598, 42.912924000000224 ], [ -78.832403000046597, 42.912282000000189 ], [ -78.832399000046635, 42.912090000000212 ], [ -78.830554000046448, 42.912073000000191 ], [ -78.829349000046349, 42.912061000000222 ], [ -78.829001000046318, 42.912144000000211 ], [ -78.828994000046322, 42.911703000000244 ], [ -78.828988000046337, 42.911233000000209 ], [ -78.830219000046412, 42.911241000000203 ], [ -78.830518000046425, 42.911250000000216 ], [ -78.830611000046474, 42.911252000000211 ], [ -78.832421000046608, 42.911278000000216 ], [ -78.832413000046643, 42.910394000000231 ], [ -78.832412000046645, 42.909951000000213 ], [ -78.832399000046621, 42.909314000000201 ], [ -78.833833000046738, 42.909330000000224 ], [ -78.837324000047062, 42.909367000000231 ], [ -78.839073000047222, 42.90939500000021 ], [ -78.8390760000472, 42.909978000000201 ], [ -78.839077000047212, 42.910467000000196 ], [ -78.839081000047202, 42.910937000000231 ], [ -78.839081000047202, 42.91134500000021 ], [ -78.839080000047176, 42.911751000000187 ], [ -78.843117000047528, 42.911818000000196 ], [ -78.843113000047538, 42.912241000000222 ], [ -78.843308000047557, 42.912247000000214 ], [ -78.843467000047568, 42.912253000000206 ] ] ] } },
{ "type": "Feature", "properties": { "ed_key": "Buffalo MAS 25", "nbhdname": "MLK Park", "nbhdnum": 22.0 }, "geometry": { "type": "Polygon", "coordinates": [ [ [ -78.832399000046621, 42.909314000000201 ], [ -78.832396000046629, 42.909076000000212 ], [ -78.83239000004663, 42.908720000000223 ], [ -78.832390000046644, 42.908249000000204 ], [ -78.832381000046652, 42.907190000000206 ], [ -78.832376000046636, 42.906534000000192 ], [ -78.832369000046654, 42.905479000000199 ], [ -78.832372000046661, 42.905162000000225 ], [ -78.832924000046702, 42.904950000000198 ], [ -78.833179000046727, 42.904846000000191 ], [ -78.83332000004674, 42.904789000000221 ], [ -78.833312000046746, 42.904272000000219 ], [ -78.833314000046755, 42.90358600000021 ], [ -78.833560000046774, 42.903590000000214 ], [ -78.834501000046856, 42.903604000000207 ], [ -78.834980000046869, 42.903610000000185 ], [ -78.835505000046922, 42.903621000000228 ], [ -78.835840000046957, 42.903627000000185 ], [ -78.836522000047012, 42.903636000000198 ], [ -78.837695000047106, 42.9036520000002 ], [ -78.839311000047246, 42.903667000000212 ], [ -78.840474000047351, 42.903680000000215 ], [ -78.841551000047446, 42.903691000000244 ], [ -78.842621000047515, 42.903701000000197 ], [ -78.843559000047605, 42.903710000000196 ], [ -78.844625000047714, 42.903719000000201 ], [ -78.844922000047731, 42.903723000000205 ], [ -78.845414000047782, 42.903729000000197 ], [ -78.845756000047814, 42.903733000000209 ], [ -78.845408000047769, 42.904375000000215 ], [ -78.845102000047731, 42.904910000000235 ], [ -78.844894000047702, 42.905275000000209 ], [ -78.84475200004772, 42.90552500000021 ], [ -78.844560000047693, 42.905862000000205 ], [ -78.843931000047633, 42.907082000000209 ], [ -78.843816000047639, 42.907333000000193 ], [ -78.843631000047623, 42.907330000000208 ], [ -78.843141000047581, 42.907322000000192 ], [ -78.842910000047553, 42.907318000000203 ], [ -78.842849000047551, 42.907317000000198 ], [ -78.8424130000475, 42.907322000000207 ], [ -78.841918000047471, 42.907321000000216 ], [ -78.839060000047212, 42.907310000000209 ], [ -78.839060000047198, 42.908307000000221 ], [ -78.839059000047243, 42.908385000000223 ], [ -78.839069000047218, 42.908742000000196 ], [ -78.839072000047196, 42.909268000000196 ], [ -78.839073000047222, 42.90939500000021 ], [ -78.837324000047062, 42.909367000000231 ], [ -78.833833000046738, 42.909330000000224 ], [ -78.832399000046621, 42.909314000000201 ] ] ] } },
{ "type": "Feature", "properties": { "ed_key": "Buffalo LOV 1", "nbhdname": "Schiller Park", "nbhdnum": 24.0 }, "geometry": { "type": "Polygon", "coordinates": [ [ [ -78.816768000045244, 42.922633000000175 ], [ -78.816620000045219, 42.922634000000194 ], [ -78.816615000045189, 42.923055000000197 ], [ -78.816909000045243, 42.923609000000219 ], [ -78.81743300004527, 42.924581000000202 ], [ -78.817878000045312, 42.925403000000195 ], [ -78.818322000045342, 42.926225000000215 ], [ -78.816181000045148, 42.926232000000212 ], [ -78.813671000044948, 42.926248000000207 ], [ -78.813674000044969, 42.925922000000213 ], [ -78.813677000044962, 42.925432000000193 ], [ -78.813669000044953, 42.925107000000189 ], [ -78.813671000044948, 42.924618000000187 ], [ -78.813671000044963, 42.924600000000197 ], [ -78.813675000044981, 42.9236250000002 ], [ -78.813678000044973, 42.922657000000164 ], [ -78.81367700004499, 42.921714000000186 ], [ -78.813674000044998, 42.920772000000206 ], [ -78.813682000044992, 42.919619000000203 ], [ -78.813688000044991, 42.918886000000185 ], [ -78.814902000045095, 42.918891000000194 ], [ -78.814950000045101, 42.918961000000195 ], [ -78.814930000045109, 42.918909000000184 ], [ -78.814923000045113, 42.918887000000211 ], [ -78.814893000045075, 42.918860000000201 ], [ -78.81466400004507, 42.918454000000203 ], [ -78.814401000045038, 42.917990000000188 ], [ -78.814224000045044, 42.917676000000192 ], [ -78.813929000045036, 42.91714500000019 ], [ -78.81412600004505, 42.917100000000183 ], [ -78.814483000045058, 42.917012000000206 ], [ -78.814692000045085, 42.916960000000202 ], [ -78.814717000045093, 42.916961000000214 ], [ -78.815730000045164, 42.916980000000194 ], [ -78.816724000045241, 42.916997000000194 ], [ -78.817707000045345, 42.917015000000191 ], [ -78.817951000045355, 42.917019000000217 ], [ -78.818383000045415, 42.917027000000196 ], [ -78.818222000045367, 42.920581000000183 ], [ -78.818284000045367, 42.922183000000203 ], [ -78.818301000045381, 42.922621000000213 ], [ -78.81742900004528, 42.922628000000216 ], [ -78.817147000045281, 42.922630000000197 ], [ -78.816996000045251, 42.922631000000202 ], [ -78.816768000045244, 42.922633000000175 ] ] ] } },
{ "type": "Feature", "properties": { "ed_key": "Buffalo LOV 3", "nbhdname": "Schiller Park", "nbhdnum": 24.0 }, "geometry": { "type": "Polygon", "coordinates": [ [ [ -78.813678000044973, 42.922657000000164 ], [ -78.813561000044956, 42.92266300000022 ], [ -78.812585000044891, 42.9226710000002 ], [ -78.811583000044791, 42.922677000000199 ], [ -78.81153300004479, 42.922677000000213 ], [ -78.810618000044741, 42.922686000000219 ], [ -78.810491000044706, 42.922688000000178 ], [ -78.809667000044641, 42.922694000000227 ], [ -78.809456000044605, 42.922695000000196 ], [ -78.808718000044564, 42.922700000000184 ], [ -78.808414000044536, 42.92270300000019 ], [ -78.8077640000445, 42.922710000000187 ], [ -78.807758000044501, 42.922340000000212 ], [ -78.807769000044487, 42.920258000000203 ], [ -78.807779000044476, 42.919454000000208 ], [ -78.807778000044536, 42.919101000000168 ], [ -78.807818000044506, 42.919102000000201 ], [ -78.808722000044583, 42.919114000000214 ], [ -78.808725000044575, 42.918628000000218 ], [ -78.809670000044676, 42.91863400000021 ], [ -78.810560000044731, 42.918635000000222 ], [ -78.811608000044828, 42.918639000000212 ], [ -78.812595000044908, 42.918646000000216 ], [ -78.813479000044978, 42.918639000000198 ], [ -78.813690000045014, 42.918638000000222 ], [ -78.813688000044991, 42.918886000000185 ], [ -78.813682000044992, 42.919619000000203 ], [ -78.813674000044998, 42.920772000000206 ], [ -78.81367700004499, 42.921714000000186 ], [ -78.813678000044973, 42.922657000000164 ] ] ] } },
{ "type": "Feature", "properties": { "ed_key": "Buffalo LOV 4", "nbhdname": "Schiller Park", "nbhdnum": 24.0 }, "geometry": { "type": "Polygon", "coordinates": [ [ [ -78.8077640000445, 42.922710000000187 ], [ -78.806828000044405, 42.92272100000023 ], [ -78.805883000044332, 42.922729000000217 ], [ -78.80575600004434, 42.922730000000186 ], [ -78.80493600004425, 42.922737000000204 ], [ -78.804598000044237, 42.922740000000189 ], [ -78.80337800004412, 42.9227470000002 ], [ -78.802212000044022, 42.922756000000234 ], [ -78.802173000044021, 42.922756000000213 ], [ -78.801190000043974, 42.922763000000195 ], [ -78.801010000043931, 42.922764000000186 ], [ -78.800161000043886, 42.922769000000187 ], [ -78.799857000043829, 42.922772000000215 ], [ -78.799147000043789, 42.922788000000182 ], [ -78.799158000043803, 42.922336000000193 ], [ -78.799165000043786, 42.922111000000186 ], [ -78.799163000043777, 42.921677000000209 ], [ -78.799147000043817, 42.919003000000188 ], [ -78.79963000004382, 42.919007000000207 ], [ -78.800159000043877, 42.919012000000194 ], [ -78.801191000043985, 42.919025000000204 ], [ -78.80223100004406, 42.919040000000187 ], [ -78.803396000044131, 42.919050000000219 ], [ -78.803970000044202, 42.9190660000002 ], [ -78.804930000044266, 42.919070000000232 ], [ -78.804971000044276, 42.919070000000168 ], [ -78.805904000044364, 42.919080000000228 ], [ -78.806825000044427, 42.919090000000182 ], [ -78.807778000044536, 42.919101000000168 ], [ -78.807779000044476, 42.919454000000208 ], [ -78.807769000044487, 42.920258000000203 ], [ -78.807758000044501, 42.922340000000212 ], [ -78.8077640000445, 42.922710000000187 ] ] ] } },
{ "type": "Feature", "properties": { "ed_key": "Buffalo LOV 2", "nbhdname": "Genesee-Moselle", "nbhdnum": 23.0 }, "geometry": { "type": "Polygon", "coordinates": [ [ [ -78.818490000045429, 42.914652000000181 ], [ -78.818383000045415, 42.917027000000196 ], [ -78.817951000045355, 42.917019000000217 ], [ -78.817707000045345, 42.917015000000191 ], [ -78.816724000045241, 42.916997000000194 ], [ -78.815730000045164, 42.916980000000194 ], [ -78.814717000045093, 42.916961000000214 ], [ -78.814692000045085, 42.916960000000202 ], [ -78.814483000045058, 42.917012000000206 ], [ -78.81412600004505, 42.917100000000183 ], [ -78.813929000045036, 42.91714500000019 ], [ -78.81380600004502, 42.917118000000208 ], [ -78.813751000044988, 42.917069000000218 ], [ -78.813705000045019, 42.917019000000202 ], [ -78.813706000044988, 42.916618000000199 ], [ -78.813707000045014, 42.914678000000187 ], [ -78.814717000045121, 42.914673000000192 ], [ -78.815728000045183, 42.914669000000224 ], [ -78.816729000045285, 42.914663000000196 ], [ -78.817720000045355, 42.91465800000018 ], [ -78.818490000045429, 42.914652000000181 ] ] ] } },
{ "type": "Feature", "properties": { "ed_key": "Buffalo LOV 7", "nbhdname": "Schiller Park", "nbhdnum": 24.0 }, "geometry": { "type": "Polygon", "coordinates": [ [ [ -78.803970000044202, 42.9190660000002 ], [ -78.803396000044131, 42.919050000000219 ], [ -78.80223100004406, 42.919040000000187 ], [ -78.801191000043985, 42.919025000000204 ], [ -78.800159000043877, 42.919012000000194 ], [ -78.79963000004382, 42.919007000000207 ], [ -78.799147000043817, 42.919003000000188 ], [ -78.799146000043791, 42.91848000000018 ], [ -78.799052000043815, 42.916163000000196 ], [ -78.799051000043832, 42.913617000000215 ], [ -78.799195000043838, 42.91365300000021 ], [ -78.799683000043885, 42.913652000000205 ], [ -78.800690000043971, 42.9136510000002 ], [ -78.801512000044042, 42.913648000000194 ], [ -78.801739000044051, 42.913647000000196 ], [ -78.802480000044127, 42.913643000000221 ], [ -78.802696000044122, 42.913641000000197 ], [ -78.80331700004416, 42.913638000000191 ], [ -78.803681000044207, 42.91364100000019 ], [ -78.804449000044272, 42.913639000000188 ], [ -78.80485300004429, 42.913638000000191 ], [ -78.804850000044297, 42.913958000000207 ], [ -78.804813000044277, 42.91527400000021 ], [ -78.804818000044293, 42.915449000000208 ], [ -78.804796000044249, 42.916217000000188 ], [ -78.804979000044284, 42.916145000000199 ], [ -78.805870000044365, 42.915794000000204 ], [ -78.80714700004448, 42.915278000000221 ], [ -78.807953000044535, 42.914956000000217 ], [ -78.807941000044536, 42.915210000000222 ], [ -78.807885000044521, 42.917005000000216 ], [ -78.807869000044519, 42.917250000000223 ], [ -78.807862000044523, 42.917784000000182 ], [ -78.80782200004451, 42.918832000000208 ], [ -78.807818000044506, 42.919102000000201 ], [ -78.807778000044536, 42.919101000000168 ], [ -78.806825000044427, 42.919090000000182 ], [ -78.805904000044364, 42.919080000000228 ], [ -78.804971000044276, 42.919070000000168 ], [ -78.804930000044266, 42.919070000000232 ], [ -78.803970000044202, 42.9190660000002 ] ] ] } },
{ "type": "Feature", "properties": { "ed_key": "Buffalo LOV 6", "nbhdname": "Schiller Park", "nbhdnum": 24.0 }, "geometry": { "type": "Polygon", "coordinates": [ [ [ -78.808722000044583, 42.919114000000214 ], [ -78.807818000044506, 42.919102000000201 ], [ -78.80782200004451, 42.918832000000208 ], [ -78.807862000044523, 42.917784000000182 ], [ -78.807869000044519, 42.917250000000223 ], [ -78.807885000044521, 42.917005000000216 ], [ -78.807941000044536, 42.915210000000222 ], [ -78.807953000044535, 42.914956000000217 ], [ -78.80714700004448, 42.915278000000221 ], [ -78.805870000044365, 42.915794000000204 ], [ -78.804979000044284, 42.916145000000199 ], [ -78.804796000044249, 42.916217000000188 ], [ -78.804818000044293, 42.915449000000208 ], [ -78.804813000044277, 42.91527400000021 ], [ -78.804850000044297, 42.913958000000207 ], [ -78.80485300004429, 42.913638000000191 ], [ -78.804449000044272, 42.913639000000188 ], [ -78.803681000044207, 42.91364100000019 ], [ -78.803681000044193, 42.913503000000176 ], [ -78.80374900004422, 42.911457000000169 ], [ -78.803789000044233, 42.909789000000195 ], [ -78.804331000044286, 42.909788000000191 ], [ -78.804571000044277, 42.90978900000021 ], [ -78.804721000044296, 42.90979100000019 ], [ -78.805630000044388, 42.909785000000184 ], [ -78.805788000044402, 42.909786000000189 ], [ -78.80616900004442, 42.909788000000184 ], [ -78.807082000044502, 42.9097900000002 ], [ -78.807196000044499, 42.909791000000197 ], [ -78.808274000044605, 42.909789000000224 ], [ -78.809288000044674, 42.909785000000191 ], [ -78.80977400004474, 42.909784000000208 ], [ -78.809996000044748, 42.909783000000196 ], [ -78.810515000044774, 42.90978200000017 ], [ -78.81151100004486, 42.909777000000219 ], [ -78.81259700004496, 42.909772000000196 ], [ -78.813709000045066, 42.909764000000209 ], [ -78.8143200000451, 42.909763000000204 ], [ -78.814751000045135, 42.909754000000191 ], [ -78.814752000045132, 42.909795000000187 ], [ -78.814758000045131, 42.912214000000198 ], [ -78.814718000045133, 42.9122300000002 ], [ -78.814707000045118, 42.913191000000175 ], [ -78.814717000045121, 42.914673000000192 ], [ -78.813707000045014, 42.914678000000187 ], [ -78.813706000044988, 42.916618000000199 ], [ -78.813705000045019, 42.917019000000202 ], [ -78.813751000044988, 42.917069000000218 ], [ -78.81380600004502, 42.917118000000208 ], [ -78.813929000045036, 42.91714500000019 ], [ -78.814224000045044, 42.917676000000192 ], [ -78.814401000045038, 42.917990000000188 ], [ -78.81466400004507, 42.918454000000203 ], [ -78.814893000045075, 42.918860000000201 ], [ -78.814923000045113, 42.918887000000211 ], [ -78.814930000045109, 42.918909000000184 ], [ -78.814950000045101, 42.918961000000195 ], [ -78.814902000045095, 42.918891000000194 ], [ -78.813688000044991, 42.918886000000185 ], [ -78.813690000045014, 42.918638000000222 ], [ -78.813479000044978, 42.918639000000198 ], [ -78.812595000044908, 42.918646000000216 ], [ -78.811608000044828, 42.918639000000212 ], [ -78.810560000044731, 42.918635000000222 ], [ -78.809670000044676, 42.91863400000021 ], [ -78.808725000044575, 42.918628000000218 ], [ -78.808722000044583, 42.919114000000214 ] ] ] } },
{ "type": "Feature", "properties": { "ed_key": "Buffalo LOV 13", "nbhdname": "Schiller Park", "nbhdnum": 24.0 }, "geometry": { "type": "Polygon", "coordinates": [ [ [ -78.803681000044207, 42.91364100000019 ], [ -78.80331700004416, 42.913638000000191 ], [ -78.802696000044122, 42.913641000000197 ], [ -78.802480000044127, 42.913643000000221 ], [ -78.801739000044051, 42.913647000000196 ], [ -78.801512000044042, 42.913648000000194 ], [ -78.800690000043971, 42.9136510000002 ], [ -78.799683000043885, 42.913652000000205 ], [ -78.799195000043838, 42.91365300000021 ], [ -78.799051000043832, 42.913617000000215 ], [ -78.799155000043854, 42.911273000000186 ], [ -78.799054000043853, 42.909862000000196 ], [ -78.799059000043854, 42.909744000000202 ], [ -78.799159000043886, 42.906829000000172 ], [ -78.799155000043868, 42.905436000000194 ], [ -78.799155000043882, 42.905041000000182 ], [ -78.799156000043894, 42.903525000000194 ], [ -78.799156000043865, 42.903044000000179 ], [ -78.80105300004405, 42.902797000000191 ], [ -78.803016000044209, 42.902190000000168 ], [ -78.803642000044249, 42.9019970000002 ], [ -78.80383800004428, 42.901858000000196 ], [ -78.804191000044312, 42.901608000000209 ], [ -78.804646000044343, 42.901284000000196 ], [ -78.804965000044376, 42.901057000000215 ], [ -78.805191000044402, 42.901063000000214 ], [ -78.805144000044379, 42.901276000000202 ], [ -78.805226000044414, 42.901477000000192 ], [ -78.805284000044381, 42.901547000000171 ], [ -78.805496000044428, 42.901866000000204 ], [ -78.805710000044442, 42.902187000000204 ], [ -78.807683000044563, 42.905683000000188 ], [ -78.809336000044681, 42.908665000000205 ], [ -78.80977400004474, 42.909784000000208 ], [ -78.809288000044674, 42.909785000000191 ], [ -78.808274000044605, 42.909789000000224 ], [ -78.807196000044499, 42.909791000000197 ], [ -78.807082000044502, 42.9097900000002 ], [ -78.80616900004442, 42.909788000000184 ], [ -78.805788000044402, 42.909786000000189 ], [ -78.805630000044388, 42.909785000000184 ], [ -78.804721000044296, 42.90979100000019 ], [ -78.804571000044277, 42.90978900000021 ], [ -78.804331000044286, 42.909788000000191 ], [ -78.803789000044233, 42.909789000000195 ], [ -78.80374900004422, 42.911457000000169 ], [ -78.803681000044193, 42.913503000000176 ], [ -78.803681000044207, 42.91364100000019 ] ] ] } },
{ "type": "Feature", "properties": { "ed_key": "Buffalo LOV 11", "nbhdname": "Genesee-Moselle", "nbhdnum": 23.0 }, "geometry": { "type": "Polygon", "coordinates": [ [ [ -78.814751000045135, 42.909754000000191 ], [ -78.8143200000451, 42.909763000000204 ], [ -78.813709000045066, 42.909764000000209 ], [ -78.81259700004496, 42.909772000000196 ], [ -78.81151100004486, 42.909777000000219 ], [ -78.810515000044774, 42.90978200000017 ], [ -78.809996000044748, 42.909783000000196 ], [ -78.80977400004474, 42.909784000000208 ], [ -78.809336000044681, 42.908665000000205 ], [ -78.807683000044563, 42.905683000000188 ], [ -78.805710000044442, 42.902187000000204 ], [ -78.805909000044437, 42.902160000000208 ], [ -78.811609000044925, 42.901392000000222 ], [ -78.81263900004501, 42.901253000000196 ], [ -78.813866000045124, 42.901088000000193 ], [ -78.813864000045115, 42.901285000000186 ], [ -78.815011000045203, 42.901293000000209 ], [ -78.815137000045212, 42.901309000000197 ], [ -78.815387000045234, 42.901350000000214 ], [ -78.815632000045255, 42.901404000000205 ], [ -78.81587200004526, 42.901470000000209 ], [ -78.816106000045295, 42.901546000000195 ], [ -78.816024000045275, 42.904168000000212 ], [ -78.816008000045258, 42.904554000000189 ], [ -78.81622100004526, 42.904526000000189 ], [ -78.816230000045294, 42.905807000000202 ], [ -78.816231000045263, 42.906765000000192 ], [ -78.816231000045278, 42.908100000000211 ], [ -78.815819000045224, 42.908092000000188 ], [ -78.814951000045141, 42.908075000000196 ], [ -78.814795000045152, 42.908071000000234 ], [ -78.814780000045147, 42.90882600000019 ], [ -78.814779000045135, 42.909113000000218 ], [ -78.814775000045145, 42.909721000000189 ], [ -78.814776000045129, 42.909754000000234 ], [ -78.814751000045135, 42.909754000000191 ] ] ] } },
{ "type": "Feature", "properties": { "ed_key": "Buffalo LOV 15", "nbhdname": "Lovejoy", "nbhdnum": 25.0 }, "geometry": { "type": "Polygon", "coordinates": [ [ [ -78.805710000044442, 42.902187000000204 ], [ -78.805496000044428, 42.901866000000204 ], [ -78.805284000044381, 42.901547000000171 ], [ -78.805226000044414, 42.901477000000192 ], [ -78.805144000044379, 42.901276000000202 ], [ -78.805191000044402, 42.901063000000214 ], [ -78.804965000044376, 42.901057000000215 ], [ -78.804646000044343, 42.901284000000196 ], [ -78.804191000044312, 42.901608000000209 ], [ -78.80383800004428, 42.901858000000196 ], [ -78.803642000044249, 42.9019970000002 ], [ -78.803016000044209, 42.902190000000168 ], [ -78.80105300004405, 42.902797000000191 ], [ -78.799156000043865, 42.903044000000179 ], [ -78.799164000043902, 42.902694000000189 ], [ -78.799174000043891, 42.902283000000189 ], [ -78.799183000043882, 42.901937000000181 ], [ -78.799191000043891, 42.901591000000188 ], [ -78.799197000043904, 42.901341000000208 ], [ -78.799199000043899, 42.901250000000196 ], [ -78.799208000043905, 42.900887000000218 ], [ -78.799214000043904, 42.900609000000209 ], [ -78.799219000043919, 42.900427000000164 ], [ -78.799225000043918, 42.900201000000173 ], [ -78.799231000043932, 42.899944000000197 ], [ -78.799238000043886, 42.899631000000191 ], [ -78.799242000043918, 42.899467000000172 ], [ -78.799246000043922, 42.899289000000202 ], [ -78.799256000043911, 42.899067000000223 ], [ -78.799269000043907, 42.898769000000172 ], [ -78.799315000043961, 42.895575000000179 ], [ -78.799905000043978, 42.895576000000162 ], [ -78.801086000044094, 42.895577000000181 ], [ -78.802304000044188, 42.89558000000018 ], [ -78.802318000044195, 42.895016000000176 ], [ -78.803533000044283, 42.895020000000216 ], [ -78.803598000044303, 42.89502500000021 ], [ -78.803649000044302, 42.893308000000197 ], [ -78.803690000044313, 42.892411000000202 ], [ -78.804317000044364, 42.892418000000177 ], [ -78.804925000044406, 42.892419000000196 ], [ -78.806161000044526, 42.892425000000188 ], [ -78.807411000044624, 42.892433000000182 ], [ -78.807423000044622, 42.892171000000211 ], [ -78.807432000044642, 42.891644000000227 ], [ -78.807479000044651, 42.889753000000198 ], [ -78.807519000044664, 42.887997000000205 ], [ -78.807521000044659, 42.887386000000198 ], [ -78.80751900004465, 42.887347000000197 ], [ -78.807544000044658, 42.887347000000176 ], [ -78.80859600004473, 42.887353000000175 ], [ -78.809638000044842, 42.887360000000207 ], [ -78.80962600004483, 42.887990000000229 ], [ -78.809603000044831, 42.888879000000188 ], [ -78.809592000044802, 42.889459000000215 ], [ -78.809593000044842, 42.889721000000208 ], [ -78.809586000044817, 42.889746000000223 ], [ -78.809572000044824, 42.890577000000199 ], [ -78.809557000044805, 42.891334000000192 ], [ -78.809543000044812, 42.892156000000185 ], [ -78.813329000045115, 42.89218700000017 ], [ -78.814122000045174, 42.892195000000207 ], [ -78.814117000045172, 42.892230000000197 ], [ -78.814107000045198, 42.892836000000202 ], [ -78.814099000045161, 42.893443000000197 ], [ -78.814083000045144, 42.894156000000187 ], [ -78.814078000045171, 42.894398000000209 ], [ -78.814056000045156, 42.895395000000207 ], [ -78.814041000045165, 42.895964000000198 ], [ -78.81404700004515, 42.896027000000217 ], [ -78.813970000045131, 42.896936000000181 ], [ -78.813935000045149, 42.898901000000201 ], [ -78.813866000045124, 42.901088000000193 ], [ -78.81263900004501, 42.901253000000196 ], [ -78.811609000044925, 42.901392000000222 ], [ -78.805909000044437, 42.902160000000208 ], [ -78.805710000044442, 42.902187000000204 ] ] ] } },
{ "type": "Feature", "properties": { "ed_key": "Buffalo LOV 16", "nbhdname": "Lovejoy", "nbhdnum": 25.0 }, "geometry": { "type": "Polygon", "coordinates": [ [ [ -78.80962600004483, 42.887990000000229 ], [ -78.809638000044842, 42.887360000000207 ], [ -78.80859600004473, 42.887353000000175 ], [ -78.807544000044658, 42.887347000000176 ], [ -78.807541000044665, 42.887150000000169 ], [ -78.807592000044679, 42.884720000000208 ], [ -78.808660000044767, 42.884729000000185 ], [ -78.809693000044845, 42.8847400000002 ], [ -78.811620000045011, 42.884758000000183 ], [ -78.813670000045192, 42.884776000000194 ], [ -78.81417700004522, 42.884788000000199 ], [ -78.814219000045242, 42.884789000000204 ], [ -78.815390000045326, 42.884794000000191 ], [ -78.816281000045407, 42.884800000000226 ], [ -78.81637800004539, 42.884797000000226 ], [ -78.816607000045451, 42.884796000000193 ], [ -78.816543000045414, 42.884973000000201 ], [ -78.816499000045411, 42.885281000000212 ], [ -78.816505000045396, 42.889659000000186 ], [ -78.816505000045396, 42.890046000000197 ], [ -78.816527000045383, 42.890163000000229 ], [ -78.816541000045405, 42.890216000000216 ], [ -78.816627000045401, 42.890379000000216 ], [ -78.816754000045421, 42.890584000000189 ], [ -78.817147000045438, 42.891157000000192 ], [ -78.81723600004544, 42.891322000000223 ], [ -78.817314000045457, 42.89155000000023 ], [ -78.817351000045448, 42.891798000000215 ], [ -78.817326000045441, 42.892062000000202 ], [ -78.817193000045449, 42.892371000000189 ], [ -78.81700200004542, 42.892667000000216 ], [ -78.81683400004539, 42.892887000000194 ], [ -78.816724000045383, 42.893030000000181 ], [ -78.81466100004522, 42.893909000000178 ], [ -78.814083000045144, 42.894156000000187 ], [ -78.814099000045161, 42.893443000000197 ], [ -78.814107000045198, 42.892836000000202 ], [ -78.814117000045172, 42.892230000000197 ], [ -78.814122000045174, 42.892195000000207 ], [ -78.813329000045115, 42.89218700000017 ], [ -78.809543000044812, 42.892156000000185 ], [ -78.809557000044805, 42.891334000000192 ], [ -78.809572000044824, 42.890577000000199 ], [ -78.809586000044817, 42.889746000000223 ], [ -78.809593000044842, 42.889721000000208 ], [ -78.809592000044802, 42.889459000000215 ], [ -78.809603000044831, 42.888879000000188 ], [ -78.80962600004483, 42.887990000000229 ] ] ] } },
{ "type": "Feature", "properties": { "ed_key": "Buffalo LOV 18", "nbhdname": "Lovejoy", "nbhdnum": 25.0 }, "geometry": { "type": "Polygon", "coordinates": [ [ [ -78.807411000044624, 42.892433000000182 ], [ -78.806161000044526, 42.892425000000188 ], [ -78.804925000044406, 42.892419000000196 ], [ -78.804317000044364, 42.892418000000177 ], [ -78.803690000044313, 42.892411000000202 ], [ -78.803649000044302, 42.893308000000197 ], [ -78.803598000044303, 42.89502500000021 ], [ -78.803533000044283, 42.895020000000216 ], [ -78.802318000044195, 42.895016000000176 ], [ -78.802304000044188, 42.89558000000018 ], [ -78.801086000044094, 42.895577000000181 ], [ -78.799905000043978, 42.895576000000162 ], [ -78.799315000043961, 42.895575000000179 ], [ -78.799359000043964, 42.891036000000192 ], [ -78.799355000043988, 42.889778000000177 ], [ -78.799473000044003, 42.887271000000183 ], [ -78.800009000044071, 42.887273000000206 ], [ -78.80095200004412, 42.887288000000204 ], [ -78.801204000044137, 42.887288000000218 ], [ -78.802457000044257, 42.887302000000169 ], [ -78.802427000044219, 42.889490000000208 ], [ -78.802416000044204, 42.889772000000171 ], [ -78.803716000044318, 42.889768000000224 ], [ -78.804338000044382, 42.889762000000182 ], [ -78.804972000044458, 42.889761000000206 ], [ -78.806222000044556, 42.889757000000216 ], [ -78.807479000044651, 42.889753000000198 ], [ -78.807432000044642, 42.891644000000227 ], [ -78.807423000044622, 42.892171000000211 ], [ -78.807411000044624, 42.892433000000182 ] ] ] } },
{ "type": "Feature", "properties": { "ed_key": "Buffalo LOV 19", "nbhdname": "Lovejoy", "nbhdnum": 25.0 }, "geometry": { "type": "Polygon", "coordinates": [ [ [ -78.807544000044658, 42.887347000000176 ], [ -78.80751900004465, 42.887347000000197 ], [ -78.807521000044659, 42.887386000000198 ], [ -78.807519000044664, 42.887997000000205 ], [ -78.807479000044651, 42.889753000000198 ], [ -78.806222000044556, 42.889757000000216 ], [ -78.804972000044458, 42.889761000000206 ], [ -78.804338000044382, 42.889762000000182 ], [ -78.803716000044318, 42.889768000000224 ], [ -78.802416000044204, 42.889772000000171 ], [ -78.802427000044219, 42.889490000000208 ], [ -78.802457000044257, 42.887302000000169 ], [ -78.801204000044137, 42.887288000000218 ], [ -78.80095200004412, 42.887288000000204 ], [ -78.800009000044071, 42.887273000000206 ], [ -78.799473000044003, 42.887271000000183 ], [ -78.799555000044023, 42.885758000000237 ], [ -78.799546000044032, 42.885694000000221 ], [ -78.799462000044016, 42.885105000000195 ], [ -78.799454000043994, 42.885059000000176 ], [ -78.799519000044029, 42.884734000000158 ], [ -78.79954900004401, 42.884582000000172 ], [ -78.799746000044038, 42.884659000000191 ], [ -78.800254000044063, 42.884857000000203 ], [ -78.800709000044122, 42.885035000000201 ], [ -78.801249000044152, 42.884895000000199 ], [ -78.802109000044254, 42.884655000000187 ], [ -78.80252500004427, 42.884661000000186 ], [ -78.803840000044346, 42.884679000000197 ], [ -78.805085000044485, 42.884695000000178 ], [ -78.806329000044585, 42.884709000000186 ], [ -78.807592000044679, 42.884720000000208 ], [ -78.807541000044665, 42.887150000000169 ], [ -78.807544000044658, 42.887347000000176 ] ] ] } },
{ "type": "Feature", "properties": { "ed_key": "Buffalo LOV 8", "nbhdname": "Kaisertown", "nbhdnum": 32.0 }, "geometry": { "type": "Polygon", "coordinates": [ [ [ -78.808645000044834, 42.871877000000168 ], [ -78.80959400004491, 42.87189200000023 ], [ -78.809689000044926, 42.871893000000178 ], [ -78.809654000044901, 42.873340000000191 ], [ -78.808602000044829, 42.873325000000193 ], [ -78.808554000044822, 42.874870000000186 ], [ -78.8085400000448, 42.875343000000193 ], [ -78.808519000044811, 42.876043000000188 ], [ -78.808518000044828, 42.876080000000179 ], [ -78.808515000044792, 42.8761620000002 ], [ -78.808505000044789, 42.876492000000184 ], [ -78.808497000044795, 42.876850000000175 ], [ -78.8084840000448, 42.877125000000206 ], [ -78.808477000044789, 42.877517000000203 ], [ -78.808463000044782, 42.87781800000019 ], [ -78.805503000044553, 42.877787000000176 ], [ -78.805469000044539, 42.878824000000222 ], [ -78.805452000044525, 42.879155000000218 ], [ -78.80542600004452, 42.879953000000199 ], [ -78.805380000044508, 42.881341000000177 ], [ -78.805370000044533, 42.881642000000205 ], [ -78.80536400004452, 42.881693000000183 ], [ -78.805362000044511, 42.881718000000177 ], [ -78.805699000044555, 42.882207000000179 ], [ -78.80578200004453, 42.882299000000209 ], [ -78.805880000044539, 42.882381000000194 ], [ -78.806017000044577, 42.882451000000188 ], [ -78.80616200004458, 42.882510000000217 ], [ -78.806238000044573, 42.882534000000177 ], [ -78.806375000044611, 42.882559000000192 ], [ -78.806486000044586, 42.882567000000215 ], [ -78.807008000044647, 42.882569000000217 ], [ -78.807289000044662, 42.882573000000178 ], [ -78.807605000044688, 42.882577000000204 ], [ -78.801151000044158, 42.884333000000204 ], [ -78.800643000044118, 42.884410000000187 ], [ -78.80043300004408, 42.884466000000188 ], [ -78.800238000044075, 42.88451800000022 ], [ -78.800254000044063, 42.884857000000203 ], [ -78.799746000044038, 42.884659000000191 ], [ -78.79954900004401, 42.884582000000172 ], [ -78.799552000044031, 42.884556000000195 ], [ -78.799563000044046, 42.882294000000186 ], [ -78.799561000044051, 42.882154000000206 ], [ -78.799623000044065, 42.881164000000211 ], [ -78.799654000044043, 42.880759000000197 ], [ -78.799663000044077, 42.877712000000194 ], [ -78.799664000044061, 42.877660000000169 ], [ -78.799754000044075, 42.877158000000193 ], [ -78.799757000044096, 42.876333000000209 ], [ -78.799755000044101, 42.876179000000207 ], [ -78.799753000044092, 42.875859000000212 ], [ -78.799817000044101, 42.874712000000173 ], [ -78.799841000044111, 42.874712000000201 ], [ -78.800871000044168, 42.874732000000193 ], [ -78.801210000044208, 42.87474200000019 ], [ -78.801959000044263, 42.874765000000174 ], [ -78.803022000044351, 42.874777000000194 ], [ -78.80306100004438, 42.873469000000192 ], [ -78.803086000044374, 42.872849000000208 ], [ -78.803111000044382, 42.871803000000185 ], [ -78.803970000044444, 42.871814000000171 ], [ -78.80415100004447, 42.871817000000185 ], [ -78.804918000044538, 42.871827000000188 ], [ -78.804968000044568, 42.871828000000171 ], [ -78.805856000044599, 42.871840000000184 ], [ -78.806775000044681, 42.871853000000215 ], [ -78.807712000044759, 42.871866000000168 ], [ -78.808645000044834, 42.871877000000168 ] ] ] } },
{ "type": "Feature", "properties": { "ed_key": "Buffalo LOV 5", "nbhdname": "Kaisertown", "nbhdnum": 32.0 }, "geometry": { "type": "Polygon", "coordinates": [ [ [ -78.807592000044679, 42.884720000000208 ], [ -78.806329000044585, 42.884709000000186 ], [ -78.805085000044485, 42.884695000000178 ], [ -78.803840000044346, 42.884679000000197 ], [ -78.80252500004427, 42.884661000000186 ], [ -78.802109000044254, 42.884655000000187 ], [ -78.801249000044152, 42.884895000000199 ], [ -78.800709000044122, 42.885035000000201 ], [ -78.800254000044063, 42.884857000000203 ], [ -78.800238000044075, 42.88451800000022 ], [ -78.80043300004408, 42.884466000000188 ], [ -78.800643000044118, 42.884410000000187 ], [ -78.801151000044158, 42.884333000000204 ], [ -78.807605000044688, 42.882577000000204 ], [ -78.807289000044662, 42.882573000000178 ], [ -78.807008000044647, 42.882569000000217 ], [ -78.806486000044586, 42.882567000000215 ], [ -78.806375000044611, 42.882559000000192 ], [ -78.806238000044573, 42.882534000000177 ], [ -78.80616200004458, 42.882510000000217 ], [ -78.806017000044577, 42.882451000000188 ], [ -78.805880000044539, 42.882381000000194 ], [ -78.80578200004453, 42.882299000000209 ], [ -78.805699000044555, 42.882207000000179 ], [ -78.805362000044511, 42.881718000000177 ], [ -78.80536400004452, 42.881693000000183 ], [ -78.805370000044533, 42.881642000000205 ], [ -78.805380000044508, 42.881341000000177 ], [ -78.80542600004452, 42.879953000000199 ], [ -78.805452000044525, 42.879155000000218 ], [ -78.805469000044539, 42.878824000000222 ], [ -78.805503000044553, 42.877787000000176 ], [ -78.808463000044782, 42.87781800000019 ], [ -78.808477000044789, 42.877517000000203 ], [ -78.8084840000448, 42.877125000000206 ], [ -78.808497000044795, 42.876850000000175 ], [ -78.808505000044789, 42.876492000000184 ], [ -78.808515000044792, 42.8761620000002 ], [ -78.808518000044828, 42.876080000000179 ], [ -78.808519000044811, 42.876043000000188 ], [ -78.8085400000448, 42.875343000000193 ], [ -78.808554000044822, 42.874870000000186 ], [ -78.808602000044829, 42.873325000000193 ], [ -78.809654000044901, 42.873340000000191 ], [ -78.809689000044926, 42.871893000000178 ], [ -78.80959400004491, 42.87189200000023 ], [ -78.808645000044834, 42.871877000000168 ], [ -78.807712000044759, 42.871866000000168 ], [ -78.806775000044681, 42.871853000000215 ], [ -78.806788000044676, 42.871432000000176 ], [ -78.806798000044694, 42.87140700000019 ], [ -78.806798000044694, 42.87133600000017 ], [ -78.806862000044703, 42.868700000000175 ], [ -78.806948000044727, 42.865931000000167 ], [ -78.806985000044733, 42.864988000000174 ], [ -78.806995000044736, 42.864732000000195 ], [ -78.807000000044752, 42.864689000000183 ], [ -78.807332000044781, 42.864655000000177 ], [ -78.807925000044818, 42.864562000000191 ], [ -78.808238000044852, 42.864513000000201 ], [ -78.809528000044935, 42.864305000000194 ], [ -78.809777000044974, 42.864198000000194 ], [ -78.809928000044977, 42.864107000000196 ], [ -78.810021000045012, 42.863988000000198 ], [ -78.810114000045019, 42.863852000000207 ], [ -78.810345000045004, 42.863720000000193 ], [ -78.817708000045627, 42.867522000000186 ], [ -78.818181000045641, 42.867749000000195 ], [ -78.818459000045678, 42.867874000000171 ], [ -78.818871000045704, 42.868046000000191 ], [ -78.819207000045751, 42.868176000000211 ], [ -78.820239000045831, 42.868574000000201 ], [ -78.820689000045846, 42.868748000000217 ], [ -78.821125000045896, 42.868915000000193 ], [ -78.82132200004591, 42.868991000000229 ], [ -78.821467000045928, 42.869047000000222 ], [ -78.82161600004595, 42.869105000000225 ], [ -78.821972000045989, 42.869243000000175 ], [ -78.821796000045964, 42.869533000000189 ], [ -78.82054000004581, 42.871287000000208 ], [ -78.819980000045788, 42.872059000000164 ], [ -78.818147000045613, 42.874622000000201 ], [ -78.817847000045603, 42.875043000000197 ], [ -78.817595000045557, 42.875396000000201 ], [ -78.817348000045541, 42.875738000000162 ], [ -78.817169000045538, 42.875988000000163 ], [ -78.816710000045475, 42.876631000000231 ], [ -78.81578700004539, 42.877921000000185 ], [ -78.814359000045286, 42.879910000000223 ], [ -78.814193000045265, 42.880223000000179 ], [ -78.814112000045242, 42.880618000000169 ], [ -78.814108000045252, 42.880830000000223 ], [ -78.814102000045253, 42.881115000000207 ], [ -78.814084000045241, 42.882074000000181 ], [ -78.814070000045234, 42.882361000000202 ], [ -78.814058000045236, 42.883051000000194 ], [ -78.814045000045198, 42.883402000000189 ], [ -78.814041000045222, 42.883800000000207 ], [ -78.814045000045212, 42.883858000000203 ], [ -78.814039000045227, 42.884095000000194 ], [ -78.81408700004522, 42.884498000000228 ], [ -78.814121000045219, 42.884630000000179 ], [ -78.81417700004522, 42.884788000000199 ], [ -78.813670000045192, 42.884776000000194 ], [ -78.811620000045011, 42.884758000000183 ], [ -78.809693000044845, 42.8847400000002 ], [ -78.808660000044767, 42.884729000000185 ], [ -78.807592000044679, 42.884720000000208 ] ] ] } },
{ "type": "Feature", "properties": { "ed_key": "Buffalo LOV 9", "nbhdname": "Kaisertown", "nbhdnum": 32.0 }, "geometry": { "type": "Polygon", "coordinates": [ [ [ -78.799817000044101, 42.874712000000173 ], [ -78.79986400004411, 42.8735700000002 ], [ -78.799904000044123, 42.871731000000189 ], [ -78.799921000044108, 42.871230000000189 ], [ -78.79955500004408, 42.871212000000206 ], [ -78.799569000044116, 42.870072000000185 ], [ -78.799595000044107, 42.868620000000213 ], [ -78.799602000044118, 42.867313000000209 ], [ -78.800122000044169, 42.867135000000211 ], [ -78.800145000044154, 42.865986000000198 ], [ -78.800080000044161, 42.864844000000176 ], [ -78.800216000044188, 42.864866000000184 ], [ -78.800351000044188, 42.864889000000161 ], [ -78.800628000044213, 42.864935000000195 ], [ -78.801211000044276, 42.864950000000192 ], [ -78.801245000044275, 42.864964000000185 ], [ -78.801280000044272, 42.86495200000018 ], [ -78.80148700004429, 42.864957000000182 ], [ -78.801971000044318, 42.864969000000187 ], [ -78.802171000044325, 42.864970000000206 ], [ -78.802680000044376, 42.864973000000163 ], [ -78.80309200004443, 42.8649610000002 ], [ -78.803144000044426, 42.864963000000181 ], [ -78.803122000044411, 42.866011000000228 ], [ -78.803121000044413, 42.866040000000183 ], [ -78.803094000044382, 42.867978000000178 ], [ -78.803084000044379, 42.86864700000018 ], [ -78.803034000044377, 42.871380000000173 ], [ -78.803021000044382, 42.871711000000182 ], [ -78.803020000044398, 42.871755000000185 ], [ -78.803111000044382, 42.871803000000185 ], [ -78.803086000044374, 42.872849000000208 ], [ -78.80306100004438, 42.873469000000192 ], [ -78.803022000044351, 42.874777000000194 ], [ -78.801959000044263, 42.874765000000174 ], [ -78.801210000044208, 42.87474200000019 ], [ -78.800871000044168, 42.874732000000193 ], [ -78.799841000044111, 42.874712000000201 ], [ -78.799817000044101, 42.874712000000173 ] ] ] } },
{ "type": "Feature", "properties": { "ed_key": "Buffalo LOV 10", "nbhdname": "Kaisertown", "nbhdnum": 32.0 }, "geometry": { "type": "Polygon", "coordinates": [ [ [ -78.800080000044161, 42.864844000000176 ], [ -78.800082000044142, 42.864425000000175 ], [ -78.800087000044186, 42.863752000000176 ], [ -78.800161000044199, 42.861520000000176 ], [ -78.800245000044214, 42.858477000000178 ], [ -78.800802000044243, 42.85871500000016 ], [ -78.801663000044343, 42.859127000000186 ], [ -78.804521000044559, 42.860593000000208 ], [ -78.809992000044986, 42.863537000000207 ], [ -78.810168000045039, 42.863629000000223 ], [ -78.810345000045004, 42.863720000000193 ], [ -78.810114000045019, 42.863852000000207 ], [ -78.810021000045012, 42.863988000000198 ], [ -78.809928000044977, 42.864107000000196 ], [ -78.809777000044974, 42.864198000000194 ], [ -78.809528000044935, 42.864305000000194 ], [ -78.808238000044852, 42.864513000000201 ], [ -78.807925000044818, 42.864562000000191 ], [ -78.807332000044781, 42.864655000000177 ], [ -78.807000000044752, 42.864689000000183 ], [ -78.806995000044736, 42.864732000000195 ], [ -78.806985000044733, 42.864988000000174 ], [ -78.806948000044727, 42.865931000000167 ], [ -78.806862000044703, 42.868700000000175 ], [ -78.806798000044694, 42.87133600000017 ], [ -78.806798000044694, 42.87140700000019 ], [ -78.806788000044676, 42.871432000000176 ], [ -78.806775000044681, 42.871853000000215 ], [ -78.805856000044599, 42.871840000000184 ], [ -78.804968000044568, 42.871828000000171 ], [ -78.804918000044538, 42.871827000000188 ], [ -78.80415100004447, 42.871817000000185 ], [ -78.803970000044444, 42.871814000000171 ], [ -78.803111000044382, 42.871803000000185 ], [ -78.803020000044398, 42.871755000000185 ], [ -78.803021000044382, 42.871711000000182 ], [ -78.803034000044377, 42.871380000000173 ], [ -78.803084000044379, 42.86864700000018 ], [ -78.803094000044382, 42.867978000000178 ], [ -78.803121000044413, 42.866040000000183 ], [ -78.803122000044411, 42.866011000000228 ], [ -78.803144000044426, 42.864963000000181 ], [ -78.80309200004443, 42.8649610000002 ], [ -78.802680000044376, 42.864973000000163 ], [ -78.802171000044325, 42.864970000000206 ], [ -78.801971000044318, 42.864969000000187 ], [ -78.80148700004429, 42.864957000000182 ], [ -78.801280000044272, 42.86495200000018 ], [ -78.801245000044275, 42.864964000000185 ], [ -78.801211000044276, 42.864950000000192 ], [ -78.800628000044213, 42.864935000000195 ], [ -78.800351000044188, 42.864889000000161 ], [ -78.800216000044188, 42.864866000000184 ], [ -78.800080000044161, 42.864844000000176 ] ] ] } },
{ "type": "Feature", "properties": { "ed_key": "Buffalo LOV 12", "nbhdname": "Seneca-Cazenovia", "nbhdnum": 33.0 }, "geometry": { "type": "MultiPolygon", "coordinates": [ [ [ [ -78.821125000045896, 42.868915000000193 ], [ -78.820689000045846, 42.868748000000217 ], [ -78.820239000045831, 42.868574000000201 ], [ -78.819207000045751, 42.868176000000211 ], [ -78.818871000045704, 42.868046000000191 ], [ -78.818459000045678, 42.867874000000171 ], [ -78.818181000045641, 42.867749000000195 ], [ -78.817708000045627, 42.867522000000186 ], [ -78.810345000045004, 42.863720000000193 ], [ -78.810168000045039, 42.863629000000223 ], [ -78.809992000044986, 42.863537000000207 ], [ -78.810140000044981, 42.863386000000148 ], [ -78.810293000045021, 42.863245000000184 ], [ -78.810384000045048, 42.863169000000163 ], [ -78.81049000004505, 42.86309400000021 ], [ -78.810657000045069, 42.863008000000193 ], [ -78.810829000045075, 42.862961000000197 ], [ -78.810986000045077, 42.862952000000206 ], [ -78.811165000045108, 42.862971000000179 ], [ -78.811366000045098, 42.863017000000184 ], [ -78.811968000045155, 42.863271000000196 ], [ -78.812038000045149, 42.863300000000187 ], [ -78.812451000045201, 42.863531000000194 ], [ -78.812996000045231, 42.863843000000188 ], [ -78.813040000045248, 42.863868000000195 ], [ -78.813570000045289, 42.864155000000189 ], [ -78.81398700004533, 42.864515000000175 ], [ -78.814068000045324, 42.8645840000002 ], [ -78.814781000045372, 42.864719000000214 ], [ -78.815152000045416, 42.864842000000223 ], [ -78.815559000045454, 42.864976000000205 ], [ -78.815903000045481, 42.865231000000207 ], [ -78.81610200004549, 42.865378000000199 ], [ -78.816151000045494, 42.865489000000174 ], [ -78.816408000045541, 42.865689000000224 ], [ -78.816564000045503, 42.865702000000198 ], [ -78.816581000045559, 42.865715000000172 ], [ -78.816762000045543, 42.865853000000207 ], [ -78.816815000045565, 42.865826000000183 ], [ -78.816943000045555, 42.865779000000188 ], [ -78.817078000045569, 42.865770000000211 ], [ -78.817248000045595, 42.865816000000194 ], [ -78.817544000045629, 42.865962000000195 ], [ -78.818481000045693, 42.866424000000208 ], [ -78.818850000045728, 42.866588000000206 ], [ -78.819058000045729, 42.866640000000196 ], [ -78.819208000045762, 42.866620000000196 ], [ -78.819357000045741, 42.866530000000203 ], [ -78.819420000045767, 42.86649700000018 ], [ -78.819542000045772, 42.866383000000233 ], [ -78.81955000004578, 42.866334000000201 ], [ -78.819486000045785, 42.866212000000182 ], [ -78.819444000045792, 42.866102000000168 ], [ -78.819491000045772, 42.866026000000204 ], [ -78.819590000045793, 42.865912000000186 ], [ -78.819605000045769, 42.865741000000192 ], [ -78.819638000045771, 42.865479000000242 ], [ -78.819660000045801, 42.865188000000202 ], [ -78.819740000045783, 42.864907000000201 ], [ -78.819815000045821, 42.864642000000188 ], [ -78.819929000045818, 42.864142000000186 ], [ -78.820342000045855, 42.863719000000188 ], [ -78.820980000045921, 42.863505000000195 ], [ -78.82123300004595, 42.863420000000211 ], [ -78.821665000045982, 42.863146000000192 ], [ -78.821838000045972, 42.863020000000205 ], [ -78.822030000045999, 42.862881000000179 ], [ -78.822317000046027, 42.862737000000187 ], [ -78.822941000046086, 42.8625800000002 ], [ -78.823564000046133, 42.862440000000191 ], [ -78.823774000046171, 42.862377000000208 ], [ -78.824506000046227, 42.862068000000214 ], [ -78.824841000046248, 42.861960000000195 ], [ -78.825198000046271, 42.862491000000183 ], [ -78.825382000046289, 42.862763000000186 ], [ -78.825529000046302, 42.862982000000216 ], [ -78.825817000046328, 42.863411000000198 ], [ -78.825713000046306, 42.863739000000201 ], [ -78.825482000046279, 42.864445000000195 ], [ -78.825294000046284, 42.864727000000222 ], [ -78.823995000046139, 42.866493000000219 ], [ -78.823938000046141, 42.866573000000194 ], [ -78.823381000046069, 42.867328000000178 ], [ -78.823119000046091, 42.867684000000182 ], [ -78.822638000046013, 42.868283000000183 ], [ -78.822471000046008, 42.868476000000179 ], [ -78.822202000046005, 42.868556000000204 ], [ -78.821638000045951, 42.86872600000023 ], [ -78.821125000045896, 42.868915000000193 ] ] ], [ [ [ -78.82132200004591, 42.868991000000229 ], [ -78.822157000046005, 42.868712000000208 ], [ -78.822294000046, 42.86868600000021 ], [ -78.822132000045983, 42.868935000000199 ], [ -78.822100000045964, 42.868984000000211 ], [ -78.821972000045989, 42.869243000000175 ], [ -78.82161600004595, 42.869105000000225 ], [ -78.821467000045928, 42.869047000000222 ], [ -78.82132200004591, 42.868991000000229 ] ] ] ] } },
{ "type": "Feature", "properties": { "ed_key": "Buffalo LOV 14", "nbhdname": "Seneca Babcock", "nbhdnum": 31.0 }, "geometry": { "type": "Polygon", "coordinates": [ [ [ -78.822294000046, 42.86868600000021 ], [ -78.822471000046008, 42.868476000000179 ], [ -78.822638000046013, 42.868283000000183 ], [ -78.823119000046091, 42.867684000000182 ], [ -78.823381000046069, 42.867328000000178 ], [ -78.823938000046141, 42.866573000000194 ], [ -78.823995000046139, 42.866493000000219 ], [ -78.825294000046284, 42.864727000000222 ], [ -78.825482000046279, 42.864445000000195 ], [ -78.825713000046306, 42.863739000000201 ], [ -78.825817000046328, 42.863411000000198 ], [ -78.825529000046302, 42.862982000000216 ], [ -78.825382000046289, 42.862763000000186 ], [ -78.825198000046271, 42.862491000000183 ], [ -78.824841000046248, 42.861960000000195 ], [ -78.825401000046313, 42.861778000000179 ], [ -78.8265090000464, 42.861348000000206 ], [ -78.827225000046468, 42.861055000000192 ], [ -78.827273000046446, 42.861203000000224 ], [ -78.827467000046497, 42.861804000000191 ], [ -78.827724000046516, 42.861731000000205 ], [ -78.828329000046551, 42.861404000000206 ], [ -78.828661000046566, 42.861282000000223 ], [ -78.829457000046645, 42.861062000000196 ], [ -78.830451000046722, 42.860718000000226 ], [ -78.830753000046769, 42.8605790000002 ], [ -78.830956000046768, 42.860527000000168 ], [ -78.831143000046808, 42.860513000000211 ], [ -78.831322000046811, 42.860532000000177 ], [ -78.831789000046854, 42.860675000000199 ], [ -78.832225000046876, 42.860840000000231 ], [ -78.832507000046931, 42.860979000000206 ], [ -78.832542000046914, 42.860997000000218 ], [ -78.834215000047053, 42.861679000000208 ], [ -78.837301000047304, 42.862939000000232 ], [ -78.83695600004728, 42.86375800000021 ], [ -78.83679000004723, 42.864462000000195 ], [ -78.836251000047199, 42.86674000000022 ], [ -78.835597000047159, 42.868739000000168 ], [ -78.835434000047115, 42.868968000000216 ], [ -78.83539100004711, 42.869028000000206 ], [ -78.835345000047127, 42.86909200000018 ], [ -78.83518300004711, 42.86931900000021 ], [ -78.83438000004702, 42.870463000000193 ], [ -78.83431800004702, 42.870542000000192 ], [ -78.835162000047077, 42.870869000000241 ], [ -78.834200000046991, 42.872232000000203 ], [ -78.833825000046943, 42.873815000000199 ], [ -78.832379000046842, 42.87325800000022 ], [ -78.831332000046743, 42.872854000000174 ], [ -78.830323000046661, 42.87246500000019 ], [ -78.829311000046602, 42.872074000000218 ], [ -78.828307000046479, 42.8716870000002 ], [ -78.826609000046361, 42.871031000000222 ], [ -78.822200000045981, 42.869331000000216 ], [ -78.821972000045989, 42.869243000000175 ], [ -78.822100000045964, 42.868984000000211 ], [ -78.822132000045983, 42.868935000000199 ], [ -78.822294000046, 42.86868600000021 ] ] ] } },
{ "type": "Feature", "properties": { "ed_key": "Buffalo LOV 20", "nbhdname": "Hopkins-Tifft", "nbhdnum": 34.0 }, "geometry": { "type": "Polygon", "coordinates": [ [ [ -78.834791000047119, 42.858938000000222 ], [ -78.834836000047105, 42.85895200000023 ], [ -78.835040000047158, 42.859019000000217 ], [ -78.83309200004696, 42.860527000000204 ], [ -78.832243000046915, 42.860110000000219 ], [ -78.831821000046858, 42.859945000000188 ], [ -78.831465000046819, 42.859848000000213 ], [ -78.831101000046786, 42.859772000000184 ], [ -78.830728000046761, 42.859750000000226 ], [ -78.830429000046735, 42.859790000000203 ], [ -78.830190000046727, 42.859858000000195 ], [ -78.830038000046699, 42.859901000000185 ], [ -78.829526000046656, 42.8600640000002 ], [ -78.829036000046614, 42.860277000000231 ], [ -78.828703000046602, 42.860465000000175 ], [ -78.828370000046561, 42.860636000000177 ], [ -78.827980000046509, 42.860741000000203 ], [ -78.827309000046483, 42.861020000000195 ], [ -78.827225000046468, 42.861055000000192 ], [ -78.8265090000464, 42.861348000000206 ], [ -78.825401000046313, 42.861778000000179 ], [ -78.824841000046248, 42.861960000000195 ], [ -78.824791000046247, 42.86188600000019 ], [ -78.824777000046268, 42.861086000000206 ], [ -78.82518300004628, 42.860386000000219 ], [ -78.825235000046291, 42.860296000000183 ], [ -78.825516000046321, 42.859843000000204 ], [ -78.826721000046447, 42.859486000000167 ], [ -78.828431000046578, 42.858972000000193 ], [ -78.829485000046674, 42.857216000000193 ], [ -78.82925000004667, 42.8571400000002 ], [ -78.82911900004666, 42.856963000000228 ], [ -78.828869000046623, 42.856623000000191 ], [ -78.828233000046552, 42.855758000000193 ], [ -78.827626000046536, 42.854928000000193 ], [ -78.827455000046527, 42.854697000000186 ], [ -78.82709100004648, 42.854208000000199 ], [ -78.827004000046486, 42.854092000000229 ], [ -78.826540000046421, 42.853471000000212 ], [ -78.8292440000467, 42.852380000000188 ], [ -78.829244000046685, 42.852748000000183 ], [ -78.832247000046934, 42.852755000000201 ], [ -78.832246000046922, 42.852804000000205 ], [ -78.832235000046964, 42.853473000000221 ], [ -78.832233000046941, 42.853627000000202 ], [ -78.832223000046952, 42.854183000000212 ], [ -78.832218000046936, 42.854449000000216 ], [ -78.832211000046911, 42.854878000000191 ], [ -78.832208000046933, 42.855268000000194 ], [ -78.832204000046914, 42.855962000000197 ], [ -78.832199000046899, 42.856707000000206 ], [ -78.832196000046906, 42.856871000000226 ], [ -78.832178000046895, 42.858085000000216 ], [ -78.833252000046969, 42.858436000000189 ], [ -78.834791000047119, 42.858938000000222 ] ] ] } },
{ "type": "Feature", "properties": { "ed_key": "Buffalo LOV 17", "nbhdname": "Seneca Babcock", "nbhdnum": 31.0 }, "geometry": { "type": "Polygon", "coordinates": [ [ [ -78.835040000047158, 42.859019000000217 ], [ -78.835429000047171, 42.859146000000194 ], [ -78.835841000047211, 42.859269000000204 ], [ -78.83723300004732, 42.859726000000208 ], [ -78.837818000047363, 42.859930000000247 ], [ -78.838661000047452, 42.860216000000214 ], [ -78.838925000047482, 42.860393000000194 ], [ -78.840647000047639, 42.86158200000019 ], [ -78.84191500004772, 42.862447000000216 ], [ -78.842288000047759, 42.862723000000187 ], [ -78.842720000047777, 42.862461000000224 ], [ -78.843310000047836, 42.862156000000198 ], [ -78.843839000047907, 42.861877000000206 ], [ -78.844210000047937, 42.861651000000244 ], [ -78.844431000047919, 42.861484000000196 ], [ -78.844553000047966, 42.861365000000205 ], [ -78.844633000047949, 42.861252000000221 ], [ -78.84467700004798, 42.861191000000218 ], [ -78.844855000048, 42.860919000000223 ], [ -78.844917000047985, 42.860810000000193 ], [ -78.844907000048011, 42.860596000000193 ], [ -78.844859000048004, 42.860419000000199 ], [ -78.844790000047993, 42.860194000000227 ], [ -78.84463200004798, 42.859939000000182 ], [ -78.844414000047948, 42.859689000000238 ], [ -78.84425400004794, 42.859484000000222 ], [ -78.844111000047931, 42.859241000000182 ], [ -78.843495000047909, 42.856550000000205 ], [ -78.843456000047894, 42.856313000000227 ], [ -78.843524000047893, 42.856270000000194 ], [ -78.843637000047892, 42.856223000000227 ], [ -78.843839000047907, 42.856203000000221 ], [ -78.844041000047952, 42.856200000000207 ], [ -78.846249000048118, 42.856898000000207 ], [ -78.846846000048188, 42.857235000000216 ], [ -78.847175000048182, 42.857502000000189 ], [ -78.84751800004824, 42.857841000000221 ], [ -78.847925000048292, 42.858324000000216 ], [ -78.848784000048354, 42.859464000000209 ], [ -78.848710000048328, 42.859563000000215 ], [ -78.848519000048313, 42.859844000000223 ], [ -78.848164000048286, 42.860301000000192 ], [ -78.848399000048289, 42.860703000000221 ], [ -78.848449000048305, 42.860789000000224 ], [ -78.848548000048325, 42.861004000000229 ], [ -78.848639000048337, 42.861269000000199 ], [ -78.848726000048345, 42.861692000000197 ], [ -78.848767000048312, 42.86184100000019 ], [ -78.84881800004834, 42.861924000000215 ], [ -78.848969000048342, 42.862134000000218 ], [ -78.849330000048354, 42.862688000000212 ], [ -78.850097000048436, 42.863049000000196 ], [ -78.850270000048454, 42.863029000000203 ], [ -78.850433000048454, 42.8630640000002 ], [ -78.850540000048483, 42.862945000000238 ], [ -78.850776000048498, 42.863096000000219 ], [ -78.850660000048478, 42.863237000000218 ], [ -78.850681000048496, 42.863263000000224 ], [ -78.850784000048492, 42.863392000000211 ], [ -78.850982000048532, 42.863510000000211 ], [ -78.851213000048546, 42.863568000000221 ], [ -78.851502000048569, 42.863626000000203 ], [ -78.851883000048602, 42.863631000000225 ], [ -78.852250000048627, 42.863592000000224 ], [ -78.852460000048623, 42.863550000000203 ], [ -78.85311400004872, 42.863367000000224 ], [ -78.85343600004876, 42.86329900000019 ], [ -78.85379200004877, 42.863252000000237 ], [ -78.853939000048754, 42.863512000000213 ], [ -78.854287000048799, 42.864201000000207 ], [ -78.854453000048835, 42.864575000000244 ], [ -78.854530000048797, 42.864787000000199 ], [ -78.854593000048823, 42.865039000000245 ], [ -78.854632000048809, 42.865252000000233 ], [ -78.854746000048834, 42.866090000000192 ], [ -78.854752000048833, 42.866247000000222 ], [ -78.854765000048815, 42.866360000000221 ], [ -78.854779000048836, 42.867180000000182 ], [ -78.854765000048815, 42.867652000000199 ], [ -78.854774000048849, 42.867866000000213 ], [ -78.854871000048817, 42.870055000000235 ], [ -78.854800000048812, 42.870042000000211 ], [ -78.854205000048751, 42.869939000000244 ], [ -78.852647000048634, 42.869364000000182 ], [ -78.852546000048619, 42.869662000000204 ], [ -78.852527000048624, 42.869659000000219 ], [ -78.852485000048603, 42.869652000000222 ], [ -78.852070000048556, 42.869576000000215 ], [ -78.851493000048535, 42.86947100000021 ], [ -78.850249000048422, 42.870268000000209 ], [ -78.848198000048228, 42.869909000000206 ], [ -78.847718000048175, 42.869824000000222 ], [ -78.845682000048015, 42.869452000000194 ], [ -78.845359000047964, 42.870442000000232 ], [ -78.845267000047969, 42.870718000000196 ], [ -78.845094000047951, 42.870682000000201 ], [ -78.844850000047927, 42.870631000000223 ], [ -78.843364000047814, 42.870336000000236 ], [ -78.843171000047803, 42.870310000000202 ], [ -78.843102000047779, 42.870301000000225 ], [ -78.842651000047752, 42.870218000000229 ], [ -78.842193000047715, 42.87015500000021 ], [ -78.841756000047667, 42.870078000000206 ], [ -78.841624000047659, 42.870201000000186 ], [ -78.840157000047526, 42.872377000000213 ], [ -78.839942000047472, 42.87270800000023 ], [ -78.838635000047375, 42.874679000000221 ], [ -78.837788000047283, 42.875285000000218 ], [ -78.837676000047296, 42.8749770000002 ], [ -78.837565000047263, 42.874986000000199 ], [ -78.837318000047233, 42.8749940000002 ], [ -78.836975000047204, 42.874979000000188 ], [ -78.836721000047177, 42.874926000000229 ], [ -78.836496000047163, 42.874845000000221 ], [ -78.83412000004698, 42.87392900000021 ], [ -78.833825000046943, 42.873815000000199 ], [ -78.834200000046991, 42.872232000000203 ], [ -78.835162000047077, 42.870869000000241 ], [ -78.83431800004702, 42.870542000000192 ], [ -78.83438000004702, 42.870463000000193 ], [ -78.83518300004711, 42.86931900000021 ], [ -78.835345000047127, 42.86909200000018 ], [ -78.83539100004711, 42.869028000000206 ], [ -78.835434000047115, 42.868968000000216 ], [ -78.835597000047159, 42.868739000000168 ], [ -78.836251000047199, 42.86674000000022 ], [ -78.83679000004723, 42.864462000000195 ], [ -78.83695600004728, 42.86375800000021 ], [ -78.837301000047304, 42.862939000000232 ], [ -78.834215000047053, 42.861679000000208 ], [ -78.832542000046914, 42.860997000000218 ], [ -78.832507000046931, 42.860979000000206 ], [ -78.832225000046876, 42.860840000000231 ], [ -78.831789000046854, 42.860675000000199 ], [ -78.831322000046811, 42.860532000000177 ], [ -78.831143000046808, 42.860513000000211 ], [ -78.830956000046768, 42.860527000000168 ], [ -78.830753000046769, 42.8605790000002 ], [ -78.830451000046722, 42.860718000000226 ], [ -78.829457000046645, 42.861062000000196 ], [ -78.828661000046566, 42.861282000000223 ], [ -78.828329000046551, 42.861404000000206 ], [ -78.827724000046516, 42.861731000000205 ], [ -78.827467000046497, 42.861804000000191 ], [ -78.827273000046446, 42.861203000000224 ], [ -78.827225000046468, 42.861055000000192 ], [ -78.827309000046483, 42.861020000000195 ], [ -78.827980000046509, 42.860741000000203 ], [ -78.828370000046561, 42.860636000000177 ], [ -78.828703000046602, 42.860465000000175 ], [ -78.829036000046614, 42.860277000000231 ], [ -78.829526000046656, 42.8600640000002 ], [ -78.830038000046699, 42.859901000000185 ], [ -78.830190000046727, 42.859858000000195 ], [ -78.830429000046735, 42.859790000000203 ], [ -78.830728000046761, 42.859750000000226 ], [ -78.831101000046786, 42.859772000000184 ], [ -78.831465000046819, 42.859848000000213 ], [ -78.831821000046858, 42.859945000000188 ], [ -78.832243000046915, 42.860110000000219 ], [ -78.83309200004696, 42.860527000000204 ], [ -78.835040000047158, 42.859019000000217 ] ] ] } },
{ "type": "Feature", "properties": { "ed_key": "Buffalo FIL 11", "nbhdname": "Genesee-Moselle", "nbhdnum": 23.0 }, "geometry": { "type": "Polygon", "coordinates": [ [ [ -78.828904000046379, 42.903524000000218 ], [ -78.828314000046333, 42.90351800000019 ], [ -78.828015000046264, 42.9035140000002 ], [ -78.82729300004624, 42.903507000000197 ], [ -78.827003000046204, 42.90350400000019 ], [ -78.826264000046137, 42.903497000000201 ], [ -78.826022000046081, 42.903494000000158 ], [ -78.825249000046057, 42.903487000000183 ], [ -78.824871000046016, 42.903480000000229 ], [ -78.824215000045967, 42.903466000000215 ], [ -78.824234000045948, 42.906004000000209 ], [ -78.823214000045866, 42.906009000000203 ], [ -78.823227000045861, 42.908827000000201 ], [ -78.822553000045801, 42.909097000000202 ], [ -78.822286000045764, 42.909205000000199 ], [ -78.821819000045735, 42.909393000000193 ], [ -78.821297000045689, 42.909594000000183 ], [ -78.820952000045651, 42.9097310000002 ], [ -78.820339000045593, 42.909734000000213 ], [ -78.818709000045473, 42.909741000000203 ], [ -78.817878000045368, 42.909744000000209 ], [ -78.817818000045392, 42.909744000000195 ], [ -78.816848000045297, 42.909748000000185 ], [ -78.816800000045319, 42.909748000000214 ], [ -78.815807000045211, 42.909751000000199 ], [ -78.815775000045235, 42.909751000000213 ], [ -78.814776000045129, 42.909754000000234 ], [ -78.814775000045145, 42.909721000000189 ], [ -78.814779000045135, 42.909113000000218 ], [ -78.814780000045147, 42.90882600000019 ], [ -78.814795000045152, 42.908071000000234 ], [ -78.814951000045141, 42.908075000000196 ], [ -78.815819000045224, 42.908092000000188 ], [ -78.816231000045278, 42.908100000000211 ], [ -78.816231000045263, 42.906765000000192 ], [ -78.816230000045294, 42.905807000000202 ], [ -78.81622100004526, 42.904526000000189 ], [ -78.816008000045258, 42.904554000000189 ], [ -78.816024000045275, 42.904168000000212 ], [ -78.816106000045295, 42.901546000000195 ], [ -78.81587200004526, 42.901470000000209 ], [ -78.815632000045255, 42.901404000000205 ], [ -78.815387000045234, 42.901350000000214 ], [ -78.815137000045212, 42.901309000000197 ], [ -78.815011000045203, 42.901293000000209 ], [ -78.813864000045115, 42.901285000000186 ], [ -78.813866000045124, 42.901088000000193 ], [ -78.813908000045117, 42.901076000000181 ], [ -78.814271000045125, 42.901034000000188 ], [ -78.814933000045215, 42.900945000000192 ], [ -78.815922000045276, 42.900811000000196 ], [ -78.816214000045306, 42.900772000000202 ], [ -78.816948000045386, 42.900674000000201 ], [ -78.818114000045469, 42.900518000000183 ], [ -78.818678000045509, 42.90044200000019 ], [ -78.818899000045519, 42.900412000000173 ], [ -78.819072000045566, 42.900389000000196 ], [ -78.820032000045614, 42.900261000000214 ], [ -78.820953000045705, 42.900137000000193 ], [ -78.821412000045726, 42.900076000000183 ], [ -78.82189700004578, 42.900018000000166 ], [ -78.821975000045796, 42.900009000000232 ], [ -78.822418000045843, 42.899919000000224 ], [ -78.822742000045864, 42.899837000000183 ], [ -78.822815000045878, 42.899817000000205 ], [ -78.823261000045903, 42.899693000000205 ], [ -78.823716000045948, 42.899543000000193 ], [ -78.823865000045956, 42.899494000000203 ], [ -78.824303000045987, 42.899316000000205 ], [ -78.824592000046025, 42.899171000000202 ], [ -78.824748000046029, 42.899093000000192 ], [ -78.824805000046041, 42.89906500000022 ], [ -78.825500000046105, 42.898654000000178 ], [ -78.825968000046174, 42.898469000000212 ], [ -78.826118000046165, 42.898410000000204 ], [ -78.826309000046166, 42.898349000000216 ], [ -78.826532000046186, 42.898291000000178 ], [ -78.826817000046219, 42.898253000000189 ], [ -78.826979000046222, 42.898246000000199 ], [ -78.827108000046238, 42.898242000000195 ], [ -78.827391000046262, 42.89825800000019 ], [ -78.827651000046302, 42.898320000000204 ], [ -78.827907000046309, 42.898400000000187 ], [ -78.828318000046337, 42.898605000000209 ], [ -78.828513000046371, 42.898763000000187 ], [ -78.82869200004636, 42.898974000000216 ], [ -78.828865000046363, 42.899362000000202 ], [ -78.828880000046382, 42.900915000000246 ], [ -78.828904000046379, 42.903524000000218 ] ] ] } },
{ "type": "Feature", "properties": { "ed_key": "Buffalo FIL 25", "nbhdname": "Lovejoy", "nbhdnum": 25.0 }, "geometry": { "type": "Polygon", "coordinates": [ [ [ -78.828854000046434, 42.894901000000196 ], [ -78.828830000046409, 42.895601000000205 ], [ -78.828807000046382, 42.896352000000206 ], [ -78.828865000046363, 42.899362000000202 ], [ -78.82869200004636, 42.898974000000216 ], [ -78.828513000046371, 42.898763000000187 ], [ -78.828318000046337, 42.898605000000209 ], [ -78.827907000046309, 42.898400000000187 ], [ -78.827651000046302, 42.898320000000204 ], [ -78.827391000046262, 42.89825800000019 ], [ -78.827108000046238, 42.898242000000195 ], [ -78.826979000046222, 42.898246000000199 ], [ -78.826817000046219, 42.898253000000189 ], [ -78.826532000046186, 42.898291000000178 ], [ -78.826309000046166, 42.898349000000216 ], [ -78.826118000046165, 42.898410000000204 ], [ -78.825968000046174, 42.898469000000212 ], [ -78.825500000046105, 42.898654000000178 ], [ -78.824805000046041, 42.89906500000022 ], [ -78.824748000046029, 42.899093000000192 ], [ -78.824592000046025, 42.899171000000202 ], [ -78.824303000045987, 42.899316000000205 ], [ -78.823865000045956, 42.899494000000203 ], [ -78.823716000045948, 42.899543000000193 ], [ -78.823261000045903, 42.899693000000205 ], [ -78.822815000045878, 42.899817000000205 ], [ -78.822742000045864, 42.899837000000183 ], [ -78.822418000045843, 42.899919000000224 ], [ -78.821975000045796, 42.900009000000232 ], [ -78.82189700004578, 42.900018000000166 ], [ -78.821412000045726, 42.900076000000183 ], [ -78.820953000045705, 42.900137000000193 ], [ -78.820032000045614, 42.900261000000214 ], [ -78.819072000045566, 42.900389000000196 ], [ -78.818899000045519, 42.900412000000173 ], [ -78.818678000045509, 42.90044200000019 ], [ -78.818114000045469, 42.900518000000183 ], [ -78.816948000045386, 42.900674000000201 ], [ -78.816214000045306, 42.900772000000202 ], [ -78.815922000045276, 42.900811000000196 ], [ -78.814933000045215, 42.900945000000192 ], [ -78.814271000045125, 42.901034000000188 ], [ -78.813908000045117, 42.901076000000181 ], [ -78.813866000045124, 42.901088000000193 ], [ -78.813935000045149, 42.898901000000201 ], [ -78.813970000045131, 42.896936000000181 ], [ -78.81404700004515, 42.896027000000217 ], [ -78.814041000045165, 42.895964000000198 ], [ -78.814056000045156, 42.895395000000207 ], [ -78.814078000045171, 42.894398000000209 ], [ -78.814083000045144, 42.894156000000187 ], [ -78.81466100004522, 42.893909000000178 ], [ -78.816724000045383, 42.893030000000181 ], [ -78.816856000045405, 42.892971000000209 ], [ -78.818079000045515, 42.892430000000182 ], [ -78.820934000045753, 42.891164000000188 ], [ -78.821578000045804, 42.890896000000183 ], [ -78.82260700004592, 42.89070100000022 ], [ -78.824364000046032, 42.890467000000193 ], [ -78.825847000046181, 42.890270000000186 ], [ -78.825869000046183, 42.890414000000213 ], [ -78.825988000046181, 42.890389000000191 ], [ -78.82672200004626, 42.890309000000236 ], [ -78.827095000046299, 42.890291000000182 ], [ -78.827307000046304, 42.890300000000217 ], [ -78.827583000046332, 42.890347000000205 ], [ -78.827851000046351, 42.890437000000212 ], [ -78.828083000046377, 42.890538000000213 ], [ -78.828320000046403, 42.890683000000209 ], [ -78.828469000046397, 42.890809000000189 ], [ -78.828698000046415, 42.891060000000174 ], [ -78.828869000046424, 42.891277000000208 ], [ -78.828969000046456, 42.891451000000202 ], [ -78.828892000046409, 42.893762000000201 ], [ -78.828868000046398, 42.894465000000224 ], [ -78.828854000046434, 42.894901000000196 ] ] ] } },
{ "type": "Feature", "properties": { "ed_key": "Buffalo FIL 19", "nbhdname": "Broadway Fillmore", "nbhdnum": 27.0 }, "geometry": { "type": "Polygon", "coordinates": [ [ [ -78.836619000047051, 42.898479000000208 ], [ -78.835536000046957, 42.898817000000207 ], [ -78.834509000046864, 42.899142000000204 ], [ -78.833567000046784, 42.899441000000195 ], [ -78.832677000046715, 42.899718000000227 ], [ -78.831766000046628, 42.900016000000193 ], [ -78.830850000046524, 42.900299000000189 ], [ -78.830767000046535, 42.900324000000218 ], [ -78.829934000046478, 42.900586000000224 ], [ -78.828880000046382, 42.900915000000246 ], [ -78.828865000046363, 42.899362000000202 ], [ -78.828807000046382, 42.896352000000206 ], [ -78.828830000046409, 42.895601000000205 ], [ -78.828854000046434, 42.894901000000196 ], [ -78.829179000046423, 42.89485200000022 ], [ -78.829947000046516, 42.894736000000194 ], [ -78.830776000046569, 42.894611000000204 ], [ -78.83087300004658, 42.894597000000189 ], [ -78.83171200004665, 42.894473000000197 ], [ -78.832644000046741, 42.894331000000221 ], [ -78.833579000046825, 42.894187000000194 ], [ -78.833869000046846, 42.894144000000203 ], [ -78.834488000046889, 42.894023000000196 ], [ -78.835333000046987, 42.893837000000183 ], [ -78.83554800004697, 42.893790000000216 ], [ -78.836173000047054, 42.893656000000199 ], [ -78.836614000047078, 42.893561000000211 ], [ -78.837099000047132, 42.893469000000202 ], [ -78.838130000047215, 42.893249000000218 ], [ -78.839271000047319, 42.893004000000204 ], [ -78.839289000047302, 42.895341000000208 ], [ -78.839293000047306, 42.895687000000201 ], [ -78.839286000047295, 42.897227000000214 ], [ -78.83929200004728, 42.897632000000179 ], [ -78.838963000047258, 42.897736000000208 ], [ -78.838652000047233, 42.897834000000195 ], [ -78.836619000047051, 42.898479000000208 ] ] ] } },
{ "type": "Feature", "properties": { "ed_key": "Buffalo FIL 14", "nbhdname": "Broadway Fillmore", "nbhdnum": 27.0 }, "geometry": { "type": "Polygon", "coordinates": [ [ [ -78.840049000047358, 42.897393000000221 ], [ -78.83929200004728, 42.897632000000179 ], [ -78.839286000047295, 42.897227000000214 ], [ -78.839293000047306, 42.895687000000201 ], [ -78.839289000047302, 42.895341000000208 ], [ -78.839271000047319, 42.893004000000204 ], [ -78.840025000047376, 42.892843000000205 ], [ -78.840039000047369, 42.895687000000223 ], [ -78.840049000047358, 42.897393000000221 ] ] ] } },
{ "type": "Feature", "properties": { "ed_key": "Buffalo FIL 20", "nbhdname": "Broadway Fillmore", "nbhdnum": 27.0 }, "geometry": { "type": "Polygon", "coordinates": [ [ [ -78.84695200004802, 42.887837000000218 ], [ -78.846920000048001, 42.887837000000225 ], [ -78.846916000047983, 42.889626000000199 ], [ -78.846919000047976, 42.891341000000196 ], [ -78.845944000047908, 42.891552000000189 ], [ -78.845774000047896, 42.891590000000221 ], [ -78.845776000047863, 42.892647000000196 ], [ -78.845793000047877, 42.893107000000228 ], [ -78.845809000047865, 42.895327000000222 ], [ -78.845808000047882, 42.8955720000002 ], [ -78.844583000047763, 42.895958000000199 ], [ -78.843445000047666, 42.896316000000212 ], [ -78.842362000047558, 42.896657000000204 ], [ -78.841721000047514, 42.896855000000215 ], [ -78.841190000047447, 42.89702500000022 ], [ -78.840049000047358, 42.897393000000221 ], [ -78.840039000047369, 42.895687000000223 ], [ -78.840025000047376, 42.892843000000205 ], [ -78.840093000047375, 42.8928280000002 ], [ -78.84007900004741, 42.889665000000214 ], [ -78.840099000047402, 42.887863000000202 ], [ -78.840106000047427, 42.8872080000002 ], [ -78.840110000047432, 42.885019000000234 ], [ -78.839563000047377, 42.885013000000249 ], [ -78.839236000047364, 42.885009000000252 ], [ -78.839238000047359, 42.8845290000002 ], [ -78.839232000047375, 42.883696000000235 ], [ -78.839230000047351, 42.883455000000204 ], [ -78.839442000047384, 42.883346000000216 ], [ -78.841806000047612, 42.883352000000208 ], [ -78.842522000047666, 42.883342000000219 ], [ -78.843044000047698, 42.883339000000227 ], [ -78.844038000047775, 42.883336000000234 ], [ -78.84501500004788, 42.883335000000237 ], [ -78.845635000047949, 42.883335000000208 ], [ -78.845982000047954, 42.883335000000237 ], [ -78.84682600004804, 42.883335000000208 ], [ -78.846953000048032, 42.883338000000215 ], [ -78.846953000048032, 42.884602000000221 ], [ -78.846945000048052, 42.885078000000242 ], [ -78.846945000048052, 42.885098000000191 ], [ -78.84695200004802, 42.887837000000218 ] ] ] } },
{ "type": "Feature", "properties": { "ed_key": "Buffalo FIL 21", "nbhdname": "Broadway Fillmore", "nbhdnum": 27.0 }, "geometry": { "type": "Polygon", "coordinates": [ [ [ -78.840025000047376, 42.892843000000205 ], [ -78.839271000047319, 42.893004000000204 ], [ -78.838130000047215, 42.893249000000218 ], [ -78.837099000047132, 42.893469000000202 ], [ -78.836614000047078, 42.893561000000211 ], [ -78.836173000047054, 42.893656000000199 ], [ -78.83554800004697, 42.893790000000216 ], [ -78.835333000046987, 42.893837000000183 ], [ -78.834488000046889, 42.894023000000196 ], [ -78.833869000046846, 42.894144000000203 ], [ -78.833579000046825, 42.894187000000194 ], [ -78.832644000046741, 42.894331000000221 ], [ -78.83171200004665, 42.894473000000197 ], [ -78.83087300004658, 42.894597000000189 ], [ -78.830776000046569, 42.894611000000204 ], [ -78.829947000046516, 42.894736000000194 ], [ -78.829179000046423, 42.89485200000022 ], [ -78.828854000046434, 42.894901000000196 ], [ -78.828868000046398, 42.894465000000224 ], [ -78.828892000046409, 42.893762000000201 ], [ -78.828969000046456, 42.891451000000202 ], [ -78.828869000046424, 42.891277000000208 ], [ -78.828698000046415, 42.891060000000174 ], [ -78.828469000046397, 42.890809000000189 ], [ -78.828320000046403, 42.890683000000209 ], [ -78.828083000046377, 42.890538000000213 ], [ -78.827851000046351, 42.890437000000212 ], [ -78.827583000046332, 42.890347000000205 ], [ -78.827307000046304, 42.890300000000217 ], [ -78.827095000046299, 42.890291000000182 ], [ -78.82672200004626, 42.890309000000236 ], [ -78.825988000046181, 42.890389000000191 ], [ -78.825869000046183, 42.890414000000213 ], [ -78.825847000046181, 42.890270000000186 ], [ -78.824364000046032, 42.890467000000193 ], [ -78.82260700004592, 42.89070100000022 ], [ -78.821578000045804, 42.890896000000183 ], [ -78.822878000045918, 42.890363000000221 ], [ -78.824152000046027, 42.889368000000211 ], [ -78.824470000046091, 42.8891330000002 ], [ -78.824764000046102, 42.888974000000182 ], [ -78.825589000046165, 42.88861300000022 ], [ -78.828399000046417, 42.887382000000208 ], [ -78.830999000046631, 42.886289000000197 ], [ -78.831382000046673, 42.886150000000207 ], [ -78.833218000046841, 42.885657000000201 ], [ -78.833756000046861, 42.885498000000176 ], [ -78.835761000047057, 42.885035000000187 ], [ -78.835772000047058, 42.884961000000203 ], [ -78.837180000047169, 42.884328000000224 ], [ -78.838040000047258, 42.883969000000199 ], [ -78.839230000047351, 42.883455000000204 ], [ -78.839232000047375, 42.883696000000235 ], [ -78.839238000047359, 42.8845290000002 ], [ -78.839236000047364, 42.885009000000252 ], [ -78.839563000047377, 42.885013000000249 ], [ -78.840110000047432, 42.885019000000234 ], [ -78.840106000047427, 42.8872080000002 ], [ -78.840099000047402, 42.887863000000202 ], [ -78.84007900004741, 42.889665000000214 ], [ -78.840093000047375, 42.8928280000002 ], [ -78.840025000047376, 42.892843000000205 ] ] ] } },
{ "type": "Feature", "properties": { "ed_key": "Buffalo FIL 0", "nbhdname": "Lovejoy", "nbhdnum": 25.0 }, "geometry": { "type": "Polygon", "coordinates": [ [ [ -78.821578000045804, 42.890896000000183 ], [ -78.820934000045753, 42.891164000000188 ], [ -78.818079000045515, 42.892430000000182 ], [ -78.816856000045405, 42.892971000000209 ], [ -78.816724000045383, 42.893030000000181 ], [ -78.81683400004539, 42.892887000000194 ], [ -78.81700200004542, 42.892667000000216 ], [ -78.817193000045449, 42.892371000000189 ], [ -78.817326000045441, 42.892062000000202 ], [ -78.817351000045448, 42.891798000000215 ], [ -78.817314000045457, 42.89155000000023 ], [ -78.81723600004544, 42.891322000000223 ], [ -78.817147000045438, 42.891157000000192 ], [ -78.816754000045421, 42.890584000000189 ], [ -78.816627000045401, 42.890379000000216 ], [ -78.816541000045405, 42.890216000000216 ], [ -78.816527000045383, 42.890163000000229 ], [ -78.816505000045396, 42.890046000000197 ], [ -78.816505000045396, 42.889659000000186 ], [ -78.816499000045411, 42.885281000000212 ], [ -78.816543000045414, 42.884973000000201 ], [ -78.816607000045451, 42.884796000000193 ], [ -78.818276000045572, 42.884806000000225 ], [ -78.819511000045694, 42.884818000000202 ], [ -78.820956000045769, 42.884822000000227 ], [ -78.824109000046064, 42.884851000000225 ], [ -78.824138000046077, 42.884851000000189 ], [ -78.825615000046184, 42.884861000000221 ], [ -78.8256540000462, 42.884862000000211 ], [ -78.827050000046299, 42.88487600000019 ], [ -78.827694000046378, 42.884882000000189 ], [ -78.829875000046542, 42.884897000000223 ], [ -78.832053000046756, 42.884913000000218 ], [ -78.834086000046909, 42.884945000000236 ], [ -78.834663000046987, 42.8849510000002 ], [ -78.835137000046998, 42.884955000000197 ], [ -78.835772000047058, 42.884961000000203 ], [ -78.835761000047057, 42.885035000000187 ], [ -78.833756000046861, 42.885498000000176 ], [ -78.833218000046841, 42.885657000000201 ], [ -78.831382000046673, 42.886150000000207 ], [ -78.830999000046631, 42.886289000000197 ], [ -78.828399000046417, 42.887382000000208 ], [ -78.825589000046165, 42.88861300000022 ], [ -78.824764000046102, 42.888974000000182 ], [ -78.824470000046091, 42.8891330000002 ], [ -78.824152000046027, 42.889368000000211 ], [ -78.822878000045918, 42.890363000000221 ], [ -78.821578000045804, 42.890896000000183 ] ] ] } },
{ "type": "Feature", "properties": { "ed_key": "Buffalo FIL 17", "nbhdname": "Lovejoy", "nbhdnum": 25.0 }, "geometry": { "type": "Polygon", "coordinates": [ [ [ -78.835772000047058, 42.884961000000203 ], [ -78.835137000046998, 42.884955000000197 ], [ -78.834663000046987, 42.8849510000002 ], [ -78.834086000046909, 42.884945000000236 ], [ -78.832053000046756, 42.884913000000218 ], [ -78.829875000046542, 42.884897000000223 ], [ -78.827694000046378, 42.884882000000189 ], [ -78.827050000046299, 42.88487600000019 ], [ -78.8256540000462, 42.884862000000211 ], [ -78.825615000046184, 42.884861000000221 ], [ -78.824138000046077, 42.884851000000189 ], [ -78.824109000046064, 42.884851000000225 ], [ -78.820956000045769, 42.884822000000227 ], [ -78.819511000045694, 42.884818000000202 ], [ -78.818276000045572, 42.884806000000225 ], [ -78.816607000045451, 42.884796000000193 ], [ -78.81637800004539, 42.884797000000226 ], [ -78.816281000045407, 42.884800000000226 ], [ -78.815390000045326, 42.884794000000191 ], [ -78.814219000045242, 42.884789000000204 ], [ -78.81417700004522, 42.884788000000199 ], [ -78.814121000045219, 42.884630000000179 ], [ -78.81408700004522, 42.884498000000228 ], [ -78.814039000045227, 42.884095000000194 ], [ -78.814045000045212, 42.883858000000203 ], [ -78.814041000045222, 42.883800000000207 ], [ -78.814045000045198, 42.883402000000189 ], [ -78.814058000045236, 42.883051000000194 ], [ -78.814070000045234, 42.882361000000202 ], [ -78.814084000045241, 42.882074000000181 ], [ -78.814102000045253, 42.881115000000207 ], [ -78.814108000045252, 42.880830000000223 ], [ -78.814112000045242, 42.880618000000169 ], [ -78.814193000045265, 42.880223000000179 ], [ -78.814359000045286, 42.879910000000223 ], [ -78.81578700004539, 42.877921000000185 ], [ -78.816710000045475, 42.876631000000231 ], [ -78.817169000045538, 42.875988000000163 ], [ -78.817348000045541, 42.875738000000162 ], [ -78.817595000045557, 42.875396000000201 ], [ -78.817847000045603, 42.875043000000197 ], [ -78.818147000045613, 42.874622000000201 ], [ -78.819980000045788, 42.872059000000164 ], [ -78.82054000004581, 42.871287000000208 ], [ -78.821796000045964, 42.869533000000189 ], [ -78.821972000045989, 42.869243000000175 ], [ -78.822200000045981, 42.869331000000216 ], [ -78.826609000046361, 42.871031000000222 ], [ -78.828307000046479, 42.8716870000002 ], [ -78.829311000046602, 42.872074000000218 ], [ -78.830323000046661, 42.87246500000019 ], [ -78.831332000046743, 42.872854000000174 ], [ -78.832379000046842, 42.87325800000022 ], [ -78.833825000046943, 42.873815000000199 ], [ -78.83412000004698, 42.87392900000021 ], [ -78.836496000047163, 42.874845000000221 ], [ -78.836721000047177, 42.874926000000229 ], [ -78.836975000047204, 42.874979000000188 ], [ -78.837318000047233, 42.8749940000002 ], [ -78.837565000047263, 42.874986000000199 ], [ -78.837676000047296, 42.8749770000002 ], [ -78.837788000047283, 42.875285000000218 ], [ -78.838635000047375, 42.874679000000221 ], [ -78.839942000047472, 42.87270800000023 ], [ -78.840147000047509, 42.872787000000216 ], [ -78.840961000047571, 42.873098000000198 ], [ -78.843060000047757, 42.873915000000196 ], [ -78.843231000047766, 42.873982000000204 ], [ -78.844092000047866, 42.874296000000207 ], [ -78.843875000047817, 42.874815000000218 ], [ -78.844101000047843, 42.875014000000199 ], [ -78.844090000047828, 42.875959000000186 ], [ -78.844086000047824, 42.877213000000189 ], [ -78.842687000047704, 42.876973000000227 ], [ -78.841917000047616, 42.876841000000205 ], [ -78.841914000047638, 42.876667000000204 ], [ -78.841719000047618, 42.876788000000204 ], [ -78.841521000047592, 42.876935000000216 ], [ -78.83984000004746, 42.8781880000002 ], [ -78.839745000047429, 42.878259000000241 ], [ -78.839614000047433, 42.878374000000207 ], [ -78.839467000047406, 42.878542000000209 ], [ -78.839380000047441, 42.878674000000181 ], [ -78.839311000047388, 42.878811000000205 ], [ -78.839262000047398, 42.878953000000188 ], [ -78.839232000047403, 42.879098000000205 ], [ -78.839222000047414, 42.879245000000211 ], [ -78.839223000047383, 42.879293000000196 ], [ -78.839223000047397, 42.879662000000216 ], [ -78.839223000047369, 42.879749000000196 ], [ -78.839224000047381, 42.880140000000218 ], [ -78.839225000047378, 42.881086000000224 ], [ -78.839225000047378, 42.881622000000242 ], [ -78.839228000047385, 42.882206000000174 ], [ -78.839229000047354, 42.883346000000195 ], [ -78.839230000047351, 42.883455000000204 ], [ -78.838040000047258, 42.883969000000199 ], [ -78.837180000047169, 42.884328000000224 ], [ -78.835772000047058, 42.884961000000203 ] ] ] } },
{ "type": "Feature", "properties": { "ed_key": "Buffalo FIL 22", "nbhdname": "Broadway Fillmore", "nbhdnum": 27.0 }, "geometry": { "type": "Polygon", "coordinates": [ [ [ -78.839230000047351, 42.883455000000204 ], [ -78.839229000047354, 42.883346000000195 ], [ -78.839228000047385, 42.882206000000174 ], [ -78.839225000047378, 42.881622000000242 ], [ -78.839225000047378, 42.881086000000224 ], [ -78.839224000047381, 42.880140000000218 ], [ -78.839223000047369, 42.879749000000196 ], [ -78.839223000047397, 42.879662000000216 ], [ -78.839223000047383, 42.879293000000196 ], [ -78.839222000047414, 42.879245000000211 ], [ -78.839232000047403, 42.879098000000205 ], [ -78.839262000047398, 42.878953000000188 ], [ -78.839311000047388, 42.878811000000205 ], [ -78.839380000047441, 42.878674000000181 ], [ -78.839467000047406, 42.878542000000209 ], [ -78.839614000047433, 42.878374000000207 ], [ -78.839745000047429, 42.878259000000241 ], [ -78.83984000004746, 42.8781880000002 ], [ -78.841521000047592, 42.876935000000216 ], [ -78.841719000047618, 42.876788000000204 ], [ -78.841914000047638, 42.876667000000204 ], [ -78.841917000047616, 42.876841000000205 ], [ -78.842687000047704, 42.876973000000227 ], [ -78.844086000047824, 42.877213000000189 ], [ -78.844084000047815, 42.877911000000204 ], [ -78.844081000047822, 42.878931000000208 ], [ -78.844078000047816, 42.879350000000208 ], [ -78.8440730000478, 42.880140000000196 ], [ -78.844070000047807, 42.880592000000199 ], [ -78.844063000047811, 42.881034000000234 ], [ -78.844059000047807, 42.881335000000199 ], [ -78.844050000047801, 42.881923000000221 ], [ -78.843139000047699, 42.881773000000237 ], [ -78.842522000047651, 42.882026000000216 ], [ -78.839442000047384, 42.883346000000216 ], [ -78.839230000047351, 42.883455000000204 ] ] ] } },
{ "type": "Feature", "properties": { "ed_key": "Buffalo FIL 18", "nbhdname": "Broadway Fillmore", "nbhdnum": 27.0 }, "geometry": { "type": "Polygon", "coordinates": [ [ [ -78.848973000048261, 42.878071000000219 ], [ -78.848971000048252, 42.878472000000194 ], [ -78.848968000048245, 42.878879000000232 ], [ -78.848967000048248, 42.878965000000214 ], [ -78.848964000048255, 42.879232000000229 ], [ -78.848959000048239, 42.879779000000191 ], [ -78.84894600004823, 42.880985000000237 ], [ -78.848948000048225, 42.881429000000232 ], [ -78.84894900004825, 42.881789000000211 ], [ -78.848955000048235, 42.8818920000002 ], [ -78.848943000048237, 42.882339000000222 ], [ -78.848939000048205, 42.882783000000202 ], [ -78.848935000048229, 42.883341000000222 ], [ -78.847938000048117, 42.883342000000205 ], [ -78.847291000048045, 42.88334300000021 ], [ -78.846953000048032, 42.883338000000215 ], [ -78.84682600004804, 42.883335000000208 ], [ -78.845982000047954, 42.883335000000237 ], [ -78.845635000047949, 42.883335000000208 ], [ -78.84501500004788, 42.883335000000237 ], [ -78.844038000047775, 42.883336000000234 ], [ -78.843044000047698, 42.883339000000227 ], [ -78.842522000047666, 42.883342000000219 ], [ -78.841806000047612, 42.883352000000208 ], [ -78.839442000047384, 42.883346000000216 ], [ -78.842522000047651, 42.882026000000216 ], [ -78.843139000047699, 42.881773000000237 ], [ -78.844050000047801, 42.881923000000221 ], [ -78.844059000047807, 42.881335000000199 ], [ -78.844063000047811, 42.881034000000234 ], [ -78.844070000047807, 42.880592000000199 ], [ -78.8440730000478, 42.880140000000196 ], [ -78.844078000047816, 42.879350000000208 ], [ -78.844081000047822, 42.878931000000208 ], [ -78.844084000047815, 42.877911000000204 ], [ -78.844086000047824, 42.877213000000189 ], [ -78.844090000047828, 42.875959000000186 ], [ -78.844101000047843, 42.875014000000199 ], [ -78.843875000047817, 42.874815000000218 ], [ -78.844092000047866, 42.874296000000207 ], [ -78.844772000047925, 42.874557000000209 ], [ -78.846628000048042, 42.875275000000215 ], [ -78.847918000048168, 42.875774000000199 ], [ -78.848053000048154, 42.875830000000207 ], [ -78.848902000048255, 42.876135000000218 ], [ -78.849633000048328, 42.876409000000173 ], [ -78.84911000004827, 42.877085000000207 ], [ -78.849099000048255, 42.877105000000199 ], [ -78.848977000048265, 42.877360000000223 ], [ -78.848975000048256, 42.877672000000217 ], [ -78.848973000048261, 42.878071000000219 ] ] ] } },
{ "type": "Feature", "properties": { "ed_key": "Buffalo FIL 16", "nbhdname": "Seneca Babcock", "nbhdnum": 31.0 }, "geometry": { "type": "Polygon", "coordinates": [ [ [ -78.845267000047969, 42.870718000000196 ], [ -78.845249000047986, 42.870774000000232 ], [ -78.845225000047961, 42.870846000000228 ], [ -78.845165000047942, 42.871031000000229 ], [ -78.844959000047936, 42.871653000000194 ], [ -78.844800000047911, 42.872135000000206 ], [ -78.844758000047918, 42.872261000000201 ], [ -78.844748000047943, 42.872291000000203 ], [ -78.84472900004792, 42.872348000000208 ], [ -78.844699000047925, 42.872440000000196 ], [ -78.844372000047855, 42.873428000000196 ], [ -78.844323000047879, 42.873583000000217 ], [ -78.844092000047866, 42.874296000000207 ], [ -78.843231000047766, 42.873982000000204 ], [ -78.843060000047757, 42.873915000000196 ], [ -78.840961000047571, 42.873098000000198 ], [ -78.840147000047509, 42.872787000000216 ], [ -78.839942000047472, 42.87270800000023 ], [ -78.840157000047526, 42.872377000000213 ], [ -78.841624000047659, 42.870201000000186 ], [ -78.841756000047667, 42.870078000000206 ], [ -78.842193000047715, 42.87015500000021 ], [ -78.842651000047752, 42.870218000000229 ], [ -78.843102000047779, 42.870301000000225 ], [ -78.843171000047803, 42.870310000000202 ], [ -78.843364000047814, 42.870336000000236 ], [ -78.844850000047927, 42.870631000000223 ], [ -78.845094000047951, 42.870682000000201 ], [ -78.845267000047969, 42.870718000000196 ] ] ] } },
{ "type": "Feature", "properties": { "ed_key": "Buffalo FIL 15", "nbhdname": "Ellicott", "nbhdnum": 30.0 }, "geometry": { "type": "Polygon", "coordinates": [ [ [ -78.856746000048958, 42.87578100000021 ], [ -78.855489000048848, 42.875550000000217 ], [ -78.855243000048816, 42.875505000000217 ], [ -78.854956000048787, 42.876377000000225 ], [ -78.854873000048784, 42.876566000000203 ], [ -78.854758000048761, 42.876730000000208 ], [ -78.854610000048751, 42.876880000000213 ], [ -78.853932000048701, 42.8767530000002 ], [ -78.852703000048606, 42.876537000000205 ], [ -78.851031000048451, 42.876243000000201 ], [ -78.850396000048391, 42.876320000000206 ], [ -78.849675000048322, 42.876428000000203 ], [ -78.849633000048328, 42.876409000000173 ], [ -78.848902000048255, 42.876135000000218 ], [ -78.848053000048154, 42.875830000000207 ], [ -78.847918000048168, 42.875774000000199 ], [ -78.846628000048042, 42.875275000000215 ], [ -78.844772000047925, 42.874557000000209 ], [ -78.844092000047866, 42.874296000000207 ], [ -78.844323000047879, 42.873583000000217 ], [ -78.844372000047855, 42.873428000000196 ], [ -78.844699000047925, 42.872440000000196 ], [ -78.84472900004792, 42.872348000000208 ], [ -78.844748000047943, 42.872291000000203 ], [ -78.844758000047918, 42.872261000000201 ], [ -78.844800000047911, 42.872135000000206 ], [ -78.844959000047936, 42.871653000000194 ], [ -78.845165000047942, 42.871031000000229 ], [ -78.845225000047961, 42.870846000000228 ], [ -78.845509000047983, 42.870909000000225 ], [ -78.846126000048059, 42.871091000000241 ], [ -78.846758000048084, 42.871291000000191 ], [ -78.847495000048141, 42.87151900000022 ], [ -78.84794800004822, 42.871692000000216 ], [ -78.848464000048224, 42.871848000000213 ], [ -78.849867000048363, 42.872204000000231 ], [ -78.85095600004847, 42.872363000000185 ], [ -78.851639000048536, 42.872458000000236 ], [ -78.852168000048565, 42.872538000000219 ], [ -78.853380000048674, 42.872714000000236 ], [ -78.853928000048725, 42.872804000000237 ], [ -78.854485000048768, 42.872880000000222 ], [ -78.855103000048814, 42.872997000000218 ], [ -78.855493000048853, 42.87307100000023 ], [ -78.857495000049028, 42.873416000000226 ], [ -78.857461000049042, 42.873522000000229 ], [ -78.857353000049031, 42.87386300000022 ], [ -78.857157000049, 42.874481000000223 ], [ -78.856881000048972, 42.875353000000189 ], [ -78.856746000048958, 42.87578100000021 ] ] ] } },
{ "type": "Feature", "properties": { "ed_key": "Buffalo FIL 13", "nbhdname": "First Ward", "nbhdnum": 26.0 }, "geometry": { "type": "Polygon", "coordinates": [ [ [ -78.857495000049028, 42.873416000000226 ], [ -78.855493000048853, 42.87307100000023 ], [ -78.855103000048814, 42.872997000000218 ], [ -78.854485000048768, 42.872880000000222 ], [ -78.853928000048725, 42.872804000000237 ], [ -78.853380000048674, 42.872714000000236 ], [ -78.852168000048565, 42.872538000000219 ], [ -78.851639000048536, 42.872458000000236 ], [ -78.85095600004847, 42.872363000000185 ], [ -78.849867000048363, 42.872204000000231 ], [ -78.848464000048224, 42.871848000000213 ], [ -78.84794800004822, 42.871692000000216 ], [ -78.847495000048141, 42.87151900000022 ], [ -78.846758000048084, 42.871291000000191 ], [ -78.846126000048059, 42.871091000000241 ], [ -78.845509000047983, 42.870909000000225 ], [ -78.845225000047961, 42.870846000000228 ], [ -78.845249000047986, 42.870774000000232 ], [ -78.845267000047969, 42.870718000000196 ], [ -78.845359000047964, 42.870442000000232 ], [ -78.845682000048015, 42.869452000000194 ], [ -78.847718000048175, 42.869824000000222 ], [ -78.848198000048228, 42.869909000000206 ], [ -78.850249000048422, 42.870268000000209 ], [ -78.851493000048535, 42.86947100000021 ], [ -78.852070000048556, 42.869576000000215 ], [ -78.852485000048603, 42.869652000000222 ], [ -78.852527000048624, 42.869659000000219 ], [ -78.852546000048619, 42.869662000000204 ], [ -78.852647000048634, 42.869364000000182 ], [ -78.854205000048751, 42.869939000000244 ], [ -78.854800000048812, 42.870042000000211 ], [ -78.854871000048817, 42.870055000000235 ], [ -78.854774000048849, 42.867866000000213 ], [ -78.854765000048815, 42.867652000000199 ], [ -78.854779000048836, 42.867180000000182 ], [ -78.854765000048815, 42.866360000000221 ], [ -78.854752000048833, 42.866247000000222 ], [ -78.854746000048834, 42.866090000000192 ], [ -78.854632000048809, 42.865252000000233 ], [ -78.854593000048823, 42.865039000000245 ], [ -78.854530000048797, 42.864787000000199 ], [ -78.854453000048835, 42.864575000000244 ], [ -78.854287000048799, 42.864201000000207 ], [ -78.853939000048754, 42.863512000000213 ], [ -78.85379200004877, 42.863252000000237 ], [ -78.854574000048828, 42.863149000000199 ], [ -78.855159000048872, 42.863052000000202 ], [ -78.855653000048946, 42.862998000000232 ], [ -78.856148000048989, 42.862889000000223 ], [ -78.856487000049015, 42.862795000000233 ], [ -78.85663100004902, 42.862692000000209 ], [ -78.856814000049027, 42.862503000000196 ], [ -78.856872000049052, 42.862278000000224 ], [ -78.856823000049062, 42.8621240000002 ], [ -78.856859000049056, 42.861861000000218 ], [ -78.85695700004905, 42.86150600000019 ], [ -78.857018000049052, 42.861155000000196 ], [ -78.856997000049077, 42.860754000000213 ], [ -78.856772000049062, 42.860197000000213 ], [ -78.856477000049026, 42.859693000000213 ], [ -78.856384000049033, 42.859534000000195 ], [ -78.856103000048989, 42.859119000000199 ], [ -78.855710000048958, 42.858686000000198 ], [ -78.855329000048911, 42.858385000000197 ], [ -78.855122000048908, 42.858289000000212 ], [ -78.854745000048865, 42.858130000000195 ], [ -78.854546000048856, 42.85801300000022 ], [ -78.854445000048869, 42.857863000000194 ], [ -78.854397000048849, 42.857671000000202 ], [ -78.854409000048861, 42.857484000000213 ], [ -78.854442000048863, 42.857347000000225 ], [ -78.854520000048851, 42.857200000000205 ], [ -78.854658000048886, 42.857059000000227 ], [ -78.855011000048918, 42.856970000000217 ], [ -78.855752000048966, 42.856876000000213 ], [ -78.856216000049031, 42.856827000000223 ], [ -78.856711000049046, 42.856729000000229 ], [ -78.857162000049101, 42.856592000000191 ], [ -78.857690000049161, 42.856390000000218 ], [ -78.858202000049218, 42.856204000000218 ], [ -78.858670000049258, 42.855991000000209 ], [ -78.859046000049304, 42.855847000000196 ], [ -78.859390000049316, 42.855819000000217 ], [ -78.859427000049322, 42.855819000000217 ], [ -78.859681000049335, 42.855817000000222 ], [ -78.859874000049359, 42.855880000000241 ], [ -78.860244000049377, 42.856038000000218 ], [ -78.860613000049426, 42.856218000000233 ], [ -78.860811000049438, 42.856363000000201 ], [ -78.860933000049457, 42.856540000000244 ], [ -78.860997000049451, 42.856706000000216 ], [ -78.861028000049458, 42.856975000000226 ], [ -78.861272000049468, 42.85769100000023 ], [ -78.861428000049486, 42.858050000000212 ], [ -78.861573000049475, 42.858540000000211 ], [ -78.861610000049495, 42.858876000000222 ], [ -78.861626000049469, 42.859145000000204 ], [ -78.861605000049494, 42.859424000000217 ], [ -78.861576000049496, 42.859709000000201 ], [ -78.861486000049467, 42.860032000000196 ], [ -78.861420000049449, 42.860300000000237 ], [ -78.861304000049458, 42.860627000000243 ], [ -78.861166000049437, 42.860939000000229 ], [ -78.860988000049431, 42.861222000000225 ], [ -78.860721000049395, 42.861476000000209 ], [ -78.860409000049358, 42.861703000000198 ], [ -78.860304000049368, 42.861751000000233 ], [ -78.860126000049334, 42.861694000000206 ], [ -78.860100000049343, 42.86056900000024 ], [ -78.859831000049311, 42.860571000000199 ], [ -78.859923000049292, 42.863974000000205 ], [ -78.860079000049311, 42.863998000000208 ], [ -78.860185000049327, 42.863955000000196 ], [ -78.860297000049343, 42.863929000000233 ], [ -78.860396000049363, 42.863920000000199 ], [ -78.860999000049418, 42.863927000000196 ], [ -78.861580000049457, 42.86400000000021 ], [ -78.862279000049512, 42.864046000000215 ], [ -78.863079000049595, 42.863973000000215 ], [ -78.864117000049688, 42.86370800000023 ], [ -78.866527000049928, 42.862191000000188 ], [ -78.867401000049995, 42.862176000000204 ], [ -78.867406000049996, 42.862456000000222 ], [ -78.867397000049991, 42.862939000000225 ], [ -78.866715000049922, 42.865036000000217 ], [ -78.866680000049925, 42.865195000000192 ], [ -78.866215000049863, 42.866607000000236 ], [ -78.866110000049844, 42.866927000000238 ], [ -78.865666000049814, 42.86828800000022 ], [ -78.865205000049741, 42.869696000000211 ], [ -78.865010000049693, 42.870287000000232 ], [ -78.864970000049723, 42.870411000000217 ], [ -78.864912000049713, 42.870591000000239 ], [ -78.864544000049676, 42.871735000000221 ], [ -78.864423000049669, 42.871721000000242 ], [ -78.863751000049589, 42.871603000000206 ], [ -78.863085000049551, 42.871478000000216 ], [ -78.861631000049442, 42.871233000000203 ], [ -78.860677000049321, 42.871067000000217 ], [ -78.858375000049122, 42.870668000000194 ], [ -78.858217000049109, 42.87115400000021 ], [ -78.858055000049106, 42.87165100000022 ], [ -78.857922000049086, 42.872070000000228 ], [ -78.857744000049067, 42.872631000000226 ], [ -78.857544000049018, 42.873261000000205 ], [ -78.857495000049028, 42.873416000000226 ] ] ] } },
{ "type": "Feature", "properties": { "ed_key": "Buffalo FIL 23", "nbhdname": "Ellicott", "nbhdnum": 30.0 }, "geometry": { "type": "Polygon", "coordinates": [ [ [ -78.858217000049109, 42.87115400000021 ], [ -78.858375000049122, 42.870668000000194 ], [ -78.860677000049321, 42.871067000000217 ], [ -78.86051600004933, 42.871559000000225 ], [ -78.858217000049109, 42.87115400000021 ] ] ] } },
{ "type": "Feature", "properties": { "ed_key": "Buffalo FIL 12", "nbhdname": "First Ward", "nbhdnum": 26.0 }, "geometry": { "type": "Polygon", "coordinates": [ [ [ -78.864544000049676, 42.871735000000221 ], [ -78.864912000049713, 42.870591000000239 ], [ -78.864970000049723, 42.870411000000217 ], [ -78.865010000049693, 42.870287000000232 ], [ -78.866189000049829, 42.870822000000182 ], [ -78.868388000050047, 42.871201000000205 ], [ -78.868270000050032, 42.871563000000208 ], [ -78.868017000049988, 42.872337000000186 ], [ -78.864544000049676, 42.871735000000221 ] ] ] } },
{ "type": "Feature", "properties": { "ed_key": "Buffalo FIL 24", "nbhdname": "First Ward", "nbhdnum": 26.0 }, "geometry": { "type": "Polygon", "coordinates": [ [ [ -78.865010000049693, 42.870287000000232 ], [ -78.865205000049741, 42.869696000000211 ], [ -78.865666000049814, 42.86828800000022 ], [ -78.866110000049844, 42.866927000000238 ], [ -78.866215000049863, 42.866607000000236 ], [ -78.866680000049925, 42.865195000000192 ], [ -78.866715000049922, 42.865036000000217 ], [ -78.867397000049991, 42.862939000000225 ], [ -78.867463000049995, 42.86353300000021 ], [ -78.867526000049992, 42.864230000000191 ], [ -78.86756600004999, 42.86528800000022 ], [ -78.867567000049988, 42.865367000000234 ], [ -78.867622000050005, 42.866078000000222 ], [ -78.867643000049995, 42.866300000000223 ], [ -78.869044000050096, 42.869203000000212 ], [ -78.86867700005007, 42.870318000000204 ], [ -78.868388000050047, 42.871201000000205 ], [ -78.866189000049829, 42.870822000000182 ], [ -78.865010000049693, 42.870287000000232 ] ] ] } },
{ "type": "Feature", "properties": { "ed_key": "Buffalo FIL 8", "nbhdname": "Central", "nbhdnum": 1.0 }, "geometry": { "type": "Polygon", "coordinates": [ [ [ -78.884234000051407, 42.880291000000199 ], [ -78.883758000051387, 42.880514000000247 ], [ -78.883367000051351, 42.880745000000225 ], [ -78.883121000051318, 42.880892000000223 ], [ -78.88196500005121, 42.881565000000201 ], [ -78.883005000051298, 42.882510000000238 ], [ -78.883036000051305, 42.882390000000214 ], [ -78.883053000051305, 42.882377000000226 ], [ -78.883461000051341, 42.882139000000222 ], [ -78.883714000051384, 42.88198800000022 ], [ -78.883912000051396, 42.881958000000239 ], [ -78.884094000051419, 42.882017000000239 ], [ -78.884168000051432, 42.881990000000215 ], [ -78.884358000051449, 42.882011000000226 ], [ -78.884368000051452, 42.882113000000231 ], [ -78.884249000051426, 42.882159000000236 ], [ -78.884354000051459, 42.882256000000218 ], [ -78.884678000051466, 42.882554000000219 ], [ -78.884743000051472, 42.88268300000022 ], [ -78.884795000051469, 42.882967000000235 ], [ -78.885154000051514, 42.883063000000249 ], [ -78.885308000051509, 42.883104000000237 ], [ -78.885685000051566, 42.883276000000222 ], [ -78.886008000051589, 42.883501000000244 ], [ -78.886243000051564, 42.883665000000192 ], [ -78.886952000051664, 42.884157000000272 ], [ -78.887088000051676, 42.884256000000235 ], [ -78.887049000051661, 42.884470000000263 ], [ -78.886818000051647, 42.884954000000242 ], [ -78.886734000051646, 42.885139000000244 ], [ -78.886944000051656, 42.885257000000266 ], [ -78.887027000051674, 42.885312000000255 ], [ -78.887604000051724, 42.885867000000218 ], [ -78.887767000051738, 42.886030000000247 ], [ -78.887819000051721, 42.886055000000241 ], [ -78.887888000051746, 42.886080000000213 ], [ -78.888300000051771, 42.886206000000222 ], [ -78.888380000051782, 42.886241000000226 ], [ -78.8884180000518, 42.886265000000215 ], [ -78.888448000051795, 42.886285000000228 ], [ -78.8885080000518, 42.886348000000247 ], [ -78.888543000051811, 42.886409000000242 ], [ -78.88858300005181, 42.88652600000021 ], [ -78.888650000051811, 42.886806000000249 ], [ -78.888215000051773, 42.887024000000224 ], [ -78.888146000051762, 42.887073000000235 ], [ -78.888107000051775, 42.887112000000243 ], [ -78.888072000051736, 42.887113000000234 ], [ -78.888027000051736, 42.88714200000021 ], [ -78.887876000051733, 42.887216000000222 ], [ -78.887810000051729, 42.88724400000023 ], [ -78.887755000051726, 42.88724900000021 ], [ -78.88770500005171, 42.887239000000243 ], [ -78.887672000051708, 42.88721600000023 ], [ -78.887622000051707, 42.88716800000023 ], [ -78.887547000051683, 42.887058000000216 ], [ -78.88748000005171, 42.886925000000232 ], [ -78.887365000051702, 42.88682400000021 ], [ -78.887285000051691, 42.886772000000242 ], [ -78.887245000051649, 42.886751000000231 ], [ -78.887115000051665, 42.886712000000244 ], [ -78.887050000051644, 42.886687000000222 ], [ -78.886865000051642, 42.886568000000224 ], [ -78.886802000051645, 42.886513000000242 ], [ -78.886700000051647, 42.886409000000242 ], [ -78.88662800005163, 42.886297000000226 ], [ -78.886556000051613, 42.886113000000229 ], [ -78.886495000051596, 42.885984000000228 ], [ -78.886465000051615, 42.885956000000249 ], [ -78.886305000051593, 42.885860000000235 ], [ -78.886012000051565, 42.885695000000204 ], [ -78.885912000051562, 42.8856180000002 ], [ -78.885830000051556, 42.885537000000248 ], [ -78.885662000051539, 42.885353000000229 ], [ -78.885593000051543, 42.885485000000216 ], [ -78.885553000051516, 42.88556100000023 ], [ -78.889132000051845, 42.889156000000213 ], [ -78.891707000052051, 42.891744000000266 ], [ -78.893479000052238, 42.893494000000203 ], [ -78.896733000052521, 42.896627000000272 ], [ -78.898349000052647, 42.89818200000024 ], [ -78.897937000052622, 42.898389000000222 ], [ -78.897420000052563, 42.897819000000226 ], [ -78.896668000052486, 42.897082000000239 ], [ -78.896395000052451, 42.896797000000213 ], [ -78.896340000052476, 42.896826000000246 ], [ -78.896252000052456, 42.896871000000246 ], [ -78.894656000052336, 42.895233000000211 ], [ -78.893177000052191, 42.893782000000229 ], [ -78.892421000052124, 42.893023000000234 ], [ -78.891242000052031, 42.892002000000225 ], [ -78.890946000051983, 42.891753000000236 ], [ -78.89052400005194, 42.891432000000243 ], [ -78.890227000051937, 42.891220000000231 ], [ -78.889909000051901, 42.89109400000023 ], [ -78.889591000051865, 42.891070000000219 ], [ -78.889335000051858, 42.891107000000233 ], [ -78.888569000051774, 42.891492000000241 ], [ -78.887847000051707, 42.891855000000255 ], [ -78.886979000051596, 42.892298000000238 ], [ -78.886730000051585, 42.892426000000242 ], [ -78.886455000051555, 42.892567000000213 ], [ -78.886335000051545, 42.892629000000241 ], [ -78.885890000051518, 42.892849000000211 ], [ -78.885357000051457, 42.893116000000234 ], [ -78.885269000051466, 42.893161000000248 ], [ -78.885238000051459, 42.893177000000236 ], [ -78.884768000051395, 42.893417000000234 ], [ -78.88439500005137, 42.893021000000246 ], [ -78.884226000051342, 42.892842000000222 ], [ -78.88411600005135, 42.892724000000229 ], [ -78.883981000051335, 42.892581000000234 ], [ -78.883283000051279, 42.891846000000221 ], [ -78.884402000051395, 42.891258000000228 ], [ -78.885490000051504, 42.890711000000238 ], [ -78.886336000051585, 42.890282000000227 ], [ -78.888072000051736, 42.889401000000213 ], [ -78.887495000051658, 42.888671000000258 ], [ -78.886641000051611, 42.887776000000208 ], [ -78.88600100005155, 42.887026000000219 ], [ -78.884904000051463, 42.88605300000026 ], [ -78.884477000051419, 42.885617000000238 ], [ -78.884146000051388, 42.885261000000213 ], [ -78.883784000051378, 42.88492200000023 ], [ -78.883490000051339, 42.884798000000217 ], [ -78.882656000051256, 42.884597000000227 ], [ -78.88295200005129, 42.884424000000237 ], [ -78.883191000051326, 42.884367000000239 ], [ -78.883354000051327, 42.884290000000256 ], [ -78.88352900005134, 42.884123000000216 ], [ -78.883211000051332, 42.883802000000216 ], [ -78.882838000051294, 42.883431000000222 ], [ -78.882255000051231, 42.882850000000246 ], [ -78.881838000051204, 42.882440000000244 ], [ -78.881260000051142, 42.88192100000024 ], [ -78.881048000051138, 42.881731000000237 ], [ -78.880728000051107, 42.881443000000218 ], [ -78.880098000051049, 42.880992000000241 ], [ -78.879900000051023, 42.880850000000216 ], [ -78.879349000050979, 42.880423000000256 ], [ -78.878921000050951, 42.880132000000245 ], [ -78.878822000050931, 42.880065000000236 ], [ -78.878788000050932, 42.880042000000238 ], [ -78.87871800005091, 42.879995000000257 ], [ -78.878654000050901, 42.879961000000208 ], [ -78.878322000050886, 42.879786000000237 ], [ -78.877810000050815, 42.879548000000227 ], [ -78.877692000050828, 42.879513000000209 ], [ -78.877581000050824, 42.879669000000213 ], [ -78.876893000050742, 42.879367000000208 ], [ -78.87646300005072, 42.879261000000227 ], [ -78.876489000050725, 42.879185000000255 ], [ -78.876498000050745, 42.879158000000231 ], [ -78.876537000050718, 42.879042000000226 ], [ -78.876554000050731, 42.878991000000248 ], [ -78.87656600005073, 42.878953000000195 ], [ -78.876587000050733, 42.878888000000224 ], [ -78.876704000050736, 42.878529000000221 ], [ -78.877102000050769, 42.877311000000198 ], [ -78.877126000050808, 42.877237000000243 ], [ -78.877146000050786, 42.877177000000252 ], [ -78.877507000050812, 42.876077000000208 ], [ -78.877530000050839, 42.876002000000213 ], [ -78.877565000050836, 42.875894000000216 ], [ -78.877727000050868, 42.875407000000237 ], [ -78.877742000050873, 42.875150000000211 ], [ -78.877678000050864, 42.874977000000229 ], [ -78.877352000050848, 42.874656000000222 ], [ -78.876996000050795, 42.874393000000197 ], [ -78.876222000050731, 42.874019000000239 ], [ -78.875759000050692, 42.873788000000211 ], [ -78.875412000050659, 42.8736150000002 ], [ -78.875299000050646, 42.873609000000201 ], [ -78.87431800005055, 42.873440000000208 ], [ -78.873403000050473, 42.873282000000202 ], [ -78.87286300005043, 42.873191000000183 ], [ -78.87176700005034, 42.873006000000203 ], [ -78.870696000050231, 42.872819000000227 ], [ -78.869969000050148, 42.872692000000214 ], [ -78.869855000050165, 42.872672000000229 ], [ -78.869231000050107, 42.872548000000229 ], [ -78.868017000049988, 42.872337000000186 ], [ -78.868270000050032, 42.871563000000208 ], [ -78.868388000050047, 42.871201000000205 ], [ -78.86867700005007, 42.870318000000204 ], [ -78.869044000050096, 42.869203000000212 ], [ -78.867643000049995, 42.866300000000223 ], [ -78.867622000050005, 42.866078000000222 ], [ -78.867567000049988, 42.865367000000234 ], [ -78.86756600004999, 42.86528800000022 ], [ -78.867526000049992, 42.864230000000191 ], [ -78.867463000049995, 42.86353300000021 ], [ -78.867397000049991, 42.862939000000225 ], [ -78.867406000049996, 42.862456000000222 ], [ -78.867401000049995, 42.862176000000204 ], [ -78.866527000049928, 42.862191000000188 ], [ -78.864117000049688, 42.86370800000023 ], [ -78.863079000049595, 42.863973000000215 ], [ -78.862279000049512, 42.864046000000215 ], [ -78.861580000049457, 42.86400000000021 ], [ -78.860999000049418, 42.863927000000196 ], [ -78.860396000049363, 42.863920000000199 ], [ -78.860297000049343, 42.863929000000233 ], [ -78.860185000049327, 42.863955000000196 ], [ -78.860079000049311, 42.863998000000208 ], [ -78.859923000049292, 42.863974000000205 ], [ -78.859831000049311, 42.860571000000199 ], [ -78.860100000049343, 42.86056900000024 ], [ -78.860126000049334, 42.861694000000206 ], [ -78.860304000049368, 42.861751000000233 ], [ -78.860409000049358, 42.861703000000198 ], [ -78.860721000049395, 42.861476000000209 ], [ -78.860988000049431, 42.861222000000225 ], [ -78.861166000049437, 42.860939000000229 ], [ -78.861304000049458, 42.860627000000243 ], [ -78.861420000049449, 42.860300000000237 ], [ -78.861486000049467, 42.860032000000196 ], [ -78.861576000049496, 42.859709000000201 ], [ -78.861605000049494, 42.859424000000217 ], [ -78.861626000049469, 42.859145000000204 ], [ -78.861610000049495, 42.858876000000222 ], [ -78.861573000049475, 42.858540000000211 ], [ -78.861428000049486, 42.858050000000212 ], [ -78.861272000049468, 42.85769100000023 ], [ -78.861028000049458, 42.856975000000226 ], [ -78.860997000049451, 42.856706000000216 ], [ -78.860933000049457, 42.856540000000244 ], [ -78.860811000049438, 42.856363000000201 ], [ -78.860613000049426, 42.856218000000233 ], [ -78.860244000049377, 42.856038000000218 ], [ -78.859874000049359, 42.855880000000241 ], [ -78.859681000049335, 42.855817000000222 ], [ -78.859427000049322, 42.855819000000217 ], [ -78.859390000049316, 42.855819000000217 ], [ -78.859046000049304, 42.855847000000196 ], [ -78.858670000049258, 42.855991000000209 ], [ -78.858202000049218, 42.856204000000218 ], [ -78.857690000049161, 42.856390000000218 ], [ -78.857162000049101, 42.856592000000191 ], [ -78.856711000049046, 42.856729000000229 ], [ -78.856216000049031, 42.856827000000223 ], [ -78.855752000048966, 42.856876000000213 ], [ -78.855011000048918, 42.856970000000217 ], [ -78.854658000048886, 42.857059000000227 ], [ -78.854520000048851, 42.857200000000205 ], [ -78.854442000048863, 42.857347000000225 ], [ -78.854409000048861, 42.857484000000213 ], [ -78.854397000048849, 42.857671000000202 ], [ -78.854445000048869, 42.857863000000194 ], [ -78.854546000048856, 42.85801300000022 ], [ -78.854745000048865, 42.858130000000195 ], [ -78.855122000048908, 42.858289000000212 ], [ -78.855329000048911, 42.858385000000197 ], [ -78.855710000048958, 42.858686000000198 ], [ -78.856103000048989, 42.859119000000199 ], [ -78.856384000049033, 42.859534000000195 ], [ -78.856477000049026, 42.859693000000213 ], [ -78.856772000049062, 42.860197000000213 ], [ -78.856997000049077, 42.860754000000213 ], [ -78.857018000049052, 42.861155000000196 ], [ -78.85695700004905, 42.86150600000019 ], [ -78.856859000049056, 42.861861000000218 ], [ -78.856823000049062, 42.8621240000002 ], [ -78.856872000049052, 42.862278000000224 ], [ -78.856814000049027, 42.862503000000196 ], [ -78.85663100004902, 42.862692000000209 ], [ -78.856487000049015, 42.862795000000233 ], [ -78.856148000048989, 42.862889000000223 ], [ -78.855653000048946, 42.862998000000232 ], [ -78.855159000048872, 42.863052000000202 ], [ -78.854574000048828, 42.863149000000199 ], [ -78.85379200004877, 42.863252000000237 ], [ -78.85343600004876, 42.86329900000019 ], [ -78.85311400004872, 42.863367000000224 ], [ -78.852460000048623, 42.863550000000203 ], [ -78.852250000048627, 42.863592000000224 ], [ -78.851883000048602, 42.863631000000225 ], [ -78.851502000048569, 42.863626000000203 ], [ -78.851213000048546, 42.863568000000221 ], [ -78.850982000048532, 42.863510000000211 ], [ -78.850784000048492, 42.863392000000211 ], [ -78.850681000048496, 42.863263000000224 ], [ -78.850660000048478, 42.863237000000218 ], [ -78.850776000048498, 42.863096000000219 ], [ -78.850540000048483, 42.862945000000238 ], [ -78.850433000048454, 42.8630640000002 ], [ -78.850270000048454, 42.863029000000203 ], [ -78.850097000048436, 42.863049000000196 ], [ -78.849330000048354, 42.862688000000212 ], [ -78.848969000048342, 42.862134000000218 ], [ -78.84881800004834, 42.861924000000215 ], [ -78.848767000048312, 42.86184100000019 ], [ -78.848726000048345, 42.861692000000197 ], [ -78.848639000048337, 42.861269000000199 ], [ -78.848548000048325, 42.861004000000229 ], [ -78.848449000048305, 42.860789000000224 ], [ -78.848399000048289, 42.860703000000221 ], [ -78.848164000048286, 42.860301000000192 ], [ -78.848519000048313, 42.859844000000223 ], [ -78.848710000048328, 42.859563000000215 ], [ -78.848784000048354, 42.859464000000209 ], [ -78.849032000048354, 42.859794000000186 ], [ -78.849372000048405, 42.860246000000188 ], [ -78.850136000048451, 42.86141400000021 ], [ -78.850455000048456, 42.861835000000234 ], [ -78.850680000048499, 42.86210100000018 ], [ -78.850812000048521, 42.862191000000188 ], [ -78.851011000048501, 42.862286000000204 ], [ -78.851293000048543, 42.862367000000177 ], [ -78.851650000048565, 42.862432000000204 ], [ -78.852037000048625, 42.862464000000202 ], [ -78.852822000048675, 42.862430000000202 ], [ -78.85306900004872, 42.862389000000213 ], [ -78.853313000048729, 42.862327000000192 ], [ -78.853543000048759, 42.862269000000197 ], [ -78.853646000048741, 42.862285000000206 ], [ -78.853767000048776, 42.862309000000216 ], [ -78.853915000048772, 42.862318000000187 ], [ -78.854076000048792, 42.862353000000205 ], [ -78.854540000048814, 42.8623210000002 ], [ -78.854964000048867, 42.862235000000197 ], [ -78.855278000048912, 42.862028000000215 ], [ -78.855482000048923, 42.861877000000213 ], [ -78.855559000048942, 42.86179600000019 ], [ -78.855658000048948, 42.861682000000215 ], [ -78.85588400004896, 42.861305000000215 ], [ -78.855939000048991, 42.86122300000023 ], [ -78.85602800004898, 42.861017000000217 ], [ -78.854847000048906, 42.859185000000203 ], [ -78.853500000048768, 42.858685000000236 ], [ -78.85328600004874, 42.858567000000228 ], [ -78.852849000048707, 42.858436000000218 ], [ -78.852663000048722, 42.858406000000208 ], [ -78.852359000048665, 42.858314000000227 ], [ -78.851909000048636, 42.858116000000223 ], [ -78.851843000048618, 42.858066000000221 ], [ -78.851688000048625, 42.857960000000212 ], [ -78.851312000048566, 42.857752000000204 ], [ -78.851218000048561, 42.857641000000235 ], [ -78.851191000048559, 42.857509000000213 ], [ -78.851202000048559, 42.857361000000203 ], [ -78.851251000048592, 42.857203000000212 ], [ -78.851343000048573, 42.857083000000237 ], [ -78.852764000048708, 42.85636000000023 ], [ -78.852966000048724, 42.856308000000212 ], [ -78.853864000048802, 42.856226000000206 ], [ -78.853977000048829, 42.856178000000199 ], [ -78.854663000048902, 42.856209000000227 ], [ -78.856189000049014, 42.856091000000191 ], [ -78.858343000049217, 42.855257000000201 ], [ -78.858849000049275, 42.85502200000019 ], [ -78.859105000049283, 42.85491500000019 ], [ -78.859435000049302, 42.854870000000211 ], [ -78.85975600004933, 42.85487900000021 ], [ -78.860120000049378, 42.854933000000223 ], [ -78.860506000049398, 42.855015000000215 ], [ -78.860914000049462, 42.85513500000021 ], [ -78.861194000049451, 42.855309000000197 ], [ -78.86152300004953, 42.855571000000225 ], [ -78.861786000049534, 42.85582100000024 ], [ -78.861909000049522, 42.855987000000191 ], [ -78.861973000049545, 42.856125000000219 ], [ -78.86195600004956, 42.856229000000205 ], [ -78.861888000049532, 42.856267000000202 ], [ -78.862648000049589, 42.858872000000204 ], [ -78.862737000049592, 42.858884000000224 ], [ -78.862803000049581, 42.858934000000204 ], [ -78.862927000049609, 42.859051000000207 ], [ -78.863013000049605, 42.859211000000236 ], [ -78.863055000049613, 42.859360000000201 ], [ -78.863043000049629, 42.859519000000219 ], [ -78.862966000049624, 42.859639000000207 ], [ -78.862155000049512, 42.861094000000215 ], [ -78.86182600004949, 42.861759000000205 ], [ -78.86124900004944, 42.863146000000235 ], [ -78.862430000049557, 42.863380000000191 ], [ -78.863698000049638, 42.863122000000203 ], [ -78.866799000049966, 42.861404000000242 ], [ -78.867329000049992, 42.861428000000203 ], [ -78.867386000050004, 42.861423000000237 ], [ -78.867445000049983, 42.861433000000204 ], [ -78.867836000050033, 42.861450000000204 ], [ -78.86891800005013, 42.861921000000216 ], [ -78.869235000050139, 42.862428000000207 ], [ -78.869227000050159, 42.86485900000023 ], [ -78.869416000050165, 42.865092000000189 ], [ -78.869417000050149, 42.865245000000208 ], [ -78.869424000050159, 42.866019000000207 ], [ -78.869884000050206, 42.867079000000246 ], [ -78.869935000050177, 42.867172000000231 ], [ -78.870001000050209, 42.867195000000244 ], [ -78.870083000050201, 42.867191000000226 ], [ -78.870174000050227, 42.867148000000249 ], [ -78.870297000050229, 42.867298000000218 ], [ -78.870511000050243, 42.868058000000218 ], [ -78.870814000050274, 42.868182000000225 ], [ -78.870905000050286, 42.868452000000232 ], [ -78.870610000050249, 42.868641000000224 ], [ -78.870920000050276, 42.869116000000211 ], [ -78.87109300005028, 42.869371000000214 ], [ -78.871346000050323, 42.869720000000221 ], [ -78.872133000050383, 42.870553000000235 ], [ -78.872397000050398, 42.870754000000183 ], [ -78.872576000050401, 42.870789000000215 ], [ -78.872784000050444, 42.870824000000219 ], [ -78.873021000050443, 42.870909000000218 ], [ -78.87309300005046, 42.870993000000233 ], [ -78.872950000050466, 42.871040000000242 ], [ -78.873085000050466, 42.87124400000021 ], [ -78.873225000050482, 42.871455000000225 ], [ -78.872812000050445, 42.871591000000244 ], [ -78.874004000050533, 42.872140000000208 ], [ -78.87784200005089, 42.87382200000021 ], [ -78.877849000050887, 42.873831000000195 ], [ -78.878008000050883, 42.874030000000218 ], [ -78.878222000050911, 42.874300000000225 ], [ -78.8782490000509, 42.874334000000218 ], [ -78.87830700005091, 42.874406000000221 ], [ -78.878355000050917, 42.874447000000224 ], [ -78.878397000050953, 42.874469000000225 ], [ -78.878962000050976, 42.874917000000231 ], [ -78.879608000051022, 42.875430000000215 ], [ -78.880330000051089, 42.876004000000215 ], [ -78.88219100005125, 42.877482000000235 ], [ -78.886991000051694, 42.878005000000229 ], [ -78.889517000051953, 42.878068000000219 ], [ -78.887857000051781, 42.878896000000204 ], [ -78.888654000051858, 42.880563000000244 ], [ -78.889450000051909, 42.882231000000225 ], [ -78.889787000051939, 42.882937000000211 ], [ -78.890697000052015, 42.884367000000232 ], [ -78.891093000052052, 42.884370000000224 ], [ -78.89067400005203, 42.884921000000226 ], [ -78.889791000051929, 42.884579000000251 ], [ -78.88975100005193, 42.884276000000213 ], [ -78.889709000051923, 42.884084000000215 ], [ -78.889639000051915, 42.883803000000235 ], [ -78.889461000051909, 42.883264000000239 ], [ -78.889172000051886, 42.882646000000243 ], [ -78.88897400005186, 42.882242000000254 ], [ -78.888948000051869, 42.88218900000021 ], [ -78.888599000051826, 42.881554000000236 ], [ -78.888476000051824, 42.881350000000225 ], [ -78.88823400005181, 42.881041000000209 ], [ -78.887808000051749, 42.880636000000223 ], [ -78.887653000051742, 42.880503000000253 ], [ -78.887454000051747, 42.88034200000024 ], [ -78.886952000051693, 42.879998000000221 ], [ -78.886500000051626, 42.879780000000238 ], [ -78.886277000051649, 42.879718000000217 ], [ -78.886054000051615, 42.879672000000241 ], [ -78.885719000051594, 42.879631000000217 ], [ -78.88564600005158, 42.879487000000275 ], [ -78.885616000051556, 42.879491000000243 ], [ -78.885377000051562, 42.879518000000225 ], [ -78.885420000051525, 42.87965600000021 ], [ -78.884956000051517, 42.879761000000222 ], [ -78.884354000051474, 42.880010000000254 ], [ -78.884160000051423, 42.880090000000223 ], [ -78.884234000051407, 42.880291000000199 ] ] ] } },
{ "type": "Feature", "properties": { "ed_key": "Buffalo FIL 5", "nbhdname": "Lower West Side", "nbhdnum": 2.0 }, "geometry": { "type": "Polygon", "coordinates": [ [ [ -78.885890000051518, 42.892849000000211 ], [ -78.886344000051551, 42.893339000000239 ], [ -78.88665900005158, 42.89367500000025 ], [ -78.8869100000516, 42.893949000000248 ], [ -78.887355000051627, 42.894419000000248 ], [ -78.887784000051667, 42.894870000000232 ], [ -78.888081000051685, 42.895189000000244 ], [ -78.888112000051706, 42.895221000000241 ], [ -78.888843000051764, 42.895996000000217 ], [ -78.887722000051667, 42.896566000000234 ], [ -78.886597000051552, 42.897134000000264 ], [ -78.885727000051446, 42.897581000000208 ], [ -78.885327000051404, 42.897784000000215 ], [ -78.884961000051376, 42.897971000000247 ], [ -78.884207000051333, 42.89835300000022 ], [ -78.883693000051267, 42.897807000000235 ], [ -78.882829000051203, 42.896888000000217 ], [ -78.882736000051196, 42.89678400000021 ], [ -78.881263000051078, 42.895212000000214 ], [ -78.882011000051136, 42.894837000000237 ], [ -78.882747000051211, 42.894469000000228 ], [ -78.882798000051224, 42.894443000000244 ], [ -78.883655000051306, 42.893992000000218 ], [ -78.884206000051336, 42.893704000000263 ], [ -78.884768000051395, 42.893417000000234 ], [ -78.885238000051459, 42.893177000000236 ], [ -78.885269000051466, 42.893161000000248 ], [ -78.885357000051457, 42.893116000000234 ], [ -78.885890000051518, 42.892849000000211 ] ] ] } },
{ "type": "Feature", "properties": { "ed_key": "Buffalo FIL 3", "nbhdname": "Central", "nbhdnum": 1.0 }, "geometry": { "type": "Polygon", "coordinates": [ [ [ -78.873928000050356, 42.899428000000214 ], [ -78.873924000050366, 42.899455000000238 ], [ -78.873444000050313, 42.900945000000227 ], [ -78.873020000050261, 42.902227000000231 ], [ -78.87267900005024, 42.90336300000024 ], [ -78.872615000050203, 42.903580000000218 ], [ -78.872383000050206, 42.904373000000234 ], [ -78.872297000050182, 42.904668000000207 ], [ -78.870237000049983, 42.904655000000218 ], [ -78.869686000049953, 42.904651000000229 ], [ -78.868169000049804, 42.904631000000258 ], [ -78.868179000049821, 42.904601000000227 ], [ -78.868480000049857, 42.903708000000215 ], [ -78.868608000049846, 42.90331100000023 ], [ -78.868656000049896, 42.903163000000205 ], [ -78.868751000049883, 42.902867000000235 ], [ -78.868971000049896, 42.902210000000224 ], [ -78.869290000049915, 42.901288000000221 ], [ -78.869476000049957, 42.900740000000233 ], [ -78.869588000049959, 42.900375000000224 ], [ -78.869747000049998, 42.899856000000213 ], [ -78.869894000049996, 42.899401000000232 ], [ -78.87015800005004, 42.898579000000225 ], [ -78.870576000050093, 42.897299000000224 ], [ -78.870752000050103, 42.896774000000214 ], [ -78.870918000050125, 42.896270000000243 ], [ -78.871254000050143, 42.895248000000223 ], [ -78.871292000050147, 42.895133000000214 ], [ -78.871334000050169, 42.895001000000235 ], [ -78.871507000050144, 42.894460000000215 ], [ -78.871890000050229, 42.893315000000229 ], [ -78.870865000050117, 42.893135000000221 ], [ -78.871110000050166, 42.892395000000242 ], [ -78.871290000050166, 42.891861000000212 ], [ -78.871487000050209, 42.891255000000243 ], [ -78.871932000050236, 42.889907000000193 ], [ -78.872072000050267, 42.889488000000235 ], [ -78.872190000050267, 42.88911400000022 ], [ -78.872298000050279, 42.888771000000247 ], [ -78.872403000050312, 42.888450000000219 ], [ -78.871198000050185, 42.888247000000227 ], [ -78.871587000050241, 42.887027000000224 ], [ -78.871665000050228, 42.886807000000211 ], [ -78.871899000050249, 42.886045000000209 ], [ -78.871956000050261, 42.8858600000002 ], [ -78.872229000050297, 42.885049000000222 ], [ -78.872380000050327, 42.884593000000237 ], [ -78.872597000050348, 42.883948000000224 ], [ -78.872610000050329, 42.883911000000218 ], [ -78.872635000050337, 42.883812000000241 ], [ -78.872744000050375, 42.883480000000219 ], [ -78.872894000050366, 42.883024000000241 ], [ -78.874091000050498, 42.883231000000208 ], [ -78.874314000050489, 42.882551000000198 ], [ -78.87446300005054, 42.882087000000233 ], [ -78.874600000050535, 42.881662000000233 ], [ -78.874638000050538, 42.881537000000236 ], [ -78.874991000050571, 42.880430000000239 ], [ -78.875335000050598, 42.879368000000206 ], [ -78.875460000050637, 42.879033000000213 ], [ -78.875504000050654, 42.87890000000025 ], [ -78.875523000050634, 42.878842000000226 ], [ -78.875544000050638, 42.878779000000222 ], [ -78.875563000050647, 42.878721000000205 ], [ -78.875576000050643, 42.878684000000234 ], [ -78.875601000050636, 42.878609000000232 ], [ -78.875725000050664, 42.878237000000233 ], [ -78.876059000050688, 42.877230000000218 ], [ -78.876497000050762, 42.875897000000229 ], [ -78.875664000050662, 42.875750000000224 ], [ -78.874687000050585, 42.875579000000229 ], [ -78.873691000050471, 42.875404000000238 ], [ -78.872765000050407, 42.875241000000244 ], [ -78.872396000050372, 42.875177000000207 ], [ -78.872239000050342, 42.875150000000232 ], [ -78.871466000050305, 42.875014000000192 ], [ -78.871136000050257, 42.874956000000189 ], [ -78.871452000050297, 42.873980000000223 ], [ -78.87176700005034, 42.873006000000203 ], [ -78.87286300005043, 42.873191000000183 ], [ -78.873403000050473, 42.873282000000202 ], [ -78.87431800005055, 42.873440000000208 ], [ -78.875299000050646, 42.873609000000201 ], [ -78.875412000050659, 42.8736150000002 ], [ -78.875759000050692, 42.873788000000211 ], [ -78.876222000050731, 42.874019000000239 ], [ -78.876996000050795, 42.874393000000197 ], [ -78.877352000050848, 42.874656000000222 ], [ -78.877678000050864, 42.874977000000229 ], [ -78.877742000050873, 42.875150000000211 ], [ -78.877727000050868, 42.875407000000237 ], [ -78.877565000050836, 42.875894000000216 ], [ -78.877530000050839, 42.876002000000213 ], [ -78.877507000050812, 42.876077000000208 ], [ -78.877146000050786, 42.877177000000252 ], [ -78.877126000050808, 42.877237000000243 ], [ -78.877102000050769, 42.877311000000198 ], [ -78.876704000050736, 42.878529000000221 ], [ -78.876587000050733, 42.878888000000224 ], [ -78.87656600005073, 42.878953000000195 ], [ -78.876554000050731, 42.878991000000248 ], [ -78.876537000050718, 42.879042000000226 ], [ -78.876498000050745, 42.879158000000231 ], [ -78.876489000050725, 42.879185000000255 ], [ -78.87646300005072, 42.879261000000227 ], [ -78.876893000050742, 42.879367000000208 ], [ -78.877581000050824, 42.879669000000213 ], [ -78.877507000050812, 42.879825000000231 ], [ -78.877364000050818, 42.880185000000225 ], [ -78.877338000050798, 42.880284000000252 ], [ -78.877275000050773, 42.880520000000239 ], [ -78.877218000050775, 42.880733000000227 ], [ -78.877193000050781, 42.88082300000022 ], [ -78.87747400005081, 42.88087300000025 ], [ -78.877988000050848, 42.880966000000221 ], [ -78.878222000050869, 42.881008000000215 ], [ -78.87843300005089, 42.881046000000211 ], [ -78.878455000050906, 42.881050000000215 ], [ -78.878434000050888, 42.881287000000235 ], [ -78.878451000050887, 42.881500000000244 ], [ -78.87848700005091, 42.881642000000241 ], [ -78.878595000050893, 42.881959000000229 ], [ -78.878775000050922, 42.882333000000244 ], [ -78.878971000050939, 42.882700000000234 ], [ -78.879116000050928, 42.882981000000242 ], [ -78.879129000050966, 42.883172000000243 ], [ -78.87901000005094, 42.883501000000244 ], [ -78.878932000050938, 42.883721000000229 ], [ -78.879028000050923, 42.883737000000224 ], [ -78.87876900005088, 42.884528000000238 ], [ -78.878730000050908, 42.884638000000216 ], [ -78.878619000050875, 42.884957000000199 ], [ -78.878305000050815, 42.885918000000224 ], [ -78.878134000050835, 42.885894000000228 ], [ -78.877981000050809, 42.885906000000226 ], [ -78.877811000050798, 42.885929000000239 ], [ -78.877722000050795, 42.885965000000233 ], [ -78.877622000050792, 42.886059000000245 ], [ -78.877540000050757, 42.886212000000214 ], [ -78.877510000050762, 42.886300000000254 ], [ -78.877487000050763, 42.886406000000221 ], [ -78.877510000050762, 42.886630000000245 ], [ -78.87755200005077, 42.886694000000233 ], [ -78.877646000050802, 42.886777000000208 ], [ -78.877875000050793, 42.886859000000243 ], [ -78.877999000050806, 42.886889000000259 ], [ -78.877820000050789, 42.887437000000247 ], [ -78.877681000050785, 42.887852000000251 ], [ -78.877450000050757, 42.888538000000224 ], [ -78.877203000050713, 42.889307000000208 ], [ -78.876970000050704, 42.890025000000222 ], [ -78.876741000050671, 42.89074900000022 ], [ -78.876486000050647, 42.891562000000242 ], [ -78.876364000050614, 42.891954000000226 ], [ -78.876248000050609, 42.892311000000227 ], [ -78.876022000050611, 42.893001000000226 ], [ -78.875714000050579, 42.893949000000255 ], [ -78.875705000050559, 42.893977000000206 ], [ -78.875500000050536, 42.894632000000215 ], [ -78.875111000050509, 42.895822000000216 ], [ -78.874813000050452, 42.89673900000021 ], [ -78.874787000050446, 42.896822000000235 ], [ -78.874683000050481, 42.89714600000022 ], [ -78.874502000050427, 42.897673000000218 ], [ -78.874035000050384, 42.899083000000218 ], [ -78.873930000050365, 42.899402000000215 ], [ -78.873928000050356, 42.899428000000214 ] ] ] } },
{ "type": "Feature", "properties": { "ed_key": "Buffalo FIL 10", "nbhdname": "Elmwood Bryant", "nbhdnum": 5.0 }, "geometry": { "type": "Polygon", "coordinates": [ [ [ -78.871082000050052, 42.908872000000208 ], [ -78.870549000049991, 42.90885500000023 ], [ -78.869315000049909, 42.90885800000023 ], [ -78.868910000049851, 42.908854000000225 ], [ -78.868667000049825, 42.908849000000245 ], [ -78.866771000049653, 42.908854000000211 ], [ -78.866935000049665, 42.908327000000206 ], [ -78.867169000049714, 42.907666000000205 ], [ -78.867494000049717, 42.906747000000244 ], [ -78.867538000049734, 42.906604000000215 ], [ -78.867783000049783, 42.905811000000242 ], [ -78.868169000049804, 42.904631000000258 ], [ -78.869686000049953, 42.904651000000229 ], [ -78.870237000049983, 42.904655000000218 ], [ -78.872297000050182, 42.904668000000207 ], [ -78.872109000050159, 42.905308000000225 ], [ -78.871692000050118, 42.906739000000229 ], [ -78.871682000050143, 42.906784000000236 ], [ -78.871428000050074, 42.907613000000204 ], [ -78.871082000050052, 42.908872000000208 ] ] ] } },
{ "type": "Feature", "properties": { "ed_key": "Buffalo FIL 4", "nbhdname": "Elmwood Bryant", "nbhdnum": 5.0 }, "geometry": { "type": "Polygon", "coordinates": [ [ [ -78.881986000051043, 42.908760000000242 ], [ -78.881985000051046, 42.908959000000266 ], [ -78.880325000050902, 42.908953000000224 ], [ -78.880302000050904, 42.906529000000212 ], [ -78.880298000050914, 42.904759000000226 ], [ -78.881902000051028, 42.904769000000222 ], [ -78.881923000051046, 42.905434000000191 ], [ -78.881948000051068, 42.90647300000024 ], [ -78.881958000051071, 42.906881000000233 ], [ -78.881960000051066, 42.906954000000212 ], [ -78.881986000051043, 42.908760000000242 ] ] ] } },
{ "type": "Feature", "properties": { "ed_key": "Buffalo FIL 7", "nbhdname": "Elmwood Bryant", "nbhdnum": 5.0 }, "geometry": { "type": "Polygon", "coordinates": [ [ [ -78.872297000050182, 42.904668000000207 ], [ -78.872383000050206, 42.904373000000234 ], [ -78.872615000050203, 42.903580000000218 ], [ -78.87267900005024, 42.90336300000024 ], [ -78.873020000050261, 42.902227000000231 ], [ -78.874911000050417, 42.902239000000236 ], [ -78.875027000050437, 42.902240000000205 ], [ -78.875104000050442, 42.902240000000226 ], [ -78.875609000050474, 42.902245000000228 ], [ -78.875970000050543, 42.902250000000208 ], [ -78.876781000050599, 42.90225900000025 ], [ -78.877136000050641, 42.902263000000225 ], [ -78.877135000050643, 42.903025000000241 ], [ -78.877135000050629, 42.90348300000025 ], [ -78.877126000050623, 42.90473200000023 ], [ -78.875128000050452, 42.904703000000225 ], [ -78.873751000050305, 42.904685000000242 ], [ -78.872297000050182, 42.904668000000207 ] ] ] } },
{ "type": "Feature", "properties": { "ed_key": "Buffalo FIL 1", "nbhdname": "Allentown", "nbhdnum": 3.0 }, "geometry": { "type": "Polygon", "coordinates": [ [ [ -78.881902000051028, 42.904769000000222 ], [ -78.880298000050914, 42.904759000000226 ], [ -78.878757000050769, 42.90474500000024 ], [ -78.877126000050623, 42.90473200000023 ], [ -78.877135000050629, 42.90348300000025 ], [ -78.877135000050643, 42.903025000000241 ], [ -78.877136000050641, 42.902263000000225 ], [ -78.876781000050599, 42.90225900000025 ], [ -78.875970000050543, 42.902250000000208 ], [ -78.875609000050474, 42.902245000000228 ], [ -78.875104000050442, 42.902240000000226 ], [ -78.875027000050437, 42.902240000000205 ], [ -78.874911000050417, 42.902239000000236 ], [ -78.873020000050261, 42.902227000000231 ], [ -78.873444000050313, 42.900945000000227 ], [ -78.873924000050366, 42.899455000000238 ], [ -78.873928000050356, 42.899428000000214 ], [ -78.874629000050433, 42.899431000000199 ], [ -78.875001000050446, 42.899433000000236 ], [ -78.875094000050481, 42.89943400000022 ], [ -78.875865000050567, 42.899438000000252 ], [ -78.876025000050561, 42.899443000000218 ], [ -78.876594000050602, 42.899443000000218 ], [ -78.87708900005066, 42.899449000000224 ], [ -78.877186000050656, 42.899450000000229 ], [ -78.877985000050757, 42.899457000000247 ], [ -78.87814500005075, 42.899460000000232 ], [ -78.878922000050835, 42.899467000000207 ], [ -78.879084000050838, 42.899469000000202 ], [ -78.879630000050881, 42.899483000000238 ], [ -78.879781000050883, 42.899645000000241 ], [ -78.880391000050949, 42.90029400000023 ], [ -78.88049200005095, 42.900395000000273 ], [ -78.88106700005099, 42.901019000000225 ], [ -78.881084000051032, 42.901037000000215 ], [ -78.880785000050977, 42.901180000000245 ], [ -78.880333000050953, 42.901169000000216 ], [ -78.880333000050953, 42.901251000000244 ], [ -78.880353000050931, 42.901299000000222 ], [ -78.880351000050965, 42.901350000000249 ], [ -78.880332000050927, 42.901393000000212 ], [ -78.880329000050963, 42.901489000000232 ], [ -78.880311000050952, 42.902293000000235 ], [ -78.880910000051003, 42.902290000000235 ], [ -78.881016000050991, 42.90229200000023 ], [ -78.881839000051059, 42.902380000000221 ], [ -78.881867000051045, 42.902990000000216 ], [ -78.881869000051054, 42.903007000000244 ], [ -78.881872000051075, 42.903277000000237 ], [ -78.881882000051064, 42.903952000000231 ], [ -78.88188700005108, 42.904174000000232 ], [ -78.881902000051028, 42.904769000000222 ] ] ] } },
{ "type": "Feature", "properties": { "ed_key": "Buffalo FIL 2", "nbhdname": "Allentown", "nbhdnum": 3.0 }, "geometry": { "type": "Polygon", "coordinates": [ [ [ -78.884207000051333, 42.89835300000022 ], [ -78.88431200005131, 42.898459000000237 ], [ -78.884585000051345, 42.898753000000234 ], [ -78.885582000051443, 42.899808000000206 ], [ -78.885697000051437, 42.89991800000022 ], [ -78.884900000051374, 42.900330000000217 ], [ -78.884577000051323, 42.900492000000227 ], [ -78.883606000051216, 42.900980000000253 ], [ -78.883533000051244, 42.90102100000022 ], [ -78.882881000051185, 42.901354000000225 ], [ -78.882204000051132, 42.901804000000261 ], [ -78.882168000051081, 42.901834000000221 ], [ -78.881957000051088, 42.902009000000234 ], [ -78.881839000051059, 42.902380000000221 ], [ -78.881016000050991, 42.90229200000023 ], [ -78.880910000051003, 42.902290000000235 ], [ -78.880311000050952, 42.902293000000235 ], [ -78.880329000050963, 42.901489000000232 ], [ -78.880332000050927, 42.901393000000212 ], [ -78.880351000050965, 42.901350000000249 ], [ -78.880353000050931, 42.901299000000222 ], [ -78.880333000050953, 42.901251000000244 ], [ -78.880333000050953, 42.901169000000216 ], [ -78.880785000050977, 42.901180000000245 ], [ -78.881084000051032, 42.901037000000215 ], [ -78.88106700005099, 42.901019000000225 ], [ -78.88049200005095, 42.900395000000273 ], [ -78.880391000050949, 42.90029400000023 ], [ -78.879781000050883, 42.899645000000241 ], [ -78.879630000050881, 42.899483000000238 ], [ -78.879084000050838, 42.899469000000202 ], [ -78.878922000050835, 42.899467000000207 ], [ -78.87814500005075, 42.899460000000232 ], [ -78.877985000050757, 42.899457000000247 ], [ -78.877186000050656, 42.899450000000229 ], [ -78.87708900005066, 42.899449000000224 ], [ -78.876594000050602, 42.899443000000218 ], [ -78.876025000050561, 42.899443000000218 ], [ -78.875865000050567, 42.899438000000252 ], [ -78.875094000050481, 42.89943400000022 ], [ -78.875001000050446, 42.899433000000236 ], [ -78.874629000050433, 42.899431000000199 ], [ -78.873928000050356, 42.899428000000214 ], [ -78.873930000050365, 42.899402000000215 ], [ -78.874035000050384, 42.899083000000218 ], [ -78.874502000050427, 42.897673000000218 ], [ -78.874683000050481, 42.89714600000022 ], [ -78.874787000050446, 42.896822000000235 ], [ -78.874813000050452, 42.89673900000021 ], [ -78.875111000050509, 42.895822000000216 ], [ -78.875500000050536, 42.894632000000215 ], [ -78.875705000050559, 42.893977000000206 ], [ -78.875714000050579, 42.893949000000255 ], [ -78.875897000050585, 42.893988000000206 ], [ -78.877271000050683, 42.894231000000218 ], [ -78.878249000050801, 42.894405000000205 ], [ -78.878956000050863, 42.894525000000229 ], [ -78.87919300005089, 42.89478200000022 ], [ -78.879504000050886, 42.895106000000204 ], [ -78.879738000050921, 42.895359000000234 ], [ -78.879818000050918, 42.895442000000237 ], [ -78.880026000050961, 42.895663000000226 ], [ -78.880139000050988, 42.895775000000214 ], [ -78.880697000051015, 42.895493000000265 ], [ -78.880839000051012, 42.895422000000238 ], [ -78.881208000051046, 42.895240000000257 ], [ -78.881263000051078, 42.895212000000214 ], [ -78.882736000051196, 42.89678400000021 ], [ -78.882829000051203, 42.896888000000217 ], [ -78.883693000051267, 42.897807000000235 ], [ -78.884207000051333, 42.89835300000022 ] ] ] } },
{ "type": "Feature", "properties": { "ed_key": "Buffalo FIL 6", "nbhdname": "Lower West Side", "nbhdnum": 2.0 }, "geometry": { "type": "Polygon", "coordinates": [ [ [ -78.884768000051395, 42.893417000000234 ], [ -78.884206000051336, 42.893704000000263 ], [ -78.883655000051306, 42.893992000000218 ], [ -78.882798000051224, 42.894443000000244 ], [ -78.882747000051211, 42.894469000000228 ], [ -78.882011000051136, 42.894837000000237 ], [ -78.881263000051078, 42.895212000000214 ], [ -78.881208000051046, 42.895240000000257 ], [ -78.880839000051012, 42.895422000000238 ], [ -78.880697000051015, 42.895493000000265 ], [ -78.880139000050988, 42.895775000000214 ], [ -78.880026000050961, 42.895663000000226 ], [ -78.879818000050918, 42.895442000000237 ], [ -78.879738000050921, 42.895359000000234 ], [ -78.879504000050886, 42.895106000000204 ], [ -78.87919300005089, 42.89478200000022 ], [ -78.878956000050863, 42.894525000000229 ], [ -78.878249000050801, 42.894405000000205 ], [ -78.877271000050683, 42.894231000000218 ], [ -78.875897000050585, 42.893988000000206 ], [ -78.875714000050579, 42.893949000000255 ], [ -78.876022000050611, 42.893001000000226 ], [ -78.876248000050609, 42.892311000000227 ], [ -78.876364000050614, 42.891954000000226 ], [ -78.876486000050647, 42.891562000000242 ], [ -78.876741000050671, 42.89074900000022 ], [ -78.876970000050704, 42.890025000000222 ], [ -78.877203000050713, 42.889307000000208 ], [ -78.877450000050757, 42.888538000000224 ], [ -78.877681000050785, 42.887852000000251 ], [ -78.877820000050789, 42.887437000000247 ], [ -78.877999000050806, 42.886889000000259 ], [ -78.877875000050793, 42.886859000000243 ], [ -78.877646000050802, 42.886777000000208 ], [ -78.87755200005077, 42.886694000000233 ], [ -78.877510000050762, 42.886630000000245 ], [ -78.877487000050763, 42.886406000000221 ], [ -78.877510000050762, 42.886300000000254 ], [ -78.877540000050757, 42.886212000000214 ], [ -78.877622000050792, 42.886059000000245 ], [ -78.877722000050795, 42.885965000000233 ], [ -78.877811000050798, 42.885929000000239 ], [ -78.877981000050809, 42.885906000000226 ], [ -78.878134000050835, 42.885894000000228 ], [ -78.878305000050815, 42.885918000000224 ], [ -78.878619000050875, 42.884957000000199 ], [ -78.878730000050908, 42.884638000000216 ], [ -78.87876900005088, 42.884528000000238 ], [ -78.879028000050923, 42.883737000000224 ], [ -78.878932000050938, 42.883721000000229 ], [ -78.87901000005094, 42.883501000000244 ], [ -78.879129000050966, 42.883172000000243 ], [ -78.879116000050928, 42.882981000000242 ], [ -78.878971000050939, 42.882700000000234 ], [ -78.878775000050922, 42.882333000000244 ], [ -78.878595000050893, 42.881959000000229 ], [ -78.87848700005091, 42.881642000000241 ], [ -78.878451000050887, 42.881500000000244 ], [ -78.878434000050888, 42.881287000000235 ], [ -78.878455000050906, 42.881050000000215 ], [ -78.87843300005089, 42.881046000000211 ], [ -78.878222000050869, 42.881008000000215 ], [ -78.877988000050848, 42.880966000000221 ], [ -78.87747400005081, 42.88087300000025 ], [ -78.877193000050781, 42.88082300000022 ], [ -78.877218000050775, 42.880733000000227 ], [ -78.877275000050773, 42.880520000000239 ], [ -78.877338000050798, 42.880284000000252 ], [ -78.877364000050818, 42.880185000000225 ], [ -78.877507000050812, 42.879825000000231 ], [ -78.877581000050824, 42.879669000000213 ], [ -78.877692000050828, 42.879513000000209 ], [ -78.877810000050815, 42.879548000000227 ], [ -78.878322000050886, 42.879786000000237 ], [ -78.878654000050901, 42.879961000000208 ], [ -78.87871800005091, 42.879995000000257 ], [ -78.878788000050932, 42.880042000000238 ], [ -78.878822000050931, 42.880065000000236 ], [ -78.878921000050951, 42.880132000000245 ], [ -78.879349000050979, 42.880423000000256 ], [ -78.879900000051023, 42.880850000000216 ], [ -78.880098000051049, 42.880992000000241 ], [ -78.880728000051107, 42.881443000000218 ], [ -78.881048000051138, 42.881731000000237 ], [ -78.881260000051142, 42.88192100000024 ], [ -78.881838000051204, 42.882440000000244 ], [ -78.882255000051231, 42.882850000000246 ], [ -78.882838000051294, 42.883431000000222 ], [ -78.883211000051332, 42.883802000000216 ], [ -78.88352900005134, 42.884123000000216 ], [ -78.883354000051327, 42.884290000000256 ], [ -78.883191000051326, 42.884367000000239 ], [ -78.88295200005129, 42.884424000000237 ], [ -78.882656000051256, 42.884597000000227 ], [ -78.883490000051339, 42.884798000000217 ], [ -78.883784000051378, 42.88492200000023 ], [ -78.884146000051388, 42.885261000000213 ], [ -78.884477000051419, 42.885617000000238 ], [ -78.884904000051463, 42.88605300000026 ], [ -78.88600100005155, 42.887026000000219 ], [ -78.886641000051611, 42.887776000000208 ], [ -78.887495000051658, 42.888671000000258 ], [ -78.888072000051736, 42.889401000000213 ], [ -78.886336000051585, 42.890282000000227 ], [ -78.885490000051504, 42.890711000000238 ], [ -78.884402000051395, 42.891258000000228 ], [ -78.883283000051279, 42.891846000000221 ], [ -78.883981000051335, 42.892581000000234 ], [ -78.88411600005135, 42.892724000000229 ], [ -78.884226000051342, 42.892842000000222 ], [ -78.88439500005137, 42.893021000000246 ], [ -78.884768000051395, 42.893417000000234 ] ] ] } },
{ "type": "Feature", "properties": { "ed_key": "Buffalo FIL 9", "nbhdname": "Central", "nbhdnum": 1.0 }, "geometry": { "type": "Polygon", "coordinates": [ [ [ -78.884234000051407, 42.880291000000199 ], [ -78.88424500005145, 42.880321000000258 ], [ -78.884499000051463, 42.88030100000023 ], [ -78.884634000051463, 42.880313000000207 ], [ -78.884797000051492, 42.880348000000232 ], [ -78.884923000051486, 42.880426000000249 ], [ -78.88501100005152, 42.880536000000241 ], [ -78.885076000051527, 42.880668000000242 ], [ -78.885165000051529, 42.880691000000219 ], [ -78.883994000051402, 42.881132000000264 ], [ -78.884147000051428, 42.88134700000024 ], [ -78.88441800005144, 42.881239000000249 ], [ -78.884575000051456, 42.88121300000023 ], [ -78.884687000051485, 42.88120900000024 ], [ -78.884814000051477, 42.881215000000211 ], [ -78.884933000051504, 42.881233000000222 ], [ -78.88500700005153, 42.881261000000251 ], [ -78.885088000051496, 42.881316000000211 ], [ -78.885177000051513, 42.881389000000233 ], [ -78.885242000051534, 42.881488000000218 ], [ -78.885351000051543, 42.881703000000229 ], [ -78.885545000051522, 42.882149000000219 ], [ -78.885573000051536, 42.88228700000024 ], [ -78.885565000051542, 42.88233600000023 ], [ -78.885503000051528, 42.882446000000236 ], [ -78.885413000051528, 42.882527000000238 ], [ -78.885353000051524, 42.882543000000219 ], [ -78.884898000051493, 42.882729000000239 ], [ -78.885002000051486, 42.882883000000241 ], [ -78.88564800005156, 42.882721000000245 ], [ -78.886144000051601, 42.88283500000022 ], [ -78.88668200005165, 42.882483000000249 ], [ -78.886883000051668, 42.88248500000023 ], [ -78.886989000051685, 42.882559000000199 ], [ -78.88710500005169, 42.882640000000237 ], [ -78.887080000051668, 42.882783000000231 ], [ -78.886931000051661, 42.882913000000251 ], [ -78.886361000051593, 42.883414000000236 ], [ -78.886982000051674, 42.883792000000263 ], [ -78.887822000051742, 42.883085000000229 ], [ -78.888113000051774, 42.88305500000024 ], [ -78.888207000051764, 42.883128000000262 ], [ -78.888342000051807, 42.88323200000022 ], [ -78.888355000051803, 42.883381000000256 ], [ -78.88754500005173, 42.884099000000255 ], [ -78.887715000051742, 42.884221000000231 ], [ -78.888095000051763, 42.884224000000223 ], [ -78.888637000051844, 42.884700000000237 ], [ -78.890267000051949, 42.886131000000248 ], [ -78.889967000051939, 42.886255000000247 ], [ -78.889928000051924, 42.88632600000021 ], [ -78.889520000051888, 42.886701000000251 ], [ -78.889983000051913, 42.887123000000265 ], [ -78.890277000051981, 42.886922000000247 ], [ -78.890551000052, 42.887111000000218 ], [ -78.890211000051949, 42.887341000000255 ], [ -78.890658000051999, 42.88773600000021 ], [ -78.892298000052136, 42.887964000000238 ], [ -78.893119000052224, 42.888656000000246 ], [ -78.895303000052394, 42.890494000000245 ], [ -78.895851000052446, 42.89092500000023 ], [ -78.897734000052608, 42.892214000000237 ], [ -78.898923000052747, 42.893057000000255 ], [ -78.900259000052856, 42.89399400000022 ], [ -78.900540000052899, 42.89416700000023 ], [ -78.900717000052893, 42.894349000000219 ], [ -78.900775000052889, 42.894443000000216 ], [ -78.901814000052994, 42.896351000000223 ], [ -78.901880000053026, 42.896473000000242 ], [ -78.901584000052964, 42.896516000000226 ], [ -78.900836000052905, 42.896903000000229 ], [ -78.900288000052839, 42.897204000000229 ], [ -78.89957400005278, 42.897567000000222 ], [ -78.899156000052741, 42.897776000000214 ], [ -78.898888000052693, 42.897910000000238 ], [ -78.898651000052681, 42.898029000000236 ], [ -78.898349000052647, 42.89818200000024 ], [ -78.896733000052521, 42.896627000000272 ], [ -78.893479000052238, 42.893494000000203 ], [ -78.891707000052051, 42.891744000000266 ], [ -78.889132000051845, 42.889156000000213 ], [ -78.885553000051516, 42.88556100000023 ], [ -78.885593000051543, 42.885485000000216 ], [ -78.885662000051539, 42.885353000000229 ], [ -78.885830000051556, 42.885537000000248 ], [ -78.885912000051562, 42.8856180000002 ], [ -78.886012000051565, 42.885695000000204 ], [ -78.886305000051593, 42.885860000000235 ], [ -78.886465000051615, 42.885956000000249 ], [ -78.886495000051596, 42.885984000000228 ], [ -78.886556000051613, 42.886113000000229 ], [ -78.88662800005163, 42.886297000000226 ], [ -78.886700000051647, 42.886409000000242 ], [ -78.886802000051645, 42.886513000000242 ], [ -78.886865000051642, 42.886568000000224 ], [ -78.887050000051644, 42.886687000000222 ], [ -78.887115000051665, 42.886712000000244 ], [ -78.887245000051649, 42.886751000000231 ], [ -78.887285000051691, 42.886772000000242 ], [ -78.887365000051702, 42.88682400000021 ], [ -78.88748000005171, 42.886925000000232 ], [ -78.887547000051683, 42.887058000000216 ], [ -78.887622000051707, 42.88716800000023 ], [ -78.887672000051708, 42.88721600000023 ], [ -78.88770500005171, 42.887239000000243 ], [ -78.887755000051726, 42.88724900000021 ], [ -78.887810000051729, 42.88724400000023 ], [ -78.887876000051733, 42.887216000000222 ], [ -78.888027000051736, 42.88714200000021 ], [ -78.888072000051736, 42.887113000000234 ], [ -78.888107000051775, 42.887112000000243 ], [ -78.888146000051762, 42.887073000000235 ], [ -78.888215000051773, 42.887024000000224 ], [ -78.888650000051811, 42.886806000000249 ], [ -78.88858300005181, 42.88652600000021 ], [ -78.888543000051811, 42.886409000000242 ], [ -78.8885080000518, 42.886348000000247 ], [ -78.888448000051795, 42.886285000000228 ], [ -78.8884180000518, 42.886265000000215 ], [ -78.888380000051782, 42.886241000000226 ], [ -78.888300000051771, 42.886206000000222 ], [ -78.887888000051746, 42.886080000000213 ], [ -78.887819000051721, 42.886055000000241 ], [ -78.887767000051738, 42.886030000000247 ], [ -78.887604000051724, 42.885867000000218 ], [ -78.887027000051674, 42.885312000000255 ], [ -78.886944000051656, 42.885257000000266 ], [ -78.886734000051646, 42.885139000000244 ], [ -78.886818000051647, 42.884954000000242 ], [ -78.887049000051661, 42.884470000000263 ], [ -78.887088000051676, 42.884256000000235 ], [ -78.886952000051664, 42.884157000000272 ], [ -78.886243000051564, 42.883665000000192 ], [ -78.886008000051589, 42.883501000000244 ], [ -78.885685000051566, 42.883276000000222 ], [ -78.885308000051509, 42.883104000000237 ], [ -78.885154000051514, 42.883063000000249 ], [ -78.884795000051469, 42.882967000000235 ], [ -78.884743000051472, 42.88268300000022 ], [ -78.884678000051466, 42.882554000000219 ], [ -78.884354000051459, 42.882256000000218 ], [ -78.884249000051426, 42.882159000000236 ], [ -78.884368000051452, 42.882113000000231 ], [ -78.884358000051449, 42.882011000000226 ], [ -78.884168000051432, 42.881990000000215 ], [ -78.884094000051419, 42.882017000000239 ], [ -78.883912000051396, 42.881958000000239 ], [ -78.883714000051384, 42.88198800000022 ], [ -78.883461000051341, 42.882139000000222 ], [ -78.883053000051305, 42.882377000000226 ], [ -78.883036000051305, 42.882390000000214 ], [ -78.883005000051298, 42.882510000000238 ], [ -78.88196500005121, 42.881565000000201 ], [ -78.883121000051318, 42.880892000000223 ], [ -78.883367000051351, 42.880745000000225 ], [ -78.883758000051387, 42.880514000000247 ], [ -78.884234000051407, 42.880291000000199 ] ] ] } },
{ "type": "Feature", "properties": { "ed_key": "Buffalo SOU 0", "nbhdname": "Hopkins-Tifft", "nbhdnum": 34.0 }, "geometry": { "type": "Polygon", "coordinates": [ [ [ -78.825141000046457, 42.832066000000196 ], [ -78.823933000046353, 42.831294000000184 ], [ -78.823931000046358, 42.831226000000193 ], [ -78.823938000046354, 42.830743000000211 ], [ -78.823942000046372, 42.830460000000222 ], [ -78.823960000046355, 42.829291000000183 ], [ -78.82397900004635, 42.828116000000186 ], [ -78.823992000046388, 42.827315000000212 ], [ -78.823999000046371, 42.826879000000197 ], [ -78.827244000046633, 42.826875000000186 ], [ -78.827877000046712, 42.826891000000195 ], [ -78.829649000046857, 42.826887000000198 ], [ -78.830410000046925, 42.826830000000186 ], [ -78.832887000047137, 42.826767000000196 ], [ -78.833029000047162, 42.826023000000191 ], [ -78.833756000047231, 42.826095000000201 ], [ -78.834134000047271, 42.826133000000176 ], [ -78.834328000047265, 42.826152000000235 ], [ -78.834425000047275, 42.826508000000167 ], [ -78.834597000047296, 42.827101000000219 ], [ -78.835126000047339, 42.828581000000227 ], [ -78.835310000047357, 42.829046000000176 ], [ -78.835495000047345, 42.829478000000243 ], [ -78.835740000047366, 42.83001400000019 ], [ -78.836337000047422, 42.83125000000021 ], [ -78.836646000047423, 42.831859000000229 ], [ -78.837058000047477, 42.831893000000179 ], [ -78.83759600004754, 42.831955000000193 ], [ -78.83808900004756, 42.831961000000206 ], [ -78.838114000047554, 42.831961000000184 ], [ -78.838828000047641, 42.831961000000213 ], [ -78.838953000047638, 42.831959000000182 ], [ -78.839684000047697, 42.83197300000019 ], [ -78.840122000047742, 42.831972000000214 ], [ -78.840561000047785, 42.831972000000178 ], [ -78.844598000048123, 42.832214000000242 ], [ -78.846958000048346, 42.832264000000222 ], [ -78.847147000048366, 42.832267000000201 ], [ -78.847395000048394, 42.832273000000193 ], [ -78.848270000048458, 42.832247000000187 ], [ -78.85011000004863, 42.832191000000201 ], [ -78.852519000048815, 42.832237000000205 ], [ -78.852546000048847, 42.832237000000212 ], [ -78.852957000048875, 42.832245000000192 ], [ -78.853129000048895, 42.83224700000023 ], [ -78.853768000048973, 42.832249000000175 ], [ -78.857295000049263, 42.83225800000023 ], [ -78.860229000049529, 42.832262000000213 ], [ -78.862283000049729, 42.832270000000193 ], [ -78.862217000049711, 42.832681000000193 ], [ -78.86191800004967, 42.833213000000228 ], [ -78.862022000049691, 42.833624000000185 ], [ -78.862174000049691, 42.834809000000206 ], [ -78.862260000049702, 42.8360920000002 ], [ -78.862943000049739, 42.837343000000246 ], [ -78.863935000049835, 42.838111000000225 ], [ -78.863101000049767, 42.838861000000222 ], [ -78.863008000049732, 42.838945000000209 ], [ -78.863094000049728, 42.839116000000232 ], [ -78.860531000049491, 42.839885000000216 ], [ -78.860312000049476, 42.839970000000214 ], [ -78.860145000049471, 42.840121000000195 ], [ -78.859940000049463, 42.840267000000217 ], [ -78.859778000049431, 42.840463000000192 ], [ -78.85965300004942, 42.840724000000236 ], [ -78.859603000049432, 42.840954000000188 ], [ -78.859656000049426, 42.841240000000205 ], [ -78.86011400004945, 42.842398000000209 ], [ -78.860381000049472, 42.843088000000186 ], [ -78.8609100000495, 42.844417000000234 ], [ -78.863847000049802, 42.843587000000213 ], [ -78.868215000050157, 42.849930000000207 ], [ -78.867153000050038, 42.850685000000219 ], [ -78.867078000050029, 42.850689000000216 ], [ -78.866982000050001, 42.850633000000208 ], [ -78.866946000050021, 42.850578000000226 ], [ -78.866940000050022, 42.850517000000217 ], [ -78.866986000050034, 42.85046900000021 ], [ -78.867046000050024, 42.850453000000208 ], [ -78.867121000050048, 42.850448000000213 ], [ -78.867873000050125, 42.849903000000218 ], [ -78.865578000049922, 42.846517000000212 ], [ -78.865476000049924, 42.846416000000211 ], [ -78.865409000049922, 42.846416000000225 ], [ -78.865296000049895, 42.84643100000023 ], [ -78.862367000049645, 42.847195000000205 ], [ -78.862276000049633, 42.847255000000224 ], [ -78.862229000049609, 42.847347000000219 ], [ -78.862220000049604, 42.847424000000196 ], [ -78.862270000049634, 42.847534000000216 ], [ -78.862334000049628, 42.847645000000227 ], [ -78.862538000049639, 42.847914000000209 ], [ -78.86371400004974, 42.850099000000242 ], [ -78.863779000049732, 42.850193000000218 ], [ -78.864103000049766, 42.850368000000209 ], [ -78.864244000049794, 42.85041900000023 ], [ -78.864370000049774, 42.850443000000212 ], [ -78.864480000049809, 42.850532000000207 ], [ -78.864780000049819, 42.850734000000223 ], [ -78.865007000049857, 42.851220000000197 ], [ -78.865185000049863, 42.851277000000245 ], [ -78.865190000049878, 42.851343000000199 ], [ -78.865167000049865, 42.851382000000235 ], [ -78.865143000049869, 42.851442000000219 ], [ -78.865264000049862, 42.851685000000202 ], [ -78.865405000049861, 42.851994000000211 ], [ -78.865370000049893, 42.852208000000225 ], [ -78.865336000049837, 42.852372000000173 ], [ -78.86542800004986, 42.852582000000197 ], [ -78.865778000049929, 42.852905000000213 ], [ -78.865904000049909, 42.852951000000218 ], [ -78.866016000049939, 42.852930000000207 ], [ -78.866262000049957, 42.852950000000206 ], [ -78.866305000049948, 42.85301700000025 ], [ -78.866392000049956, 42.853128000000211 ], [ -78.871764000050433, 42.851679000000239 ], [ -78.872031000050484, 42.85211300000023 ], [ -78.872197000050505, 42.852383000000209 ], [ -78.872287000050505, 42.852530000000215 ], [ -78.869883000050265, 42.853165000000196 ], [ -78.869401000050232, 42.853362000000239 ], [ -78.869223000050226, 42.853595000000212 ], [ -78.869514000050231, 42.854060000000203 ], [ -78.872748000050549, 42.853108000000205 ], [ -78.872815000050551, 42.853203000000214 ], [ -78.875073000050705, 42.856445000000214 ], [ -78.875366000050761, 42.856981000000189 ], [ -78.875616000050783, 42.857500000000229 ], [ -78.875708000050807, 42.857726000000241 ], [ -78.875790000050799, 42.858018000000229 ], [ -78.875831000050795, 42.858199000000241 ], [ -78.876076000050816, 42.858581000000207 ], [ -78.876110000050829, 42.858702000000207 ], [ -78.876123000050811, 42.858812000000214 ], [ -78.876121000050816, 42.858905000000227 ], [ -78.876097000050819, 42.85895500000025 ], [ -78.876078000050811, 42.858977000000209 ], [ -78.876051000050808, 42.859009000000221 ], [ -78.875938000050809, 42.859068000000242 ], [ -78.875185000050706, 42.859338000000228 ], [ -78.874719000050689, 42.859492000000202 ], [ -78.87438700005066, 42.859619000000194 ], [ -78.873982000050603, 42.859702000000226 ], [ -78.87364200005058, 42.859879000000205 ], [ -78.87345300005056, 42.859992000000226 ], [ -78.873689000050589, 42.860110000000233 ], [ -78.87377700005058, 42.860161000000232 ], [ -78.873835000050605, 42.860249000000231 ], [ -78.873714000050597, 42.860319000000217 ], [ -78.873813000050603, 42.860540000000228 ], [ -78.874015000050605, 42.860548000000193 ], [ -78.874219000050616, 42.860731000000214 ], [ -78.874329000050651, 42.860853000000205 ], [ -78.874486000050666, 42.861168000000212 ], [ -78.874537000050665, 42.861207000000206 ], [ -78.874596000050673, 42.861219000000219 ], [ -78.874642000050656, 42.861192000000237 ], [ -78.874711000050681, 42.86111600000023 ], [ -78.874819000050692, 42.860953000000194 ], [ -78.874907000050683, 42.860707000000218 ], [ -78.874924000050697, 42.860592000000231 ], [ -78.874904000050705, 42.860520000000236 ], [ -78.874868000050697, 42.860459000000233 ], [ -78.874854000050689, 42.860404000000237 ], [ -78.875270000050719, 42.8601740000002 ], [ -78.875714000050777, 42.860014000000206 ], [ -78.875986000050801, 42.859903000000202 ], [ -78.876211000050816, 42.859861000000222 ], [ -78.876382000050825, 42.859864000000229 ], [ -78.876516000050856, 42.859898000000214 ], [ -78.876569000050864, 42.859922000000211 ], [ -78.876656000050858, 42.859960000000214 ], [ -78.876810000050881, 42.860088000000225 ], [ -78.876933000050883, 42.860276000000233 ], [ -78.877363000050906, 42.861017000000203 ], [ -78.87757300005093, 42.861310000000238 ], [ -78.877651000050946, 42.861493000000266 ], [ -78.877677000050937, 42.86166800000025 ], [ -78.877919000050966, 42.862165000000218 ], [ -78.878316000051001, 42.862757000000251 ], [ -78.878738000051015, 42.86323500000023 ], [ -78.879290000051071, 42.863889000000249 ], [ -78.879604000051103, 42.864195000000223 ], [ -78.880429000051166, 42.865324000000221 ], [ -78.880859000051217, 42.865790000000231 ], [ -78.881349000051273, 42.866257000000232 ], [ -78.881643000051284, 42.86645300000022 ], [ -78.881995000051305, 42.86672100000019 ], [ -78.882228000051327, 42.866960000000212 ], [ -78.882365000051337, 42.867170000000229 ], [ -78.882497000051359, 42.867314000000221 ], [ -78.882555000051354, 42.867359000000214 ], [ -78.882645000051369, 42.867365000000213 ], [ -78.882680000051366, 42.867446000000214 ], [ -78.88271600005136, 42.867531000000241 ], [ -78.879258000051024, 42.868690000000242 ], [ -78.879995000051096, 42.869549000000234 ], [ -78.883659000051438, 42.86840400000019 ], [ -78.883780000051473, 42.86857000000024 ], [ -78.884006000051485, 42.868880000000232 ], [ -78.880427000051142, 42.870061000000256 ], [ -78.880865000051188, 42.870580000000245 ], [ -78.88113200005121, 42.870491000000236 ], [ -78.881487000051251, 42.87063300000024 ], [ -78.884387000051518, 42.869805000000234 ], [ -78.884621000051538, 42.869738000000233 ], [ -78.884716000051554, 42.869844000000221 ], [ -78.884802000051565, 42.869993000000221 ], [ -78.884792000051547, 42.870114000000214 ], [ -78.884744000051541, 42.870217000000203 ], [ -78.884630000051544, 42.870315000000225 ], [ -78.884307000051521, 42.87042000000023 ], [ -78.884007000051469, 42.870461000000248 ], [ -78.883624000051412, 42.870571000000211 ], [ -78.883488000051429, 42.870630000000219 ], [ -78.88345600005141, 42.870739000000199 ], [ -78.883474000051422, 42.870904000000237 ], [ -78.883566000051431, 42.87111900000022 ], [ -78.883752000051444, 42.871489000000224 ], [ -78.883823000051464, 42.871649000000211 ], [ -78.885273000051598, 42.870948000000247 ], [ -78.885475000051599, 42.870934000000211 ], [ -78.887364000051761, 42.873191000000219 ], [ -78.887927000051818, 42.873730000000258 ], [ -78.888542000051871, 42.874472000000246 ], [ -78.88903300005191, 42.875064000000236 ], [ -78.889152000051936, 42.875221000000217 ], [ -78.889270000051908, 42.87536100000024 ], [ -78.889410000051953, 42.875467000000256 ], [ -78.889476000051957, 42.875505000000217 ], [ -78.88958100005199, 42.875534000000229 ], [ -78.889736000051954, 42.875601000000238 ], [ -78.889885000052018, 42.875646000000238 ], [ -78.890018000051995, 42.875719000000231 ], [ -78.890233000052021, 42.875819000000263 ], [ -78.890299000052039, 42.875891000000259 ], [ -78.890350000052038, 42.875930000000231 ], [ -78.890387000052044, 42.875974000000241 ], [ -78.888462000051859, 42.876914000000191 ], [ -78.88811900005183, 42.876922000000235 ], [ -78.888077000051794, 42.877201000000248 ], [ -78.889240000051927, 42.877272000000239 ], [ -78.889312000051945, 42.876981000000228 ], [ -78.89010800005201, 42.876669000000227 ], [ -78.890452000052036, 42.877300000000218 ], [ -78.890578000052045, 42.877532000000244 ], [ -78.889750000051961, 42.877952000000221 ], [ -78.887238000051738, 42.877753000000219 ], [ -78.883939000051413, 42.877491000000248 ], [ -78.88359900005139, 42.877241000000247 ], [ -78.883999000051432, 42.876992000000229 ], [ -78.883852000051419, 42.876859000000216 ], [ -78.883317000051377, 42.877145000000233 ], [ -78.883243000051351, 42.877122000000227 ], [ -78.883177000051376, 42.877084000000245 ], [ -78.88307300005134, 42.876995000000235 ], [ -78.882838000051322, 42.87677300000022 ], [ -78.88269800005132, 42.876662000000238 ], [ -78.882617000051312, 42.876574000000232 ], [ -78.882545000051294, 42.876436000000233 ], [ -78.882450000051293, 42.876281000000226 ], [ -78.882415000051296, 42.876177000000226 ], [ -78.882379000051287, 42.87610500000023 ], [ -78.882340000051272, 42.876067000000219 ], [ -78.882276000051291, 42.876005000000248 ], [ -78.882049000051254, 42.875696000000197 ], [ -78.881853000051251, 42.875359000000223 ], [ -78.881631000051229, 42.875061000000251 ], [ -78.881048000051194, 42.874406000000235 ], [ -78.880701000051175, 42.873946000000217 ], [ -78.880438000051129, 42.873569000000231 ], [ -78.880361000051082, 42.873459000000189 ], [ -78.879948000051087, 42.872922000000258 ], [ -78.879594000051043, 42.872571000000207 ], [ -78.879466000051025, 42.872444000000201 ], [ -78.879130000051006, 42.872035000000224 ], [ -78.879031000050986, 42.871914000000238 ], [ -78.87899000005099, 42.871864000000208 ], [ -78.878955000051008, 42.871821000000189 ], [ -78.878915000050995, 42.871771000000223 ], [ -78.878903000050983, 42.871756000000239 ], [ -78.878834000050972, 42.871671000000234 ], [ -78.878805000050974, 42.871634000000249 ], [ -78.878515000050939, 42.871309000000217 ], [ -78.878391000050939, 42.87116800000021 ], [ -78.878212000050965, 42.870951000000225 ], [ -78.877918000050897, 42.870597000000203 ], [ -78.877675000050886, 42.870452000000213 ], [ -78.877399000050843, 42.87011800000024 ], [ -78.877121000050849, 42.869782000000235 ], [ -78.87702900005084, 42.869670000000241 ], [ -78.877060000050832, 42.869643000000238 ], [ -78.875907000050759, 42.86845400000022 ], [ -78.875237000050674, 42.867738000000237 ], [ -78.875062000050661, 42.867571000000211 ], [ -78.874756000050638, 42.867249000000207 ], [ -78.874485000050626, 42.867015000000244 ], [ -78.874082000050564, 42.866681000000192 ], [ -78.873863000050576, 42.866486000000222 ], [ -78.871859000050407, 42.86337700000022 ], [ -78.869060000050169, 42.858898000000266 ], [ -78.868598000050142, 42.858222000000211 ], [ -78.86783500005005, 42.857340000000214 ], [ -78.867279000050019, 42.856818000000203 ], [ -78.86700900004999, 42.856578000000219 ], [ -78.866899000049997, 42.856473000000243 ], [ -78.866642000049964, 42.856316000000213 ], [ -78.866495000049966, 42.856210000000239 ], [ -78.86628400004993, 42.85599300000024 ], [ -78.866137000049918, 42.8558650000002 ], [ -78.866041000049904, 42.855825000000209 ], [ -78.865973000049891, 42.855852000000212 ], [ -78.865950000049907, 42.855885000000235 ], [ -78.866388000049938, 42.856329000000201 ], [ -78.866897000049988, 42.856895000000208 ], [ -78.867310000050026, 42.857411000000205 ], [ -78.86795500005006, 42.85824200000021 ], [ -78.868379000050126, 42.858977000000252 ], [ -78.868888000050134, 42.859845000000234 ], [ -78.869560000050214, 42.86082400000025 ], [ -78.869818000050245, 42.861261000000205 ], [ -78.870335000050275, 42.862173000000212 ], [ -78.870635000050271, 42.862726000000229 ], [ -78.871358000050364, 42.863761000000224 ], [ -78.871540000050373, 42.863966000000239 ], [ -78.873891000050548, 42.867502000000208 ], [ -78.873846000050548, 42.867540000000218 ], [ -78.87393700005056, 42.867777000000231 ], [ -78.874091000050598, 42.867910000000229 ], [ -78.874320000050602, 42.868023000000235 ], [ -78.874432000050589, 42.868013000000204 ], [ -78.876314000050755, 42.870038000000235 ], [ -78.876362000050761, 42.870090000000232 ], [ -78.876511000050769, 42.870097000000229 ], [ -78.876718000050815, 42.870336000000229 ], [ -78.878352000050953, 42.872233000000236 ], [ -78.878403000050952, 42.872293000000241 ], [ -78.878509000050954, 42.872416000000236 ], [ -78.878670000050946, 42.872706000000235 ], [ -78.878690000050938, 42.872734000000214 ], [ -78.878778000050971, 42.872857000000238 ], [ -78.87883100005098, 42.872930000000217 ], [ -78.878871000050992, 42.872985000000241 ], [ -78.878956000050977, 42.873103000000242 ], [ -78.879098000051002, 42.873307000000203 ], [ -78.879267000051016, 42.873563000000217 ], [ -78.87963200005106, 42.873975000000229 ], [ -78.879687000051049, 42.874115000000202 ], [ -78.87967400005104, 42.874204000000233 ], [ -78.879593000051045, 42.874268000000242 ], [ -78.879458000051045, 42.874349000000223 ], [ -78.879311000051018, 42.874365000000218 ], [ -78.879211000051015, 42.874356000000219 ], [ -78.879096000051007, 42.874323000000238 ], [ -78.879006000051007, 42.874268000000242 ], [ -78.87889500005096, 42.874166000000216 ], [ -78.878594000050938, 42.873853000000224 ], [ -78.878397000050953, 42.874469000000225 ], [ -78.878355000050917, 42.874447000000224 ], [ -78.87830700005091, 42.874406000000221 ], [ -78.8782490000509, 42.874334000000218 ], [ -78.878222000050911, 42.874300000000225 ], [ -78.878008000050883, 42.874030000000218 ], [ -78.877849000050887, 42.873831000000195 ], [ -78.87784200005089, 42.87382200000021 ], [ -78.874004000050533, 42.872140000000208 ], [ -78.872812000050445, 42.871591000000244 ], [ -78.873225000050482, 42.871455000000225 ], [ -78.873085000050466, 42.87124400000021 ], [ -78.872950000050466, 42.871040000000242 ], [ -78.87309300005046, 42.870993000000233 ], [ -78.873021000050443, 42.870909000000218 ], [ -78.872784000050444, 42.870824000000219 ], [ -78.872576000050401, 42.870789000000215 ], [ -78.872397000050398, 42.870754000000183 ], [ -78.872133000050383, 42.870553000000235 ], [ -78.871346000050323, 42.869720000000221 ], [ -78.87109300005028, 42.869371000000214 ], [ -78.870920000050276, 42.869116000000211 ], [ -78.870610000050249, 42.868641000000224 ], [ -78.870905000050286, 42.868452000000232 ], [ -78.870814000050274, 42.868182000000225 ], [ -78.870511000050243, 42.868058000000218 ], [ -78.870297000050229, 42.867298000000218 ], [ -78.870174000050227, 42.867148000000249 ], [ -78.870083000050201, 42.867191000000226 ], [ -78.870001000050209, 42.867195000000244 ], [ -78.869935000050177, 42.867172000000231 ], [ -78.869884000050206, 42.867079000000246 ], [ -78.869424000050159, 42.866019000000207 ], [ -78.869417000050149, 42.865245000000208 ], [ -78.869416000050165, 42.865092000000189 ], [ -78.869227000050159, 42.86485900000023 ], [ -78.869235000050139, 42.862428000000207 ], [ -78.86891800005013, 42.861921000000216 ], [ -78.867836000050033, 42.861450000000204 ], [ -78.867445000049983, 42.861433000000204 ], [ -78.867386000050004, 42.861423000000237 ], [ -78.867329000049992, 42.861428000000203 ], [ -78.866799000049966, 42.861404000000242 ], [ -78.863698000049638, 42.863122000000203 ], [ -78.862430000049557, 42.863380000000191 ], [ -78.86124900004944, 42.863146000000235 ], [ -78.86182600004949, 42.861759000000205 ], [ -78.862155000049512, 42.861094000000215 ], [ -78.862966000049624, 42.859639000000207 ], [ -78.863043000049629, 42.859519000000219 ], [ -78.863055000049613, 42.859360000000201 ], [ -78.863013000049605, 42.859211000000236 ], [ -78.862927000049609, 42.859051000000207 ], [ -78.862803000049581, 42.858934000000204 ], [ -78.862737000049592, 42.858884000000224 ], [ -78.862648000049589, 42.858872000000204 ], [ -78.861888000049532, 42.856267000000202 ], [ -78.86195600004956, 42.856229000000205 ], [ -78.861973000049545, 42.856125000000219 ], [ -78.861909000049522, 42.855987000000191 ], [ -78.861786000049534, 42.85582100000024 ], [ -78.86152300004953, 42.855571000000225 ], [ -78.861194000049451, 42.855309000000197 ], [ -78.860914000049462, 42.85513500000021 ], [ -78.860506000049398, 42.855015000000215 ], [ -78.860120000049378, 42.854933000000223 ], [ -78.85975600004933, 42.85487900000021 ], [ -78.859435000049302, 42.854870000000211 ], [ -78.859105000049283, 42.85491500000019 ], [ -78.858849000049275, 42.85502200000019 ], [ -78.858343000049217, 42.855257000000201 ], [ -78.856189000049014, 42.856091000000191 ], [ -78.854663000048902, 42.856209000000227 ], [ -78.853977000048829, 42.856178000000199 ], [ -78.853864000048802, 42.856226000000206 ], [ -78.852966000048724, 42.856308000000212 ], [ -78.852764000048708, 42.85636000000023 ], [ -78.851343000048573, 42.857083000000237 ], [ -78.851251000048592, 42.857203000000212 ], [ -78.851202000048559, 42.857361000000203 ], [ -78.851191000048559, 42.857509000000213 ], [ -78.851218000048561, 42.857641000000235 ], [ -78.851312000048566, 42.857752000000204 ], [ -78.851688000048625, 42.857960000000212 ], [ -78.851843000048618, 42.858066000000221 ], [ -78.851909000048636, 42.858116000000223 ], [ -78.852359000048665, 42.858314000000227 ], [ -78.852663000048722, 42.858406000000208 ], [ -78.852849000048707, 42.858436000000218 ], [ -78.85328600004874, 42.858567000000228 ], [ -78.853500000048768, 42.858685000000236 ], [ -78.854847000048906, 42.859185000000203 ], [ -78.85602800004898, 42.861017000000217 ], [ -78.855939000048991, 42.86122300000023 ], [ -78.85588400004896, 42.861305000000215 ], [ -78.855658000048948, 42.861682000000215 ], [ -78.855559000048942, 42.86179600000019 ], [ -78.855482000048923, 42.861877000000213 ], [ -78.855278000048912, 42.862028000000215 ], [ -78.854964000048867, 42.862235000000197 ], [ -78.854540000048814, 42.8623210000002 ], [ -78.854076000048792, 42.862353000000205 ], [ -78.853915000048772, 42.862318000000187 ], [ -78.853767000048776, 42.862309000000216 ], [ -78.853646000048741, 42.862285000000206 ], [ -78.853543000048759, 42.862269000000197 ], [ -78.853313000048729, 42.862327000000192 ], [ -78.85306900004872, 42.862389000000213 ], [ -78.852822000048675, 42.862430000000202 ], [ -78.852037000048625, 42.862464000000202 ], [ -78.851650000048565, 42.862432000000204 ], [ -78.851293000048543, 42.862367000000177 ], [ -78.851011000048501, 42.862286000000204 ], [ -78.850812000048521, 42.862191000000188 ], [ -78.850680000048499, 42.86210100000018 ], [ -78.850455000048456, 42.861835000000234 ], [ -78.850136000048451, 42.86141400000021 ], [ -78.849372000048405, 42.860246000000188 ], [ -78.849032000048354, 42.859794000000186 ], [ -78.848784000048354, 42.859464000000209 ], [ -78.847925000048292, 42.858324000000216 ], [ -78.84751800004824, 42.857841000000221 ], [ -78.847175000048182, 42.857502000000189 ], [ -78.846846000048188, 42.857235000000216 ], [ -78.846249000048118, 42.856898000000207 ], [ -78.844041000047952, 42.856200000000207 ], [ -78.843839000047907, 42.856203000000221 ], [ -78.843637000047892, 42.856223000000227 ], [ -78.843524000047893, 42.856270000000194 ], [ -78.843456000047894, 42.856313000000227 ], [ -78.843495000047909, 42.856550000000205 ], [ -78.844111000047931, 42.859241000000182 ], [ -78.84425400004794, 42.859484000000222 ], [ -78.844414000047948, 42.859689000000238 ], [ -78.84463200004798, 42.859939000000182 ], [ -78.844790000047993, 42.860194000000227 ], [ -78.844859000048004, 42.860419000000199 ], [ -78.844907000048011, 42.860596000000193 ], [ -78.844917000047985, 42.860810000000193 ], [ -78.844855000048, 42.860919000000223 ], [ -78.84467700004798, 42.861191000000218 ], [ -78.844633000047949, 42.861252000000221 ], [ -78.844553000047966, 42.861365000000205 ], [ -78.844431000047919, 42.861484000000196 ], [ -78.844210000047937, 42.861651000000244 ], [ -78.843839000047907, 42.861877000000206 ], [ -78.843310000047836, 42.862156000000198 ], [ -78.842720000047777, 42.862461000000224 ], [ -78.842288000047759, 42.862723000000187 ], [ -78.84191500004772, 42.862447000000216 ], [ -78.840647000047639, 42.86158200000019 ], [ -78.838925000047482, 42.860393000000194 ], [ -78.838661000047452, 42.860216000000214 ], [ -78.837818000047363, 42.859930000000247 ], [ -78.83723300004732, 42.859726000000208 ], [ -78.835841000047211, 42.859269000000204 ], [ -78.835429000047171, 42.859146000000194 ], [ -78.835040000047158, 42.859019000000217 ], [ -78.834836000047105, 42.85895200000023 ], [ -78.834791000047119, 42.858938000000222 ], [ -78.835368000047154, 42.85851500000021 ], [ -78.835801000047212, 42.858185000000177 ], [ -78.836645000047312, 42.85754300000022 ], [ -78.837262000047346, 42.857061000000201 ], [ -78.837245000047361, 42.856875000000208 ], [ -78.837253000047369, 42.856856000000221 ], [ -78.83727400004733, 42.856139000000191 ], [ -78.837273000047347, 42.856103000000203 ], [ -78.837270000047369, 42.85539400000021 ], [ -78.837271000047352, 42.855311000000228 ], [ -78.837280000047357, 42.854484000000191 ], [ -78.837285000047359, 42.853666000000196 ], [ -78.837286000047371, 42.853347000000213 ], [ -78.837285000047373, 42.852838000000212 ], [ -78.837285000047402, 42.8504900000002 ], [ -78.837256000047375, 42.850022000000209 ], [ -78.83725400004738, 42.849558000000208 ], [ -78.837252000047414, 42.848400000000204 ], [ -78.837258000047399, 42.84799400000022 ], [ -78.8372630000474, 42.84758500000023 ], [ -78.83725900004741, 42.846980000000222 ], [ -78.836723000047385, 42.847072000000196 ], [ -78.834930000047208, 42.84705200000019 ], [ -78.832314000046964, 42.847023000000185 ], [ -78.832324000046967, 42.845978000000201 ], [ -78.832333000047015, 42.845037000000183 ], [ -78.832343000047004, 42.844221000000189 ], [ -78.832354000047005, 42.843437000000193 ], [ -78.832365000047005, 42.842623000000216 ], [ -78.832373000046999, 42.842035000000209 ], [ -78.832377000046989, 42.841793000000223 ], [ -78.832390000047013, 42.840983000000222 ], [ -78.832396000047041, 42.840478000000196 ], [ -78.832401000047042, 42.840164000000172 ], [ -78.832425000047039, 42.838733000000197 ], [ -78.832345000047042, 42.838731000000216 ], [ -78.832476000047023, 42.838040000000206 ], [ -78.832441000047055, 42.836727000000202 ], [ -78.829750000046829, 42.835008000000201 ], [ -78.825141000046457, 42.832066000000196 ] ] ] } }
]
}
