year,election_type,district,ward,ed_num,ed_label,shapefile_key,Julie Propis Penman,Marc A. Coppola,"Blank, Void & Scattering",TOTAL,Brian C. Davis,David A. Franczyk,Anthony Pendergrass,Patsy J. Bevelock Jr.,Richard A. Fontana,Ricky T. Donovan Sr.,Antoine M. Thompson,Dominic J. Bonifacio Jr.,Dominic J. Bonifacio Jr. Consevative,Joseph Golombek Jr.,Genevieve M. Kenyon,James D. Griffin,Mary M. Martino,Bonnie E. Russell,Donald Turk Barnes,Charley H. Fisher III,Ronald H. Fleming,Clarence D. Dent,Robert M. Okoniewski,Louis D. Turchiarelli,Betty Jean Grant,Michael J. LoCurto,Bryon J. McIntyre,Demone A. Smith,David A. Rivera,Sergio R. Rodriguez,Peter J. Savage III,Sergio R. Rodriguez Taxpayers First,Eric M. Jones,Joseph Golombek Jr,Michael P. Kearns,Jessica Maglietto,Samuel A. Herbert,Melissa R. H. Brown,Terrence A. Robinson,Dwayne A. Ferguson,Darius G. Pridgen,Richard A .Fontana,DeMario J. Badger,Kenneth J. Phillips,Pamela D. Cahill,Rochelle A. Ricchiazzi,Joel Feroleto,Peter A. Rouff,Terrance L. Heard 1 Ellicott,David P. Howard,Ulysees O. Wingo Sr,Michael A. Woolford,Yvette Suarez,Charley Tarr,Christopher P. Scanlon,Rasheed N.C. Wyatt,David A Franczyk,Samuel A Herbert,Joseph A Mascia,David Howard,Lamone Gibson,Ulysees O Wingo Sr,Sharon M Belton-Cottman,"Blank, Void, & Scattering",Mitch Nowakowski,Raymond Brinson,Mohammed Jahangir Alam United Fillmore District,David P. Howard Choice,Sam Herbert,Bryan J. Bollman,Antionette T. Craig Lovejoy United 5,Ulysees O. Wingo,Veronica Golden,Nate Boyd,Mark T. Supples,Rasheed N. Wyatt,Dorethea Franklin,Gerhardt J. Yaskow,Tina Sanders,Pharoah V. Paige,Total,Esther Smothers,Nathan L. Boyd,Jennifer L. Strickland,Kathryn E. A. Franco,Joel P. Feroleto,Blank,Void,Scattering,Leah M. Halton Pope,Leah M. Halton-Pope,Michael Chapman Community 1,Mitchell P. Nowakowski,David K. McElroy,Zeneta B. Everhart,Murray Holman,Gina R. Davis,Kathryn E.A. Franco,Emin Eddie Egriu,Matt Dearing,Cedric Holloway,Mohammed N. Uddin,India B. Walton,Eve Shippens,Kathryn E A Franco
2003,general,delaware,DEL,1,1st District ……………,Buffalo DEL 1,77.0,158.0,31.0,266.0,,,,,,,,,,,,,,,,,,,,,,,,,,,,,,,,,,,,,,,,,,,,,,,,,,,,,,,,,,,,,,,,,,,,,,,,,,,,,,,,,,,,,,,,,,,,,,,,,,,,,
2003,general,delaware,DEL,2,2nd District ……………,Buffalo DEL 2,62.0,266.0,30.0,358.0,,,,,,,,,,,,,,,,,,,,,,,,,,,,,,,,,,,,,,,,,,,,,,,,,,,,,,,,,,,,,,,,,,,,,,,,,,,,,,,,,,,,,,,,,,,,,,,,,,,,,
2003,general,delaware,DEL,3,3rd District ……………,Buffalo DEL 3,44.0,141.0,27.0,212.0,,,,,,,,,,,,,,,,,,,,,,,,,,,,,,,,,,,,,,,,,,,,,,,,,,,,,,,,,,,,,,,,,,,,,,,,,,,,,,,,,,,,,,,,,,,,,,,,,,,,,
2003,general,delaware,DEL,4,4th District ……………,Buffalo DEL 4,74.0,214.0,21.0,309.0,,,,,,,,,,,,,,,,,,,,,,,,,,,,,,,,,,,,,,,,,,,,,,,,,,,,,,,,,,,,,,,,,,,,,,,,,,,,,,,,,,,,,,,,,,,,,,,,,,,,,
2003,general,delaware,DEL,5,5th District ……………,Buffalo DEL 5,109.0,88.0,13.0,210.0,,,,,,,,,,,,,,,,,,,,,,,,,,,,,,,,,,,,,,,,,,,,,,,,,,,,,,,,,,,,,,,,,,,,,,,,,,,,,,,,,,,,,,,,,,,,,,,,,,,,,
2003,general,delaware,DEL,6,6th District ……………,Buffalo DEL 6,71.0,262.0,18.0,351.0,,,,,,,,,,,,,,,,,,,,,,,,,,,,,,,,,,,,,,,,,,,,,,,,,,,,,,,,,,,,,,,,,,,,,,,,,,,,,,,,,,,,,,,,,,,,,,,,,,,,,
2003,general,delaware,DEL,7,7th District ……………,Buffalo DEL 7,65.0,129.0,17.0,211.0,,,,,,,,,,,,,,,,,,,,,,,,,,,,,,,,,,,,,,,,,,,,,,,,,,,,,,,,,,,,,,,,,,,,,,,,,,,,,,,,,,,,,,,,,,,,,,,,,,,,,
2003,general,delaware,DEL,8,8th District ……………,Buffalo DEL 8,162.0,192.0,22.0,376.0,,,,,,,,,,,,,,,,,,,,,,,,,,,,,,,,,,,,,,,,,,,,,,,,,,,,,,,,,,,,,,,,,,,,,,,,,,,,,,,,,,,,,,,,,,,,,,,,,,,,,
2003,general,delaware,DEL,9,9th District ……………,Buffalo DEL 9,94.0,126.0,18.0,238.0,,,,,,,,,,,,,,,,,,,,,,,,,,,,,,,,,,,,,,,,,,,,,,,,,,,,,,,,,,,,,,,,,,,,,,,,,,,,,,,,,,,,,,,,,,,,,,,,,,,,,
2003,general,delaware,DEL,10,10th District ……………,Buffalo DEL 10,65.0,184.0,19.0,268.0,,,,,,,,,,,,,,,,,,,,,,,,,,,,,,,,,,,,,,,,,,,,,,,,,,,,,,,,,,,,,,,,,,,,,,,,,,,,,,,,,,,,,,,,,,,,,,,,,,,,,
2003,general,delaware,DEL,11,11th District ……………,Buffalo DEL 11,13.0,22.0,6.0,41.0,,,,,,,,,,,,,,,,,,,,,,,,,,,,,,,,,,,,,,,,,,,,,,,,,,,,,,,,,,,,,,,,,,,,,,,,,,,,,,,,,,,,,,,,,,,,,,,,,,,,,
2003,general,delaware,DEL,12,12th District ……………,Buffalo DEL 12,96.0,229.0,37.0,362.0,,,,,,,,,,,,,,,,,,,,,,,,,,,,,,,,,,,,,,,,,,,,,,,,,,,,,,,,,,,,,,,,,,,,,,,,,,,,,,,,,,,,,,,,,,,,,,,,,,,,,
2003,general,delaware,DEL,13,13th District ……………,Buffalo DEL 13,39.0,138.0,19.0,196.0,,,,,,,,,,,,,,,,,,,,,,,,,,,,,,,,,,,,,,,,,,,,,,,,,,,,,,,,,,,,,,,,,,,,,,,,,,,,,,,,,,,,,,,,,,,,,,,,,,,,,
2003,general,delaware,DEL,14,14th District ……………,Buffalo DEL 14,22.0,62.0,13.0,97.0,,,,,,,,,,,,,,,,,,,,,,,,,,,,,,,,,,,,,,,,,,,,,,,,,,,,,,,,,,,,,,,,,,,,,,,,,,,,,,,,,,,,,,,,,,,,,,,,,,,,,
2003,general,delaware,DEL,15,15th District ……………,Buffalo DEL 15,87.0,204.0,33.0,324.0,,,,,,,,,,,,,,,,,,,,,,,,,,,,,,,,,,,,,,,,,,,,,,,,,,,,,,,,,,,,,,,,,,,,,,,,,,,,,,,,,,,,,,,,,,,,,,,,,,,,,
2003,general,delaware,DEL,16,16th District ……………,Buffalo DEL 16,53.0,140.0,16.0,209.0,,,,,,,,,,,,,,,,,,,,,,,,,,,,,,,,,,,,,,,,,,,,,,,,,,,,,,,,,,,,,,,,,,,,,,,,,,,,,,,,,,,,,,,,,,,,,,,,,,,,,
2003,general,delaware,DEL,17,17th District ……………,Buffalo DEL 17,33.0,72.0,11.0,116.0,,,,,,,,,,,,,,,,,,,,,,,,,,,,,,,,,,,,,,,,,,,,,,,,,,,,,,,,,,,,,,,,,,,,,,,,,,,,,,,,,,,,,,,,,,,,,,,,,,,,,
2003,general,delaware,DEL,18,18th District ……………,Buffalo DEL 18,18.0,67.0,39.0,124.0,,,,,,,,,,,,,,,,,,,,,,,,,,,,,,,,,,,,,,,,,,,,,,,,,,,,,,,,,,,,,,,,,,,,,,,,,,,,,,,,,,,,,,,,,,,,,,,,,,,,,
2003,general,delaware,DEL,19,19th District ……………,Buffalo DEL 19,185.0,218.0,17.0,420.0,,,,,,,,,,,,,,,,,,,,,,,,,,,,,,,,,,,,,,,,,,,,,,,,,,,,,,,,,,,,,,,,,,,,,,,,,,,,,,,,,,,,,,,,,,,,,,,,,,,,,
2003,general,delaware,DEL,20,20th District ……………,Buffalo DEL 20,53.0,169.0,17.0,239.0,,,,,,,,,,,,,,,,,,,,,,,,,,,,,,,,,,,,,,,,,,,,,,,,,,,,,,,,,,,,,,,,,,,,,,,,,,,,,,,,,,,,,,,,,,,,,,,,,,,,,
2003,general,delaware,DEL,21,21st District ……………,Buffalo DEL 21,43.0,191.0,16.0,250.0,,,,,,,,,,,,,,,,,,,,,,,,,,,,,,,,,,,,,,,,,,,,,,,,,,,,,,,,,,,,,,,,,,,,,,,,,,,,,,,,,,,,,,,,,,,,,,,,,,,,,
2003,general,delaware,DEL,22,22nd District ……………,Buffalo DEL 22,61.0,129.0,12.0,202.0,,,,,,,,,,,,,,,,,,,,,,,,,,,,,,,,,,,,,,,,,,,,,,,,,,,,,,,,,,,,,,,,,,,,,,,,,,,,,,,,,,,,,,,,,,,,,,,,,,,,,
2003,general,delaware,DEL,23,23rd District ……………,Buffalo DEL 23,40.0,155.0,17.0,212.0,,,,,,,,,,,,,,,,,,,,,,,,,,,,,,,,,,,,,,,,,,,,,,,,,,,,,,,,,,,,,,,,,,,,,,,,,,,,,,,,,,,,,,,,,,,,,,,,,,,,,
2003,general,delaware,DEL,24,24th District ……………,Buffalo DEL 24,66.0,196.0,22.0,284.0,,,,,,,,,,,,,,,,,,,,,,,,,,,,,,,,,,,,,,,,,,,,,,,,,,,,,,,,,,,,,,,,,,,,,,,,,,,,,,,,,,,,,,,,,,,,,,,,,,,,,
2003,general,delaware,DEL,25,25th District ……………,Buffalo DEL 25,67.0,170.0,18.0,255.0,,,,,,,,,,,,,,,,,,,,,,,,,,,,,,,,,,,,,,,,,,,,,,,,,,,,,,,,,,,,,,,,,,,,,,,,,,,,,,,,,,,,,,,,,,,,,,,,,,,,,
2003,general,delaware,DEL,26,26th District ……………,Buffalo DEL 26,101.0,291.0,36.0,428.0,,,,,,,,,,,,,,,,,,,,,,,,,,,,,,,,,,,,,,,,,,,,,,,,,,,,,,,,,,,,,,,,,,,,,,,,,,,,,,,,,,,,,,,,,,,,,,,,,,,,,
2003,general,delaware,DEL,27,27th District ……………,Buffalo DEL 27,80.0,215.0,34.0,329.0,,,,,,,,,,,,,,,,,,,,,,,,,,,,,,,,,,,,,,,,,,,,,,,,,,,,,,,,,,,,,,,,,,,,,,,,,,,,,,,,,,,,,,,,,,,,,,,,,,,,,
2003,general,delaware,DEL,28,28th District ……………,Buffalo DEL 28,54.0,64.0,18.0,136.0,,,,,,,,,,,,,,,,,,,,,,,,,,,,,,,,,,,,,,,,,,,,,,,,,,,,,,,,,,,,,,,,,,,,,,,,,,,,,,,,,,,,,,,,,,,,,,,,,,,,,
2003,general,delaware,DEL,29,29th District ……………,Buffalo DEL 29,95.0,183.0,22.0,300.0,,,,,,,,,,,,,,,,,,,,,,,,,,,,,,,,,,,,,,,,,,,,,,,,,,,,,,,,,,,,,,,,,,,,,,,,,,,,,,,,,,,,,,,,,,,,,,,,,,,,,
2003,general,delaware,DEL,30,30th District ……………,Buffalo DEL 30,163.0,197.0,19.0,379.0,,,,,,,,,,,,,,,,,,,,,,,,,,,,,,,,,,,,,,,,,,,,,,,,,,,,,,,,,,,,,,,,,,,,,,,,,,,,,,,,,,,,,,,,,,,,,,,,,,,,,
2003,general,delaware,DEL,31,31st District ……………,Buffalo DEL 31,31.0,125.0,16.0,172.0,,,,,,,,,,,,,,,,,,,,,,,,,,,,,,,,,,,,,,,,,,,,,,,,,,,,,,,,,,,,,,,,,,,,,,,,,,,,,,,,,,,,,,,,,,,,,,,,,,,,,
2003,general,delaware,DEL,32,32nd District ……………,Buffalo DEL 32,79.0,200.0,31.0,310.0,,,,,,,,,,,,,,,,,,,,,,,,,,,,,,,,,,,,,,,,,,,,,,,,,,,,,,,,,,,,,,,,,,,,,,,,,,,,,,,,,,,,,,,,,,,,,,,,,,,,,
2003,general,delaware,DEL,33,33rd District ……………,Buffalo DEL 33,44.0,218.0,4.0,266.0,,,,,,,,,,,,,,,,,,,,,,,,,,,,,,,,,,,,,,,,,,,,,,,,,,,,,,,,,,,,,,,,,,,,,,,,,,,,,,,,,,,,,,,,,,,,,,,,,,,,,
2003,general,delaware,DEL,34,34th District ……………,Buffalo DEL 34,116.0,129.0,12.0,257.0,,,,,,,,,,,,,,,,,,,,,,,,,,,,,,,,,,,,,,,,,,,,,,,,,,,,,,,,,,,,,,,,,,,,,,,,,,,,,,,,,,,,,,,,,,,,,,,,,,,,,
2003,general,delaware,DEL,35,35th District ……………,Buffalo DEL 35,8.0,13.0,0.0,21.0,,,,,,,,,,,,,,,,,,,,,,,,,,,,,,,,,,,,,,,,,,,,,,,,,,,,,,,,,,,,,,,,,,,,,,,,,,,,,,,,,,,,,,,,,,,,,,,,,,,,,
2003,general,delaware,DEL,36,36th District ……………,Buffalo DEL 36,181.0,234.0,27.0,442.0,,,,,,,,,,,,,,,,,,,,,,,,,,,,,,,,,,,,,,,,,,,,,,,,,,,,,,,,,,,,,,,,,,,,,,,,,,,,,,,,,,,,,,,,,,,,,,,,,,,,,
2003,general,delaware,DEL,37,37th District ……………,Buffalo DEL 37,21.0,69.0,14.0,104.0,,,,,,,,,,,,,,,,,,,,,,,,,,,,,,,,,,,,,,,,,,,,,,,,,,,,,,,,,,,,,,,,,,,,,,,,,,,,,,,,,,,,,,,,,,,,,,,,,,,,,
2003,general,delaware,DEL,38,38th District ……………,Buffalo DEL 38,27.0,99.0,14.0,140.0,,,,,,,,,,,,,,,,,,,,,,,,,,,,,,,,,,,,,,,,,,,,,,,,,,,,,,,,,,,,,,,,,,,,,,,,,,,,,,,,,,,,,,,,,,,,,,,,,,,,,
2003,general,delaware,DEL,39,39th District ……………,Buffalo DEL 39,83.0,245.0,40.0,368.0,,,,,,,,,,,,,,,,,,,,,,,,,,,,,,,,,,,,,,,,,,,,,,,,,,,,,,,,,,,,,,,,,,,,,,,,,,,,,,,,,,,,,,,,,,,,,,,,,,,,,
2003,general,ellicott,ELL,1,1st District ……………,Buffalo ELL 1,,,25.0,56.0,31.0,,,,,,,,,,,,,,,,,,,,,,,,,,,,,,,,,,,,,,,,,,,,,,,,,,,,,,,,,,,,,,,,,,,,,,,,,,,,,,,,,,,,,,,,,,,,,,,,,,,,
2003,general,ellicott,ELL,2,2nd District ……………,Buffalo ELL 2,,,22.0,90.0,68.0,,,,,,,,,,,,,,,,,,,,,,,,,,,,,,,,,,,,,,,,,,,,,,,,,,,,,,,,,,,,,,,,,,,,,,,,,,,,,,,,,,,,,,,,,,,,,,,,,,,,
2003,general,ellicott,ELL,3,3rd District ……………,Buffalo ELL 3,,,21.0,116.0,95.0,,,,,,,,,,,,,,,,,,,,,,,,,,,,,,,,,,,,,,,,,,,,,,,,,,,,,,,,,,,,,,,,,,,,,,,,,,,,,,,,,,,,,,,,,,,,,,,,,,,,
2003,general,ellicott,ELL,4,4th District ……………,Buffalo ELL 4,,,23.0,93.0,70.0,,,,,,,,,,,,,,,,,,,,,,,,,,,,,,,,,,,,,,,,,,,,,,,,,,,,,,,,,,,,,,,,,,,,,,,,,,,,,,,,,,,,,,,,,,,,,,,,,,,,
2003,general,ellicott,ELL,5,5th District ……………,Buffalo ELL 5,,,63.0,149.0,86.0,,,,,,,,,,,,,,,,,,,,,,,,,,,,,,,,,,,,,,,,,,,,,,,,,,,,,,,,,,,,,,,,,,,,,,,,,,,,,,,,,,,,,,,,,,,,,,,,,,,,
2003,general,ellicott,ELL,6,6th District ……………,Buffalo ELL 6,,,16.0,137.0,121.0,,,,,,,,,,,,,,,,,,,,,,,,,,,,,,,,,,,,,,,,,,,,,,,,,,,,,,,,,,,,,,,,,,,,,,,,,,,,,,,,,,,,,,,,,,,,,,,,,,,,
2003,general,ellicott,ELL,7,7th District ……………,Buffalo ELL 7,,,31.0,108.0,77.0,,,,,,,,,,,,,,,,,,,,,,,,,,,,,,,,,,,,,,,,,,,,,,,,,,,,,,,,,,,,,,,,,,,,,,,,,,,,,,,,,,,,,,,,,,,,,,,,,,,,
2003,general,ellicott,ELL,8,8th District ……………,Buffalo ELL 8,,,65.0,125.0,60.0,,,,,,,,,,,,,,,,,,,,,,,,,,,,,,,,,,,,,,,,,,,,,,,,,,,,,,,,,,,,,,,,,,,,,,,,,,,,,,,,,,,,,,,,,,,,,,,,,,,,
2003,general,ellicott,ELL,9,9th District ……………,Buffalo ELL 9,,,56.0,147.0,91.0,,,,,,,,,,,,,,,,,,,,,,,,,,,,,,,,,,,,,,,,,,,,,,,,,,,,,,,,,,,,,,,,,,,,,,,,,,,,,,,,,,,,,,,,,,,,,,,,,,,,
2003,general,ellicott,ELL,10,10th District ……………,Buffalo ELL 10,,,0.0,0.0,0.0,,,,,,,,,,,,,,,,,,,,,,,,,,,,,,,,,,,,,,,,,,,,,,,,,,,,,,,,,,,,,,,,,,,,,,,,,,,,,,,,,,,,,,,,,,,,,,,,,,,,
2003,general,ellicott,ELL,11,11th District ……………,Buffalo ELL 11,,,70.0,165.0,95.0,,,,,,,,,,,,,,,,,,,,,,,,,,,,,,,,,,,,,,,,,,,,,,,,,,,,,,,,,,,,,,,,,,,,,,,,,,,,,,,,,,,,,,,,,,,,,,,,,,,,
2003,general,ellicott,ELL,12,12th District ……………,Buffalo ELL 12,,,9.0,25.0,16.0,,,,,,,,,,,,,,,,,,,,,,,,,,,,,,,,,,,,,,,,,,,,,,,,,,,,,,,,,,,,,,,,,,,,,,,,,,,,,,,,,,,,,,,,,,,,,,,,,,,,
2003,general,ellicott,ELL,13,13th District ……………,Buffalo ELL 13,,,56.0,163.0,107.0,,,,,,,,,,,,,,,,,,,,,,,,,,,,,,,,,,,,,,,,,,,,,,,,,,,,,,,,,,,,,,,,,,,,,,,,,,,,,,,,,,,,,,,,,,,,,,,,,,,,
2003,general,ellicott,ELL,14,14th District ……………,Buffalo ELL 14,,,40.0,163.0,123.0,,,,,,,,,,,,,,,,,,,,,,,,,,,,,,,,,,,,,,,,,,,,,,,,,,,,,,,,,,,,,,,,,,,,,,,,,,,,,,,,,,,,,,,,,,,,,,,,,,,,
2003,general,ellicott,ELL,15,15th District ……………,Buffalo ELL 15,,,28.0,201.0,173.0,,,,,,,,,,,,,,,,,,,,,,,,,,,,,,,,,,,,,,,,,,,,,,,,,,,,,,,,,,,,,,,,,,,,,,,,,,,,,,,,,,,,,,,,,,,,,,,,,,,,
2003,general,ellicott,ELL,16,16th District ……………,Buffalo ELL 16,,,26.0,196.0,170.0,,,,,,,,,,,,,,,,,,,,,,,,,,,,,,,,,,,,,,,,,,,,,,,,,,,,,,,,,,,,,,,,,,,,,,,,,,,,,,,,,,,,,,,,,,,,,,,,,,,,
2003,general,ellicott,ELL,17,17th District ……………,Buffalo ELL 17,,,37.0,100.0,63.0,,,,,,,,,,,,,,,,,,,,,,,,,,,,,,,,,,,,,,,,,,,,,,,,,,,,,,,,,,,,,,,,,,,,,,,,,,,,,,,,,,,,,,,,,,,,,,,,,,,,
2003,general,ellicott,ELL,18,18th District ……………,Buffalo ELL 18,,,32.0,252.0,220.0,,,,,,,,,,,,,,,,,,,,,,,,,,,,,,,,,,,,,,,,,,,,,,,,,,,,,,,,,,,,,,,,,,,,,,,,,,,,,,,,,,,,,,,,,,,,,,,,,,,,
2003,general,ellicott,ELL,19,19th District ……………,Buffalo ELL 19,,,49.0,107.0,58.0,,,,,,,,,,,,,,,,,,,,,,,,,,,,,,,,,,,,,,,,,,,,,,,,,,,,,,,,,,,,,,,,,,,,,,,,,,,,,,,,,,,,,,,,,,,,,,,,,,,,
2003,general,ellicott,ELL,20,20th District ……………,Buffalo ELL 20,,,19.0,128.0,109.0,,,,,,,,,,,,,,,,,,,,,,,,,,,,,,,,,,,,,,,,,,,,,,,,,,,,,,,,,,,,,,,,,,,,,,,,,,,,,,,,,,,,,,,,,,,,,,,,,,,,
2003,general,ellicott,ELL,21,21st District ……………,Buffalo ELL 21,,,8.0,17.0,9.0,,,,,,,,,,,,,,,,,,,,,,,,,,,,,,,,,,,,,,,,,,,,,,,,,,,,,,,,,,,,,,,,,,,,,,,,,,,,,,,,,,,,,,,,,,,,,,,,,,,,
2003,general,ellicott,ELL,22,22nd District ……………,Buffalo ELL 22,,,29.0,70.0,41.0,,,,,,,,,,,,,,,,,,,,,,,,,,,,,,,,,,,,,,,,,,,,,,,,,,,,,,,,,,,,,,,,,,,,,,,,,,,,,,,,,,,,,,,,,,,,,,,,,,,,
2003,general,ellicott,ELL,23,23rd District ……………,Buffalo ELL 23,,,26.0,153.0,127.0,,,,,,,,,,,,,,,,,,,,,,,,,,,,,,,,,,,,,,,,,,,,,,,,,,,,,,,,,,,,,,,,,,,,,,,,,,,,,,,,,,,,,,,,,,,,,,,,,,,,
2003,general,ellicott,ELL,24,24th District ……………,Buffalo ELL 24,,,39.0,209.0,170.0,,,,,,,,,,,,,,,,,,,,,,,,,,,,,,,,,,,,,,,,,,,,,,,,,,,,,,,,,,,,,,,,,,,,,,,,,,,,,,,,,,,,,,,,,,,,,,,,,,,,
2003,general,ellicott,ELL,25,25th District ……………,Buffalo ELL 25,,,35.0,177.0,142.0,,,,,,,,,,,,,,,,,,,,,,,,,,,,,,,,,,,,,,,,,,,,,,,,,,,,,,,,,,,,,,,,,,,,,,,,,,,,,,,,,,,,,,,,,,,,,,,,,,,,
2003,general,ellicott,ELL,26,26th District ……………,Buffalo ELL 26,,,8.0,16.0,8.0,,,,,,,,,,,,,,,,,,,,,,,,,,,,,,,,,,,,,,,,,,,,,,,,,,,,,,,,,,,,,,,,,,,,,,,,,,,,,,,,,,,,,,,,,,,,,,,,,,,,
2003,general,ellicott,ELL,27,27th District ……………,Buffalo ELL 27,,,41.0,244.0,203.0,,,,,,,,,,,,,,,,,,,,,,,,,,,,,,,,,,,,,,,,,,,,,,,,,,,,,,,,,,,,,,,,,,,,,,,,,,,,,,,,,,,,,,,,,,,,,,,,,,,,
2003,general,ellicott,ELL,28,28th District ……………,Buffalo ELL 28,,,11.0,40.0,29.0,,,,,,,,,,,,,,,,,,,,,,,,,,,,,,,,,,,,,,,,,,,,,,,,,,,,,,,,,,,,,,,,,,,,,,,,,,,,,,,,,,,,,,,,,,,,,,,,,,,,
2003,general,ellicott,ELL,29,29th District ……………,Buffalo ELL 29,,,1.0,4.0,3.0,,,,,,,,,,,,,,,,,,,,,,,,,,,,,,,,,,,,,,,,,,,,,,,,,,,,,,,,,,,,,,,,,,,,,,,,,,,,,,,,,,,,,,,,,,,,,,,,,,,,
2003,general,ellicott,ELL,30,30th District ……………,Buffalo ELL 30,,,27.0,199.0,172.0,,,,,,,,,,,,,,,,,,,,,,,,,,,,,,,,,,,,,,,,,,,,,,,,,,,,,,,,,,,,,,,,,,,,,,,,,,,,,,,,,,,,,,,,,,,,,,,,,,,,
2003,general,ellicott,ELL,31,31st District ……………,Buffalo ELL 31,,,13.0,90.0,77.0,,,,,,,,,,,,,,,,,,,,,,,,,,,,,,,,,,,,,,,,,,,,,,,,,,,,,,,,,,,,,,,,,,,,,,,,,,,,,,,,,,,,,,,,,,,,,,,,,,,,
2003,general,ellicott,ELL,32,32nd District ……………,Buffalo ELL 32,,,44.0,136.0,92.0,,,,,,,,,,,,,,,,,,,,,,,,,,,,,,,,,,,,,,,,,,,,,,,,,,,,,,,,,,,,,,,,,,,,,,,,,,,,,,,,,,,,,,,,,,,,,,,,,,,,
2003,general,ellicott,ELL,33,33rd District ……………,Buffalo ELL 33,,,39.0,179.0,140.0,,,,,,,,,,,,,,,,,,,,,,,,,,,,,,,,,,,,,,,,,,,,,,,,,,,,,,,,,,,,,,,,,,,,,,,,,,,,,,,,,,,,,,,,,,,,,,,,,,,,
2003,general,ellicott,ELL,34,34th District ……………,Buffalo ELL 34,,,12.0,85.0,73.0,,,,,,,,,,,,,,,,,,,,,,,,,,,,,,,,,,,,,,,,,,,,,,,,,,,,,,,,,,,,,,,,,,,,,,,,,,,,,,,,,,,,,,,,,,,,,,,,,,,,
2003,general,ellicott,ELL,35,35th District ……………,Buffalo ELL 35,,,61.0,151.0,90.0,,,,,,,,,,,,,,,,,,,,,,,,,,,,,,,,,,,,,,,,,,,,,,,,,,,,,,,,,,,,,,,,,,,,,,,,,,,,,,,,,,,,,,,,,,,,,,,,,,,,
2003,general,ellicott,ELL,36,36th District ……………,Buffalo ELL 36,,,2.0,2.0,0.0,,,,,,,,,,,,,,,,,,,,,,,,,,,,,,,,,,,,,,,,,,,,,,,,,,,,,,,,,,,,,,,,,,,,,,,,,,,,,,,,,,,,,,,,,,,,,,,,,,,,
2003,general,ellicott,ELL,37,37th District ……………,Buffalo ELL 37,,,0.0,7.0,7.0,,,,,,,,,,,,,,,,,,,,,,,,,,,,,,,,,,,,,,,,,,,,,,,,,,,,,,,,,,,,,,,,,,,,,,,,,,,,,,,,,,,,,,,,,,,,,,,,,,,,
2003,general,ellicott,ELL,38,38th District ……………,Buffalo ELL 38,,,45.0,133.0,88.0,,,,,,,,,,,,,,,,,,,,,,,,,,,,,,,,,,,,,,,,,,,,,,,,,,,,,,,,,,,,,,,,,,,,,,,,,,,,,,,,,,,,,,,,,,,,,,,,,,,,
2003,general,ellicott,ELL,39,39th District ……………,Buffalo ELL 39,,,32.0,189.0,157.0,,,,,,,,,,,,,,,,,,,,,,,,,,,,,,,,,,,,,,,,,,,,,,,,,,,,,,,,,,,,,,,,,,,,,,,,,,,,,,,,,,,,,,,,,,,,,,,,,,,,
2003,general,ellicott,ELL,40,40th District ……………,Buffalo ELL 40,,,41.0,238.0,197.0,,,,,,,,,,,,,,,,,,,,,,,,,,,,,,,,,,,,,,,,,,,,,,,,,,,,,,,,,,,,,,,,,,,,,,,,,,,,,,,,,,,,,,,,,,,,,,,,,,,,
2003,general,ellicott,ELL,41,41st District ……………,Buffalo ELL 41,,,30.0,74.0,44.0,,,,,,,,,,,,,,,,,,,,,,,,,,,,,,,,,,,,,,,,,,,,,,,,,,,,,,,,,,,,,,,,,,,,,,,,,,,,,,,,,,,,,,,,,,,,,,,,,,,,
2003,general,fillmore,FIL,1,1st District ……………,Buffalo FIL 1,,,3.0,32.0,,29.0,0.0,,,,,,,,,,,,,,,,,,,,,,,,,,,,,,,,,,,,,,,,,,,,,,,,,,,,,,,,,,,,,,,,,,,,,,,,,,,,,,,,,,,,,,,,,,,,,,,,,,
2003,general,fillmore,FIL,2,2nd District ……………,Buffalo FIL 2,,,18.0,60.0,,42.0,0.0,,,,,,,,,,,,,,,,,,,,,,,,,,,,,,,,,,,,,,,,,,,,,,,,,,,,,,,,,,,,,,,,,,,,,,,,,,,,,,,,,,,,,,,,,,,,,,,,,,
2003,general,fillmore,FIL,3,3rd District ……………,Buffalo FIL 3,,,21.0,57.0,,36.0,0.0,,,,,,,,,,,,,,,,,,,,,,,,,,,,,,,,,,,,,,,,,,,,,,,,,,,,,,,,,,,,,,,,,,,,,,,,,,,,,,,,,,,,,,,,,,,,,,,,,,
2003,general,fillmore,FIL,4,4th District ……………,Buffalo FIL 4,,,24.0,91.0,,62.0,5.0,,,,,,,,,,,,,,,,,,,,,,,,,,,,,,,,,,,,,,,,,,,,,,,,,,,,,,,,,,,,,,,,,,,,,,,,,,,,,,,,,,,,,,,,,,,,,,,,,,
2003,general,fillmore,FIL,5,5th District ……………,Buffalo FIL 5,,,1.0,5.0,,4.0,0.0,,,,,,,,,,,,,,,,,,,,,,,,,,,,,,,,,,,,,,,,,,,,,,,,,,,,,,,,,,,,,,,,,,,,,,,,,,,,,,,,,,,,,,,,,,,,,,,,,,
2003,general,fillmore,FIL,6,6th District ……………,Buffalo FIL 6,,,28.0,100.0,,71.0,1.0,,,,,,,,,,,,,,,,,,,,,,,,,,,,,,,,,,,,,,,,,,,,,,,,,,,,,,,,,,,,,,,,,,,,,,,,,,,,,,,,,,,,,,,,,,,,,,,,,,
2003,general,fillmore,FIL,7,7th District ……………,Buffalo FIL 7,,,13.0,98.0,,85.0,0.0,,,,,,,,,,,,,,,,,,,,,,,,,,,,,,,,,,,,,,,,,,,,,,,,,,,,,,,,,,,,,,,,,,,,,,,,,,,,,,,,,,,,,,,,,,,,,,,,,,
2003,general,fillmore,FIL,8,8th District ……………,Buffalo FIL 8,,,10.0,59.0,,48.0,1.0,,,,,,,,,,,,,,,,,,,,,,,,,,,,,,,,,,,,,,,,,,,,,,,,,,,,,,,,,,,,,,,,,,,,,,,,,,,,,,,,,,,,,,,,,,,,,,,,,,
2003,general,fillmore,FIL,9,9th District ……………,Buffalo FIL 9,,,13.0,109.0,,96.0,0.0,,,,,,,,,,,,,,,,,,,,,,,,,,,,,,,,,,,,,,,,,,,,,,,,,,,,,,,,,,,,,,,,,,,,,,,,,,,,,,,,,,,,,,,,,,,,,,,,,,
2003,general,fillmore,FIL,10,10th District ……………,Buffalo FIL 10,,,16.0,64.0,,48.0,0.0,,,,,,,,,,,,,,,,,,,,,,,,,,,,,,,,,,,,,,,,,,,,,,,,,,,,,,,,,,,,,,,,,,,,,,,,,,,,,,,,,,,,,,,,,,,,,,,,,,
2003,general,fillmore,FIL,11,11th District ……………,Buffalo FIL 11,,,16.0,68.0,,52.0,0.0,,,,,,,,,,,,,,,,,,,,,,,,,,,,,,,,,,,,,,,,,,,,,,,,,,,,,,,,,,,,,,,,,,,,,,,,,,,,,,,,,,,,,,,,,,,,,,,,,,
2003,general,fillmore,FIL,12,12th District ……………,Buffalo FIL 12,,,16.0,115.0,,99.0,0.0,,,,,,,,,,,,,,,,,,,,,,,,,,,,,,,,,,,,,,,,,,,,,,,,,,,,,,,,,,,,,,,,,,,,,,,,,,,,,,,,,,,,,,,,,,,,,,,,,,
2003,general,fillmore,FIL,13,13th District ……………,Buffalo FIL 13,,,89.0,208.0,,111.0,8.0,,,,,,,,,,,,,,,,,,,,,,,,,,,,,,,,,,,,,,,,,,,,,,,,,,,,,,,,,,,,,,,,,,,,,,,,,,,,,,,,,,,,,,,,,,,,,,,,,,
2003,general,fillmore,FIL,14,14th District ……………,Buffalo FIL 14,,,15.0,42.0,,27.0,0.0,,,,,,,,,,,,,,,,,,,,,,,,,,,,,,,,,,,,,,,,,,,,,,,,,,,,,,,,,,,,,,,,,,,,,,,,,,,,,,,,,,,,,,,,,,,,,,,,,,
2003,general,fillmore,FIL,15,15th District ……………,Buffalo FIL 15,,,1.0,2.0,,1.0,0.0,,,,,,,,,,,,,,,,,,,,,,,,,,,,,,,,,,,,,,,,,,,,,,,,,,,,,,,,,,,,,,,,,,,,,,,,,,,,,,,,,,,,,,,,,,,,,,,,,,
2003,general,fillmore,FIL,16,16th District ……………,Buffalo FIL 16,,,18.0,38.0,,20.0,0.0,,,,,,,,,,,,,,,,,,,,,,,,,,,,,,,,,,,,,,,,,,,,,,,,,,,,,,,,,,,,,,,,,,,,,,,,,,,,,,,,,,,,,,,,,,,,,,,,,,
2003,general,fillmore,FIL,17,17th District ……………,Buffalo FIL 17,,,22.0,197.0,,175.0,0.0,,,,,,,,,,,,,,,,,,,,,,,,,,,,,,,,,,,,,,,,,,,,,,,,,,,,,,,,,,,,,,,,,,,,,,,,,,,,,,,,,,,,,,,,,,,,,,,,,,
2003,general,fillmore,FIL,18,18th District ……………,Buffalo FIL 18,,,18.0,64.0,,46.0,0.0,,,,,,,,,,,,,,,,,,,,,,,,,,,,,,,,,,,,,,,,,,,,,,,,,,,,,,,,,,,,,,,,,,,,,,,,,,,,,,,,,,,,,,,,,,,,,,,,,,
2003,general,fillmore,FIL,19,19th District ……………,Buffalo FIL 19,,,24.0,91.0,,64.0,3.0,,,,,,,,,,,,,,,,,,,,,,,,,,,,,,,,,,,,,,,,,,,,,,,,,,,,,,,,,,,,,,,,,,,,,,,,,,,,,,,,,,,,,,,,,,,,,,,,,,
2003,general,fillmore,FIL,20,20th District ……………,Buffalo FIL 20,,,37.0,66.0,,29.0,0.0,,,,,,,,,,,,,,,,,,,,,,,,,,,,,,,,,,,,,,,,,,,,,,,,,,,,,,,,,,,,,,,,,,,,,,,,,,,,,,,,,,,,,,,,,,,,,,,,,,
2003,general,fillmore,FIL,21,21st District ……………,Buffalo FIL 21,,,11.0,63.0,,52.0,0.0,,,,,,,,,,,,,,,,,,,,,,,,,,,,,,,,,,,,,,,,,,,,,,,,,,,,,,,,,,,,,,,,,,,,,,,,,,,,,,,,,,,,,,,,,,,,,,,,,,
2003,general,fillmore,FIL,22,22nd District ……………,Buffalo FIL 22,,,12.0,77.0,,65.0,0.0,,,,,,,,,,,,,,,,,,,,,,,,,,,,,,,,,,,,,,,,,,,,,,,,,,,,,,,,,,,,,,,,,,,,,,,,,,,,,,,,,,,,,,,,,,,,,,,,,,
2003,general,fillmore,FIL,23,23rd District ……………,Buffalo FIL 23,,,35.0,82.0,,47.0,0.0,,,,,,,,,,,,,,,,,,,,,,,,,,,,,,,,,,,,,,,,,,,,,,,,,,,,,,,,,,,,,,,,,,,,,,,,,,,,,,,,,,,,,,,,,,,,,,,,,,
2003,general,fillmore,FIL,24,24th District ……………,Buffalo FIL 24,,,58.0,433.0,,375.0,0.0,,,,,,,,,,,,,,,,,,,,,,,,,,,,,,,,,,,,,,,,,,,,,,,,,,,,,,,,,,,,,,,,,,,,,,,,,,,,,,,,,,,,,,,,,,,,,,,,,,
2003,general,fillmore,FIL,25,25th District ……………,Buffalo FIL 25,,,44.0,111.0,,66.0,1.0,,,,,,,,,,,,,,,,,,,,,,,,,,,,,,,,,,,,,,,,,,,,,,,,,,,,,,,,,,,,,,,,,,,,,,,,,,,,,,,,,,,,,,,,,,,,,,,,,,
2003,general,fillmore,FIL,26,26th District ……………,Buffalo FIL 26,,,11.0,46.0,,34.0,1.0,,,,,,,,,,,,,,,,,,,,,,,,,,,,,,,,,,,,,,,,,,,,,,,,,,,,,,,,,,,,,,,,,,,,,,,,,,,,,,,,,,,,,,,,,,,,,,,,,,
2003,general,fillmore,FIL,27,27th District ……………,Buffalo FIL 27,,,63.0,148.0,,85.0,0.0,,,,,,,,,,,,,,,,,,,,,,,,,,,,,,,,,,,,,,,,,,,,,,,,,,,,,,,,,,,,,,,,,,,,,,,,,,,,,,,,,,,,,,,,,,,,,,,,,,
2003,general,fillmore,FIL,28,28th District ……………,Buffalo FIL 28,,,1.0,2.0,,1.0,0.0,,,,,,,,,,,,,,,,,,,,,,,,,,,,,,,,,,,,,,,,,,,,,,,,,,,,,,,,,,,,,,,,,,,,,,,,,,,,,,,,,,,,,,,,,,,,,,,,,,
2003,general,fillmore,FIL,29,29th District ……………,Buffalo FIL 29,,,3.0,3.0,,0.0,0.0,,,,,,,,,,,,,,,,,,,,,,,,,,,,,,,,,,,,,,,,,,,,,,,,,,,,,,,,,,,,,,,,,,,,,,,,,,,,,,,,,,,,,,,,,,,,,,,,,,
2003,general,fillmore,FIL,30,30th District ……………,Buffalo FIL 30,,,0.0,6.0,,6.0,0.0,,,,,,,,,,,,,,,,,,,,,,,,,,,,,,,,,,,,,,,,,,,,,,,,,,,,,,,,,,,,,,,,,,,,,,,,,,,,,,,,,,,,,,,,,,,,,,,,,,
2003,general,fillmore,FIL,31,31st District ……………,Buffalo FIL 31,,,9.0,103.0,,94.0,0.0,,,,,,,,,,,,,,,,,,,,,,,,,,,,,,,,,,,,,,,,,,,,,,,,,,,,,,,,,,,,,,,,,,,,,,,,,,,,,,,,,,,,,,,,,,,,,,,,,,
2003,general,fillmore,FIL,32,32nd District ……………,Buffalo FIL 32,,,22.0,94.0,,66.0,6.0,,,,,,,,,,,,,,,,,,,,,,,,,,,,,,,,,,,,,,,,,,,,,,,,,,,,,,,,,,,,,,,,,,,,,,,,,,,,,,,,,,,,,,,,,,,,,,,,,,
2003,general,fillmore,FIL,33,33rd District ……………,Buffalo FIL 33,,,1.0,14.0,,13.0,0.0,,,,,,,,,,,,,,,,,,,,,,,,,,,,,,,,,,,,,,,,,,,,,,,,,,,,,,,,,,,,,,,,,,,,,,,,,,,,,,,,,,,,,,,,,,,,,,,,,,
2003,general,fillmore,FIL,34,34th District ……………,Buffalo FIL 34,,,26.0,101.0,,75.0,0.0,,,,,,,,,,,,,,,,,,,,,,,,,,,,,,,,,,,,,,,,,,,,,,,,,,,,,,,,,,,,,,,,,,,,,,,,,,,,,,,,,,,,,,,,,,,,,,,,,,
2003,general,fillmore,FIL,35,35th District ……………,Buffalo FIL 35,,,48.0,143.0,,59.0,36.0,,,,,,,,,,,,,,,,,,,,,,,,,,,,,,,,,,,,,,,,,,,,,,,,,,,,,,,,,,,,,,,,,,,,,,,,,,,,,,,,,,,,,,,,,,,,,,,,,,
2003,general,fillmore,FIL,36,36th District ……………,Buffalo FIL 36,,,0.0,1.0,,1.0,0.0,,,,,,,,,,,,,,,,,,,,,,,,,,,,,,,,,,,,,,,,,,,,,,,,,,,,,,,,,,,,,,,,,,,,,,,,,,,,,,,,,,,,,,,,,,,,,,,,,,
2003,general,fillmore,FIL,37,37th District ……………,Buffalo FIL 37,,,48.0,319.0,,271.0,0.0,,,,,,,,,,,,,,,,,,,,,,,,,,,,,,,,,,,,,,,,,,,,,,,,,,,,,,,,,,,,,,,,,,,,,,,,,,,,,,,,,,,,,,,,,,,,,,,,,,
2003,general,fillmore,FIL,38,38th District ……………,Buffalo FIL 38,,,47.0,122.0,,53.0,22.0,,,,,,,,,,,,,,,,,,,,,,,,,,,,,,,,,,,,,,,,,,,,,,,,,,,,,,,,,,,,,,,,,,,,,,,,,,,,,,,,,,,,,,,,,,,,,,,,,,
2003,general,fillmore,FIL,39,39th District ……………,Buffalo FIL 39,,,50.0,111.0,,49.0,12.0,,,,,,,,,,,,,,,,,,,,,,,,,,,,,,,,,,,,,,,,,,,,,,,,,,,,,,,,,,,,,,,,,,,,,,,,,,,,,,,,,,,,,,,,,,,,,,,,,,
2003,general,fillmore,FIL,40,40th District ……………,Buffalo FIL 40,,,32.0,118.0,,86.0,0.0,,,,,,,,,,,,,,,,,,,,,,,,,,,,,,,,,,,,,,,,,,,,,,,,,,,,,,,,,,,,,,,,,,,,,,,,,,,,,,,,,,,,,,,,,,,,,,,,,,
2003,general,fillmore,FIL,41,41st District ……………,Buffalo FIL 41,,,11.0,73.0,,62.0,0.0,,,,,,,,,,,,,,,,,,,,,,,,,,,,,,,,,,,,,,,,,,,,,,,,,,,,,,,,,,,,,,,,,,,,,,,,,,,,,,,,,,,,,,,,,,,,,,,,,,
2003,general,fillmore,FIL,42,42nd District ……………,Buffalo FIL 42,,,58.0,123.0,,63.0,2.0,,,,,,,,,,,,,,,,,,,,,,,,,,,,,,,,,,,,,,,,,,,,,,,,,,,,,,,,,,,,,,,,,,,,,,,,,,,,,,,,,,,,,,,,,,,,,,,,,,
2003,general,fillmore,FIL,43,43rd District ……………,Buffalo FIL 43,,,43.0,107.0,,62.0,2.0,,,,,,,,,,,,,,,,,,,,,,,,,,,,,,,,,,,,,,,,,,,,,,,,,,,,,,,,,,,,,,,,,,,,,,,,,,,,,,,,,,,,,,,,,,,,,,,,,,
2003,general,fillmore,FIL,44,44th District ……………,Buffalo FIL 44,,,35.0,243.0,,208.0,0.0,,,,,,,,,,,,,,,,,,,,,,,,,,,,,,,,,,,,,,,,,,,,,,,,,,,,,,,,,,,,,,,,,,,,,,,,,,,,,,,,,,,,,,,,,,,,,,,,,,
2003,general,fillmore,FIL,45,45th District ……………,Buffalo FIL 45,,,0.0,0.0,,0.0,0.0,,,,,,,,,,,,,,,,,,,,,,,,,,,,,,,,,,,,,,,,,,,,,,,,,,,,,,,,,,,,,,,,,,,,,,,,,,,,,,,,,,,,,,,,,,,,,,,,,,
2003,general,fillmore,FIL,46,46th District ……………,Buffalo FIL 46,,,48.0,113.0,,65.0,0.0,,,,,,,,,,,,,,,,,,,,,,,,,,,,,,,,,,,,,,,,,,,,,,,,,,,,,,,,,,,,,,,,,,,,,,,,,,,,,,,,,,,,,,,,,,,,,,,,,,
2003,general,lovejoy,LOV,1,1st District ……………,Buffalo LOV 1,,,5.0,42.0,,,,0.0,35.0,2.0,,,,,,,,,,,,,,,,,,,,,,,,,,,,,,,,,,,,,,,,,,,,,,,,,,,,,,,,,,,,,,,,,,,,,,,,,,,,,,,,,,,,,,,,,,,,,,,
2003,general,lovejoy,LOV,2,2nd District ……………,Buffalo LOV 2,,,37.0,324.0,,,,42.0,232.0,13.0,,,,,,,,,,,,,,,,,,,,,,,,,,,,,,,,,,,,,,,,,,,,,,,,,,,,,,,,,,,,,,,,,,,,,,,,,,,,,,,,,,,,,,,,,,,,,,,
2003,general,lovejoy,LOV,3,3rd District ……………,Buffalo LOV 3,,,29.0,295.0,,,,27.0,226.0,13.0,,,,,,,,,,,,,,,,,,,,,,,,,,,,,,,,,,,,,,,,,,,,,,,,,,,,,,,,,,,,,,,,,,,,,,,,,,,,,,,,,,,,,,,,,,,,,,,
2003,general,lovejoy,LOV,4,4th District ……………,Buffalo LOV 4,,,29.0,126.0,,,,12.0,79.0,6.0,,,,,,,,,,,,,,,,,,,,,,,,,,,,,,,,,,,,,,,,,,,,,,,,,,,,,,,,,,,,,,,,,,,,,,,,,,,,,,,,,,,,,,,,,,,,,,,
2003,general,lovejoy,LOV,5,5th District ……………,Buffalo LOV 5,,,9.0,137.0,,,,22.0,98.0,8.0,,,,,,,,,,,,,,,,,,,,,,,,,,,,,,,,,,,,,,,,,,,,,,,,,,,,,,,,,,,,,,,,,,,,,,,,,,,,,,,,,,,,,,,,,,,,,,,
2003,general,lovejoy,LOV,6,6th District ……………,Buffalo LOV 6,,,18.0,262.0,,,,31.0,198.0,15.0,,,,,,,,,,,,,,,,,,,,,,,,,,,,,,,,,,,,,,,,,,,,,,,,,,,,,,,,,,,,,,,,,,,,,,,,,,,,,,,,,,,,,,,,,,,,,,,
2003,general,lovejoy,LOV,7,7th District ……………,Buffalo LOV 7,,,16.0,249.0,,,,60.0,149.0,24.0,,,,,,,,,,,,,,,,,,,,,,,,,,,,,,,,,,,,,,,,,,,,,,,,,,,,,,,,,,,,,,,,,,,,,,,,,,,,,,,,,,,,,,,,,,,,,,,
2003,general,lovejoy,LOV,8,8th District ……………,Buffalo LOV 8,,,25.0,331.0,,,,32.0,266.0,8.0,,,,,,,,,,,,,,,,,,,,,,,,,,,,,,,,,,,,,,,,,,,,,,,,,,,,,,,,,,,,,,,,,,,,,,,,,,,,,,,,,,,,,,,,,,,,,,,
2003,general,lovejoy,LOV,9,9th District ……………,Buffalo LOV 9,,,17.0,151.0,,,,24.0,100.0,10.0,,,,,,,,,,,,,,,,,,,,,,,,,,,,,,,,,,,,,,,,,,,,,,,,,,,,,,,,,,,,,,,,,,,,,,,,,,,,,,,,,,,,,,,,,,,,,,,
2003,general,lovejoy,LOV,10,10th District ……………,Buffalo LOV 10,,,20.0,97.0,,,,8.0,65.0,4.0,,,,,,,,,,,,,,,,,,,,,,,,,,,,,,,,,,,,,,,,,,,,,,,,,,,,,,,,,,,,,,,,,,,,,,,,,,,,,,,,,,,,,,,,,,,,,,,
2003,general,lovejoy,LOV,11,11th District ……………,Buffalo LOV 11,,,12.0,153.0,,,,18.0,119.0,4.0,,,,,,,,,,,,,,,,,,,,,,,,,,,,,,,,,,,,,,,,,,,,,,,,,,,,,,,,,,,,,,,,,,,,,,,,,,,,,,,,,,,,,,,,,,,,,,,
2003,general,lovejoy,LOV,12,12th District ……………,Buffalo LOV 12,,,44.0,307.0,,,,36.0,205.0,22.0,,,,,,,,,,,,,,,,,,,,,,,,,,,,,,,,,,,,,,,,,,,,,,,,,,,,,,,,,,,,,,,,,,,,,,,,,,,,,,,,,,,,,,,,,,,,,,,
2003,general,lovejoy,LOV,13,13th District ……………,Buffalo LOV 13,,,8.0,169.0,,,,16.0,140.0,5.0,,,,,,,,,,,,,,,,,,,,,,,,,,,,,,,,,,,,,,,,,,,,,,,,,,,,,,,,,,,,,,,,,,,,,,,,,,,,,,,,,,,,,,,,,,,,,,,
2003,general,lovejoy,LOV,14,14th District ……………,Buffalo LOV 14,,,40.0,159.0,,,,13.0,98.0,8.0,,,,,,,,,,,,,,,,,,,,,,,,,,,,,,,,,,,,,,,,,,,,,,,,,,,,,,,,,,,,,,,,,,,,,,,,,,,,,,,,,,,,,,,,,,,,,,,
2003,general,lovejoy,LOV,15,15th District ……………,Buffalo LOV 15,,,31.0,328.0,,,,21.0,258.0,18.0,,,,,,,,,,,,,,,,,,,,,,,,,,,,,,,,,,,,,,,,,,,,,,,,,,,,,,,,,,,,,,,,,,,,,,,,,,,,,,,,,,,,,,,,,,,,,,,
2003,general,lovejoy,LOV,16,16th District ……………,Buffalo LOV 16,,,26.0,114.0,,,,13.0,71.0,4.0,,,,,,,,,,,,,,,,,,,,,,,,,,,,,,,,,,,,,,,,,,,,,,,,,,,,,,,,,,,,,,,,,,,,,,,,,,,,,,,,,,,,,,,,,,,,,,,
2003,general,lovejoy,LOV,17,17th District ……………,Buffalo LOV 17,,,55.0,164.0,,,,8.0,94.0,7.0,,,,,,,,,,,,,,,,,,,,,,,,,,,,,,,,,,,,,,,,,,,,,,,,,,,,,,,,,,,,,,,,,,,,,,,,,,,,,,,,,,,,,,,,,,,,,,,
2003,general,lovejoy,LOV,18,18th District ……………,Buffalo LOV 18,,,24.0,144.0,,,,13.0,99.0,8.0,,,,,,,,,,,,,,,,,,,,,,,,,,,,,,,,,,,,,,,,,,,,,,,,,,,,,,,,,,,,,,,,,,,,,,,,,,,,,,,,,,,,,,,,,,,,,,,
2003,general,lovejoy,LOV,19,19th District ……………,Buffalo LOV 19,,,25.0,169.0,,,,7.0,132.0,5.0,,,,,,,,,,,,,,,,,,,,,,,,,,,,,,,,,,,,,,,,,,,,,,,,,,,,,,,,,,,,,,,,,,,,,,,,,,,,,,,,,,,,,,,,,,,,,,,
2003,general,lovejoy,LOV,20,20th District ……………,Buffalo LOV 20,,,28.0,100.0,,,,2.0,68.0,2.0,,,,,,,,,,,,,,,,,,,,,,,,,,,,,,,,,,,,,,,,,,,,,,,,,,,,,,,,,,,,,,,,,,,,,,,,,,,,,,,,,,,,,,,,,,,,,,,
2003,general,lovejoy,LOV,21,21st District ……………,Buffalo LOV 21,,,33.0,129.0,,,,10.0,83.0,3.0,,,,,,,,,,,,,,,,,,,,,,,,,,,,,,,,,,,,,,,,,,,,,,,,,,,,,,,,,,,,,,,,,,,,,,,,,,,,,,,,,,,,,,,,,,,,,,,
2003,general,lovejoy,LOV,22,22nd District ……………,Buffalo LOV 22,,,14.0,123.0,,,,16.0,85.0,8.0,,,,,,,,,,,,,,,,,,,,,,,,,,,,,,,,,,,,,,,,,,,,,,,,,,,,,,,,,,,,,,,,,,,,,,,,,,,,,,,,,,,,,,,,,,,,,,,
2003,general,lovejoy,LOV,23,23rd District ……………,Buffalo LOV 23,,,64.0,220.0,,,,16.0,134.0,6.0,,,,,,,,,,,,,,,,,,,,,,,,,,,,,,,,,,,,,,,,,,,,,,,,,,,,,,,,,,,,,,,,,,,,,,,,,,,,,,,,,,,,,,,,,,,,,,,
2003,general,lovejoy,LOV,24,24th District ……………,Buffalo LOV 24,,,40.0,174.0,,,,26.0,105.0,3.0,,,,,,,,,,,,,,,,,,,,,,,,,,,,,,,,,,,,,,,,,,,,,,,,,,,,,,,,,,,,,,,,,,,,,,,,,,,,,,,,,,,,,,,,,,,,,,,
2003,general,lovejoy,LOV,25,25th District ……………,Buffalo LOV 25,,,16.0,183.0,,,,18.0,144.0,5.0,,,,,,,,,,,,,,,,,,,,,,,,,,,,,,,,,,,,,,,,,,,,,,,,,,,,,,,,,,,,,,,,,,,,,,,,,,,,,,,,,,,,,,,,,,,,,,,
2003,general,lovejoy,LOV,26,26th District ……………,Buffalo LOV 26,,,20.0,69.0,,,,0.0,44.0,5.0,,,,,,,,,,,,,,,,,,,,,,,,,,,,,,,,,,,,,,,,,,,,,,,,,,,,,,,,,,,,,,,,,,,,,,,,,,,,,,,,,,,,,,,,,,,,,,,
2003,general,lovejoy,LOV,27,27th District ……………,Buffalo LOV 27,,,52.0,263.0,,,,24.0,175.0,12.0,,,,,,,,,,,,,,,,,,,,,,,,,,,,,,,,,,,,,,,,,,,,,,,,,,,,,,,,,,,,,,,,,,,,,,,,,,,,,,,,,,,,,,,,,,,,,,,
2003,general,lovejoy,LOV,28,28th District ……………,Buffalo LOV 28,,,26.0,281.0,,,,54.0,187.0,14.0,,,,,,,,,,,,,,,,,,,,,,,,,,,,,,,,,,,,,,,,,,,,,,,,,,,,,,,,,,,,,,,,,,,,,,,,,,,,,,,,,,,,,,,,,,,,,,,
2003,general,lovejoy,LOV,29,29th District ……………,Buffalo LOV 29,,,25.0,156.0,,,,17.0,107.0,7.0,,,,,,,,,,,,,,,,,,,,,,,,,,,,,,,,,,,,,,,,,,,,,,,,,,,,,,,,,,,,,,,,,,,,,,,,,,,,,,,,,,,,,,,,,,,,,,,
2003,general,lovejoy,LOV,30,30th District ……………,Buffalo LOV 30,,,21.0,93.0,,,,5.0,61.0,6.0,,,,,,,,,,,,,,,,,,,,,,,,,,,,,,,,,,,,,,,,,,,,,,,,,,,,,,,,,,,,,,,,,,,,,,,,,,,,,,,,,,,,,,,,,,,,,,,
2003,general,lovejoy,LOV,31,31st District ……………,Buffalo LOV 31,,,17.0,123.0,,,,13.0,87.0,6.0,,,,,,,,,,,,,,,,,,,,,,,,,,,,,,,,,,,,,,,,,,,,,,,,,,,,,,,,,,,,,,,,,,,,,,,,,,,,,,,,,,,,,,,,,,,,,,,
2003,general,masten,MAS,1,1st District ……………,Buffalo MAS 1,,,39.0,253.0,,,,,,,214.0,,,,,,,,,,,,,,,,,,,,,,,,,,,,,,,,,,,,,,,,,,,,,,,,,,,,,,,,,,,,,,,,,,,,,,,,,,,,,,,,,,,,,,,,,,,,,,
2003,general,masten,MAS,2,2nd District ……………,Buffalo MAS 2,,,18.0,121.0,,,,,,,103.0,,,,,,,,,,,,,,,,,,,,,,,,,,,,,,,,,,,,,,,,,,,,,,,,,,,,,,,,,,,,,,,,,,,,,,,,,,,,,,,,,,,,,,,,,,,,,,
2003,general,masten,MAS,3,3rd District ……………,Buffalo MAS 3,,,33.0,154.0,,,,,,,121.0,,,,,,,,,,,,,,,,,,,,,,,,,,,,,,,,,,,,,,,,,,,,,,,,,,,,,,,,,,,,,,,,,,,,,,,,,,,,,,,,,,,,,,,,,,,,,,
2003,general,masten,MAS,4,4th District ……………,Buffalo MAS 4,,,36.0,158.0,,,,,,,122.0,,,,,,,,,,,,,,,,,,,,,,,,,,,,,,,,,,,,,,,,,,,,,,,,,,,,,,,,,,,,,,,,,,,,,,,,,,,,,,,,,,,,,,,,,,,,,,
2003,general,masten,MAS,5,5th District ……………,Buffalo MAS 5,,,29.0,139.0,,,,,,,110.0,,,,,,,,,,,,,,,,,,,,,,,,,,,,,,,,,,,,,,,,,,,,,,,,,,,,,,,,,,,,,,,,,,,,,,,,,,,,,,,,,,,,,,,,,,,,,,
2003,general,masten,MAS,6,6th District ……………,Buffalo MAS 6,,,19.0,95.0,,,,,,,76.0,,,,,,,,,,,,,,,,,,,,,,,,,,,,,,,,,,,,,,,,,,,,,,,,,,,,,,,,,,,,,,,,,,,,,,,,,,,,,,,,,,,,,,,,,,,,,,
2003,general,masten,MAS,7,7th District ……………,Buffalo MAS 7,,,22.0,141.0,,,,,,,119.0,,,,,,,,,,,,,,,,,,,,,,,,,,,,,,,,,,,,,,,,,,,,,,,,,,,,,,,,,,,,,,,,,,,,,,,,,,,,,,,,,,,,,,,,,,,,,,
2003,general,masten,MAS,8,8th District ……………,Buffalo MAS 8,,,19.0,121.0,,,,,,,102.0,,,,,,,,,,,,,,,,,,,,,,,,,,,,,,,,,,,,,,,,,,,,,,,,,,,,,,,,,,,,,,,,,,,,,,,,,,,,,,,,,,,,,,,,,,,,,,
2003,general,masten,MAS,9,9th District ……………,Buffalo MAS 9,,,46.0,168.0,,,,,,,122.0,,,,,,,,,,,,,,,,,,,,,,,,,,,,,,,,,,,,,,,,,,,,,,,,,,,,,,,,,,,,,,,,,,,,,,,,,,,,,,,,,,,,,,,,,,,,,,
2003,general,masten,MAS,10,10th District ……………,Buffalo MAS 10,,,37.0,146.0,,,,,,,109.0,,,,,,,,,,,,,,,,,,,,,,,,,,,,,,,,,,,,,,,,,,,,,,,,,,,,,,,,,,,,,,,,,,,,,,,,,,,,,,,,,,,,,,,,,,,,,,
2003,general,masten,MAS,11,11th District ……………,Buffalo MAS 11,,,13.0,75.0,,,,,,,62.0,,,,,,,,,,,,,,,,,,,,,,,,,,,,,,,,,,,,,,,,,,,,,,,,,,,,,,,,,,,,,,,,,,,,,,,,,,,,,,,,,,,,,,,,,,,,,,
2003,general,masten,MAS,12,12th District ……………,Buffalo MAS 12,,,28.0,100.0,,,,,,,72.0,,,,,,,,,,,,,,,,,,,,,,,,,,,,,,,,,,,,,,,,,,,,,,,,,,,,,,,,,,,,,,,,,,,,,,,,,,,,,,,,,,,,,,,,,,,,,,
2003,general,masten,MAS,13,13th District ……………,Buffalo MAS 13,,,0.0,84.0,,,,,,,84.0,,,,,,,,,,,,,,,,,,,,,,,,,,,,,,,,,,,,,,,,,,,,,,,,,,,,,,,,,,,,,,,,,,,,,,,,,,,,,,,,,,,,,,,,,,,,,,
2003,general,masten,MAS,14,14th District ……………,Buffalo MAS 14,,,40.0,181.0,,,,,,,141.0,,,,,,,,,,,,,,,,,,,,,,,,,,,,,,,,,,,,,,,,,,,,,,,,,,,,,,,,,,,,,,,,,,,,,,,,,,,,,,,,,,,,,,,,,,,,,,
2003,general,masten,MAS,15,15th District ……………,Buffalo MAS 15,,,26.0,110.0,,,,,,,84.0,,,,,,,,,,,,,,,,,,,,,,,,,,,,,,,,,,,,,,,,,,,,,,,,,,,,,,,,,,,,,,,,,,,,,,,,,,,,,,,,,,,,,,,,,,,,,,
2003,general,masten,MAS,16,16th District ……………,Buffalo MAS 16,,,30.0,177.0,,,,,,,147.0,,,,,,,,,,,,,,,,,,,,,,,,,,,,,,,,,,,,,,,,,,,,,,,,,,,,,,,,,,,,,,,,,,,,,,,,,,,,,,,,,,,,,,,,,,,,,,
2003,general,masten,MAS,17,17th District ……………,Buffalo MAS 17,,,41.0,222.0,,,,,,,181.0,,,,,,,,,,,,,,,,,,,,,,,,,,,,,,,,,,,,,,,,,,,,,,,,,,,,,,,,,,,,,,,,,,,,,,,,,,,,,,,,,,,,,,,,,,,,,,
2003,general,masten,MAS,18,18th District ……………,Buffalo MAS 18,,,28.0,190.0,,,,,,,162.0,,,,,,,,,,,,,,,,,,,,,,,,,,,,,,,,,,,,,,,,,,,,,,,,,,,,,,,,,,,,,,,,,,,,,,,,,,,,,,,,,,,,,,,,,,,,,,
2003,general,masten,MAS,19,19th District ……………,Buffalo MAS 19,,,32.0,182.0,,,,,,,150.0,,,,,,,,,,,,,,,,,,,,,,,,,,,,,,,,,,,,,,,,,,,,,,,,,,,,,,,,,,,,,,,,,,,,,,,,,,,,,,,,,,,,,,,,,,,,,,
2003,general,masten,MAS,20,20th District ……………,Buffalo MAS 20,,,35.0,195.0,,,,,,,160.0,,,,,,,,,,,,,,,,,,,,,,,,,,,,,,,,,,,,,,,,,,,,,,,,,,,,,,,,,,,,,,,,,,,,,,,,,,,,,,,,,,,,,,,,,,,,,,
2003,general,masten,MAS,21,21st District ……………,Buffalo MAS 21,,,29.0,119.0,,,,,,,90.0,,,,,,,,,,,,,,,,,,,,,,,,,,,,,,,,,,,,,,,,,,,,,,,,,,,,,,,,,,,,,,,,,,,,,,,,,,,,,,,,,,,,,,,,,,,,,,
2003,general,masten,MAS,22,22nd District ……………,Buffalo MAS 22,,,41.0,201.0,,,,,,,160.0,,,,,,,,,,,,,,,,,,,,,,,,,,,,,,,,,,,,,,,,,,,,,,,,,,,,,,,,,,,,,,,,,,,,,,,,,,,,,,,,,,,,,,,,,,,,,,
2003,general,masten,MAS,23,23rd District ……………,Buffalo MAS 23,,,21.0,114.0,,,,,,,93.0,,,,,,,,,,,,,,,,,,,,,,,,,,,,,,,,,,,,,,,,,,,,,,,,,,,,,,,,,,,,,,,,,,,,,,,,,,,,,,,,,,,,,,,,,,,,,,
2003,general,masten,MAS,24,24th District ……………,Buffalo MAS 24,,,25.0,118.0,,,,,,,93.0,,,,,,,,,,,,,,,,,,,,,,,,,,,,,,,,,,,,,,,,,,,,,,,,,,,,,,,,,,,,,,,,,,,,,,,,,,,,,,,,,,,,,,,,,,,,,,
2003,general,masten,MAS,25,25th District ……………,Buffalo MAS 25,,,26.0,135.0,,,,,,,109.0,,,,,,,,,,,,,,,,,,,,,,,,,,,,,,,,,,,,,,,,,,,,,,,,,,,,,,,,,,,,,,,,,,,,,,,,,,,,,,,,,,,,,,,,,,,,,,
2003,general,masten,MAS,26,26th District ……………,Buffalo MAS 26,,,31.0,196.0,,,,,,,165.0,,,,,,,,,,,,,,,,,,,,,,,,,,,,,,,,,,,,,,,,,,,,,,,,,,,,,,,,,,,,,,,,,,,,,,,,,,,,,,,,,,,,,,,,,,,,,,
2003,general,masten,MAS,27,27th District ……………,Buffalo MAS 27,,,21.0,213.0,,,,,,,192.0,,,,,,,,,,,,,,,,,,,,,,,,,,,,,,,,,,,,,,,,,,,,,,,,,,,,,,,,,,,,,,,,,,,,,,,,,,,,,,,,,,,,,,,,,,,,,,
2003,general,masten,MAS,28,28th District ……………,Buffalo MAS 28,,,33.0,171.0,,,,,,,138.0,,,,,,,,,,,,,,,,,,,,,,,,,,,,,,,,,,,,,,,,,,,,,,,,,,,,,,,,,,,,,,,,,,,,,,,,,,,,,,,,,,,,,,,,,,,,,,
2003,general,masten,MAS,29,29th District ……………,Buffalo MAS 29,,,35.0,147.0,,,,,,,112.0,,,,,,,,,,,,,,,,,,,,,,,,,,,,,,,,,,,,,,,,,,,,,,,,,,,,,,,,,,,,,,,,,,,,,,,,,,,,,,,,,,,,,,,,,,,,,,
2003,general,masten,MAS,30,30th District ……………,Buffalo MAS 30,,,17.0,119.0,,,,,,,102.0,,,,,,,,,,,,,,,,,,,,,,,,,,,,,,,,,,,,,,,,,,,,,,,,,,,,,,,,,,,,,,,,,,,,,,,,,,,,,,,,,,,,,,,,,,,,,,
2003,general,masten,MAS,31,31st District ……………,Buffalo MAS 31,,,30.0,139.0,,,,,,,109.0,,,,,,,,,,,,,,,,,,,,,,,,,,,,,,,,,,,,,,,,,,,,,,,,,,,,,,,,,,,,,,,,,,,,,,,,,,,,,,,,,,,,,,,,,,,,,,
2003,general,masten,MAS,32,32nd District ……………,Buffalo MAS 32,,,26.0,144.0,,,,,,,118.0,,,,,,,,,,,,,,,,,,,,,,,,,,,,,,,,,,,,,,,,,,,,,,,,,,,,,,,,,,,,,,,,,,,,,,,,,,,,,,,,,,,,,,,,,,,,,,
2003,general,masten,MAS,33,33rd District ……………,Buffalo MAS 33,,,27.0,237.0,,,,,,,210.0,,,,,,,,,,,,,,,,,,,,,,,,,,,,,,,,,,,,,,,,,,,,,,,,,,,,,,,,,,,,,,,,,,,,,,,,,,,,,,,,,,,,,,,,,,,,,,
2003,general,masten,MAS,34,34th District ……………,Buffalo MAS 34,,,28.0,129.0,,,,,,,101.0,,,,,,,,,,,,,,,,,,,,,,,,,,,,,,,,,,,,,,,,,,,,,,,,,,,,,,,,,,,,,,,,,,,,,,,,,,,,,,,,,,,,,,,,,,,,,,
2003,general,masten,MAS,35,35th District ……………,Buffalo MAS 35,,,33.0,192.0,,,,,,,159.0,,,,,,,,,,,,,,,,,,,,,,,,,,,,,,,,,,,,,,,,,,,,,,,,,,,,,,,,,,,,,,,,,,,,,,,,,,,,,,,,,,,,,,,,,,,,,,
2003,general,masten,MAS,36,36th District ……………,Buffalo MAS 36,,,24.0,129.0,,,,,,,105.0,,,,,,,,,,,,,,,,,,,,,,,,,,,,,,,,,,,,,,,,,,,,,,,,,,,,,,,,,,,,,,,,,,,,,,,,,,,,,,,,,,,,,,,,,,,,,,
2003,general,masten,MAS,37,37th District ……………,Buffalo MAS 37,,,25.0,119.0,,,,,,,94.0,,,,,,,,,,,,,,,,,,,,,,,,,,,,,,,,,,,,,,,,,,,,,,,,,,,,,,,,,,,,,,,,,,,,,,,,,,,,,,,,,,,,,,,,,,,,,,
2003,general,masten,MAS,38,38th District ……………,Buffalo MAS 38,,,36.0,135.0,,,,,,,99.0,,,,,,,,,,,,,,,,,,,,,,,,,,,,,,,,,,,,,,,,,,,,,,,,,,,,,,,,,,,,,,,,,,,,,,,,,,,,,,,,,,,,,,,,,,,,,,
2003,general,masten,MAS,39,39th District ……………,Buffalo MAS 39,,,18.0,56.0,,,,,,,38.0,,,,,,,,,,,,,,,,,,,,,,,,,,,,,,,,,,,,,,,,,,,,,,,,,,,,,,,,,,,,,,,,,,,,,,,,,,,,,,,,,,,,,,,,,,,,,,
2003,general,masten,MAS,40,40th District ……………,Buffalo MAS 40,,,32.0,171.0,,,,,,,139.0,,,,,,,,,,,,,,,,,,,,,,,,,,,,,,,,,,,,,,,,,,,,,,,,,,,,,,,,,,,,,,,,,,,,,,,,,,,,,,,,,,,,,,,,,,,,,,
2003,general,masten,MAS,41,41st District ……………,Buffalo MAS 41,,,58.0,201.0,,,,,,,143.0,,,,,,,,,,,,,,,,,,,,,,,,,,,,,,,,,,,,,,,,,,,,,,,,,,,,,,,,,,,,,,,,,,,,,,,,,,,,,,,,,,,,,,,,,,,,,,
2003,general,niagara,NIA,1,1st District ……………,Buffalo NIA 1,,,62.0,271.0,,,,,,,,202.0,7.0,,,,,,,,,,,,,,,,,,,,,,,,,,,,,,,,,,,,,,,,,,,,,,,,,,,,,,,,,,,,,,,,,,,,,,,,,,,,,,,,,,,,,,,,,,,,
2003,general,niagara,NIA,2,2nd District ……………,Buffalo NIA 2,,,32.0,120.0,,,,,,,,83.0,5.0,,,,,,,,,,,,,,,,,,,,,,,,,,,,,,,,,,,,,,,,,,,,,,,,,,,,,,,,,,,,,,,,,,,,,,,,,,,,,,,,,,,,,,,,,,,,
2003,general,niagara,NIA,3,3rd District ……………,Buffalo NIA 3,,,64.0,242.0,,,,,,,,171.0,7.0,,,,,,,,,,,,,,,,,,,,,,,,,,,,,,,,,,,,,,,,,,,,,,,,,,,,,,,,,,,,,,,,,,,,,,,,,,,,,,,,,,,,,,,,,,,,
2003,general,niagara,NIA,4,4th District ……………,Buffalo NIA 4,,,12.0,39.0,,,,,,,,25.0,2.0,,,,,,,,,,,,,,,,,,,,,,,,,,,,,,,,,,,,,,,,,,,,,,,,,,,,,,,,,,,,,,,,,,,,,,,,,,,,,,,,,,,,,,,,,,,,
2003,general,niagara,NIA,5,5th District ……………,Buffalo NIA 5,,,48.0,182.0,,,,,,,,132.0,2.0,,,,,,,,,,,,,,,,,,,,,,,,,,,,,,,,,,,,,,,,,,,,,,,,,,,,,,,,,,,,,,,,,,,,,,,,,,,,,,,,,,,,,,,,,,,,
2003,general,niagara,NIA,6,6th District ……………,Buffalo NIA 6,,,17.0,197.0,,,,,,,,169.0,11.0,,,,,,,,,,,,,,,,,,,,,,,,,,,,,,,,,,,,,,,,,,,,,,,,,,,,,,,,,,,,,,,,,,,,,,,,,,,,,,,,,,,,,,,,,,,,
2003,general,niagara,NIA,7,7th District ……………,Buffalo NIA 7,,,49.0,177.0,,,,,,,,125.0,3.0,,,,,,,,,,,,,,,,,,,,,,,,,,,,,,,,,,,,,,,,,,,,,,,,,,,,,,,,,,,,,,,,,,,,,,,,,,,,,,,,,,,,,,,,,,,,
2003,general,niagara,NIA,8,8th District ……………,Buffalo NIA 8,,,55.0,243.0,,,,,,,,175.0,13.0,,,,,,,,,,,,,,,,,,,,,,,,,,,,,,,,,,,,,,,,,,,,,,,,,,,,,,,,,,,,,,,,,,,,,,,,,,,,,,,,,,,,,,,,,,,,
2003,general,niagara,NIA,9,9th District ……………,Buffalo NIA 9,,,72.0,305.0,,,,,,,,228.0,5.0,,,,,,,,,,,,,,,,,,,,,,,,,,,,,,,,,,,,,,,,,,,,,,,,,,,,,,,,,,,,,,,,,,,,,,,,,,,,,,,,,,,,,,,,,,,,
2003,general,niagara,NIA,10,10th District ……………,Buffalo NIA 10,,,46.0,195.0,,,,,,,,147.0,2.0,,,,,,,,,,,,,,,,,,,,,,,,,,,,,,,,,,,,,,,,,,,,,,,,,,,,,,,,,,,,,,,,,,,,,,,,,,,,,,,,,,,,,,,,,,,,
2003,general,niagara,NIA,11,11th District ……………,Buffalo NIA 11,,,25.0,129.0,,,,,,,,96.0,8.0,,,,,,,,,,,,,,,,,,,,,,,,,,,,,,,,,,,,,,,,,,,,,,,,,,,,,,,,,,,,,,,,,,,,,,,,,,,,,,,,,,,,,,,,,,,,
2003,general,niagara,NIA,12,12th District ……………,Buffalo NIA 12,,,15.0,98.0,,,,,,,,77.0,6.0,,,,,,,,,,,,,,,,,,,,,,,,,,,,,,,,,,,,,,,,,,,,,,,,,,,,,,,,,,,,,,,,,,,,,,,,,,,,,,,,,,,,,,,,,,,,
2003,general,niagara,NIA,13,13th District ……………,Buffalo NIA 13,,,57.0,216.0,,,,,,,,147.0,12.0,,,,,,,,,,,,,,,,,,,,,,,,,,,,,,,,,,,,,,,,,,,,,,,,,,,,,,,,,,,,,,,,,,,,,,,,,,,,,,,,,,,,,,,,,,,,
2003,general,niagara,NIA,14,14th District ……………,Buffalo NIA 14,,,102.0,459.0,,,,,,,,350.0,7.0,,,,,,,,,,,,,,,,,,,,,,,,,,,,,,,,,,,,,,,,,,,,,,,,,,,,,,,,,,,,,,,,,,,,,,,,,,,,,,,,,,,,,,,,,,,,
2003,general,niagara,NIA,15,15th District ……………,Buffalo NIA 15,,,25.0,116.0,,,,,,,,89.0,2.0,,,,,,,,,,,,,,,,,,,,,,,,,,,,,,,,,,,,,,,,,,,,,,,,,,,,,,,,,,,,,,,,,,,,,,,,,,,,,,,,,,,,,,,,,,,,
2003,general,niagara,NIA,16,16th District ……………,Buffalo NIA 16,,,34.0,176.0,,,,,,,,140.0,2.0,,,,,,,,,,,,,,,,,,,,,,,,,,,,,,,,,,,,,,,,,,,,,,,,,,,,,,,,,,,,,,,,,,,,,,,,,,,,,,,,,,,,,,,,,,,,
2003,general,niagara,NIA,17,17th District ……………,Buffalo NIA 17,,,15.0,74.0,,,,,,,,58.0,1.0,,,,,,,,,,,,,,,,,,,,,,,,,,,,,,,,,,,,,,,,,,,,,,,,,,,,,,,,,,,,,,,,,,,,,,,,,,,,,,,,,,,,,,,,,,,,
2003,general,niagara,NIA,18,18th District ……………,Buffalo NIA 18,,,27.0,155.0,,,,,,,,122.0,6.0,,,,,,,,,,,,,,,,,,,,,,,,,,,,,,,,,,,,,,,,,,,,,,,,,,,,,,,,,,,,,,,,,,,,,,,,,,,,,,,,,,,,,,,,,,,,
2003,general,niagara,NIA,19,19th District ……………,Buffalo NIA 19,,,41.0,177.0,,,,,,,,134.0,2.0,,,,,,,,,,,,,,,,,,,,,,,,,,,,,,,,,,,,,,,,,,,,,,,,,,,,,,,,,,,,,,,,,,,,,,,,,,,,,,,,,,,,,,,,,,,,
2003,general,niagara,NIA,20,20th District ……………,Buffalo NIA 20,,,37.0,163.0,,,,,,,,122.0,4.0,,,,,,,,,,,,,,,,,,,,,,,,,,,,,,,,,,,,,,,,,,,,,,,,,,,,,,,,,,,,,,,,,,,,,,,,,,,,,,,,,,,,,,,,,,,,
2003,general,niagara,NIA,21,21st District ……………,Buffalo NIA 21,,,32.0,157.0,,,,,,,,119.0,6.0,,,,,,,,,,,,,,,,,,,,,,,,,,,,,,,,,,,,,,,,,,,,,,,,,,,,,,,,,,,,,,,,,,,,,,,,,,,,,,,,,,,,,,,,,,,,
2003,general,niagara,NIA,22,22nd District ……………,Buffalo NIA 22,,,27.0,140.0,,,,,,,,105.0,8.0,,,,,,,,,,,,,,,,,,,,,,,,,,,,,,,,,,,,,,,,,,,,,,,,,,,,,,,,,,,,,,,,,,,,,,,,,,,,,,,,,,,,,,,,,,,,
2003,general,niagara,NIA,23,23rd District ……………,Buffalo NIA 23,,,16.0,97.0,,,,,,,,79.0,2.0,,,,,,,,,,,,,,,,,,,,,,,,,,,,,,,,,,,,,,,,,,,,,,,,,,,,,,,,,,,,,,,,,,,,,,,,,,,,,,,,,,,,,,,,,,,,
2003,general,niagara,NIA,24,24th District ……………,Buffalo NIA 24,,,35.0,110.0,,,,,,,,73.0,2.0,,,,,,,,,,,,,,,,,,,,,,,,,,,,,,,,,,,,,,,,,,,,,,,,,,,,,,,,,,,,,,,,,,,,,,,,,,,,,,,,,,,,,,,,,,,,
2003,general,niagara,NIA,25,25th District ……………,Buffalo NIA 25,,,28.0,126.0,,,,,,,,89.0,9.0,,,,,,,,,,,,,,,,,,,,,,,,,,,,,,,,,,,,,,,,,,,,,,,,,,,,,,,,,,,,,,,,,,,,,,,,,,,,,,,,,,,,,,,,,,,,
2003,general,niagara,NIA,26,26th District ……………,Buffalo NIA 26,,,43.0,178.0,,,,,,,,128.0,7.0,,,,,,,,,,,,,,,,,,,,,,,,,,,,,,,,,,,,,,,,,,,,,,,,,,,,,,,,,,,,,,,,,,,,,,,,,,,,,,,,,,,,,,,,,,,,
2003,general,niagara,NIA,27,27th District ……………,Buffalo NIA 27,,,10.0,72.0,,,,,,,,60.0,2.0,,,,,,,,,,,,,,,,,,,,,,,,,,,,,,,,,,,,,,,,,,,,,,,,,,,,,,,,,,,,,,,,,,,,,,,,,,,,,,,,,,,,,,,,,,,,
2003,general,niagara,NIA,28,28th District ……………,Buffalo NIA 28,,,24.0,158.0,,,,,,,,129.0,5.0,,,,,,,,,,,,,,,,,,,,,,,,,,,,,,,,,,,,,,,,,,,,,,,,,,,,,,,,,,,,,,,,,,,,,,,,,,,,,,,,,,,,,,,,,,,,
2003,general,niagara,NIA,29,29th District ……………,Buffalo NIA 29,,,32.0,151.0,,,,,,,,114.0,5.0,,,,,,,,,,,,,,,,,,,,,,,,,,,,,,,,,,,,,,,,,,,,,,,,,,,,,,,,,,,,,,,,,,,,,,,,,,,,,,,,,,,,,,,,,,,,
2003,general,niagara,NIA,30,30th District ……………,Buffalo NIA 30,,,19.0,106.0,,,,,,,,86.0,1.0,,,,,,,,,,,,,,,,,,,,,,,,,,,,,,,,,,,,,,,,,,,,,,,,,,,,,,,,,,,,,,,,,,,,,,,,,,,,,,,,,,,,,,,,,,,,
2003,general,niagara,NIA,31,31st District ……………,Buffalo NIA 31,,,18.0,100.0,,,,,,,,81.0,1.0,,,,,,,,,,,,,,,,,,,,,,,,,,,,,,,,,,,,,,,,,,,,,,,,,,,,,,,,,,,,,,,,,,,,,,,,,,,,,,,,,,,,,,,,,,,,
2003,general,niagara,NIA,32,32nd District ……………,Buffalo NIA 32,,,25.0,116.0,,,,,,,,86.0,5.0,,,,,,,,,,,,,,,,,,,,,,,,,,,,,,,,,,,,,,,,,,,,,,,,,,,,,,,,,,,,,,,,,,,,,,,,,,,,,,,,,,,,,,,,,,,,
2003,general,north,NOR,1,1st District ……………,Buffalo NOR 1,,,61.0,298.0,,,,,,,,,,237.0,,,,,,,,,,,,,,,,,,,,,,,,,,,,,,,,,,,,,,,,,,,,,,,,,,,,,,,,,,,,,,,,,,,,,,,,,,,,,,,,,,,,,,,,,,,
2003,general,north,NOR,2,2nd District ……………,Buffalo NOR 2,,,22.0,48.0,,,,,,,,,,26.0,,,,,,,,,,,,,,,,,,,,,,,,,,,,,,,,,,,,,,,,,,,,,,,,,,,,,,,,,,,,,,,,,,,,,,,,,,,,,,,,,,,,,,,,,,,
2003,general,north,NOR,3,3rd District ……………,Buffalo NOR 3,,,65.0,314.0,,,,,,,,,,249.0,,,,,,,,,,,,,,,,,,,,,,,,,,,,,,,,,,,,,,,,,,,,,,,,,,,,,,,,,,,,,,,,,,,,,,,,,,,,,,,,,,,,,,,,,,,
2003,general,north,NOR,4,4th District ……………,Buffalo NOR 4,,,49.0,235.0,,,,,,,,,,186.0,,,,,,,,,,,,,,,,,,,,,,,,,,,,,,,,,,,,,,,,,,,,,,,,,,,,,,,,,,,,,,,,,,,,,,,,,,,,,,,,,,,,,,,,,,,
2003,general,north,NOR,5,5th District ……………,Buffalo NOR 5,,,56.0,216.0,,,,,,,,,,160.0,,,,,,,,,,,,,,,,,,,,,,,,,,,,,,,,,,,,,,,,,,,,,,,,,,,,,,,,,,,,,,,,,,,,,,,,,,,,,,,,,,,,,,,,,,,
2003,general,north,NOR,6,6th District ……………,Buffalo NOR 6,,,36.0,137.0,,,,,,,,,,101.0,,,,,,,,,,,,,,,,,,,,,,,,,,,,,,,,,,,,,,,,,,,,,,,,,,,,,,,,,,,,,,,,,,,,,,,,,,,,,,,,,,,,,,,,,,,
2003,general,north,NOR,7,7th District ……………,Buffalo NOR 7,,,121.0,302.0,,,,,,,,,,181.0,,,,,,,,,,,,,,,,,,,,,,,,,,,,,,,,,,,,,,,,,,,,,,,,,,,,,,,,,,,,,,,,,,,,,,,,,,,,,,,,,,,,,,,,,,,
2003,general,north,NOR,8,8th District ……………,Buffalo NOR 8,,,39.0,123.0,,,,,,,,,,84.0,,,,,,,,,,,,,,,,,,,,,,,,,,,,,,,,,,,,,,,,,,,,,,,,,,,,,,,,,,,,,,,,,,,,,,,,,,,,,,,,,,,,,,,,,,,
2003,general,north,NOR,9,9th District ……………,Buffalo NOR 9,,,96.0,315.0,,,,,,,,,,219.0,,,,,,,,,,,,,,,,,,,,,,,,,,,,,,,,,,,,,,,,,,,,,,,,,,,,,,,,,,,,,,,,,,,,,,,,,,,,,,,,,,,,,,,,,,,
2003,general,north,NOR,10,10th District ……………,Buffalo NOR 10,,,66.0,173.0,,,,,,,,,,107.0,,,,,,,,,,,,,,,,,,,,,,,,,,,,,,,,,,,,,,,,,,,,,,,,,,,,,,,,,,,,,,,,,,,,,,,,,,,,,,,,,,,,,,,,,,,
2003,general,north,NOR,11,11th District ……………,Buffalo NOR 11,,,47.0,198.0,,,,,,,,,,151.0,,,,,,,,,,,,,,,,,,,,,,,,,,,,,,,,,,,,,,,,,,,,,,,,,,,,,,,,,,,,,,,,,,,,,,,,,,,,,,,,,,,,,,,,,,,
2003,general,north,NOR,12,12th District ……………,Buffalo NOR 12,,,70.0,278.0,,,,,,,,,,208.0,,,,,,,,,,,,,,,,,,,,,,,,,,,,,,,,,,,,,,,,,,,,,,,,,,,,,,,,,,,,,,,,,,,,,,,,,,,,,,,,,,,,,,,,,,,
2003,general,north,NOR,13,13th District ……………,Buffalo NOR 13,,,58.0,223.0,,,,,,,,,,165.0,,,,,,,,,,,,,,,,,,,,,,,,,,,,,,,,,,,,,,,,,,,,,,,,,,,,,,,,,,,,,,,,,,,,,,,,,,,,,,,,,,,,,,,,,,,
2003,general,north,NOR,14,14th District ……………,Buffalo NOR 14,,,44.0,124.0,,,,,,,,,,80.0,,,,,,,,,,,,,,,,,,,,,,,,,,,,,,,,,,,,,,,,,,,,,,,,,,,,,,,,,,,,,,,,,,,,,,,,,,,,,,,,,,,,,,,,,,,
2003,general,north,NOR,15,15th District ……………,Buffalo NOR 15,,,48.0,181.0,,,,,,,,,,133.0,,,,,,,,,,,,,,,,,,,,,,,,,,,,,,,,,,,,,,,,,,,,,,,,,,,,,,,,,,,,,,,,,,,,,,,,,,,,,,,,,,,,,,,,,,,
2003,general,north,NOR,16,16th District ……………,Buffalo NOR 16,,,9.0,35.0,,,,,,,,,,26.0,,,,,,,,,,,,,,,,,,,,,,,,,,,,,,,,,,,,,,,,,,,,,,,,,,,,,,,,,,,,,,,,,,,,,,,,,,,,,,,,,,,,,,,,,,,
2003,general,north,NOR,17,17th District ……………,Buffalo NOR 17,,,183.0,389.0,,,,,,,,,,206.0,,,,,,,,,,,,,,,,,,,,,,,,,,,,,,,,,,,,,,,,,,,,,,,,,,,,,,,,,,,,,,,,,,,,,,,,,,,,,,,,,,,,,,,,,,,
2003,general,north,NOR,18,18th District ……………,Buffalo NOR 18,,,58.0,208.0,,,,,,,,,,150.0,,,,,,,,,,,,,,,,,,,,,,,,,,,,,,,,,,,,,,,,,,,,,,,,,,,,,,,,,,,,,,,,,,,,,,,,,,,,,,,,,,,,,,,,,,,
2003,general,north,NOR,19,19th District ……………,Buffalo NOR 19,,,106.0,302.0,,,,,,,,,,196.0,,,,,,,,,,,,,,,,,,,,,,,,,,,,,,,,,,,,,,,,,,,,,,,,,,,,,,,,,,,,,,,,,,,,,,,,,,,,,,,,,,,,,,,,,,,
2003,general,north,NOR,20,20th District ……………,Buffalo NOR 20,,,40.0,196.0,,,,,,,,,,156.0,,,,,,,,,,,,,,,,,,,,,,,,,,,,,,,,,,,,,,,,,,,,,,,,,,,,,,,,,,,,,,,,,,,,,,,,,,,,,,,,,,,,,,,,,,,
2003,general,north,NOR,21,21st District ……………,Buffalo NOR 21,,,25.0,96.0,,,,,,,,,,71.0,,,,,,,,,,,,,,,,,,,,,,,,,,,,,,,,,,,,,,,,,,,,,,,,,,,,,,,,,,,,,,,,,,,,,,,,,,,,,,,,,,,,,,,,,,,
2003,general,north,NOR,22,22nd District ……………,Buffalo NOR 22,,,31.0,88.0,,,,,,,,,,57.0,,,,,,,,,,,,,,,,,,,,,,,,,,,,,,,,,,,,,,,,,,,,,,,,,,,,,,,,,,,,,,,,,,,,,,,,,,,,,,,,,,,,,,,,,,,
2003,general,north,NOR,23,23rd District ……………,Buffalo NOR 23,,,34.0,120.0,,,,,,,,,,86.0,,,,,,,,,,,,,,,,,,,,,,,,,,,,,,,,,,,,,,,,,,,,,,,,,,,,,,,,,,,,,,,,,,,,,,,,,,,,,,,,,,,,,,,,,,,
2003,general,north,NOR,24,24th District ……………,Buffalo NOR 24,,,70.0,171.0,,,,,,,,,,101.0,,,,,,,,,,,,,,,,,,,,,,,,,,,,,,,,,,,,,,,,,,,,,,,,,,,,,,,,,,,,,,,,,,,,,,,,,,,,,,,,,,,,,,,,,,,
2003,general,north,NOR,25,25th District ……………,Buffalo NOR 25,,,84.0,246.0,,,,,,,,,,162.0,,,,,,,,,,,,,,,,,,,,,,,,,,,,,,,,,,,,,,,,,,,,,,,,,,,,,,,,,,,,,,,,,,,,,,,,,,,,,,,,,,,,,,,,,,,
2003,general,north,NOR,26,26th District ……………,Buffalo NOR 26,,,23.0,69.0,,,,,,,,,,46.0,,,,,,,,,,,,,,,,,,,,,,,,,,,,,,,,,,,,,,,,,,,,,,,,,,,,,,,,,,,,,,,,,,,,,,,,,,,,,,,,,,,,,,,,,,,
2003,general,north,NOR,27,27th District ……………,Buffalo NOR 27,,,32.0,98.0,,,,,,,,,,66.0,,,,,,,,,,,,,,,,,,,,,,,,,,,,,,,,,,,,,,,,,,,,,,,,,,,,,,,,,,,,,,,,,,,,,,,,,,,,,,,,,,,,,,,,,,,
2003,general,north,NOR,28,28th District ……………,Buffalo NOR 28,,,74.0,241.0,,,,,,,,,,167.0,,,,,,,,,,,,,,,,,,,,,,,,,,,,,,,,,,,,,,,,,,,,,,,,,,,,,,,,,,,,,,,,,,,,,,,,,,,,,,,,,,,,,,,,,,,
2003,general,north,NOR,29,29th District ……………,Buffalo NOR 29,,,49.0,216.0,,,,,,,,,,167.0,,,,,,,,,,,,,,,,,,,,,,,,,,,,,,,,,,,,,,,,,,,,,,,,,,,,,,,,,,,,,,,,,,,,,,,,,,,,,,,,,,,,,,,,,,,
2003,general,north,NOR,30,30th District ……………,Buffalo NOR 30,,,33.0,83.0,,,,,,,,,,50.0,,,,,,,,,,,,,,,,,,,,,,,,,,,,,,,,,,,,,,,,,,,,,,,,,,,,,,,,,,,,,,,,,,,,,,,,,,,,,,,,,,,,,,,,,,,
2003,general,north,NOR,31,31st District ……………,Buffalo NOR 31,,,153.0,379.0,,,,,,,,,,226.0,,,,,,,,,,,,,,,,,,,,,,,,,,,,,,,,,,,,,,,,,,,,,,,,,,,,,,,,,,,,,,,,,,,,,,,,,,,,,,,,,,,,,,,,,,,
2003,general,south,SOU,1,1st District ……………,Buffalo SOU 1,,,9.0,234.0,,,,,,,,,,,5.0,142.0,78.0,,,,,,,,,,,,,,,,,,,,,,,,,,,,,,,,,,,,,,,,,,,,,,,,,,,,,,,,,,,,,,,,,,,,,,,,,,,,,,,,,,,,,,,,
2003,general,south,SOU,2,2nd District ……………,Buffalo SOU 2,,,16.0,237.0,,,,,,,,,,,10.0,147.0,64.0,,,,,,,,,,,,,,,,,,,,,,,,,,,,,,,,,,,,,,,,,,,,,,,,,,,,,,,,,,,,,,,,,,,,,,,,,,,,,,,,,,,,,,,,
2003,general,south,SOU,3,3rd District ……………,Buffalo SOU 3,,,7.0,299.0,,,,,,,,,,,12.0,158.0,122.0,,,,,,,,,,,,,,,,,,,,,,,,,,,,,,,,,,,,,,,,,,,,,,,,,,,,,,,,,,,,,,,,,,,,,,,,,,,,,,,,,,,,,,,,
2003,general,south,SOU,4,4th District ……………,Buffalo SOU 4,,,11.0,211.0,,,,,,,,,,,5.0,117.0,78.0,,,,,,,,,,,,,,,,,,,,,,,,,,,,,,,,,,,,,,,,,,,,,,,,,,,,,,,,,,,,,,,,,,,,,,,,,,,,,,,,,,,,,,,,
2003,general,south,SOU,5,5th District ……………,Buffalo SOU 5,,,11.0,249.0,,,,,,,,,,,8.0,118.0,112.0,,,,,,,,,,,,,,,,,,,,,,,,,,,,,,,,,,,,,,,,,,,,,,,,,,,,,,,,,,,,,,,,,,,,,,,,,,,,,,,,,,,,,,,,
2003,general,south,SOU,6,6th District ……………,Buffalo SOU 6,,,14.0,432.0,,,,,,,,,,,12.0,287.0,119.0,,,,,,,,,,,,,,,,,,,,,,,,,,,,,,,,,,,,,,,,,,,,,,,,,,,,,,,,,,,,,,,,,,,,,,,,,,,,,,,,,,,,,,,,
2003,general,south,SOU,7,7th District ……………,Buffalo SOU 7,,,15.0,334.0,,,,,,,,,,,13.0,235.0,71.0,,,,,,,,,,,,,,,,,,,,,,,,,,,,,,,,,,,,,,,,,,,,,,,,,,,,,,,,,,,,,,,,,,,,,,,,,,,,,,,,,,,,,,,,
2003,general,south,SOU,8,8th District ……………,Buffalo SOU 8,,,19.0,325.0,,,,,,,,,,,5.0,189.0,112.0,,,,,,,,,,,,,,,,,,,,,,,,,,,,,,,,,,,,,,,,,,,,,,,,,,,,,,,,,,,,,,,,,,,,,,,,,,,,,,,,,,,,,,,,
2003,general,south,SOU,9,9th District ……………,Buffalo SOU 9,,,24.0,427.0,,,,,,,,,,,21.0,229.0,153.0,,,,,,,,,,,,,,,,,,,,,,,,,,,,,,,,,,,,,,,,,,,,,,,,,,,,,,,,,,,,,,,,,,,,,,,,,,,,,,,,,,,,,,,,
2003,general,south,SOU,10,10th District ……………,Buffalo SOU 10,,,9.0,391.0,,,,,,,,,,,10.0,199.0,173.0,,,,,,,,,,,,,,,,,,,,,,,,,,,,,,,,,,,,,,,,,,,,,,,,,,,,,,,,,,,,,,,,,,,,,,,,,,,,,,,,,,,,,,,,
2003,general,south,SOU,11,11th District ……………,Buffalo SOU 11,,,12.0,293.0,,,,,,,,,,,10.0,134.0,137.0,,,,,,,,,,,,,,,,,,,,,,,,,,,,,,,,,,,,,,,,,,,,,,,,,,,,,,,,,,,,,,,,,,,,,,,,,,,,,,,,,,,,,,,,
2003,general,south,SOU,12,12th District ……………,Buffalo SOU 12,,,12.0,277.0,,,,,,,,,,,14.0,168.0,83.0,,,,,,,,,,,,,,,,,,,,,,,,,,,,,,,,,,,,,,,,,,,,,,,,,,,,,,,,,,,,,,,,,,,,,,,,,,,,,,,,,,,,,,,,
2003,general,south,SOU,13,13th District ……………,Buffalo SOU 13,,,13.0,332.0,,,,,,,,,,,15.0,204.0,100.0,,,,,,,,,,,,,,,,,,,,,,,,,,,,,,,,,,,,,,,,,,,,,,,,,,,,,,,,,,,,,,,,,,,,,,,,,,,,,,,,,,,,,,,,
2003,general,south,SOU,14,14th District ……………,Buffalo SOU 14,,,16.0,256.0,,,,,,,,,,,14.0,171.0,55.0,,,,,,,,,,,,,,,,,,,,,,,,,,,,,,,,,,,,,,,,,,,,,,,,,,,,,,,,,,,,,,,,,,,,,,,,,,,,,,,,,,,,,,,,
2003,general,south,SOU,15,15th District ……………,Buffalo SOU 15,,,21.0,385.0,,,,,,,,,,,13.0,212.0,139.0,,,,,,,,,,,,,,,,,,,,,,,,,,,,,,,,,,,,,,,,,,,,,,,,,,,,,,,,,,,,,,,,,,,,,,,,,,,,,,,,,,,,,,,,
2003,general,south,SOU,16,16th District ……………,Buffalo SOU 16,,,12.0,315.0,,,,,,,,,,,12.0,226.0,65.0,,,,,,,,,,,,,,,,,,,,,,,,,,,,,,,,,,,,,,,,,,,,,,,,,,,,,,,,,,,,,,,,,,,,,,,,,,,,,,,,,,,,,,,,
2003,general,south,SOU,17,17th District ……………,Buffalo SOU 17,,,11.0,327.0,,,,,,,,,,,14.0,226.0,76.0,,,,,,,,,,,,,,,,,,,,,,,,,,,,,,,,,,,,,,,,,,,,,,,,,,,,,,,,,,,,,,,,,,,,,,,,,,,,,,,,,,,,,,,,
2003,general,south,SOU,18,18th District ……………,Buffalo SOU 18,,,24.0,520.0,,,,,,,,,,,19.0,310.0,167.0,,,,,,,,,,,,,,,,,,,,,,,,,,,,,,,,,,,,,,,,,,,,,,,,,,,,,,,,,,,,,,,,,,,,,,,,,,,,,,,,,,,,,,,,
2003,general,south,SOU,19,19th District ……………,Buffalo SOU 19,,,23.0,398.0,,,,,,,,,,,13.0,227.0,135.0,,,,,,,,,,,,,,,,,,,,,,,,,,,,,,,,,,,,,,,,,,,,,,,,,,,,,,,,,,,,,,,,,,,,,,,,,,,,,,,,,,,,,,,,
2003,general,south,SOU,20,20th District ……………,Buffalo SOU 20,,,10.0,199.0,,,,,,,,,,,6.0,130.0,53.0,,,,,,,,,,,,,,,,,,,,,,,,,,,,,,,,,,,,,,,,,,,,,,,,,,,,,,,,,,,,,,,,,,,,,,,,,,,,,,,,,,,,,,,,
2003,general,south,SOU,21,21st District ……………,Buffalo SOU 21,,,8.0,170.0,,,,,,,,,,,13.0,111.0,38.0,,,,,,,,,,,,,,,,,,,,,,,,,,,,,,,,,,,,,,,,,,,,,,,,,,,,,,,,,,,,,,,,,,,,,,,,,,,,,,,,,,,,,,,,
2003,general,south,SOU,22,22nd District ……………,Buffalo SOU 22,,,6.0,144.0,,,,,,,,,,,3.0,117.0,18.0,,,,,,,,,,,,,,,,,,,,,,,,,,,,,,,,,,,,,,,,,,,,,,,,,,,,,,,,,,,,,,,,,,,,,,,,,,,,,,,,,,,,,,,,
2003,general,south,SOU,23,23rd District ……………,Buffalo SOU 23,,,13.0,367.0,,,,,,,,,,,14.0,230.0,110.0,,,,,,,,,,,,,,,,,,,,,,,,,,,,,,,,,,,,,,,,,,,,,,,,,,,,,,,,,,,,,,,,,,,,,,,,,,,,,,,,,,,,,,,,
2003,general,south,SOU,24,24th District ……………,Buffalo SOU 24,,,13.0,216.0,,,,,,,,,,,10.0,102.0,91.0,,,,,,,,,,,,,,,,,,,,,,,,,,,,,,,,,,,,,,,,,,,,,,,,,,,,,,,,,,,,,,,,,,,,,,,,,,,,,,,,,,,,,,,,
2003,general,south,SOU,25,25th District ……………,Buffalo SOU 25,,,7.0,209.0,,,,,,,,,,,8.0,117.0,77.0,,,,,,,,,,,,,,,,,,,,,,,,,,,,,,,,,,,,,,,,,,,,,,,,,,,,,,,,,,,,,,,,,,,,,,,,,,,,,,,,,,,,,,,,
2003,general,south,SOU,26,26th District ……………,Buffalo SOU 26,,,4.0,208.0,,,,,,,,,,,5.0,101.0,98.0,,,,,,,,,,,,,,,,,,,,,,,,,,,,,,,,,,,,,,,,,,,,,,,,,,,,,,,,,,,,,,,,,,,,,,,,,,,,,,,,,,,,,,,,
2003,general,south,SOU,27,27th District ……………,Buffalo SOU 27,,,12.0,286.0,,,,,,,,,,,14.0,185.0,75.0,,,,,,,,,,,,,,,,,,,,,,,,,,,,,,,,,,,,,,,,,,,,,,,,,,,,,,,,,,,,,,,,,,,,,,,,,,,,,,,,,,,,,,,,
2003,general,south,SOU,28,28th District ……………,Buffalo SOU 28,,,9.0,379.0,,,,,,,,,,,11.0,235.0,124.0,,,,,,,,,,,,,,,,,,,,,,,,,,,,,,,,,,,,,,,,,,,,,,,,,,,,,,,,,,,,,,,,,,,,,,,,,,,,,,,,,,,,,,,,
2003,general,south,SOU,29,29th District ……………,Buffalo SOU 29,,,20.0,330.0,,,,,,,,,,,14.0,207.0,89.0,,,,,,,,,,,,,,,,,,,,,,,,,,,,,,,,,,,,,,,,,,,,,,,,,,,,,,,,,,,,,,,,,,,,,,,,,,,,,,,,,,,,,,,,
2003,general,south,SOU,30,30th District ……………,Buffalo SOU 30,,,8.0,210.0,,,,,,,,,,,5.0,121.0,76.0,,,,,,,,,,,,,,,,,,,,,,,,,,,,,,,,,,,,,,,,,,,,,,,,,,,,,,,,,,,,,,,,,,,,,,,,,,,,,,,,,,,,,,,,
2003,general,south,SOU,31,31st District ……………,Buffalo SOU 31,,,14.0,265.0,,,,,,,,,,,9.0,150.0,92.0,,,,,,,,,,,,,,,,,,,,,,,,,,,,,,,,,,,,,,,,,,,,,,,,,,,,,,,,,,,,,,,,,,,,,,,,,,,,,,,,,,,,,,,,
2003,general,south,SOU,32,32nd District ……………,Buffalo SOU 32,,,10.0,280.0,,,,,,,,,,,21.0,193.0,56.0,,,,,,,,,,,,,,,,,,,,,,,,,,,,,,,,,,,,,,,,,,,,,,,,,,,,,,,,,,,,,,,,,,,,,,,,,,,,,,,,,,,,,,,,
2003,general,south,SOU,33,33rd District ……………,Buffalo SOU 33,,,15.0,291.0,,,,,,,,,,,10.0,194.0,72.0,,,,,,,,,,,,,,,,,,,,,,,,,,,,,,,,,,,,,,,,,,,,,,,,,,,,,,,,,,,,,,,,,,,,,,,,,,,,,,,,,,,,,,,,
2003,general,university,UNI,1,1st District ……………,Buffalo UNI 1,,,24.0,183.0,,,,,,,,,,,,,,159.0,,,,,,,,,,,,,,,,,,,,,,,,,,,,,,,,,,,,,,,,,,,,,,,,,,,,,,,,,,,,,,,,,,,,,,,,,,,,,,,,,,,,,,,
2003,general,university,UNI,2,2nd District ……………,Buffalo UNI 2,,,60.0,291.0,,,,,,,,,,,,,,231.0,,,,,,,,,,,,,,,,,,,,,,,,,,,,,,,,,,,,,,,,,,,,,,,,,,,,,,,,,,,,,,,,,,,,,,,,,,,,,,,,,,,,,,,
2003,general,university,UNI,3,3rd District ……………,Buffalo UNI 3,,,45.0,196.0,,,,,,,,,,,,,,151.0,,,,,,,,,,,,,,,,,,,,,,,,,,,,,,,,,,,,,,,,,,,,,,,,,,,,,,,,,,,,,,,,,,,,,,,,,,,,,,,,,,,,,,,
2003,general,university,UNI,4,4th District ……………,Buffalo UNI 4,,,54.0,322.0,,,,,,,,,,,,,,268.0,,,,,,,,,,,,,,,,,,,,,,,,,,,,,,,,,,,,,,,,,,,,,,,,,,,,,,,,,,,,,,,,,,,,,,,,,,,,,,,,,,,,,,,
2003,general,university,UNI,5,5th District ……………,Buffalo UNI 5,,,44.0,282.0,,,,,,,,,,,,,,238.0,,,,,,,,,,,,,,,,,,,,,,,,,,,,,,,,,,,,,,,,,,,,,,,,,,,,,,,,,,,,,,,,,,,,,,,,,,,,,,,,,,,,,,,
2003,general,university,UNI,6,6th District ……………,Buffalo UNI 6,,,42.0,178.0,,,,,,,,,,,,,,136.0,,,,,,,,,,,,,,,,,,,,,,,,,,,,,,,,,,,,,,,,,,,,,,,,,,,,,,,,,,,,,,,,,,,,,,,,,,,,,,,,,,,,,,,
2003,general,university,UNI,7,7th District ……………,Buffalo UNI 7,,,31.0,148.0,,,,,,,,,,,,,,117.0,,,,,,,,,,,,,,,,,,,,,,,,,,,,,,,,,,,,,,,,,,,,,,,,,,,,,,,,,,,,,,,,,,,,,,,,,,,,,,,,,,,,,,,
2003,general,university,UNI,8,8th District ……………,Buffalo UNI 8,,,49.0,232.0,,,,,,,,,,,,,,183.0,,,,,,,,,,,,,,,,,,,,,,,,,,,,,,,,,,,,,,,,,,,,,,,,,,,,,,,,,,,,,,,,,,,,,,,,,,,,,,,,,,,,,,,
2003,general,university,UNI,9,9th District ……………,Buffalo UNI 9,,,37.0,195.0,,,,,,,,,,,,,,158.0,,,,,,,,,,,,,,,,,,,,,,,,,,,,,,,,,,,,,,,,,,,,,,,,,,,,,,,,,,,,,,,,,,,,,,,,,,,,,,,,,,,,,,,
2003,general,university,UNI,10,10th District ……………,Buffalo UNI 10,,,33.0,191.0,,,,,,,,,,,,,,158.0,,,,,,,,,,,,,,,,,,,,,,,,,,,,,,,,,,,,,,,,,,,,,,,,,,,,,,,,,,,,,,,,,,,,,,,,,,,,,,,,,,,,,,,
2003,general,university,UNI,11,11th District ……………,Buffalo UNI 11,,,62.0,272.0,,,,,,,,,,,,,,210.0,,,,,,,,,,,,,,,,,,,,,,,,,,,,,,,,,,,,,,,,,,,,,,,,,,,,,,,,,,,,,,,,,,,,,,,,,,,,,,,,,,,,,,,
2003,general,university,UNI,12,12th District ……………,Buffalo UNI 12,,,13.0,31.0,,,,,,,,,,,,,,18.0,,,,,,,,,,,,,,,,,,,,,,,,,,,,,,,,,,,,,,,,,,,,,,,,,,,,,,,,,,,,,,,,,,,,,,,,,,,,,,,,,,,,,,,
2003,general,university,UNI,13,13th District ……………,Buffalo UNI 13,,,42.0,219.0,,,,,,,,,,,,,,177.0,,,,,,,,,,,,,,,,,,,,,,,,,,,,,,,,,,,,,,,,,,,,,,,,,,,,,,,,,,,,,,,,,,,,,,,,,,,,,,,,,,,,,,,
2003,general,university,UNI,14,14th District ……………,Buffalo UNI 14,,,2.0,2.0,,,,,,,,,,,,,,0.0,,,,,,,,,,,,,,,,,,,,,,,,,,,,,,,,,,,,,,,,,,,,,,,,,,,,,,,,,,,,,,,,,,,,,,,,,,,,,,,,,,,,,,,
2003,general,university,UNI,15,15th District ……………,Buffalo UNI 15,,,20.0,157.0,,,,,,,,,,,,,,137.0,,,,,,,,,,,,,,,,,,,,,,,,,,,,,,,,,,,,,,,,,,,,,,,,,,,,,,,,,,,,,,,,,,,,,,,,,,,,,,,,,,,,,,,
2003,general,university,UNI,16,16th District ……………,Buffalo UNI 16,,,53.0,319.0,,,,,,,,,,,,,,266.0,,,,,,,,,,,,,,,,,,,,,,,,,,,,,,,,,,,,,,,,,,,,,,,,,,,,,,,,,,,,,,,,,,,,,,,,,,,,,,,,,,,,,,,
2003,general,university,UNI,17,17th District ……………,Buffalo UNI 17,,,6.0,43.0,,,,,,,,,,,,,,37.0,,,,,,,,,,,,,,,,,,,,,,,,,,,,,,,,,,,,,,,,,,,,,,,,,,,,,,,,,,,,,,,,,,,,,,,,,,,,,,,,,,,,,,,
2003,general,university,UNI,18,18th District ……………,Buffalo UNI 18,,,50.0,332.0,,,,,,,,,,,,,,282.0,,,,,,,,,,,,,,,,,,,,,,,,,,,,,,,,,,,,,,,,,,,,,,,,,,,,,,,,,,,,,,,,,,,,,,,,,,,,,,,,,,,,,,,
2003,general,university,UNI,19,19th District ……………,Buffalo UNI 19,,,48.0,136.0,,,,,,,,,,,,,,88.0,,,,,,,,,,,,,,,,,,,,,,,,,,,,,,,,,,,,,,,,,,,,,,,,,,,,,,,,,,,,,,,,,,,,,,,,,,,,,,,,,,,,,,,
2003,general,university,UNI,20,20th District ……………,Buffalo UNI 20,,,45.0,211.0,,,,,,,,,,,,,,166.0,,,,,,,,,,,,,,,,,,,,,,,,,,,,,,,,,,,,,,,,,,,,,,,,,,,,,,,,,,,,,,,,,,,,,,,,,,,,,,,,,,,,,,,
2003,general,university,UNI,21,21st District ……………,Buffalo UNI 21,,,15.0,104.0,,,,,,,,,,,,,,89.0,,,,,,,,,,,,,,,,,,,,,,,,,,,,,,,,,,,,,,,,,,,,,,,,,,,,,,,,,,,,,,,,,,,,,,,,,,,,,,,,,,,,,,,
2003,general,university,UNI,22,22nd District ……………,Buffalo UNI 22,,,31.0,176.0,,,,,,,,,,,,,,145.0,,,,,,,,,,,,,,,,,,,,,,,,,,,,,,,,,,,,,,,,,,,,,,,,,,,,,,,,,,,,,,,,,,,,,,,,,,,,,,,,,,,,,,,
2003,general,university,UNI,23,23rd District ……………,Buffalo UNI 23,,,39.0,228.0,,,,,,,,,,,,,,189.0,,,,,,,,,,,,,,,,,,,,,,,,,,,,,,,,,,,,,,,,,,,,,,,,,,,,,,,,,,,,,,,,,,,,,,,,,,,,,,,,,,,,,,,
2003,general,university,UNI,24,24th District ……………,Buffalo UNI 24,,,31.0,192.0,,,,,,,,,,,,,,161.0,,,,,,,,,,,,,,,,,,,,,,,,,,,,,,,,,,,,,,,,,,,,,,,,,,,,,,,,,,,,,,,,,,,,,,,,,,,,,,,,,,,,,,,
2003,general,university,UNI,25,25th District ……………,Buffalo UNI 25,,,32.0,233.0,,,,,,,,,,,,,,201.0,,,,,,,,,,,,,,,,,,,,,,,,,,,,,,,,,,,,,,,,,,,,,,,,,,,,,,,,,,,,,,,,,,,,,,,,,,,,,,,,,,,,,,,
2003,general,university,UNI,26,26th District ……………,Buffalo UNI 26,,,20.0,190.0,,,,,,,,,,,,,,170.0,,,,,,,,,,,,,,,,,,,,,,,,,,,,,,,,,,,,,,,,,,,,,,,,,,,,,,,,,,,,,,,,,,,,,,,,,,,,,,,,,,,,,,,
2003,general,university,UNI,27,27th District ……………,Buffalo UNI 27,,,47.0,290.0,,,,,,,,,,,,,,243.0,,,,,,,,,,,,,,,,,,,,,,,,,,,,,,,,,,,,,,,,,,,,,,,,,,,,,,,,,,,,,,,,,,,,,,,,,,,,,,,,,,,,,,,
2003,general,university,UNI,28,28th District ……………,Buffalo UNI 28,,,50.0,250.0,,,,,,,,,,,,,,200.0,,,,,,,,,,,,,,,,,,,,,,,,,,,,,,,,,,,,,,,,,,,,,,,,,,,,,,,,,,,,,,,,,,,,,,,,,,,,,,,,,,,,,,,
2003,general,university,UNI,29,29th District ……………,Buffalo UNI 29,,,31.0,174.0,,,,,,,,,,,,,,143.0,,,,,,,,,,,,,,,,,,,,,,,,,,,,,,,,,,,,,,,,,,,,,,,,,,,,,,,,,,,,,,,,,,,,,,,,,,,,,,,,,,,,,,,
2003,general,university,UNI,30,30th District ……………,Buffalo UNI 30,,,24.0,184.0,,,,,,,,,,,,,,160.0,,,,,,,,,,,,,,,,,,,,,,,,,,,,,,,,,,,,,,,,,,,,,,,,,,,,,,,,,,,,,,,,,,,,,,,,,,,,,,,,,,,,,,,
2003,general,university,UNI,31,31st District ……………,Buffalo UNI 31,,,87.0,423.0,,,,,,,,,,,,,,336.0,,,,,,,,,,,,,,,,,,,,,,,,,,,,,,,,,,,,,,,,,,,,,,,,,,,,,,,,,,,,,,,,,,,,,,,,,,,,,,,,,,,,,,,
2003,primary,ellicott,ELL,1,1st District ……………,Buffalo ELL 1,,,3.0,24.0,10.0,,,,,,,,,,,,,,11.0,,,,,,,,,,,,,,,,,,,,,,,,,,,,,,,,,,,,,,,,,,,,,,,,,,,,,,,,,,,,,,,,,,,,,,,,,,,,,,,,,,,,,,
2003,primary,ellicott,ELL,2,2nd District ……………,Buffalo ELL 2,,,6.0,67.0,52.0,,,,,,,,,,,,,,9.0,,,,,,,,,,,,,,,,,,,,,,,,,,,,,,,,,,,,,,,,,,,,,,,,,,,,,,,,,,,,,,,,,,,,,,,,,,,,,,,,,,,,,,
2003,primary,ellicott,ELL,3,3rd District ……………,Buffalo ELL 3,,,17.0,94.0,71.0,,,,,,,,,,,,,,6.0,,,,,,,,,,,,,,,,,,,,,,,,,,,,,,,,,,,,,,,,,,,,,,,,,,,,,,,,,,,,,,,,,,,,,,,,,,,,,,,,,,,,,,
2003,primary,ellicott,ELL,4,4th District ……………,Buffalo ELL 4,,,12.0,72.0,52.0,,,,,,,,,,,,,,8.0,,,,,,,,,,,,,,,,,,,,,,,,,,,,,,,,,,,,,,,,,,,,,,,,,,,,,,,,,,,,,,,,,,,,,,,,,,,,,,,,,,,,,,
2003,primary,ellicott,ELL,5,5th District ……………,Buffalo ELL 5,,,6.0,54.0,44.0,,,,,,,,,,,,,,4.0,,,,,,,,,,,,,,,,,,,,,,,,,,,,,,,,,,,,,,,,,,,,,,,,,,,,,,,,,,,,,,,,,,,,,,,,,,,,,,,,,,,,,,
2003,primary,ellicott,ELL,6,6th District ……………,Buffalo ELL 6,,,10.0,98.0,74.0,,,,,,,,,,,,,,14.0,,,,,,,,,,,,,,,,,,,,,,,,,,,,,,,,,,,,,,,,,,,,,,,,,,,,,,,,,,,,,,,,,,,,,,,,,,,,,,,,,,,,,,
2003,primary,ellicott,ELL,7,7th District ……………,Buffalo ELL 7,,,12.0,45.0,29.0,,,,,,,,,,,,,,4.0,,,,,,,,,,,,,,,,,,,,,,,,,,,,,,,,,,,,,,,,,,,,,,,,,,,,,,,,,,,,,,,,,,,,,,,,,,,,,,,,,,,,,,
2003,primary,ellicott,ELL,8,8th District ……………,Buffalo ELL 8,,,35.0,96.0,52.0,,,,,,,,,,,,,,9.0,,,,,,,,,,,,,,,,,,,,,,,,,,,,,,,,,,,,,,,,,,,,,,,,,,,,,,,,,,,,,,,,,,,,,,,,,,,,,,,,,,,,,,
2003,primary,ellicott,ELL,9,9th District ……………,Buffalo ELL 9,,,24.0,91.0,49.0,,,,,,,,,,,,,,18.0,,,,,,,,,,,,,,,,,,,,,,,,,,,,,,,,,,,,,,,,,,,,,,,,,,,,,,,,,,,,,,,,,,,,,,,,,,,,,,,,,,,,,,
2003,primary,ellicott,ELL,10,10th District ……………,Buffalo ELL 10,,,0.0,0.0,0.0,,,,,,,,,,,,,,0.0,,,,,,,,,,,,,,,,,,,,,,,,,,,,,,,,,,,,,,,,,,,,,,,,,,,,,,,,,,,,,,,,,,,,,,,,,,,,,,,,,,,,,,
2003,primary,ellicott,ELL,11,11th District ……………,Buffalo ELL 11,,,11.0,78.0,56.0,,,,,,,,,,,,,,11.0,,,,,,,,,,,,,,,,,,,,,,,,,,,,,,,,,,,,,,,,,,,,,,,,,,,,,,,,,,,,,,,,,,,,,,,,,,,,,,,,,,,,,,
2003,primary,ellicott,ELL,12,12th District ……………,Buffalo ELL 12,,,0.0,8.0,6.0,,,,,,,,,,,,,,2.0,,,,,,,,,,,,,,,,,,,,,,,,,,,,,,,,,,,,,,,,,,,,,,,,,,,,,,,,,,,,,,,,,,,,,,,,,,,,,,,,,,,,,,
2003,primary,ellicott,ELL,13,13th District ……………,Buffalo ELL 13,,,13.0,73.0,50.0,,,,,,,,,,,,,,10.0,,,,,,,,,,,,,,,,,,,,,,,,,,,,,,,,,,,,,,,,,,,,,,,,,,,,,,,,,,,,,,,,,,,,,,,,,,,,,,,,,,,,,,
2003,primary,ellicott,ELL,14,14th District ……………,Buffalo ELL 14,,,6.0,115.0,81.0,,,,,,,,,,,,,,28.0,,,,,,,,,,,,,,,,,,,,,,,,,,,,,,,,,,,,,,,,,,,,,,,,,,,,,,,,,,,,,,,,,,,,,,,,,,,,,,,,,,,,,,
2003,primary,ellicott,ELL,15,15th District ……………,Buffalo ELL 15,,,17.0,154.0,127.0,,,,,,,,,,,,,,10.0,,,,,,,,,,,,,,,,,,,,,,,,,,,,,,,,,,,,,,,,,,,,,,,,,,,,,,,,,,,,,,,,,,,,,,,,,,,,,,,,,,,,,,
2003,primary,ellicott,ELL,16,16th District ……………,Buffalo ELL 16,,,11.0,123.0,103.0,,,,,,,,,,,,,,9.0,,,,,,,,,,,,,,,,,,,,,,,,,,,,,,,,,,,,,,,,,,,,,,,,,,,,,,,,,,,,,,,,,,,,,,,,,,,,,,,,,,,,,,
2003,primary,ellicott,ELL,17,17th District ……………,Buffalo ELL 17,,,13.0,59.0,39.0,,,,,,,,,,,,,,7.0,,,,,,,,,,,,,,,,,,,,,,,,,,,,,,,,,,,,,,,,,,,,,,,,,,,,,,,,,,,,,,,,,,,,,,,,,,,,,,,,,,,,,,
2003,primary,ellicott,ELL,18,18th District ……………,Buffalo ELL 18,,,25.0,219.0,155.0,,,,,,,,,,,,,,39.0,,,,,,,,,,,,,,,,,,,,,,,,,,,,,,,,,,,,,,,,,,,,,,,,,,,,,,,,,,,,,,,,,,,,,,,,,,,,,,,,,,,,,,
2003,primary,ellicott,ELL,19,19th District ……………,Buffalo ELL 19,,,6.0,34.0,26.0,,,,,,,,,,,,,,2.0,,,,,,,,,,,,,,,,,,,,,,,,,,,,,,,,,,,,,,,,,,,,,,,,,,,,,,,,,,,,,,,,,,,,,,,,,,,,,,,,,,,,,,
2003,primary,ellicott,ELL,20,20th District ……………,Buffalo ELL 20,,,54.0,103.0,32.0,,,,,,,,,,,,,,17.0,,,,,,,,,,,,,,,,,,,,,,,,,,,,,,,,,,,,,,,,,,,,,,,,,,,,,,,,,,,,,,,,,,,,,,,,,,,,,,,,,,,,,,
2003,primary,ellicott,ELL,21,21st District ……………,Buffalo ELL 21,,,1.0,9.0,6.0,,,,,,,,,,,,,,2.0,,,,,,,,,,,,,,,,,,,,,,,,,,,,,,,,,,,,,,,,,,,,,,,,,,,,,,,,,,,,,,,,,,,,,,,,,,,,,,,,,,,,,,
2003,primary,ellicott,ELL,22,22nd District ……………,Buffalo ELL 22,,,3.0,38.0,29.0,,,,,,,,,,,,,,6.0,,,,,,,,,,,,,,,,,,,,,,,,,,,,,,,,,,,,,,,,,,,,,,,,,,,,,,,,,,,,,,,,,,,,,,,,,,,,,,,,,,,,,,
2003,primary,ellicott,ELL,23,23rd District ……………,Buffalo ELL 23,,,11.0,140.0,116.0,,,,,,,,,,,,,,13.0,,,,,,,,,,,,,,,,,,,,,,,,,,,,,,,,,,,,,,,,,,,,,,,,,,,,,,,,,,,,,,,,,,,,,,,,,,,,,,,,,,,,,,
2003,primary,ellicott,ELL,24,24th District ……………,Buffalo ELL 24,,,13.0,148.0,96.0,,,,,,,,,,,,,,39.0,,,,,,,,,,,,,,,,,,,,,,,,,,,,,,,,,,,,,,,,,,,,,,,,,,,,,,,,,,,,,,,,,,,,,,,,,,,,,,,,,,,,,,
2003,primary,ellicott,ELL,25,25th District ……………,Buffalo ELL 25,,,18.0,125.0,91.0,,,,,,,,,,,,,,16.0,,,,,,,,,,,,,,,,,,,,,,,,,,,,,,,,,,,,,,,,,,,,,,,,,,,,,,,,,,,,,,,,,,,,,,,,,,,,,,,,,,,,,,
2003,primary,ellicott,ELL,26,26th District ……………,Buffalo ELL 26,,,1.0,2.0,0.0,,,,,,,,,,,,,,1.0,,,,,,,,,,,,,,,,,,,,,,,,,,,,,,,,,,,,,,,,,,,,,,,,,,,,,,,,,,,,,,,,,,,,,,,,,,,,,,,,,,,,,,
2003,primary,ellicott,ELL,27,27th District ……………,Buffalo ELL 27,,,25.0,186.0,132.0,,,,,,,,,,,,,,29.0,,,,,,,,,,,,,,,,,,,,,,,,,,,,,,,,,,,,,,,,,,,,,,,,,,,,,,,,,,,,,,,,,,,,,,,,,,,,,,,,,,,,,,
2003,primary,ellicott,ELL,28,28th District ……………,Buffalo ELL 28,,,7.0,20.0,7.0,,,,,,,,,,,,,,6.0,,,,,,,,,,,,,,,,,,,,,,,,,,,,,,,,,,,,,,,,,,,,,,,,,,,,,,,,,,,,,,,,,,,,,,,,,,,,,,,,,,,,,,
2003,primary,ellicott,ELL,29,29th District ……………,Buffalo ELL 29,,,2.0,5.0,2.0,,,,,,,,,,,,,,1.0,,,,,,,,,,,,,,,,,,,,,,,,,,,,,,,,,,,,,,,,,,,,,,,,,,,,,,,,,,,,,,,,,,,,,,,,,,,,,,,,,,,,,,
2003,primary,ellicott,ELL,30,30th District ……………,Buffalo ELL 30,,,13.0,148.0,120.0,,,,,,,,,,,,,,15.0,,,,,,,,,,,,,,,,,,,,,,,,,,,,,,,,,,,,,,,,,,,,,,,,,,,,,,,,,,,,,,,,,,,,,,,,,,,,,,,,,,,,,,
2003,primary,ellicott,ELL,31,31st District ……………,Buffalo ELL 31,,,8.0,64.0,45.0,,,,,,,,,,,,,,11.0,,,,,,,,,,,,,,,,,,,,,,,,,,,,,,,,,,,,,,,,,,,,,,,,,,,,,,,,,,,,,,,,,,,,,,,,,,,,,,,,,,,,,,
2003,primary,ellicott,ELL,32,32nd District ……………,Buffalo ELL 32,,,12.0,64.0,45.0,,,,,,,,,,,,,,7.0,,,,,,,,,,,,,,,,,,,,,,,,,,,,,,,,,,,,,,,,,,,,,,,,,,,,,,,,,,,,,,,,,,,,,,,,,,,,,,,,,,,,,,
2003,primary,ellicott,ELL,33,33rd District ……………,Buffalo ELL 33,,,8.0,118.0,94.0,,,,,,,,,,,,,,16.0,,,,,,,,,,,,,,,,,,,,,,,,,,,,,,,,,,,,,,,,,,,,,,,,,,,,,,,,,,,,,,,,,,,,,,,,,,,,,,,,,,,,,,
2003,primary,ellicott,ELL,34,34th District ……………,Buffalo ELL 34,,,5.0,69.0,60.0,,,,,,,,,,,,,,4.0,,,,,,,,,,,,,,,,,,,,,,,,,,,,,,,,,,,,,,,,,,,,,,,,,,,,,,,,,,,,,,,,,,,,,,,,,,,,,,,,,,,,,,
2003,primary,ellicott,ELL,35,35th District ……………,Buffalo ELL 35,,,30.0,73.0,36.0,,,,,,,,,,,,,,7.0,,,,,,,,,,,,,,,,,,,,,,,,,,,,,,,,,,,,,,,,,,,,,,,,,,,,,,,,,,,,,,,,,,,,,,,,,,,,,,,,,,,,,,
2003,primary,ellicott,ELL,36,36th District ……………,Buffalo ELL 36,,,0.0,0.0,0.0,,,,,,,,,,,,,,0.0,,,,,,,,,,,,,,,,,,,,,,,,,,,,,,,,,,,,,,,,,,,,,,,,,,,,,,,,,,,,,,,,,,,,,,,,,,,,,,,,,,,,,,
2003,primary,ellicott,ELL,37,37th District ……………,Buffalo ELL 37,,,0.0,6.0,6.0,,,,,,,,,,,,,,0.0,,,,,,,,,,,,,,,,,,,,,,,,,,,,,,,,,,,,,,,,,,,,,,,,,,,,,,,,,,,,,,,,,,,,,,,,,,,,,,,,,,,,,,
2003,primary,ellicott,ELL,38,38th District ……………,Buffalo ELL 38,,,8.0,64.0,49.0,,,,,,,,,,,,,,7.0,,,,,,,,,,,,,,,,,,,,,,,,,,,,,,,,,,,,,,,,,,,,,,,,,,,,,,,,,,,,,,,,,,,,,,,,,,,,,,,,,,,,,,
2003,primary,ellicott,ELL,39,39th District ……………,Buffalo ELL 39,,,10.0,131.0,109.0,,,,,,,,,,,,,,12.0,,,,,,,,,,,,,,,,,,,,,,,,,,,,,,,,,,,,,,,,,,,,,,,,,,,,,,,,,,,,,,,,,,,,,,,,,,,,,,,,,,,,,,
2003,primary,ellicott,ELL,40,40th District ……………,Buffalo ELL 40,,,17.0,157.0,126.0,,,,,,,,,,,,,,14.0,,,,,,,,,,,,,,,,,,,,,,,,,,,,,,,,,,,,,,,,,,,,,,,,,,,,,,,,,,,,,,,,,,,,,,,,,,,,,,,,,,,,,,
2003,primary,ellicott,ELL,41,41st District ……………,Buffalo ELL 41,,,8.0,37.0,23.0,,,,,,,,,,,,,,6.0,,,,,,,,,,,,,,,,,,,,,,,,,,,,,,,,,,,,,,,,,,,,,,,,,,,,,,,,,,,,,,,,,,,,,,,,,,,,,,,,,,,,,,
2003,primary,fillmore,FIL,1,1st District ……………,Buffalo FIL 1,,,0.0,21.0,,20.0,,,,,,,,,,,,,,1.0,0.0,,,,,,,,,,,,,,,,,,,,,,,,,,,,,,,,,,,,,,,,,,,,,,,,,,,,,,,,,,,,,,,,,,,,,,,,,,,,,,,,,,,,
2003,primary,fillmore,FIL,2,2nd District ……………,Buffalo FIL 2,,,5.0,44.0,,7.0,,,,,,,,,,,,,,24.0,8.0,,,,,,,,,,,,,,,,,,,,,,,,,,,,,,,,,,,,,,,,,,,,,,,,,,,,,,,,,,,,,,,,,,,,,,,,,,,,,,,,,,,,
2003,primary,fillmore,FIL,3,3rd District ……………,Buffalo FIL 3,,,3.0,48.0,,20.0,,,,,,,,,,,,,,15.0,10.0,,,,,,,,,,,,,,,,,,,,,,,,,,,,,,,,,,,,,,,,,,,,,,,,,,,,,,,,,,,,,,,,,,,,,,,,,,,,,,,,,,,,
2003,primary,fillmore,FIL,4,4th District ……………,Buffalo FIL 4,,,4.0,66.0,,34.0,,,,,,,,,,,,,,14.0,14.0,,,,,,,,,,,,,,,,,,,,,,,,,,,,,,,,,,,,,,,,,,,,,,,,,,,,,,,,,,,,,,,,,,,,,,,,,,,,,,,,,,,,
2003,primary,fillmore,FIL,5,5th District ……………,Buffalo FIL 5,,,0.0,3.0,,3.0,,,,,,,,,,,,,,0.0,0.0,,,,,,,,,,,,,,,,,,,,,,,,,,,,,,,,,,,,,,,,,,,,,,,,,,,,,,,,,,,,,,,,,,,,,,,,,,,,,,,,,,,,
2003,primary,fillmore,FIL,6,6th District ……………,Buffalo FIL 6,,,3.0,48.0,,24.0,,,,,,,,,,,,,,15.0,6.0,,,,,,,,,,,,,,,,,,,,,,,,,,,,,,,,,,,,,,,,,,,,,,,,,,,,,,,,,,,,,,,,,,,,,,,,,,,,,,,,,,,,
2003,primary,fillmore,FIL,7,7th District ……………,Buffalo FIL 7,,,2.0,50.0,,31.0,,,,,,,,,,,,,,13.0,4.0,,,,,,,,,,,,,,,,,,,,,,,,,,,,,,,,,,,,,,,,,,,,,,,,,,,,,,,,,,,,,,,,,,,,,,,,,,,,,,,,,,,,
2003,primary,fillmore,FIL,8,8th District ……………,Buffalo FIL 8,,,2.0,33.0,,26.0,,,,,,,,,,,,,,5.0,0.0,,,,,,,,,,,,,,,,,,,,,,,,,,,,,,,,,,,,,,,,,,,,,,,,,,,,,,,,,,,,,,,,,,,,,,,,,,,,,,,,,,,,
2003,primary,fillmore,FIL,9,9th District ……………,Buffalo FIL 9,,,5.0,61.0,,37.0,,,,,,,,,,,,,,14.0,5.0,,,,,,,,,,,,,,,,,,,,,,,,,,,,,,,,,,,,,,,,,,,,,,,,,,,,,,,,,,,,,,,,,,,,,,,,,,,,,,,,,,,,
2003,primary,fillmore,FIL,10,10th District ……………,Buffalo FIL 10,,,2.0,43.0,,16.0,,,,,,,,,,,,,,23.0,2.0,,,,,,,,,,,,,,,,,,,,,,,,,,,,,,,,,,,,,,,,,,,,,,,,,,,,,,,,,,,,,,,,,,,,,,,,,,,,,,,,,,,,
2003,primary,fillmore,FIL,11,11th District ……………,Buffalo FIL 11,,,7.0,33.0,,19.0,,,,,,,,,,,,,,4.0,3.0,,,,,,,,,,,,,,,,,,,,,,,,,,,,,,,,,,,,,,,,,,,,,,,,,,,,,,,,,,,,,,,,,,,,,,,,,,,,,,,,,,,,
2003,primary,fillmore,FIL,12,12th District ……………,Buffalo FIL 12,,,2.0,63.0,,45.0,,,,,,,,,,,,,,8.0,8.0,,,,,,,,,,,,,,,,,,,,,,,,,,,,,,,,,,,,,,,,,,,,,,,,,,,,,,,,,,,,,,,,,,,,,,,,,,,,,,,,,,,,
2003,primary,fillmore,FIL,13,13th District ……………,Buffalo FIL 13,,,18.0,155.0,,26.0,,,,,,,,,,,,,,98.0,13.0,,,,,,,,,,,,,,,,,,,,,,,,,,,,,,,,,,,,,,,,,,,,,,,,,,,,,,,,,,,,,,,,,,,,,,,,,,,,,,,,,,,,
2003,primary,fillmore,FIL,14,14th District ……………,Buffalo FIL 14,,,2.0,26.0,,6.0,,,,,,,,,,,,,,14.0,4.0,,,,,,,,,,,,,,,,,,,,,,,,,,,,,,,,,,,,,,,,,,,,,,,,,,,,,,,,,,,,,,,,,,,,,,,,,,,,,,,,,,,,
2003,primary,fillmore,FIL,15,15th District ……………,Buffalo FIL 15,,,0.0,1.0,,1.0,,,,,,,,,,,,,,0.0,0.0,,,,,,,,,,,,,,,,,,,,,,,,,,,,,,,,,,,,,,,,,,,,,,,,,,,,,,,,,,,,,,,,,,,,,,,,,,,,,,,,,,,,
2003,primary,fillmore,FIL,16,16th District ……………,Buffalo FIL 16,,,1.0,25.0,,4.0,,,,,,,,,,,,,,14.0,6.0,,,,,,,,,,,,,,,,,,,,,,,,,,,,,,,,,,,,,,,,,,,,,,,,,,,,,,,,,,,,,,,,,,,,,,,,,,,,,,,,,,,,
2003,primary,fillmore,FIL,17,17th District ……………,Buffalo FIL 17,,,6.0,106.0,,87.0,,,,,,,,,,,,,,7.0,6.0,,,,,,,,,,,,,,,,,,,,,,,,,,,,,,,,,,,,,,,,,,,,,,,,,,,,,,,,,,,,,,,,,,,,,,,,,,,,,,,,,,,,
2003,primary,fillmore,FIL,18,18th District ……………,Buffalo FIL 18,,,1.0,55.0,,22.0,,,,,,,,,,,,,,28.0,4.0,,,,,,,,,,,,,,,,,,,,,,,,,,,,,,,,,,,,,,,,,,,,,,,,,,,,,,,,,,,,,,,,,,,,,,,,,,,,,,,,,,,,
2003,primary,fillmore,FIL,19,19th District ……………,Buffalo FIL 19,,,5.0,72.0,,23.0,,,,,,,,,,,,,,29.0,15.0,,,,,,,,,,,,,,,,,,,,,,,,,,,,,,,,,,,,,,,,,,,,,,,,,,,,,,,,,,,,,,,,,,,,,,,,,,,,,,,,,,,,
2003,primary,fillmore,FIL,20,20th District ……………,Buffalo FIL 20,,,1.0,54.0,,6.0,,,,,,,,,,,,,,42.0,5.0,,,,,,,,,,,,,,,,,,,,,,,,,,,,,,,,,,,,,,,,,,,,,,,,,,,,,,,,,,,,,,,,,,,,,,,,,,,,,,,,,,,,
2003,primary,fillmore,FIL,21,21st District ……………,Buffalo FIL 21,,,4.0,34.0,,28.0,,,,,,,,,,,,,,1.0,1.0,,,,,,,,,,,,,,,,,,,,,,,,,,,,,,,,,,,,,,,,,,,,,,,,,,,,,,,,,,,,,,,,,,,,,,,,,,,,,,,,,,,,
2003,primary,fillmore,FIL,22,22nd District ……………,Buffalo FIL 22,,,0.0,28.0,,25.0,,,,,,,,,,,,,,1.0,2.0,,,,,,,,,,,,,,,,,,,,,,,,,,,,,,,,,,,,,,,,,,,,,,,,,,,,,,,,,,,,,,,,,,,,,,,,,,,,,,,,,,,,
2003,primary,fillmore,FIL,23,23rd District ……………,Buffalo FIL 23,,,2.0,50.0,,10.0,,,,,,,,,,,,,,24.0,14.0,,,,,,,,,,,,,,,,,,,,,,,,,,,,,,,,,,,,,,,,,,,,,,,,,,,,,,,,,,,,,,,,,,,,,,,,,,,,,,,,,,,,
2003,primary,fillmore,FIL,24,24th District ……………,Buffalo FIL 24,,,11.0,236.0,,198.0,,,,,,,,,,,,,,21.0,6.0,,,,,,,,,,,,,,,,,,,,,,,,,,,,,,,,,,,,,,,,,,,,,,,,,,,,,,,,,,,,,,,,,,,,,,,,,,,,,,,,,,,,
2003,primary,fillmore,FIL,25,25th District ……………,Buffalo FIL 25,,,7.0,82.0,,10.0,,,,,,,,,,,,,,55.0,10.0,,,,,,,,,,,,,,,,,,,,,,,,,,,,,,,,,,,,,,,,,,,,,,,,,,,,,,,,,,,,,,,,,,,,,,,,,,,,,,,,,,,,
2003,primary,fillmore,FIL,26,26th District ……………,Buffalo FIL 26,,,0.0,29.0,,16.0,,,,,,,,,,,,,,10.0,3.0,,,,,,,,,,,,,,,,,,,,,,,,,,,,,,,,,,,,,,,,,,,,,,,,,,,,,,,,,,,,,,,,,,,,,,,,,,,,,,,,,,,,
2003,primary,fillmore,FIL,27,27th District ……………,Buffalo FIL 27,,,4.0,111.0,,9.0,,,,,,,,,,,,,,53.0,45.0,,,,,,,,,,,,,,,,,,,,,,,,,,,,,,,,,,,,,,,,,,,,,,,,,,,,,,,,,,,,,,,,,,,,,,,,,,,,,,,,,,,,
2003,primary,fillmore,FIL,28,28th District ……………,Buffalo FIL 28,,,0.0,0.0,,0.0,,,,,,,,,,,,,,0.0,0.0,,,,,,,,,,,,,,,,,,,,,,,,,,,,,,,,,,,,,,,,,,,,,,,,,,,,,,,,,,,,,,,,,,,,,,,,,,,,,,,,,,,,
2003,primary,fillmore,FIL,29,29th District ……………,Buffalo FIL 29,,,1.0,1.0,,0.0,,,,,,,,,,,,,,0.0,0.0,,,,,,,,,,,,,,,,,,,,,,,,,,,,,,,,,,,,,,,,,,,,,,,,,,,,,,,,,,,,,,,,,,,,,,,,,,,,,,,,,,,,
2003,primary,fillmore,FIL,30,30th District ……………,Buffalo FIL 30,,,0.0,2.0,,1.0,,,,,,,,,,,,,,1.0,0.0,,,,,,,,,,,,,,,,,,,,,,,,,,,,,,,,,,,,,,,,,,,,,,,,,,,,,,,,,,,,,,,,,,,,,,,,,,,,,,,,,,,,
2003,primary,fillmore,FIL,31,31st District ……………,Buffalo FIL 31,,,0.0,45.0,,40.0,,,,,,,,,,,,,,4.0,1.0,,,,,,,,,,,,,,,,,,,,,,,,,,,,,,,,,,,,,,,,,,,,,,,,,,,,,,,,,,,,,,,,,,,,,,,,,,,,,,,,,,,,
2003,primary,fillmore,FIL,32,32nd District ……………,Buffalo FIL 32,,,3.0,56.0,,16.0,,,,,,,,,,,,,,25.0,12.0,,,,,,,,,,,,,,,,,,,,,,,,,,,,,,,,,,,,,,,,,,,,,,,,,,,,,,,,,,,,,,,,,,,,,,,,,,,,,,,,,,,,
2003,primary,fillmore,FIL,33,33rd District ……………,Buffalo FIL 33,,,2.0,9.0,,6.0,,,,,,,,,,,,,,1.0,0.0,,,,,,,,,,,,,,,,,,,,,,,,,,,,,,,,,,,,,,,,,,,,,,,,,,,,,,,,,,,,,,,,,,,,,,,,,,,,,,,,,,,,
2003,primary,fillmore,FIL,34,34th District ……………,Buffalo FIL 34,,,2.0,59.0,,21.0,,,,,,,,,,,,,,31.0,5.0,,,,,,,,,,,,,,,,,,,,,,,,,,,,,,,,,,,,,,,,,,,,,,,,,,,,,,,,,,,,,,,,,,,,,,,,,,,,,,,,,,,,
2003,primary,fillmore,FIL,35,35th District ……………,Buffalo FIL 35,,,6.0,113.0,,16.0,,,,,,,,,,,,,,78.0,13.0,,,,,,,,,,,,,,,,,,,,,,,,,,,,,,,,,,,,,,,,,,,,,,,,,,,,,,,,,,,,,,,,,,,,,,,,,,,,,,,,,,,,
2003,primary,fillmore,FIL,36,36th District ……………,Buffalo FIL 36,,,0.0,0.0,,0.0,,,,,,,,,,,,,,0.0,0.0,,,,,,,,,,,,,,,,,,,,,,,,,,,,,,,,,,,,,,,,,,,,,,,,,,,,,,,,,,,,,,,,,,,,,,,,,,,,,,,,,,,,
2003,primary,fillmore,FIL,37,37th District ……………,Buffalo FIL 37,,,23.0,168.0,,127.0,,,,,,,,,,,,,,12.0,6.0,,,,,,,,,,,,,,,,,,,,,,,,,,,,,,,,,,,,,,,,,,,,,,,,,,,,,,,,,,,,,,,,,,,,,,,,,,,,,,,,,,,,
2003,primary,fillmore,FIL,38,38th District ……………,Buffalo FIL 38,,,6.0,106.0,,17.0,,,,,,,,,,,,,,61.0,22.0,,,,,,,,,,,,,,,,,,,,,,,,,,,,,,,,,,,,,,,,,,,,,,,,,,,,,,,,,,,,,,,,,,,,,,,,,,,,,,,,,,,,
2003,primary,fillmore,FIL,39,39th District ……………,Buffalo FIL 39,,,5.0,83.0,,14.0,,,,,,,,,,,,,,54.0,10.0,,,,,,,,,,,,,,,,,,,,,,,,,,,,,,,,,,,,,,,,,,,,,,,,,,,,,,,,,,,,,,,,,,,,,,,,,,,,,,,,,,,,
2003,primary,fillmore,FIL,40,40th District ……………,Buffalo FIL 40,,,6.0,55.0,,48.0,,,,,,,,,,,,,,1.0,0.0,,,,,,,,,,,,,,,,,,,,,,,,,,,,,,,,,,,,,,,,,,,,,,,,,,,,,,,,,,,,,,,,,,,,,,,,,,,,,,,,,,,,
2003,primary,fillmore,FIL,41,41st District ……………,Buffalo FIL 41,,,1.0,35.0,,31.0,,,,,,,,,,,,,,3.0,0.0,,,,,,,,,,,,,,,,,,,,,,,,,,,,,,,,,,,,,,,,,,,,,,,,,,,,,,,,,,,,,,,,,,,,,,,,,,,,,,,,,,,,
2003,primary,fillmore,FIL,42,42nd District ……………,Buffalo FIL 42,,,15.0,85.0,,10.0,,,,,,,,,,,,,,46.0,14.0,,,,,,,,,,,,,,,,,,,,,,,,,,,,,,,,,,,,,,,,,,,,,,,,,,,,,,,,,,,,,,,,,,,,,,,,,,,,,,,,,,,,
2003,primary,fillmore,FIL,43,43rd District ……………,Buffalo FIL 43,,,7.0,77.0,,13.0,,,,,,,,,,,,,,50.0,7.0,,,,,,,,,,,,,,,,,,,,,,,,,,,,,,,,,,,,,,,,,,,,,,,,,,,,,,,,,,,,,,,,,,,,,,,,,,,,,,,,,,,,
2003,primary,fillmore,FIL,44,44th District ……………,Buffalo FIL 44,,,18.0,158.0,,125.0,,,,,,,,,,,,,,8.0,7.0,,,,,,,,,,,,,,,,,,,,,,,,,,,,,,,,,,,,,,,,,,,,,,,,,,,,,,,,,,,,,,,,,,,,,,,,,,,,,,,,,,,,
2003,primary,fillmore,FIL,45,45th District ……………,Buffalo FIL 45,,,0.0,0.0,,0.0,,,,,,,,,,,,,,0.0,0.0,,,,,,,,,,,,,,,,,,,,,,,,,,,,,,,,,,,,,,,,,,,,,,,,,,,,,,,,,,,,,,,,,,,,,,,,,,,,,,,,,,,,
2003,primary,fillmore,FIL,46,46th District ……………,Buffalo FIL 46,,,4.0,74.0,,10.0,,,,,,,,,,,,,,49.0,11.0,,,,,,,,,,,,,,,,,,,,,,,,,,,,,,,,,,,,,,,,,,,,,,,,,,,,,,,,,,,,,,,,,,,,,,,,,,,,,,,,,,,,
2003,primary,lovejoy,LOV,1,1st District ……………,Buffalo LOV 1,,,0.0,12.0,,,,1.0,8.0,,,,,,,,,,,,,0.0,3.0,,,,,,,,,,,,,,,,,,,,,,,,,,,,,,,,,,,,,,,,,,,,,,,,,,,,,,,,,,,,,,,,,,,,,,,,,,,,,,,,,,
2003,primary,lovejoy,LOV,2,2nd District ……………,Buffalo LOV 2,,,8.0,163.0,,,,2.0,102.0,,,,,,,,,,,,,9.0,42.0,,,,,,,,,,,,,,,,,,,,,,,,,,,,,,,,,,,,,,,,,,,,,,,,,,,,,,,,,,,,,,,,,,,,,,,,,,,,,,,,,,
2003,primary,lovejoy,LOV,3,3rd District ……………,Buffalo LOV 3,,,11.0,148.0,,,,6.0,109.0,,,,,,,,,,,,,5.0,17.0,,,,,,,,,,,,,,,,,,,,,,,,,,,,,,,,,,,,,,,,,,,,,,,,,,,,,,,,,,,,,,,,,,,,,,,,,,,,,,,,,,
2003,primary,lovejoy,LOV,4,4th District ……………,Buffalo LOV 4,,,1.0,77.0,,,,1.0,22.0,,,,,,,,,,,,,50.0,3.0,,,,,,,,,,,,,,,,,,,,,,,,,,,,,,,,,,,,,,,,,,,,,,,,,,,,,,,,,,,,,,,,,,,,,,,,,,,,,,,,,,
2003,primary,lovejoy,LOV,5,5th District ……………,Buffalo LOV 5,,,2.0,49.0,,,,8.0,30.0,,,,,,,,,,,,,7.0,2.0,,,,,,,,,,,,,,,,,,,,,,,,,,,,,,,,,,,,,,,,,,,,,,,,,,,,,,,,,,,,,,,,,,,,,,,,,,,,,,,,,,
2003,primary,lovejoy,LOV,6,6th District ……………,Buffalo LOV 6,,,2.0,121.0,,,,19.0,89.0,,,,,,,,,,,,,4.0,7.0,,,,,,,,,,,,,,,,,,,,,,,,,,,,,,,,,,,,,,,,,,,,,,,,,,,,,,,,,,,,,,,,,,,,,,,,,,,,,,,,,,
2003,primary,lovejoy,LOV,7,7th District ……………,Buffalo LOV 7,,,4.0,103.0,,,,34.0,58.0,,,,,,,,,,,,,2.0,5.0,,,,,,,,,,,,,,,,,,,,,,,,,,,,,,,,,,,,,,,,,,,,,,,,,,,,,,,,,,,,,,,,,,,,,,,,,,,,,,,,,,
2003,primary,lovejoy,LOV,8,8th District ……………,Buffalo LOV 8,,,5.0,151.0,,,,4.0,109.0,,,,,,,,,,,,,3.0,30.0,,,,,,,,,,,,,,,,,,,,,,,,,,,,,,,,,,,,,,,,,,,,,,,,,,,,,,,,,,,,,,,,,,,,,,,,,,,,,,,,,,
2003,primary,lovejoy,LOV,9,9th District ……………,Buffalo LOV 9,,,1.0,59.0,,,,14.0,39.0,,,,,,,,,,,,,3.0,2.0,,,,,,,,,,,,,,,,,,,,,,,,,,,,,,,,,,,,,,,,,,,,,,,,,,,,,,,,,,,,,,,,,,,,,,,,,,,,,,,,,,
2003,primary,lovejoy,LOV,10,10th District ……………,Buffalo LOV 10,,,2.0,47.0,,,,0.0,18.0,,,,,,,,,,,,,27.0,0.0,,,,,,,,,,,,,,,,,,,,,,,,,,,,,,,,,,,,,,,,,,,,,,,,,,,,,,,,,,,,,,,,,,,,,,,,,,,,,,,,,,
2003,primary,lovejoy,LOV,11,11th District ……………,Buffalo LOV 11,,,2.0,88.0,,,,11.0,68.0,,,,,,,,,,,,,3.0,4.0,,,,,,,,,,,,,,,,,,,,,,,,,,,,,,,,,,,,,,,,,,,,,,,,,,,,,,,,,,,,,,,,,,,,,,,,,,,,,,,,,,
2003,primary,lovejoy,LOV,12,12th District ……………,Buffalo LOV 12,,,21.0,145.0,,,,10.0,75.0,,,,,,,,,,,,,10.0,29.0,,,,,,,,,,,,,,,,,,,,,,,,,,,,,,,,,,,,,,,,,,,,,,,,,,,,,,,,,,,,,,,,,,,,,,,,,,,,,,,,,,
2003,primary,lovejoy,LOV,13,13th District ……………,Buffalo LOV 13,,,3.0,80.0,,,,0.0,63.0,,,,,,,,,,,,,0.0,14.0,,,,,,,,,,,,,,,,,,,,,,,,,,,,,,,,,,,,,,,,,,,,,,,,,,,,,,,,,,,,,,,,,,,,,,,,,,,,,,,,,,
2003,primary,lovejoy,LOV,14,14th District ……………,Buffalo LOV 14,,,8.0,101.0,,,,4.0,24.0,,,,,,,,,,,,,65.0,0.0,,,,,,,,,,,,,,,,,,,,,,,,,,,,,,,,,,,,,,,,,,,,,,,,,,,,,,,,,,,,,,,,,,,,,,,,,,,,,,,,,,
2003,primary,lovejoy,LOV,15,15th District ……………,Buffalo LOV 15,,,12.0,152.0,,,,4.0,113.0,,,,,,,,,,,,,6.0,17.0,,,,,,,,,,,,,,,,,,,,,,,,,,,,,,,,,,,,,,,,,,,,,,,,,,,,,,,,,,,,,,,,,,,,,,,,,,,,,,,,,,
2003,primary,lovejoy,LOV,16,16th District ……………,Buffalo LOV 16,,,4.0,57.0,,,,1.0,19.0,,,,,,,,,,,,,30.0,3.0,,,,,,,,,,,,,,,,,,,,,,,,,,,,,,,,,,,,,,,,,,,,,,,,,,,,,,,,,,,,,,,,,,,,,,,,,,,,,,,,,,
2003,primary,lovejoy,LOV,17,17th District ……………,Buffalo LOV 17,,,7.0,111.0,,,,1.0,30.0,,,,,,,,,,,,,72.0,1.0,,,,,,,,,,,,,,,,,,,,,,,,,,,,,,,,,,,,,,,,,,,,,,,,,,,,,,,,,,,,,,,,,,,,,,,,,,,,,,,,,,
2003,primary,lovejoy,LOV,18,18th District ……………,Buffalo LOV 18,,,8.0,54.0,,,,2.0,34.0,,,,,,,,,,,,,3.0,7.0,,,,,,,,,,,,,,,,,,,,,,,,,,,,,,,,,,,,,,,,,,,,,,,,,,,,,,,,,,,,,,,,,,,,,,,,,,,,,,,,,,
2003,primary,lovejoy,LOV,19,19th District ……………,Buffalo LOV 19,,,6.0,90.0,,,,0.0,42.0,,,,,,,,,,,,,42.0,0.0,,,,,,,,,,,,,,,,,,,,,,,,,,,,,,,,,,,,,,,,,,,,,,,,,,,,,,,,,,,,,,,,,,,,,,,,,,,,,,,,,,
2003,primary,lovejoy,LOV,20,20th District ……………,Buffalo LOV 20,,,3.0,61.0,,,,0.0,17.0,,,,,,,,,,,,,41.0,0.0,,,,,,,,,,,,,,,,,,,,,,,,,,,,,,,,,,,,,,,,,,,,,,,,,,,,,,,,,,,,,,,,,,,,,,,,,,,,,,,,,,
2003,primary,lovejoy,LOV,21,21st District ……………,Buffalo LOV 21,,,8.0,70.0,,,,3.0,30.0,,,,,,,,,,,,,27.0,2.0,,,,,,,,,,,,,,,,,,,,,,,,,,,,,,,,,,,,,,,,,,,,,,,,,,,,,,,,,,,,,,,,,,,,,,,,,,,,,,,,,,
2003,primary,lovejoy,LOV,22,22nd District ……………,Buffalo LOV 22,,,1.0,62.0,,,,5.0,28.0,,,,,,,,,,,,,23.0,5.0,,,,,,,,,,,,,,,,,,,,,,,,,,,,,,,,,,,,,,,,,,,,,,,,,,,,,,,,,,,,,,,,,,,,,,,,,,,,,,,,,,
2003,primary,lovejoy,LOV,23,23rd District ……………,Buffalo LOV 23,,,16.0,145.0,,,,5.0,42.0,,,,,,,,,,,,,81.0,1.0,,,,,,,,,,,,,,,,,,,,,,,,,,,,,,,,,,,,,,,,,,,,,,,,,,,,,,,,,,,,,,,,,,,,,,,,,,,,,,,,,,
2003,primary,lovejoy,LOV,24,24th District ……………,Buffalo LOV 24,,,7.0,103.0,,,,5.0,34.0,,,,,,,,,,,,,50.0,7.0,,,,,,,,,,,,,,,,,,,,,,,,,,,,,,,,,,,,,,,,,,,,,,,,,,,,,,,,,,,,,,,,,,,,,,,,,,,,,,,,,,
2003,primary,lovejoy,LOV,25,25th District ……………,Buffalo LOV 25,,,2.0,83.0,,,,16.0,60.0,,,,,,,,,,,,,2.0,3.0,,,,,,,,,,,,,,,,,,,,,,,,,,,,,,,,,,,,,,,,,,,,,,,,,,,,,,,,,,,,,,,,,,,,,,,,,,,,,,,,,,
2003,primary,lovejoy,LOV,26,26th District ……………,Buffalo LOV 26,,,6.0,49.0,,,,2.0,16.0,,,,,,,,,,,,,25.0,0.0,,,,,,,,,,,,,,,,,,,,,,,,,,,,,,,,,,,,,,,,,,,,,,,,,,,,,,,,,,,,,,,,,,,,,,,,,,,,,,,,,,
2003,primary,lovejoy,LOV,27,27th District ……………,Buffalo LOV 27,,,7.0,136.0,,,,3.0,56.0,,,,,,,,,,,,,55.0,15.0,,,,,,,,,,,,,,,,,,,,,,,,,,,,,,,,,,,,,,,,,,,,,,,,,,,,,,,,,,,,,,,,,,,,,,,,,,,,,,,,,,
2003,primary,lovejoy,LOV,28,28th District ……………,Buffalo LOV 28,,,7.0,143.0,,,,35.0,81.0,,,,,,,,,,,,,11.0,9.0,,,,,,,,,,,,,,,,,,,,,,,,,,,,,,,,,,,,,,,,,,,,,,,,,,,,,,,,,,,,,,,,,,,,,,,,,,,,,,,,,,
2003,primary,lovejoy,LOV,29,29th District ……………,Buffalo LOV 29,,,4.0,97.0,,,,1.0,48.0,,,,,,,,,,,,,39.0,5.0,,,,,,,,,,,,,,,,,,,,,,,,,,,,,,,,,,,,,,,,,,,,,,,,,,,,,,,,,,,,,,,,,,,,,,,,,,,,,,,,,,
2003,primary,lovejoy,LOV,30,30th District ……………,Buffalo LOV 30,,,1.0,64.0,,,,0.0,17.0,,,,,,,,,,,,,46.0,0.0,,,,,,,,,,,,,,,,,,,,,,,,,,,,,,,,,,,,,,,,,,,,,,,,,,,,,,,,,,,,,,,,,,,,,,,,,,,,,,,,,,
2003,primary,lovejoy,LOV,31,31st District ……………,Buffalo LOV 31,,,3.0,88.0,,,,2.0,37.0,,,,,,,,,,,,,43.0,3.0,,,,,,,,,,,,,,,,,,,,,,,,,,,,,,,,,,,,,,,,,,,,,,,,,,,,,,,,,,,,,,,,,,,,,,,,,,,,,,,,,,
2003,primary,niagara,NIA,1,1st District ……………,Buffalo NIA 1,,,16.0,127.0,,,,,,,,74.0,,,,,,,,,,,,37.0,,,,,,,,,,,,,,,,,,,,,,,,,,,,,,,,,,,,,,,,,,,,,,,,,,,,,,,,,,,,,,,,,,,,,,,,,,,,,,,,,
2003,primary,niagara,NIA,2,2nd District ……………,Buffalo NIA 2,,,12.0,83.0,,,,,,,,42.0,,,,,,,,,,,,29.0,,,,,,,,,,,,,,,,,,,,,,,,,,,,,,,,,,,,,,,,,,,,,,,,,,,,,,,,,,,,,,,,,,,,,,,,,,,,,,,,,
2003,primary,niagara,NIA,3,3rd District ……………,Buffalo NIA 3,,,21.0,138.0,,,,,,,,82.0,,,,,,,,,,,,35.0,,,,,,,,,,,,,,,,,,,,,,,,,,,,,,,,,,,,,,,,,,,,,,,,,,,,,,,,,,,,,,,,,,,,,,,,,,,,,,,,,
2003,primary,niagara,NIA,4,4th District ……………,Buffalo NIA 4,,,3.0,16.0,,,,,,,,9.0,,,,,,,,,,,,4.0,,,,,,,,,,,,,,,,,,,,,,,,,,,,,,,,,,,,,,,,,,,,,,,,,,,,,,,,,,,,,,,,,,,,,,,,,,,,,,,,,
2003,primary,niagara,NIA,5,5th District ……………,Buffalo NIA 5,,,27.0,71.0,,,,,,,,17.0,,,,,,,,,,,,27.0,,,,,,,,,,,,,,,,,,,,,,,,,,,,,,,,,,,,,,,,,,,,,,,,,,,,,,,,,,,,,,,,,,,,,,,,,,,,,,,,,
2003,primary,niagara,NIA,6,6th District ……………,Buffalo NIA 6,,,3.0,86.0,,,,,,,,40.0,,,,,,,,,,,,43.0,,,,,,,,,,,,,,,,,,,,,,,,,,,,,,,,,,,,,,,,,,,,,,,,,,,,,,,,,,,,,,,,,,,,,,,,,,,,,,,,,
2003,primary,niagara,NIA,7,7th District ……………,Buffalo NIA 7,,,12.0,75.0,,,,,,,,43.0,,,,,,,,,,,,20.0,,,,,,,,,,,,,,,,,,,,,,,,,,,,,,,,,,,,,,,,,,,,,,,,,,,,,,,,,,,,,,,,,,,,,,,,,,,,,,,,,
2003,primary,niagara,NIA,8,8th District ……………,Buffalo NIA 8,,,15.0,98.0,,,,,,,,43.0,,,,,,,,,,,,40.0,,,,,,,,,,,,,,,,,,,,,,,,,,,,,,,,,,,,,,,,,,,,,,,,,,,,,,,,,,,,,,,,,,,,,,,,,,,,,,,,,
2003,primary,niagara,NIA,9,9th District ……………,Buffalo NIA 9,,,31.0,120.0,,,,,,,,56.0,,,,,,,,,,,,33.0,,,,,,,,,,,,,,,,,,,,,,,,,,,,,,,,,,,,,,,,,,,,,,,,,,,,,,,,,,,,,,,,,,,,,,,,,,,,,,,,,
2003,primary,niagara,NIA,10,10th District ……………,Buffalo NIA 10,,,20.0,98.0,,,,,,,,41.0,,,,,,,,,,,,37.0,,,,,,,,,,,,,,,,,,,,,,,,,,,,,,,,,,,,,,,,,,,,,,,,,,,,,,,,,,,,,,,,,,,,,,,,,,,,,,,,,
2003,primary,niagara,NIA,11,11th District ……………,Buffalo NIA 11,,,2.0,47.0,,,,,,,,26.0,,,,,,,,,,,,19.0,,,,,,,,,,,,,,,,,,,,,,,,,,,,,,,,,,,,,,,,,,,,,,,,,,,,,,,,,,,,,,,,,,,,,,,,,,,,,,,,,
2003,primary,niagara,NIA,12,12th District ……………,Buffalo NIA 12,,,7.0,51.0,,,,,,,,27.0,,,,,,,,,,,,17.0,,,,,,,,,,,,,,,,,,,,,,,,,,,,,,,,,,,,,,,,,,,,,,,,,,,,,,,,,,,,,,,,,,,,,,,,,,,,,,,,,
2003,primary,niagara,NIA,13,13th District ……………,Buffalo NIA 13,,,19.0,95.0,,,,,,,,50.0,,,,,,,,,,,,26.0,,,,,,,,,,,,,,,,,,,,,,,,,,,,,,,,,,,,,,,,,,,,,,,,,,,,,,,,,,,,,,,,,,,,,,,,,,,,,,,,,
2003,primary,niagara,NIA,14,14th District ……………,Buffalo NIA 14,,,45.0,186.0,,,,,,,,95.0,,,,,,,,,,,,46.0,,,,,,,,,,,,,,,,,,,,,,,,,,,,,,,,,,,,,,,,,,,,,,,,,,,,,,,,,,,,,,,,,,,,,,,,,,,,,,,,,
2003,primary,niagara,NIA,15,15th District ……………,Buffalo NIA 15,,,7.0,65.0,,,,,,,,37.0,,,,,,,,,,,,21.0,,,,,,,,,,,,,,,,,,,,,,,,,,,,,,,,,,,,,,,,,,,,,,,,,,,,,,,,,,,,,,,,,,,,,,,,,,,,,,,,,
2003,primary,niagara,NIA,16,16th District ……………,Buffalo NIA 16,,,11.0,82.0,,,,,,,,39.0,,,,,,,,,,,,32.0,,,,,,,,,,,,,,,,,,,,,,,,,,,,,,,,,,,,,,,,,,,,,,,,,,,,,,,,,,,,,,,,,,,,,,,,,,,,,,,,,
2003,primary,niagara,NIA,17,17th District ……………,Buffalo NIA 17,,,8.0,49.0,,,,,,,,24.0,,,,,,,,,,,,17.0,,,,,,,,,,,,,,,,,,,,,,,,,,,,,,,,,,,,,,,,,,,,,,,,,,,,,,,,,,,,,,,,,,,,,,,,,,,,,,,,,
2003,primary,niagara,NIA,18,18th District ……………,Buffalo NIA 18,,,8.0,79.0,,,,,,,,45.0,,,,,,,,,,,,26.0,,,,,,,,,,,,,,,,,,,,,,,,,,,,,,,,,,,,,,,,,,,,,,,,,,,,,,,,,,,,,,,,,,,,,,,,,,,,,,,,,
2003,primary,niagara,NIA,19,19th District ……………,Buffalo NIA 19,,,9.0,94.0,,,,,,,,61.0,,,,,,,,,,,,24.0,,,,,,,,,,,,,,,,,,,,,,,,,,,,,,,,,,,,,,,,,,,,,,,,,,,,,,,,,,,,,,,,,,,,,,,,,,,,,,,,,
2003,primary,niagara,NIA,20,20th District ……………,Buffalo NIA 20,,,11.0,103.0,,,,,,,,48.0,,,,,,,,,,,,44.0,,,,,,,,,,,,,,,,,,,,,,,,,,,,,,,,,,,,,,,,,,,,,,,,,,,,,,,,,,,,,,,,,,,,,,,,,,,,,,,,,
2003,primary,niagara,NIA,21,21st District ……………,Buffalo NIA 21,,,8.0,78.0,,,,,,,,51.0,,,,,,,,,,,,19.0,,,,,,,,,,,,,,,,,,,,,,,,,,,,,,,,,,,,,,,,,,,,,,,,,,,,,,,,,,,,,,,,,,,,,,,,,,,,,,,,,
2003,primary,niagara,NIA,22,22nd District ……………,Buffalo NIA 22,,,10.0,74.0,,,,,,,,39.0,,,,,,,,,,,,25.0,,,,,,,,,,,,,,,,,,,,,,,,,,,,,,,,,,,,,,,,,,,,,,,,,,,,,,,,,,,,,,,,,,,,,,,,,,,,,,,,,
2003,primary,niagara,NIA,23,23rd District ……………,Buffalo NIA 23,,,7.0,43.0,,,,,,,,27.0,,,,,,,,,,,,9.0,,,,,,,,,,,,,,,,,,,,,,,,,,,,,,,,,,,,,,,,,,,,,,,,,,,,,,,,,,,,,,,,,,,,,,,,,,,,,,,,,
2003,primary,niagara,NIA,24,24th District ……………,Buffalo NIA 24,,,11.0,69.0,,,,,,,,26.0,,,,,,,,,,,,32.0,,,,,,,,,,,,,,,,,,,,,,,,,,,,,,,,,,,,,,,,,,,,,,,,,,,,,,,,,,,,,,,,,,,,,,,,,,,,,,,,,
2003,primary,niagara,NIA,25,25th District ……………,Buffalo NIA 25,,,8.0,91.0,,,,,,,,41.0,,,,,,,,,,,,42.0,,,,,,,,,,,,,,,,,,,,,,,,,,,,,,,,,,,,,,,,,,,,,,,,,,,,,,,,,,,,,,,,,,,,,,,,,,,,,,,,,
2003,primary,niagara,NIA,26,26th District ……………,Buffalo NIA 26,,,9.0,95.0,,,,,,,,38.0,,,,,,,,,,,,48.0,,,,,,,,,,,,,,,,,,,,,,,,,,,,,,,,,,,,,,,,,,,,,,,,,,,,,,,,,,,,,,,,,,,,,,,,,,,,,,,,,
2003,primary,niagara,NIA,27,27th District ……………,Buffalo NIA 27,,,2.0,38.0,,,,,,,,25.0,,,,,,,,,,,,11.0,,,,,,,,,,,,,,,,,,,,,,,,,,,,,,,,,,,,,,,,,,,,,,,,,,,,,,,,,,,,,,,,,,,,,,,,,,,,,,,,,
2003,primary,niagara,NIA,28,28th District ……………,Buffalo NIA 28,,,7.0,84.0,,,,,,,,41.0,,,,,,,,,,,,36.0,,,,,,,,,,,,,,,,,,,,,,,,,,,,,,,,,,,,,,,,,,,,,,,,,,,,,,,,,,,,,,,,,,,,,,,,,,,,,,,,,
2003,primary,niagara,NIA,29,29th District ……………,Buffalo NIA 29,,,9.0,72.0,,,,,,,,35.0,,,,,,,,,,,,28.0,,,,,,,,,,,,,,,,,,,,,,,,,,,,,,,,,,,,,,,,,,,,,,,,,,,,,,,,,,,,,,,,,,,,,,,,,,,,,,,,,
2003,primary,niagara,NIA,30,30th District ……………,Buffalo NIA 30,,,9.0,67.0,,,,,,,,34.0,,,,,,,,,,,,24.0,,,,,,,,,,,,,,,,,,,,,,,,,,,,,,,,,,,,,,,,,,,,,,,,,,,,,,,,,,,,,,,,,,,,,,,,,,,,,,,,,
2003,primary,niagara,NIA,31,31st District ……………,Buffalo NIA 31,,,4.0,61.0,,,,,,,,27.0,,,,,,,,,,,,30.0,,,,,,,,,,,,,,,,,,,,,,,,,,,,,,,,,,,,,,,,,,,,,,,,,,,,,,,,,,,,,,,,,,,,,,,,,,,,,,,,,
2003,primary,niagara,NIA,32,32nd District ……………,Buffalo NIA 32,,,5.0,43.0,,,,,,,,20.0,,,,,,,,,,,,18.0,,,,,,,,,,,,,,,,,,,,,,,,,,,,,,,,,,,,,,,,,,,,,,,,,,,,,,,,,,,,,,,,,,,,,,,,,,,,,,,,,
2003,primary,south,SOU,1,1st District ……………,Buffalo SOU 1,,,1.0,109.0,,,,,,,,,,,,67.0,41.0,,,,,,,,,,,,,,,,,,,,,,,,,,,,,,,,,,,,,,,,,,,,,,,,,,,,,,,,,,,,,,,,,,,,,,,,,,,,,,,,,,,,,,,,
2003,primary,south,SOU,2,2nd District ……………,Buffalo SOU 2,,,3.0,119.0,,,,,,,,,,,,66.0,50.0,,,,,,,,,,,,,,,,,,,,,,,,,,,,,,,,,,,,,,,,,,,,,,,,,,,,,,,,,,,,,,,,,,,,,,,,,,,,,,,,,,,,,,,,
2003,primary,south,SOU,3,3rd District ……………,Buffalo SOU 3,,,6.0,200.0,,,,,,,,,,,,98.0,96.0,,,,,,,,,,,,,,,,,,,,,,,,,,,,,,,,,,,,,,,,,,,,,,,,,,,,,,,,,,,,,,,,,,,,,,,,,,,,,,,,,,,,,,,,
2003,primary,south,SOU,4,4th District ……………,Buffalo SOU 4,,,2.0,106.0,,,,,,,,,,,,61.0,43.0,,,,,,,,,,,,,,,,,,,,,,,,,,,,,,,,,,,,,,,,,,,,,,,,,,,,,,,,,,,,,,,,,,,,,,,,,,,,,,,,,,,,,,,,
2003,primary,south,SOU,5,5th District ……………,Buffalo SOU 5,,,2.0,129.0,,,,,,,,,,,,48.0,79.0,,,,,,,,,,,,,,,,,,,,,,,,,,,,,,,,,,,,,,,,,,,,,,,,,,,,,,,,,,,,,,,,,,,,,,,,,,,,,,,,,,,,,,,,
2003,primary,south,SOU,6,6th District ……………,Buffalo SOU 6,,,4.0,251.0,,,,,,,,,,,,148.0,99.0,,,,,,,,,,,,,,,,,,,,,,,,,,,,,,,,,,,,,,,,,,,,,,,,,,,,,,,,,,,,,,,,,,,,,,,,,,,,,,,,,,,,,,,,
2003,primary,south,SOU,7,7th District ……………,Buffalo SOU 7,,,8.0,180.0,,,,,,,,,,,,126.0,46.0,,,,,,,,,,,,,,,,,,,,,,,,,,,,,,,,,,,,,,,,,,,,,,,,,,,,,,,,,,,,,,,,,,,,,,,,,,,,,,,,,,,,,,,,
2003,primary,south,SOU,8,8th District ……………,Buffalo SOU 8,,,2.0,172.0,,,,,,,,,,,,95.0,75.0,,,,,,,,,,,,,,,,,,,,,,,,,,,,,,,,,,,,,,,,,,,,,,,,,,,,,,,,,,,,,,,,,,,,,,,,,,,,,,,,,,,,,,,,
2003,primary,south,SOU,9,9th District ……………,Buffalo SOU 9,,,11.0,249.0,,,,,,,,,,,,101.0,137.0,,,,,,,,,,,,,,,,,,,,,,,,,,,,,,,,,,,,,,,,,,,,,,,,,,,,,,,,,,,,,,,,,,,,,,,,,,,,,,,,,,,,,,,,
2003,primary,south,SOU,10,10th District ……………,Buffalo SOU 10,,,5.0,206.0,,,,,,,,,,,,85.0,116.0,,,,,,,,,,,,,,,,,,,,,,,,,,,,,,,,,,,,,,,,,,,,,,,,,,,,,,,,,,,,,,,,,,,,,,,,,,,,,,,,,,,,,,,,
2003,primary,south,SOU,11,11th District ……………,Buffalo SOU 11,,,10.0,168.0,,,,,,,,,,,,76.0,82.0,,,,,,,,,,,,,,,,,,,,,,,,,,,,,,,,,,,,,,,,,,,,,,,,,,,,,,,,,,,,,,,,,,,,,,,,,,,,,,,,,,,,,,,,
2003,primary,south,SOU,12,12th District ……………,Buffalo SOU 12,,,6.0,157.0,,,,,,,,,,,,84.0,67.0,,,,,,,,,,,,,,,,,,,,,,,,,,,,,,,,,,,,,,,,,,,,,,,,,,,,,,,,,,,,,,,,,,,,,,,,,,,,,,,,,,,,,,,,
2003,primary,south,SOU,13,13th District ……………,Buffalo SOU 13,,,3.0,180.0,,,,,,,,,,,,106.0,71.0,,,,,,,,,,,,,,,,,,,,,,,,,,,,,,,,,,,,,,,,,,,,,,,,,,,,,,,,,,,,,,,,,,,,,,,,,,,,,,,,,,,,,,,,
2003,primary,south,SOU,14,14th District ……………,Buffalo SOU 14,,,3.0,121.0,,,,,,,,,,,,83.0,35.0,,,,,,,,,,,,,,,,,,,,,,,,,,,,,,,,,,,,,,,,,,,,,,,,,,,,,,,,,,,,,,,,,,,,,,,,,,,,,,,,,,,,,,,,
2003,primary,south,SOU,15,15th District ……………,Buffalo SOU 15,,,7.0,247.0,,,,,,,,,,,,124.0,116.0,,,,,,,,,,,,,,,,,,,,,,,,,,,,,,,,,,,,,,,,,,,,,,,,,,,,,,,,,,,,,,,,,,,,,,,,,,,,,,,,,,,,,,,,
2003,primary,south,SOU,16,16th District ……………,Buffalo SOU 16,,,2.0,159.0,,,,,,,,,,,,123.0,34.0,,,,,,,,,,,,,,,,,,,,,,,,,,,,,,,,,,,,,,,,,,,,,,,,,,,,,,,,,,,,,,,,,,,,,,,,,,,,,,,,,,,,,,,,
2003,primary,south,SOU,17,17th District ……………,Buffalo SOU 17,,,5.0,142.0,,,,,,,,,,,,98.0,39.0,,,,,,,,,,,,,,,,,,,,,,,,,,,,,,,,,,,,,,,,,,,,,,,,,,,,,,,,,,,,,,,,,,,,,,,,,,,,,,,,,,,,,,,,
2003,primary,south,SOU,18,18th District ……………,Buffalo SOU 18,,,7.0,301.0,,,,,,,,,,,,170.0,124.0,,,,,,,,,,,,,,,,,,,,,,,,,,,,,,,,,,,,,,,,,,,,,,,,,,,,,,,,,,,,,,,,,,,,,,,,,,,,,,,,,,,,,,,,
2003,primary,south,SOU,19,19th District ……………,Buffalo SOU 19,,,5.0,228.0,,,,,,,,,,,,125.0,98.0,,,,,,,,,,,,,,,,,,,,,,,,,,,,,,,,,,,,,,,,,,,,,,,,,,,,,,,,,,,,,,,,,,,,,,,,,,,,,,,,,,,,,,,,
2003,primary,south,SOU,20,20th District ……………,Buffalo SOU 20,,,2.0,96.0,,,,,,,,,,,,57.0,37.0,,,,,,,,,,,,,,,,,,,,,,,,,,,,,,,,,,,,,,,,,,,,,,,,,,,,,,,,,,,,,,,,,,,,,,,,,,,,,,,,,,,,,,,,
2003,primary,south,SOU,21,21st District ……………,Buffalo SOU 21,,,0.0,74.0,,,,,,,,,,,,51.0,23.0,,,,,,,,,,,,,,,,,,,,,,,,,,,,,,,,,,,,,,,,,,,,,,,,,,,,,,,,,,,,,,,,,,,,,,,,,,,,,,,,,,,,,,,,
2003,primary,south,SOU,22,22nd District ……………,Buffalo SOU 22,,,0.0,80.0,,,,,,,,,,,,66.0,14.0,,,,,,,,,,,,,,,,,,,,,,,,,,,,,,,,,,,,,,,,,,,,,,,,,,,,,,,,,,,,,,,,,,,,,,,,,,,,,,,,,,,,,,,,
2003,primary,south,SOU,23,23rd District ……………,Buffalo SOU 23,,,2.0,186.0,,,,,,,,,,,,123.0,61.0,,,,,,,,,,,,,,,,,,,,,,,,,,,,,,,,,,,,,,,,,,,,,,,,,,,,,,,,,,,,,,,,,,,,,,,,,,,,,,,,,,,,,,,,
2003,primary,south,SOU,24,24th District ……………,Buffalo SOU 24,,,3.0,108.0,,,,,,,,,,,,47.0,58.0,,,,,,,,,,,,,,,,,,,,,,,,,,,,,,,,,,,,,,,,,,,,,,,,,,,,,,,,,,,,,,,,,,,,,,,,,,,,,,,,,,,,,,,,
2003,primary,south,SOU,25,25th District ……………,Buffalo SOU 25,,,4.0,128.0,,,,,,,,,,,,67.0,57.0,,,,,,,,,,,,,,,,,,,,,,,,,,,,,,,,,,,,,,,,,,,,,,,,,,,,,,,,,,,,,,,,,,,,,,,,,,,,,,,,,,,,,,,,
2003,primary,south,SOU,26,26th District ……………,Buffalo SOU 26,,,1.0,120.0,,,,,,,,,,,,43.0,76.0,,,,,,,,,,,,,,,,,,,,,,,,,,,,,,,,,,,,,,,,,,,,,,,,,,,,,,,,,,,,,,,,,,,,,,,,,,,,,,,,,,,,,,,,
2003,primary,south,SOU,27,27th District ……………,Buffalo SOU 27,,,2.0,148.0,,,,,,,,,,,,100.0,46.0,,,,,,,,,,,,,,,,,,,,,,,,,,,,,,,,,,,,,,,,,,,,,,,,,,,,,,,,,,,,,,,,,,,,,,,,,,,,,,,,,,,,,,,,
2003,primary,south,SOU,28,28th District ……………,Buffalo SOU 28,,,4.0,196.0,,,,,,,,,,,,103.0,89.0,,,,,,,,,,,,,,,,,,,,,,,,,,,,,,,,,,,,,,,,,,,,,,,,,,,,,,,,,,,,,,,,,,,,,,,,,,,,,,,,,,,,,,,,
2003,primary,south,SOU,29,29th District ……………,Buffalo SOU 29,,,2.0,155.0,,,,,,,,,,,,92.0,61.0,,,,,,,,,,,,,,,,,,,,,,,,,,,,,,,,,,,,,,,,,,,,,,,,,,,,,,,,,,,,,,,,,,,,,,,,,,,,,,,,,,,,,,,,
2003,primary,south,SOU,30,30th District ……………,Buffalo SOU 30,,,1.0,122.0,,,,,,,,,,,,65.0,56.0,,,,,,,,,,,,,,,,,,,,,,,,,,,,,,,,,,,,,,,,,,,,,,,,,,,,,,,,,,,,,,,,,,,,,,,,,,,,,,,,,,,,,,,,
2003,primary,south,SOU,31,31st District ……………,Buffalo SOU 31,,,2.0,133.0,,,,,,,,,,,,74.0,57.0,,,,,,,,,,,,,,,,,,,,,,,,,,,,,,,,,,,,,,,,,,,,,,,,,,,,,,,,,,,,,,,,,,,,,,,,,,,,,,,,,,,,,,,,
2003,primary,south,SOU,32,32nd District ……………,Buffalo SOU 32,,,4.0,125.0,,,,,,,,,,,,89.0,32.0,,,,,,,,,,,,,,,,,,,,,,,,,,,,,,,,,,,,,,,,,,,,,,,,,,,,,,,,,,,,,,,,,,,,,,,,,,,,,,,,,,,,,,,,
2003,primary,south,SOU,33,33rd District ……………,Buffalo SOU 33,,,3.0,161.0,,,,,,,,,,,,107.0,51.0,,,,,,,,,,,,,,,,,,,,,,,,,,,,,,,,,,,,,,,,,,,,,,,,,,,,,,,,,,,,,,,,,,,,,,,,,,,,,,,,,,,,,,,,
2003,primary,university,UNI,1,1st District ……………,Buffalo UNI 1,,,4.0,105.0,,,,,,,,,,,,,,49.0,,,,,,,52.0,,,,,,,,,,,,,,,,,,,,,,,,,,,,,,,,,,,,,,,,,,,,,,,,,,,,,,,,,,,,,,,,,,,,,,,,,,,,,,,,
2003,primary,university,UNI,2,2nd District ……………,Buffalo UNI 2,,,12.0,108.0,,,,,,,,,,,,,,72.0,,,,,,,24.0,,,,,,,,,,,,,,,,,,,,,,,,,,,,,,,,,,,,,,,,,,,,,,,,,,,,,,,,,,,,,,,,,,,,,,,,,,,,,,,,
2003,primary,university,UNI,3,3rd District ……………,Buffalo UNI 3,,,5.0,88.0,,,,,,,,,,,,,,47.0,,,,,,,36.0,,,,,,,,,,,,,,,,,,,,,,,,,,,,,,,,,,,,,,,,,,,,,,,,,,,,,,,,,,,,,,,,,,,,,,,,,,,,,,,,
2003,primary,university,UNI,4,4th District ……………,Buffalo UNI 4,,,8.0,206.0,,,,,,,,,,,,,,101.0,,,,,,,97.0,,,,,,,,,,,,,,,,,,,,,,,,,,,,,,,,,,,,,,,,,,,,,,,,,,,,,,,,,,,,,,,,,,,,,,,,,,,,,,,,
2003,primary,university,UNI,5,5th District ……………,Buffalo UNI 5,,,8.0,176.0,,,,,,,,,,,,,,95.0,,,,,,,73.0,,,,,,,,,,,,,,,,,,,,,,,,,,,,,,,,,,,,,,,,,,,,,,,,,,,,,,,,,,,,,,,,,,,,,,,,,,,,,,,,
2003,primary,university,UNI,6,6th District ……………,Buffalo UNI 6,,,12.0,120.0,,,,,,,,,,,,,,35.0,,,,,,,73.0,,,,,,,,,,,,,,,,,,,,,,,,,,,,,,,,,,,,,,,,,,,,,,,,,,,,,,,,,,,,,,,,,,,,,,,,,,,,,,,,
2003,primary,university,UNI,7,7th District ……………,Buffalo UNI 7,,,3.0,57.0,,,,,,,,,,,,,,31.0,,,,,,,23.0,,,,,,,,,,,,,,,,,,,,,,,,,,,,,,,,,,,,,,,,,,,,,,,,,,,,,,,,,,,,,,,,,,,,,,,,,,,,,,,,
2003,primary,university,UNI,8,8th District ……………,Buffalo UNI 8,,,9.0,152.0,,,,,,,,,,,,,,64.0,,,,,,,79.0,,,,,,,,,,,,,,,,,,,,,,,,,,,,,,,,,,,,,,,,,,,,,,,,,,,,,,,,,,,,,,,,,,,,,,,,,,,,,,,,
2003,primary,university,UNI,9,9th District ……………,Buffalo UNI 9,,,5.0,108.0,,,,,,,,,,,,,,46.0,,,,,,,57.0,,,,,,,,,,,,,,,,,,,,,,,,,,,,,,,,,,,,,,,,,,,,,,,,,,,,,,,,,,,,,,,,,,,,,,,,,,,,,,,,
2003,primary,university,UNI,10,10th District ……………,Buffalo UNI 10,,,6.0,135.0,,,,,,,,,,,,,,61.0,,,,,,,68.0,,,,,,,,,,,,,,,,,,,,,,,,,,,,,,,,,,,,,,,,,,,,,,,,,,,,,,,,,,,,,,,,,,,,,,,,,,,,,,,,
2003,primary,university,UNI,11,11th District ……………,Buffalo UNI 11,,,14.0,115.0,,,,,,,,,,,,,,77.0,,,,,,,24.0,,,,,,,,,,,,,,,,,,,,,,,,,,,,,,,,,,,,,,,,,,,,,,,,,,,,,,,,,,,,,,,,,,,,,,,,,,,,,,,,
2003,primary,university,UNI,12,12th District ……………,Buffalo UNI 12,,,0.0,15.0,,,,,,,,,,,,,,11.0,,,,,,,4.0,,,,,,,,,,,,,,,,,,,,,,,,,,,,,,,,,,,,,,,,,,,,,,,,,,,,,,,,,,,,,,,,,,,,,,,,,,,,,,,,
2003,primary,university,UNI,13,13th District ……………,Buffalo UNI 13,,,13.0,88.0,,,,,,,,,,,,,,62.0,,,,,,,13.0,,,,,,,,,,,,,,,,,,,,,,,,,,,,,,,,,,,,,,,,,,,,,,,,,,,,,,,,,,,,,,,,,,,,,,,,,,,,,,,,
2003,primary,university,UNI,14,14th District ……………,Buffalo UNI 14,,,0.0,0.0,,,,,,,,,,,,,,0.0,,,,,,,0.0,,,,,,,,,,,,,,,,,,,,,,,,,,,,,,,,,,,,,,,,,,,,,,,,,,,,,,,,,,,,,,,,,,,,,,,,,,,,,,,,
2003,primary,university,UNI,15,15th District ……………,Buffalo UNI 15,,,4.0,83.0,,,,,,,,,,,,,,47.0,,,,,,,32.0,,,,,,,,,,,,,,,,,,,,,,,,,,,,,,,,,,,,,,,,,,,,,,,,,,,,,,,,,,,,,,,,,,,,,,,,,,,,,,,,
2003,primary,university,UNI,16,16th District ……………,Buffalo UNI 16,,,11.0,183.0,,,,,,,,,,,,,,96.0,,,,,,,76.0,,,,,,,,,,,,,,,,,,,,,,,,,,,,,,,,,,,,,,,,,,,,,,,,,,,,,,,,,,,,,,,,,,,,,,,,,,,,,,,,
2003,primary,university,UNI,17,17th District ……………,Buffalo UNI 17,,,0.0,10.0,,,,,,,,,,,,,,8.0,,,,,,,2.0,,,,,,,,,,,,,,,,,,,,,,,,,,,,,,,,,,,,,,,,,,,,,,,,,,,,,,,,,,,,,,,,,,,,,,,,,,,,,,,,
2003,primary,university,UNI,18,18th District ……………,Buffalo UNI 18,,,4.0,138.0,,,,,,,,,,,,,,115.0,,,,,,,19.0,,,,,,,,,,,,,,,,,,,,,,,,,,,,,,,,,,,,,,,,,,,,,,,,,,,,,,,,,,,,,,,,,,,,,,,,,,,,,,,,
2003,primary,university,UNI,19,19th District ……………,Buffalo UNI 19,,,3.0,85.0,,,,,,,,,,,,,,27.0,,,,,,,55.0,,,,,,,,,,,,,,,,,,,,,,,,,,,,,,,,,,,,,,,,,,,,,,,,,,,,,,,,,,,,,,,,,,,,,,,,,,,,,,,,
2003,primary,university,UNI,20,20th District ……………,Buffalo UNI 20,,,9.0,146.0,,,,,,,,,,,,,,54.0,,,,,,,83.0,,,,,,,,,,,,,,,,,,,,,,,,,,,,,,,,,,,,,,,,,,,,,,,,,,,,,,,,,,,,,,,,,,,,,,,,,,,,,,,,
2003,primary,university,UNI,21,21st District ……………,Buffalo UNI 21,,,3.0,35.0,,,,,,,,,,,,,,23.0,,,,,,,9.0,,,,,,,,,,,,,,,,,,,,,,,,,,,,,,,,,,,,,,,,,,,,,,,,,,,,,,,,,,,,,,,,,,,,,,,,,,,,,,,,
2003,primary,university,UNI,22,22nd District ……………,Buffalo UNI 22,,,5.0,140.0,,,,,,,,,,,,,,50.0,,,,,,,85.0,,,,,,,,,,,,,,,,,,,,,,,,,,,,,,,,,,,,,,,,,,,,,,,,,,,,,,,,,,,,,,,,,,,,,,,,,,,,,,,,
2003,primary,university,UNI,23,23rd District ……………,Buffalo UNI 23,,,3.0,142.0,,,,,,,,,,,,,,78.0,,,,,,,61.0,,,,,,,,,,,,,,,,,,,,,,,,,,,,,,,,,,,,,,,,,,,,,,,,,,,,,,,,,,,,,,,,,,,,,,,,,,,,,,,,
2003,primary,university,UNI,24,24th District ……………,Buffalo UNI 24,,,3.0,115.0,,,,,,,,,,,,,,49.0,,,,,,,63.0,,,,,,,,,,,,,,,,,,,,,,,,,,,,,,,,,,,,,,,,,,,,,,,,,,,,,,,,,,,,,,,,,,,,,,,,,,,,,,,,
2003,primary,university,UNI,25,25th District ……………,Buffalo UNI 25,,,9.0,131.0,,,,,,,,,,,,,,40.0,,,,,,,82.0,,,,,,,,,,,,,,,,,,,,,,,,,,,,,,,,,,,,,,,,,,,,,,,,,,,,,,,,,,,,,,,,,,,,,,,,,,,,,,,,
2003,primary,university,UNI,26,26th District ……………,Buffalo UNI 26,,,3.0,97.0,,,,,,,,,,,,,,39.0,,,,,,,55.0,,,,,,,,,,,,,,,,,,,,,,,,,,,,,,,,,,,,,,,,,,,,,,,,,,,,,,,,,,,,,,,,,,,,,,,,,,,,,,,,
2003,primary,university,UNI,27,27th District ……………,Buffalo UNI 27,,,1.0,140.0,,,,,,,,,,,,,,81.0,,,,,,,58.0,,,,,,,,,,,,,,,,,,,,,,,,,,,,,,,,,,,,,,,,,,,,,,,,,,,,,,,,,,,,,,,,,,,,,,,,,,,,,,,,
2003,primary,university,UNI,28,28th District ……………,Buffalo UNI 28,,,6.0,152.0,,,,,,,,,,,,,,84.0,,,,,,,62.0,,,,,,,,,,,,,,,,,,,,,,,,,,,,,,,,,,,,,,,,,,,,,,,,,,,,,,,,,,,,,,,,,,,,,,,,,,,,,,,,
2003,primary,university,UNI,29,29th District ……………,Buffalo UNI 29,,,4.0,111.0,,,,,,,,,,,,,,56.0,,,,,,,51.0,,,,,,,,,,,,,,,,,,,,,,,,,,,,,,,,,,,,,,,,,,,,,,,,,,,,,,,,,,,,,,,,,,,,,,,,,,,,,,,,
2003,primary,university,UNI,30,30th District ……………,Buffalo UNI 30,,,8.0,90.0,,,,,,,,,,,,,,50.0,,,,,,,32.0,,,,,,,,,,,,,,,,,,,,,,,,,,,,,,,,,,,,,,,,,,,,,,,,,,,,,,,,,,,,,,,,,,,,,,,,,,,,,,,,
2003,primary,university,UNI,31,31st District ……………,Buffalo UNI 31,,,20.0,229.0,,,,,,,,,,,,,,166.0,,,,,,,43.0,,,,,,,,,,,,,,,,,,,,,,,,,,,,,,,,,,,,,,,,,,,,,,,,,,,,,,,,,,,,,,,,,,,,,,,,,,,,,,,,
2007,general,delaware,DEL,1,1st District ……………,Buffalo DEL 1,,,73.0,256.0,,,,,,,,,,,,,,,,,,,,,,183.0,,,,,,,,,,,,,,,,,,,,,,,,,,,,,,,,,,,,,,,,,,,,,,,,,,,,,,,,,,,,,,,,,,,,,,,,,,,,,,,
2007,general,delaware,DEL,2,2nd District ……………,Buffalo DEL 2,,,44.0,249.0,,,,,,,,,,,,,,,,,,,,,,205.0,,,,,,,,,,,,,,,,,,,,,,,,,,,,,,,,,,,,,,,,,,,,,,,,,,,,,,,,,,,,,,,,,,,,,,,,,,,,,,,
2007,general,delaware,DEL,3,3rd District ……………,Buffalo DEL 3,,,48.0,162.0,,,,,,,,,,,,,,,,,,,,,,114.0,,,,,,,,,,,,,,,,,,,,,,,,,,,,,,,,,,,,,,,,,,,,,,,,,,,,,,,,,,,,,,,,,,,,,,,,,,,,,,,
2007,general,delaware,DEL,4,4th District ……………,Buffalo DEL 4,,,71.0,279.0,,,,,,,,,,,,,,,,,,,,,,208.0,,,,,,,,,,,,,,,,,,,,,,,,,,,,,,,,,,,,,,,,,,,,,,,,,,,,,,,,,,,,,,,,,,,,,,,,,,,,,,,
2007,general,delaware,DEL,5,5th District ……………,Buffalo DEL 5,,,55.0,150.0,,,,,,,,,,,,,,,,,,,,,,95.0,,,,,,,,,,,,,,,,,,,,,,,,,,,,,,,,,,,,,,,,,,,,,,,,,,,,,,,,,,,,,,,,,,,,,,,,,,,,,,,
2007,general,delaware,DEL,6,6th District ……………,Buffalo DEL 6,,,69.0,294.0,,,,,,,,,,,,,,,,,,,,,,225.0,,,,,,,,,,,,,,,,,,,,,,,,,,,,,,,,,,,,,,,,,,,,,,,,,,,,,,,,,,,,,,,,,,,,,,,,,,,,,,,
2007,general,delaware,DEL,7,7th District ……………,Buffalo DEL 7,,,50.0,191.0,,,,,,,,,,,,,,,,,,,,,,141.0,,,,,,,,,,,,,,,,,,,,,,,,,,,,,,,,,,,,,,,,,,,,,,,,,,,,,,,,,,,,,,,,,,,,,,,,,,,,,,,
2007,general,delaware,DEL,8,8th District ……………,Buffalo DEL 8,,,94.0,310.0,,,,,,,,,,,,,,,,,,,,,,216.0,,,,,,,,,,,,,,,,,,,,,,,,,,,,,,,,,,,,,,,,,,,,,,,,,,,,,,,,,,,,,,,,,,,,,,,,,,,,,,,
2007,general,delaware,DEL,9,9th District ……………,Buffalo DEL 9,,,56.0,228.0,,,,,,,,,,,,,,,,,,,,,,172.0,,,,,,,,,,,,,,,,,,,,,,,,,,,,,,,,,,,,,,,,,,,,,,,,,,,,,,,,,,,,,,,,,,,,,,,,,,,,,,,
2007,general,delaware,DEL,10,10th District ……………,Buffalo DEL 10,,,50.0,225.0,,,,,,,,,,,,,,,,,,,,,,175.0,,,,,,,,,,,,,,,,,,,,,,,,,,,,,,,,,,,,,,,,,,,,,,,,,,,,,,,,,,,,,,,,,,,,,,,,,,,,,,,
2007,general,delaware,DEL,11,11th District ……………,Buffalo DEL 11,,,7.0,23.0,,,,,,,,,,,,,,,,,,,,,,16.0,,,,,,,,,,,,,,,,,,,,,,,,,,,,,,,,,,,,,,,,,,,,,,,,,,,,,,,,,,,,,,,,,,,,,,,,,,,,,,,
2007,general,delaware,DEL,12,12th District ……………,Buffalo DEL 12,,,74.0,289.0,,,,,,,,,,,,,,,,,,,,,,215.0,,,,,,,,,,,,,,,,,,,,,,,,,,,,,,,,,,,,,,,,,,,,,,,,,,,,,,,,,,,,,,,,,,,,,,,,,,,,,,,
2007,general,delaware,DEL,13,13th District ……………,Buffalo DEL 13,,,23.0,167.0,,,,,,,,,,,,,,,,,,,,,,144.0,,,,,,,,,,,,,,,,,,,,,,,,,,,,,,,,,,,,,,,,,,,,,,,,,,,,,,,,,,,,,,,,,,,,,,,,,,,,,,,
2007,general,delaware,DEL,14,14th District ……………,Buffalo DEL 14,,,22.0,75.0,,,,,,,,,,,,,,,,,,,,,,53.0,,,,,,,,,,,,,,,,,,,,,,,,,,,,,,,,,,,,,,,,,,,,,,,,,,,,,,,,,,,,,,,,,,,,,,,,,,,,,,,
2007,general,delaware,DEL,15,15th District ……………,Buffalo DEL 15,,,60.0,273.0,,,,,,,,,,,,,,,,,,,,,,213.0,,,,,,,,,,,,,,,,,,,,,,,,,,,,,,,,,,,,,,,,,,,,,,,,,,,,,,,,,,,,,,,,,,,,,,,,,,,,,,,
2007,general,delaware,DEL,16,16th District ……………,Buffalo DEL 16,,,54.0,174.0,,,,,,,,,,,,,,,,,,,,,,120.0,,,,,,,,,,,,,,,,,,,,,,,,,,,,,,,,,,,,,,,,,,,,,,,,,,,,,,,,,,,,,,,,,,,,,,,,,,,,,,,
2007,general,delaware,DEL,17,17th District ……………,Buffalo DEL 17,,,30.0,93.0,,,,,,,,,,,,,,,,,,,,,,63.0,,,,,,,,,,,,,,,,,,,,,,,,,,,,,,,,,,,,,,,,,,,,,,,,,,,,,,,,,,,,,,,,,,,,,,,,,,,,,,,
2007,general,delaware,DEL,18,18th District ……………,Buffalo DEL 18,,,47.0,127.0,,,,,,,,,,,,,,,,,,,,,,80.0,,,,,,,,,,,,,,,,,,,,,,,,,,,,,,,,,,,,,,,,,,,,,,,,,,,,,,,,,,,,,,,,,,,,,,,,,,,,,,,
2007,general,delaware,DEL,19,19th District ……………,Buffalo DEL 19,,,99.0,333.0,,,,,,,,,,,,,,,,,,,,,,234.0,,,,,,,,,,,,,,,,,,,,,,,,,,,,,,,,,,,,,,,,,,,,,,,,,,,,,,,,,,,,,,,,,,,,,,,,,,,,,,,
2007,general,delaware,DEL,20,20th District ……………,Buffalo DEL 20,,,53.0,197.0,,,,,,,,,,,,,,,,,,,,,,144.0,,,,,,,,,,,,,,,,,,,,,,,,,,,,,,,,,,,,,,,,,,,,,,,,,,,,,,,,,,,,,,,,,,,,,,,,,,,,,,,
2007,general,delaware,DEL,21,21st District ……………,Buffalo DEL 21,,,32.0,169.0,,,,,,,,,,,,,,,,,,,,,,137.0,,,,,,,,,,,,,,,,,,,,,,,,,,,,,,,,,,,,,,,,,,,,,,,,,,,,,,,,,,,,,,,,,,,,,,,,,,,,,,,
2007,general,delaware,DEL,22,22nd District ……………,Buffalo DEL 22,,,26.0,177.0,,,,,,,,,,,,,,,,,,,,,,151.0,,,,,,,,,,,,,,,,,,,,,,,,,,,,,,,,,,,,,,,,,,,,,,,,,,,,,,,,,,,,,,,,,,,,,,,,,,,,,,,
2007,general,delaware,DEL,23,23rd District ……………,Buffalo DEL 23,,,40.0,168.0,,,,,,,,,,,,,,,,,,,,,,128.0,,,,,,,,,,,,,,,,,,,,,,,,,,,,,,,,,,,,,,,,,,,,,,,,,,,,,,,,,,,,,,,,,,,,,,,,,,,,,,,
2007,general,delaware,DEL,24,24th District ……………,Buffalo DEL 24,,,52.0,235.0,,,,,,,,,,,,,,,,,,,,,,183.0,,,,,,,,,,,,,,,,,,,,,,,,,,,,,,,,,,,,,,,,,,,,,,,,,,,,,,,,,,,,,,,,,,,,,,,,,,,,,,,
2007,general,delaware,DEL,25,25th District ……………,Buffalo DEL 25,,,61.0,243.0,,,,,,,,,,,,,,,,,,,,,,182.0,,,,,,,,,,,,,,,,,,,,,,,,,,,,,,,,,,,,,,,,,,,,,,,,,,,,,,,,,,,,,,,,,,,,,,,,,,,,,,,
2007,general,delaware,DEL,26,26th District ……………,Buffalo DEL 26,,,90.0,369.0,,,,,,,,,,,,,,,,,,,,,,279.0,,,,,,,,,,,,,,,,,,,,,,,,,,,,,,,,,,,,,,,,,,,,,,,,,,,,,,,,,,,,,,,,,,,,,,,,,,,,,,,
2007,general,delaware,DEL,27,27th District ……………,Buffalo DEL 27,,,74.0,279.0,,,,,,,,,,,,,,,,,,,,,,205.0,,,,,,,,,,,,,,,,,,,,,,,,,,,,,,,,,,,,,,,,,,,,,,,,,,,,,,,,,,,,,,,,,,,,,,,,,,,,,,,
2007,general,delaware,DEL,28,28th District ……………,Buffalo DEL 28,,,62.0,140.0,,,,,,,,,,,,,,,,,,,,,,78.0,,,,,,,,,,,,,,,,,,,,,,,,,,,,,,,,,,,,,,,,,,,,,,,,,,,,,,,,,,,,,,,,,,,,,,,,,,,,,,,
2007,general,delaware,DEL,29,29th District ……………,Buffalo DEL 29,,,59.0,279.0,,,,,,,,,,,,,,,,,,,,,,220.0,,,,,,,,,,,,,,,,,,,,,,,,,,,,,,,,,,,,,,,,,,,,,,,,,,,,,,,,,,,,,,,,,,,,,,,,,,,,,,,
2007,general,delaware,DEL,30,30th District ……………,Buffalo DEL 30,,,83.0,316.0,,,,,,,,,,,,,,,,,,,,,,233.0,,,,,,,,,,,,,,,,,,,,,,,,,,,,,,,,,,,,,,,,,,,,,,,,,,,,,,,,,,,,,,,,,,,,,,,,,,,,,,,
2007,general,delaware,DEL,31,31st District ……………,Buffalo DEL 31,,,29.0,148.0,,,,,,,,,,,,,,,,,,,,,,119.0,,,,,,,,,,,,,,,,,,,,,,,,,,,,,,,,,,,,,,,,,,,,,,,,,,,,,,,,,,,,,,,,,,,,,,,,,,,,,,,
2007,general,delaware,DEL,32,32nd District ……………,Buffalo DEL 32,,,65.0,256.0,,,,,,,,,,,,,,,,,,,,,,191.0,,,,,,,,,,,,,,,,,,,,,,,,,,,,,,,,,,,,,,,,,,,,,,,,,,,,,,,,,,,,,,,,,,,,,,,,,,,,,,,
2007,general,delaware,DEL,33,33rd District ……………,Buffalo DEL 33,,,42.0,208.0,,,,,,,,,,,,,,,,,,,,,,166.0,,,,,,,,,,,,,,,,,,,,,,,,,,,,,,,,,,,,,,,,,,,,,,,,,,,,,,,,,,,,,,,,,,,,,,,,,,,,,,,
2007,general,delaware,DEL,34,34th District ……………,Buffalo DEL 34,,,61.0,231.0,,,,,,,,,,,,,,,,,,,,,,170.0,,,,,,,,,,,,,,,,,,,,,,,,,,,,,,,,,,,,,,,,,,,,,,,,,,,,,,,,,,,,,,,,,,,,,,,,,,,,,,,
2007,general,delaware,DEL,35,35th District ……………,Buffalo DEL 35,,,3.0,17.0,,,,,,,,,,,,,,,,,,,,,,14.0,,,,,,,,,,,,,,,,,,,,,,,,,,,,,,,,,,,,,,,,,,,,,,,,,,,,,,,,,,,,,,,,,,,,,,,,,,,,,,,
2007,general,delaware,DEL,36,36th District ……………,Buffalo DEL 36,,,95.0,358.0,,,,,,,,,,,,,,,,,,,,,,263.0,,,,,,,,,,,,,,,,,,,,,,,,,,,,,,,,,,,,,,,,,,,,,,,,,,,,,,,,,,,,,,,,,,,,,,,,,,,,,,,
2007,general,delaware,DEL,37,37th District ……………,Buffalo DEL 37,,,15.0,73.0,,,,,,,,,,,,,,,,,,,,,,58.0,,,,,,,,,,,,,,,,,,,,,,,,,,,,,,,,,,,,,,,,,,,,,,,,,,,,,,,,,,,,,,,,,,,,,,,,,,,,,,,
2007,general,delaware,DEL,38,38th District ……………,Buffalo DEL 38,,,20.0,111.0,,,,,,,,,,,,,,,,,,,,,,91.0,,,,,,,,,,,,,,,,,,,,,,,,,,,,,,,,,,,,,,,,,,,,,,,,,,,,,,,,,,,,,,,,,,,,,,,,,,,,,,,
2007,general,delaware,DEL,39,39th District ……………,Buffalo DEL 39,,,85.0,328.0,,,,,,,,,,,,,,,,,,,,,,243.0,,,,,,,,,,,,,,,,,,,,,,,,,,,,,,,,,,,,,,,,,,,,,,,,,,,,,,,,,,,,,,,,,,,,,,,,,,,,,,,
2007,general,ellicott,ELL,1,1st District ……………,Buffalo ELL 1,,,13.0,60.0,34.0,,,,,,,,,,,,,,,,,,,,,,13.0,,,,,,,,,,,,,,,,,,,,,,,,,,,,,,,,,,,,,,,,,,,,,,,,,,,,,,,,,,,,,,,,,,,,,,,,,,,,,,
2007,general,ellicott,ELL,2,2nd District ……………,Buffalo ELL 2,,,12.0,77.0,61.0,,,,,,,,,,,,,,,,,,,,,,4.0,,,,,,,,,,,,,,,,,,,,,,,,,,,,,,,,,,,,,,,,,,,,,,,,,,,,,,,,,,,,,,,,,,,,,,,,,,,,,,
2007,general,ellicott,ELL,3,3rd District ……………,Buffalo ELL 3,,,5.0,97.0,87.0,,,,,,,,,,,,,,,,,,,,,,5.0,,,,,,,,,,,,,,,,,,,,,,,,,,,,,,,,,,,,,,,,,,,,,,,,,,,,,,,,,,,,,,,,,,,,,,,,,,,,,,
2007,general,ellicott,ELL,4,4th District ……………,Buffalo ELL 4,,,10.0,84.0,61.0,,,,,,,,,,,,,,,,,,,,,,13.0,,,,,,,,,,,,,,,,,,,,,,,,,,,,,,,,,,,,,,,,,,,,,,,,,,,,,,,,,,,,,,,,,,,,,,,,,,,,,,
2007,general,ellicott,ELL,5,5th District ……………,Buffalo ELL 5,,,26.0,158.0,95.0,,,,,,,,,,,,,,,,,,,,,,37.0,,,,,,,,,,,,,,,,,,,,,,,,,,,,,,,,,,,,,,,,,,,,,,,,,,,,,,,,,,,,,,,,,,,,,,,,,,,,,,
2007,general,ellicott,ELL,6,6th District ……………,Buffalo ELL 6,,,14.0,105.0,78.0,,,,,,,,,,,,,,,,,,,,,,13.0,,,,,,,,,,,,,,,,,,,,,,,,,,,,,,,,,,,,,,,,,,,,,,,,,,,,,,,,,,,,,,,,,,,,,,,,,,,,,,
2007,general,ellicott,ELL,7,7th District ……………,Buffalo ELL 7,,,25.0,110.0,72.0,,,,,,,,,,,,,,,,,,,,,,13.0,,,,,,,,,,,,,,,,,,,,,,,,,,,,,,,,,,,,,,,,,,,,,,,,,,,,,,,,,,,,,,,,,,,,,,,,,,,,,,
2007,general,ellicott,ELL,8,8th District ……………,Buffalo ELL 8,,,38.0,122.0,80.0,,,,,,,,,,,,,,,,,,,,,,4.0,,,,,,,,,,,,,,,,,,,,,,,,,,,,,,,,,,,,,,,,,,,,,,,,,,,,,,,,,,,,,,,,,,,,,,,,,,,,,,
2007,general,ellicott,ELL,9,9th District ……………,Buffalo ELL 9,,,20.0,116.0,86.0,,,,,,,,,,,,,,,,,,,,,,10.0,,,,,,,,,,,,,,,,,,,,,,,,,,,,,,,,,,,,,,,,,,,,,,,,,,,,,,,,,,,,,,,,,,,,,,,,,,,,,,
2007,general,ellicott,ELL,10,10th District ……………,Buffalo ELL 10,,,0.0,0.0,0.0,,,,,,,,,,,,,,,,,,,,,,0.0,,,,,,,,,,,,,,,,,,,,,,,,,,,,,,,,,,,,,,,,,,,,,,,,,,,,,,,,,,,,,,,,,,,,,,,,,,,,,,
2007,general,ellicott,ELL,11,11th District ……………,Buffalo ELL 11,,,25.0,93.0,60.0,,,,,,,,,,,,,,,,,,,,,,8.0,,,,,,,,,,,,,,,,,,,,,,,,,,,,,,,,,,,,,,,,,,,,,,,,,,,,,,,,,,,,,,,,,,,,,,,,,,,,,,
2007,general,ellicott,ELL,12,12th District ……………,Buffalo ELL 12,,,7.0,30.0,20.0,,,,,,,,,,,,,,,,,,,,,,3.0,,,,,,,,,,,,,,,,,,,,,,,,,,,,,,,,,,,,,,,,,,,,,,,,,,,,,,,,,,,,,,,,,,,,,,,,,,,,,,
2007,general,ellicott,ELL,13,13th District ……………,Buffalo ELL 13,,,13.0,123.0,99.0,,,,,,,,,,,,,,,,,,,,,,11.0,,,,,,,,,,,,,,,,,,,,,,,,,,,,,,,,,,,,,,,,,,,,,,,,,,,,,,,,,,,,,,,,,,,,,,,,,,,,,,
2007,general,ellicott,ELL,14,14th District ……………,Buffalo ELL 14,,,25.0,187.0,138.0,,,,,,,,,,,,,,,,,,,,,,24.0,,,,,,,,,,,,,,,,,,,,,,,,,,,,,,,,,,,,,,,,,,,,,,,,,,,,,,,,,,,,,,,,,,,,,,,,,,,,,,
2007,general,ellicott,ELL,15,15th District ……………,Buffalo ELL 15,,,23.0,168.0,134.0,,,,,,,,,,,,,,,,,,,,,,11.0,,,,,,,,,,,,,,,,,,,,,,,,,,,,,,,,,,,,,,,,,,,,,,,,,,,,,,,,,,,,,,,,,,,,,,,,,,,,,,
2007,general,ellicott,ELL,16,16th District ……………,Buffalo ELL 16,,,15.0,170.0,150.0,,,,,,,,,,,,,,,,,,,,,,5.0,,,,,,,,,,,,,,,,,,,,,,,,,,,,,,,,,,,,,,,,,,,,,,,,,,,,,,,,,,,,,,,,,,,,,,,,,,,,,,
2007,general,ellicott,ELL,17,17th District ……………,Buffalo ELL 17,,,12.0,66.0,50.0,,,,,,,,,,,,,,,,,,,,,,4.0,,,,,,,,,,,,,,,,,,,,,,,,,,,,,,,,,,,,,,,,,,,,,,,,,,,,,,,,,,,,,,,,,,,,,,,,,,,,,,
2007,general,ellicott,ELL,18,18th District ……………,Buffalo ELL 18,,,32.0,217.0,167.0,,,,,,,,,,,,,,,,,,,,,,18.0,,,,,,,,,,,,,,,,,,,,,,,,,,,,,,,,,,,,,,,,,,,,,,,,,,,,,,,,,,,,,,,,,,,,,,,,,,,,,,
2007,general,ellicott,ELL,19,19th District ……………,Buffalo ELL 19,,,23.0,110.0,61.0,,,,,,,,,,,,,,,,,,,,,,26.0,,,,,,,,,,,,,,,,,,,,,,,,,,,,,,,,,,,,,,,,,,,,,,,,,,,,,,,,,,,,,,,,,,,,,,,,,,,,,,
2007,general,ellicott,ELL,20,20th District ……………,Buffalo ELL 20,,,7.0,80.0,68.0,,,,,,,,,,,,,,,,,,,,,,5.0,,,,,,,,,,,,,,,,,,,,,,,,,,,,,,,,,,,,,,,,,,,,,,,,,,,,,,,,,,,,,,,,,,,,,,,,,,,,,,
2007,general,ellicott,ELL,21,21st District ……………,Buffalo ELL 21,,,8.0,32.0,15.0,,,,,,,,,,,,,,,,,,,,,,9.0,,,,,,,,,,,,,,,,,,,,,,,,,,,,,,,,,,,,,,,,,,,,,,,,,,,,,,,,,,,,,,,,,,,,,,,,,,,,,,
2007,general,ellicott,ELL,22,22nd District ……………,Buffalo ELL 22,,,11.0,68.0,53.0,,,,,,,,,,,,,,,,,,,,,,4.0,,,,,,,,,,,,,,,,,,,,,,,,,,,,,,,,,,,,,,,,,,,,,,,,,,,,,,,,,,,,,,,,,,,,,,,,,,,,,,
2007,general,ellicott,ELL,23,23rd District ……………,Buffalo ELL 23,,,15.0,116.0,85.0,,,,,,,,,,,,,,,,,,,,,,16.0,,,,,,,,,,,,,,,,,,,,,,,,,,,,,,,,,,,,,,,,,,,,,,,,,,,,,,,,,,,,,,,,,,,,,,,,,,,,,,
2007,general,ellicott,ELL,24,24th District ……………,Buffalo ELL 24,,,19.0,170.0,136.0,,,,,,,,,,,,,,,,,,,,,,15.0,,,,,,,,,,,,,,,,,,,,,,,,,,,,,,,,,,,,,,,,,,,,,,,,,,,,,,,,,,,,,,,,,,,,,,,,,,,,,,
2007,general,ellicott,ELL,25,25th District ……………,Buffalo ELL 25,,,23.0,143.0,106.0,,,,,,,,,,,,,,,,,,,,,,14.0,,,,,,,,,,,,,,,,,,,,,,,,,,,,,,,,,,,,,,,,,,,,,,,,,,,,,,,,,,,,,,,,,,,,,,,,,,,,,,
2007,general,ellicott,ELL,26,26th District ……………,Buffalo ELL 26,,,7.0,15.0,3.0,,,,,,,,,,,,,,,,,,,,,,5.0,,,,,,,,,,,,,,,,,,,,,,,,,,,,,,,,,,,,,,,,,,,,,,,,,,,,,,,,,,,,,,,,,,,,,,,,,,,,,,
2007,general,ellicott,ELL,27,27th District ……………,Buffalo ELL 27,,,19.0,215.0,176.0,,,,,,,,,,,,,,,,,,,,,,20.0,,,,,,,,,,,,,,,,,,,,,,,,,,,,,,,,,,,,,,,,,,,,,,,,,,,,,,,,,,,,,,,,,,,,,,,,,,,,,,
2007,general,ellicott,ELL,28,28th District ……………,Buffalo ELL 28,,,6.0,26.0,12.0,,,,,,,,,,,,,,,,,,,,,,8.0,,,,,,,,,,,,,,,,,,,,,,,,,,,,,,,,,,,,,,,,,,,,,,,,,,,,,,,,,,,,,,,,,,,,,,,,,,,,,,
2007,general,ellicott,ELL,29,29th District ……………,Buffalo ELL 29,,,0.0,0.0,0.0,,,,,,,,,,,,,,,,,,,,,,0.0,,,,,,,,,,,,,,,,,,,,,,,,,,,,,,,,,,,,,,,,,,,,,,,,,,,,,,,,,,,,,,,,,,,,,,,,,,,,,,
2007,general,ellicott,ELL,30,30th District ……………,Buffalo ELL 30,,,16.0,152.0,127.0,,,,,,,,,,,,,,,,,,,,,,9.0,,,,,,,,,,,,,,,,,,,,,,,,,,,,,,,,,,,,,,,,,,,,,,,,,,,,,,,,,,,,,,,,,,,,,,,,,,,,,,
2007,general,ellicott,ELL,31,31st District ……………,Buffalo ELL 31,,,10.0,86.0,70.0,,,,,,,,,,,,,,,,,,,,,,6.0,,,,,,,,,,,,,,,,,,,,,,,,,,,,,,,,,,,,,,,,,,,,,,,,,,,,,,,,,,,,,,,,,,,,,,,,,,,,,,
2007,general,ellicott,ELL,32,32nd District ……………,Buffalo ELL 32,,,22.0,104.0,63.0,,,,,,,,,,,,,,,,,,,,,,19.0,,,,,,,,,,,,,,,,,,,,,,,,,,,,,,,,,,,,,,,,,,,,,,,,,,,,,,,,,,,,,,,,,,,,,,,,,,,,,,
2007,general,ellicott,ELL,33,33rd District ……………,Buffalo ELL 33,,,15.0,99.0,83.0,,,,,,,,,,,,,,,,,,,,,,1.0,,,,,,,,,,,,,,,,,,,,,,,,,,,,,,,,,,,,,,,,,,,,,,,,,,,,,,,,,,,,,,,,,,,,,,,,,,,,,,
2007,general,ellicott,ELL,34,34th District ……………,Buffalo ELL 34,,,5.0,75.0,66.0,,,,,,,,,,,,,,,,,,,,,,4.0,,,,,,,,,,,,,,,,,,,,,,,,,,,,,,,,,,,,,,,,,,,,,,,,,,,,,,,,,,,,,,,,,,,,,,,,,,,,,,
2007,general,ellicott,ELL,35,35th District ……………,Buffalo ELL 35,,,28.0,107.0,69.0,,,,,,,,,,,,,,,,,,,,,,10.0,,,,,,,,,,,,,,,,,,,,,,,,,,,,,,,,,,,,,,,,,,,,,,,,,,,,,,,,,,,,,,,,,,,,,,,,,,,,,,
2007,general,ellicott,ELL,36,36th District ……………,Buffalo ELL 36,,,0.0,2.0,2.0,,,,,,,,,,,,,,,,,,,,,,0.0,,,,,,,,,,,,,,,,,,,,,,,,,,,,,,,,,,,,,,,,,,,,,,,,,,,,,,,,,,,,,,,,,,,,,,,,,,,,,,
2007,general,ellicott,ELL,37,37th District ……………,Buffalo ELL 37,,,0.0,5.0,5.0,,,,,,,,,,,,,,,,,,,,,,0.0,,,,,,,,,,,,,,,,,,,,,,,,,,,,,,,,,,,,,,,,,,,,,,,,,,,,,,,,,,,,,,,,,,,,,,,,,,,,,,
2007,general,ellicott,ELL,38,38th District ……………,Buffalo ELL 38,,,16.0,118.0,85.0,,,,,,,,,,,,,,,,,,,,,,17.0,,,,,,,,,,,,,,,,,,,,,,,,,,,,,,,,,,,,,,,,,,,,,,,,,,,,,,,,,,,,,,,,,,,,,,,,,,,,,,
2007,general,ellicott,ELL,39,39th District ……………,Buffalo ELL 39,,,12.0,124.0,100.0,,,,,,,,,,,,,,,,,,,,,,12.0,,,,,,,,,,,,,,,,,,,,,,,,,,,,,,,,,,,,,,,,,,,,,,,,,,,,,,,,,,,,,,,,,,,,,,,,,,,,,,
2007,general,ellicott,ELL,40,40th District ……………,Buffalo ELL 40,,,18.0,190.0,150.0,,,,,,,,,,,,,,,,,,,,,,22.0,,,,,,,,,,,,,,,,,,,,,,,,,,,,,,,,,,,,,,,,,,,,,,,,,,,,,,,,,,,,,,,,,,,,,,,,,,,,,,
2007,general,ellicott,ELL,41,41st District ……………,Buffalo ELL 41,,,15.0,57.0,30.0,,,,,,,,,,,,,,,,,,,,,,12.0,,,,,,,,,,,,,,,,,,,,,,,,,,,,,,,,,,,,,,,,,,,,,,,,,,,,,,,,,,,,,,,,,,,,,,,,,,,,,,
2007,general,fillmore,FIL,1,1st District ……………,Buffalo FIL 1,,,5.0,34.0,,29.0,,,,,,,,,,,,,,,,,,,,,,,,,,,,,,,,,,,,,,,,,,,,,,,,,,,,,,,,,,,,,,,,,,,,,,,,,,,,,,,,,,,,,,,,,,,,,,,,,,,
2007,general,fillmore,FIL,2,2nd District ……………,Buffalo FIL 2,,,11.0,47.0,,36.0,,,,,,,,,,,,,,,,,,,,,,,,,,,,,,,,,,,,,,,,,,,,,,,,,,,,,,,,,,,,,,,,,,,,,,,,,,,,,,,,,,,,,,,,,,,,,,,,,,,
2007,general,fillmore,FIL,3,3rd District ……………,Buffalo FIL 3,,,6.0,34.0,,28.0,,,,,,,,,,,,,,,,,,,,,,,,,,,,,,,,,,,,,,,,,,,,,,,,,,,,,,,,,,,,,,,,,,,,,,,,,,,,,,,,,,,,,,,,,,,,,,,,,,,
2007,general,fillmore,FIL,4,4th District ……………,Buffalo FIL 4,,,11.0,52.0,,41.0,,,,,,,,,,,,,,,,,,,,,,,,,,,,,,,,,,,,,,,,,,,,,,,,,,,,,,,,,,,,,,,,,,,,,,,,,,,,,,,,,,,,,,,,,,,,,,,,,,,
2007,general,fillmore,FIL,5,5th District ……………,Buffalo FIL 5,,,2.0,4.0,,2.0,,,,,,,,,,,,,,,,,,,,,,,,,,,,,,,,,,,,,,,,,,,,,,,,,,,,,,,,,,,,,,,,,,,,,,,,,,,,,,,,,,,,,,,,,,,,,,,,,,,
2007,general,fillmore,FIL,6,6th District ……………,Buffalo FIL 6,,,15.0,68.0,,53.0,,,,,,,,,,,,,,,,,,,,,,,,,,,,,,,,,,,,,,,,,,,,,,,,,,,,,,,,,,,,,,,,,,,,,,,,,,,,,,,,,,,,,,,,,,,,,,,,,,,
2007,general,fillmore,FIL,7,7th District ……………,Buffalo FIL 7,,,5.0,59.0,,54.0,,,,,,,,,,,,,,,,,,,,,,,,,,,,,,,,,,,,,,,,,,,,,,,,,,,,,,,,,,,,,,,,,,,,,,,,,,,,,,,,,,,,,,,,,,,,,,,,,,,
2007,general,fillmore,FIL,8,8th District ……………,Buffalo FIL 8,,,6.0,50.0,,44.0,,,,,,,,,,,,,,,,,,,,,,,,,,,,,,,,,,,,,,,,,,,,,,,,,,,,,,,,,,,,,,,,,,,,,,,,,,,,,,,,,,,,,,,,,,,,,,,,,,,
2007,general,fillmore,FIL,9,9th District ……………,Buffalo FIL 9,,,8.0,61.0,,53.0,,,,,,,,,,,,,,,,,,,,,,,,,,,,,,,,,,,,,,,,,,,,,,,,,,,,,,,,,,,,,,,,,,,,,,,,,,,,,,,,,,,,,,,,,,,,,,,,,,,
2007,general,fillmore,FIL,10,10th District ……………,Buffalo FIL 10,,,10.0,56.0,,46.0,,,,,,,,,,,,,,,,,,,,,,,,,,,,,,,,,,,,,,,,,,,,,,,,,,,,,,,,,,,,,,,,,,,,,,,,,,,,,,,,,,,,,,,,,,,,,,,,,,,
2007,general,fillmore,FIL,11,11th District ……………,Buffalo FIL 11,,,8.0,48.0,,40.0,,,,,,,,,,,,,,,,,,,,,,,,,,,,,,,,,,,,,,,,,,,,,,,,,,,,,,,,,,,,,,,,,,,,,,,,,,,,,,,,,,,,,,,,,,,,,,,,,,,
2007,general,fillmore,FIL,12,12th District ……………,Buffalo FIL 12,,,11.0,71.0,,60.0,,,,,,,,,,,,,,,,,,,,,,,,,,,,,,,,,,,,,,,,,,,,,,,,,,,,,,,,,,,,,,,,,,,,,,,,,,,,,,,,,,,,,,,,,,,,,,,,,,,
2007,general,fillmore,FIL,13,13th District ……………,Buffalo FIL 13,,,62.0,169.0,,107.0,,,,,,,,,,,,,,,,,,,,,,,,,,,,,,,,,,,,,,,,,,,,,,,,,,,,,,,,,,,,,,,,,,,,,,,,,,,,,,,,,,,,,,,,,,,,,,,,,,,
2007,general,fillmore,FIL,14,14th District ……………,Buffalo FIL 14,,,5.0,26.0,,21.0,,,,,,,,,,,,,,,,,,,,,,,,,,,,,,,,,,,,,,,,,,,,,,,,,,,,,,,,,,,,,,,,,,,,,,,,,,,,,,,,,,,,,,,,,,,,,,,,,,,
2007,general,fillmore,FIL,15,15th District ……………,Buffalo FIL 15,,,0.0,1.0,,1.0,,,,,,,,,,,,,,,,,,,,,,,,,,,,,,,,,,,,,,,,,,,,,,,,,,,,,,,,,,,,,,,,,,,,,,,,,,,,,,,,,,,,,,,,,,,,,,,,,,,
2007,general,fillmore,FIL,16,16th District ……………,Buffalo FIL 16,,,10.0,37.0,,27.0,,,,,,,,,,,,,,,,,,,,,,,,,,,,,,,,,,,,,,,,,,,,,,,,,,,,,,,,,,,,,,,,,,,,,,,,,,,,,,,,,,,,,,,,,,,,,,,,,,,
2007,general,fillmore,FIL,17,17th District ……………,Buffalo FIL 17,,,23.0,149.0,,126.0,,,,,,,,,,,,,,,,,,,,,,,,,,,,,,,,,,,,,,,,,,,,,,,,,,,,,,,,,,,,,,,,,,,,,,,,,,,,,,,,,,,,,,,,,,,,,,,,,,,
2007,general,fillmore,FIL,18,18th District ……………,Buffalo FIL 18,,,12.0,54.0,,42.0,,,,,,,,,,,,,,,,,,,,,,,,,,,,,,,,,,,,,,,,,,,,,,,,,,,,,,,,,,,,,,,,,,,,,,,,,,,,,,,,,,,,,,,,,,,,,,,,,,,
2007,general,fillmore,FIL,19,19th District ……………,Buffalo FIL 19,,,16.0,53.0,,37.0,,,,,,,,,,,,,,,,,,,,,,,,,,,,,,,,,,,,,,,,,,,,,,,,,,,,,,,,,,,,,,,,,,,,,,,,,,,,,,,,,,,,,,,,,,,,,,,,,,,
2007,general,fillmore,FIL,20,20th District ……………,Buffalo FIL 20,,,20.0,47.0,,27.0,,,,,,,,,,,,,,,,,,,,,,,,,,,,,,,,,,,,,,,,,,,,,,,,,,,,,,,,,,,,,,,,,,,,,,,,,,,,,,,,,,,,,,,,,,,,,,,,,,,
2007,general,fillmore,FIL,21,21st District ……………,Buffalo FIL 21,,,4.0,34.0,,30.0,,,,,,,,,,,,,,,,,,,,,,,,,,,,,,,,,,,,,,,,,,,,,,,,,,,,,,,,,,,,,,,,,,,,,,,,,,,,,,,,,,,,,,,,,,,,,,,,,,,
2007,general,fillmore,FIL,22,22nd District ……………,Buffalo FIL 22,,,7.0,50.0,,43.0,,,,,,,,,,,,,,,,,,,,,,,,,,,,,,,,,,,,,,,,,,,,,,,,,,,,,,,,,,,,,,,,,,,,,,,,,,,,,,,,,,,,,,,,,,,,,,,,,,,
2007,general,fillmore,FIL,23,23rd District ……………,Buffalo FIL 23,,,22.0,56.0,,34.0,,,,,,,,,,,,,,,,,,,,,,,,,,,,,,,,,,,,,,,,,,,,,,,,,,,,,,,,,,,,,,,,,,,,,,,,,,,,,,,,,,,,,,,,,,,,,,,,,,,
2007,general,fillmore,FIL,24,24th District ……………,Buffalo FIL 24,,,60.0,324.0,,264.0,,,,,,,,,,,,,,,,,,,,,,,,,,,,,,,,,,,,,,,,,,,,,,,,,,,,,,,,,,,,,,,,,,,,,,,,,,,,,,,,,,,,,,,,,,,,,,,,,,,
2007,general,fillmore,FIL,25,25th District ……………,Buffalo FIL 25,,,28.0,81.0,,53.0,,,,,,,,,,,,,,,,,,,,,,,,,,,,,,,,,,,,,,,,,,,,,,,,,,,,,,,,,,,,,,,,,,,,,,,,,,,,,,,,,,,,,,,,,,,,,,,,,,,
2007,general,fillmore,FIL,26,26th District ……………,Buffalo FIL 26,,,8.0,41.0,,33.0,,,,,,,,,,,,,,,,,,,,,,,,,,,,,,,,,,,,,,,,,,,,,,,,,,,,,,,,,,,,,,,,,,,,,,,,,,,,,,,,,,,,,,,,,,,,,,,,,,,
2007,general,fillmore,FIL,27,27th District ……………,Buffalo FIL 27,,,35.0,141.0,,106.0,,,,,,,,,,,,,,,,,,,,,,,,,,,,,,,,,,,,,,,,,,,,,,,,,,,,,,,,,,,,,,,,,,,,,,,,,,,,,,,,,,,,,,,,,,,,,,,,,,,
2007,general,fillmore,FIL,28,28th District ……………,Buffalo FIL 28,,,0.0,2.0,,2.0,,,,,,,,,,,,,,,,,,,,,,,,,,,,,,,,,,,,,,,,,,,,,,,,,,,,,,,,,,,,,,,,,,,,,,,,,,,,,,,,,,,,,,,,,,,,,,,,,,,
2007,general,fillmore,FIL,29,29th District ……………,Buffalo FIL 29,,,0.0,0.0,,0.0,,,,,,,,,,,,,,,,,,,,,,,,,,,,,,,,,,,,,,,,,,,,,,,,,,,,,,,,,,,,,,,,,,,,,,,,,,,,,,,,,,,,,,,,,,,,,,,,,,,
2007,general,fillmore,FIL,30,30th District ……………,Buffalo FIL 30,,,0.0,3.0,,3.0,,,,,,,,,,,,,,,,,,,,,,,,,,,,,,,,,,,,,,,,,,,,,,,,,,,,,,,,,,,,,,,,,,,,,,,,,,,,,,,,,,,,,,,,,,,,,,,,,,,
2007,general,fillmore,FIL,31,31st District ……………,Buffalo FIL 31,,,10.0,71.0,,61.0,,,,,,,,,,,,,,,,,,,,,,,,,,,,,,,,,,,,,,,,,,,,,,,,,,,,,,,,,,,,,,,,,,,,,,,,,,,,,,,,,,,,,,,,,,,,,,,,,,,
2007,general,fillmore,FIL,32,32nd District ……………,Buffalo FIL 32,,,13.0,60.0,,47.0,,,,,,,,,,,,,,,,,,,,,,,,,,,,,,,,,,,,,,,,,,,,,,,,,,,,,,,,,,,,,,,,,,,,,,,,,,,,,,,,,,,,,,,,,,,,,,,,,,,
2007,general,fillmore,FIL,33,33rd District ……………,Buffalo FIL 33,,,3.0,6.0,,3.0,,,,,,,,,,,,,,,,,,,,,,,,,,,,,,,,,,,,,,,,,,,,,,,,,,,,,,,,,,,,,,,,,,,,,,,,,,,,,,,,,,,,,,,,,,,,,,,,,,,
2007,general,fillmore,FIL,34,34th District ……………,Buffalo FIL 34,,,20.0,90.0,,70.0,,,,,,,,,,,,,,,,,,,,,,,,,,,,,,,,,,,,,,,,,,,,,,,,,,,,,,,,,,,,,,,,,,,,,,,,,,,,,,,,,,,,,,,,,,,,,,,,,,,
2007,general,fillmore,FIL,35,35th District ……………,Buffalo FIL 35,,,36.0,109.0,,73.0,,,,,,,,,,,,,,,,,,,,,,,,,,,,,,,,,,,,,,,,,,,,,,,,,,,,,,,,,,,,,,,,,,,,,,,,,,,,,,,,,,,,,,,,,,,,,,,,,,,
2007,general,fillmore,FIL,36,36th District ……………,Buffalo FIL 36,,,0.0,1.0,,1.0,,,,,,,,,,,,,,,,,,,,,,,,,,,,,,,,,,,,,,,,,,,,,,,,,,,,,,,,,,,,,,,,,,,,,,,,,,,,,,,,,,,,,,,,,,,,,,,,,,,
2007,general,fillmore,FIL,37,37th District ……………,Buffalo FIL 37,,,61.0,272.0,,211.0,,,,,,,,,,,,,,,,,,,,,,,,,,,,,,,,,,,,,,,,,,,,,,,,,,,,,,,,,,,,,,,,,,,,,,,,,,,,,,,,,,,,,,,,,,,,,,,,,,,
2007,general,fillmore,FIL,38,38th District ……………,Buffalo FIL 38,,,23.0,79.0,,56.0,,,,,,,,,,,,,,,,,,,,,,,,,,,,,,,,,,,,,,,,,,,,,,,,,,,,,,,,,,,,,,,,,,,,,,,,,,,,,,,,,,,,,,,,,,,,,,,,,,,
2007,general,fillmore,FIL,39,39th District ……………,Buffalo FIL 39,,,26.0,82.0,,56.0,,,,,,,,,,,,,,,,,,,,,,,,,,,,,,,,,,,,,,,,,,,,,,,,,,,,,,,,,,,,,,,,,,,,,,,,,,,,,,,,,,,,,,,,,,,,,,,,,,,
2007,general,fillmore,FIL,40,40th District ……………,Buffalo FIL 40,,,15.0,100.0,,85.0,,,,,,,,,,,,,,,,,,,,,,,,,,,,,,,,,,,,,,,,,,,,,,,,,,,,,,,,,,,,,,,,,,,,,,,,,,,,,,,,,,,,,,,,,,,,,,,,,,,
2007,general,fillmore,FIL,41,41st District ……………,Buffalo FIL 41,,,9.0,57.0,,48.0,,,,,,,,,,,,,,,,,,,,,,,,,,,,,,,,,,,,,,,,,,,,,,,,,,,,,,,,,,,,,,,,,,,,,,,,,,,,,,,,,,,,,,,,,,,,,,,,,,,
2007,general,fillmore,FIL,42,42nd District ……………,Buffalo FIL 42,,,28.0,74.0,,46.0,,,,,,,,,,,,,,,,,,,,,,,,,,,,,,,,,,,,,,,,,,,,,,,,,,,,,,,,,,,,,,,,,,,,,,,,,,,,,,,,,,,,,,,,,,,,,,,,,,,
2007,general,fillmore,FIL,43,43rd District ……………,Buffalo FIL 43,,,26.0,74.0,,48.0,,,,,,,,,,,,,,,,,,,,,,,,,,,,,,,,,,,,,,,,,,,,,,,,,,,,,,,,,,,,,,,,,,,,,,,,,,,,,,,,,,,,,,,,,,,,,,,,,,,
2007,general,fillmore,FIL,44,44th District ……………,Buffalo FIL 44,,,38.0,204.0,,166.0,,,,,,,,,,,,,,,,,,,,,,,,,,,,,,,,,,,,,,,,,,,,,,,,,,,,,,,,,,,,,,,,,,,,,,,,,,,,,,,,,,,,,,,,,,,,,,,,,,,
2007,general,fillmore,FIL,45,45th District ……………,Buffalo FIL 45,,,1.0,1.0,,0.0,,,,,,,,,,,,,,,,,,,,,,,,,,,,,,,,,,,,,,,,,,,,,,,,,,,,,,,,,,,,,,,,,,,,,,,,,,,,,,,,,,,,,,,,,,,,,,,,,,,
2007,general,fillmore,FIL,46,46th District ……………,Buffalo FIL 46,,,26.0,84.0,,58.0,,,,,,,,,,,,,,,,,,,,,,,,,,,,,,,,,,,,,,,,,,,,,,,,,,,,,,,,,,,,,,,,,,,,,,,,,,,,,,,,,,,,,,,,,,,,,,,,,,,
2007,general,lovejoy,LOV,1,1st District ……………,Buffalo LOV 1,,,5.0,33.0,,,,,28.0,,,,,,,,,,,,,,,,,,,,,,,,,,,,,,,,,,,,,,,,,,,,,,,,,,,,,,,,,,,,,,,,,,,,,,,,,,,,,,,,,,,,,,,,,,,,,,,,
2007,general,lovejoy,LOV,2,2nd District ……………,Buffalo LOV 2,,,48.0,274.0,,,,,226.0,,,,,,,,,,,,,,,,,,,,,,,,,,,,,,,,,,,,,,,,,,,,,,,,,,,,,,,,,,,,,,,,,,,,,,,,,,,,,,,,,,,,,,,,,,,,,,,,
2007,general,lovejoy,LOV,3,3rd District ……………,Buffalo LOV 3,,,51.0,282.0,,,,,231.0,,,,,,,,,,,,,,,,,,,,,,,,,,,,,,,,,,,,,,,,,,,,,,,,,,,,,,,,,,,,,,,,,,,,,,,,,,,,,,,,,,,,,,,,,,,,,,,,
2007,general,lovejoy,LOV,4,4th District ……………,Buffalo LOV 4,,,26.0,102.0,,,,,76.0,,,,,,,,,,,,,,,,,,,,,,,,,,,,,,,,,,,,,,,,,,,,,,,,,,,,,,,,,,,,,,,,,,,,,,,,,,,,,,,,,,,,,,,,,,,,,,,,
2007,general,lovejoy,LOV,5,5th District ……………,Buffalo LOV 5,,,21.0,118.0,,,,,97.0,,,,,,,,,,,,,,,,,,,,,,,,,,,,,,,,,,,,,,,,,,,,,,,,,,,,,,,,,,,,,,,,,,,,,,,,,,,,,,,,,,,,,,,,,,,,,,,,
2007,general,lovejoy,LOV,6,6th District ……………,Buffalo LOV 6,,,25.0,180.0,,,,,155.0,,,,,,,,,,,,,,,,,,,,,,,,,,,,,,,,,,,,,,,,,,,,,,,,,,,,,,,,,,,,,,,,,,,,,,,,,,,,,,,,,,,,,,,,,,,,,,,,
2007,general,lovejoy,LOV,7,7th District ……………,Buffalo LOV 7,,,22.0,159.0,,,,,137.0,,,,,,,,,,,,,,,,,,,,,,,,,,,,,,,,,,,,,,,,,,,,,,,,,,,,,,,,,,,,,,,,,,,,,,,,,,,,,,,,,,,,,,,,,,,,,,,,
2007,general,lovejoy,LOV,8,8th District ……………,Buffalo LOV 8,,,36.0,246.0,,,,,210.0,,,,,,,,,,,,,,,,,,,,,,,,,,,,,,,,,,,,,,,,,,,,,,,,,,,,,,,,,,,,,,,,,,,,,,,,,,,,,,,,,,,,,,,,,,,,,,,,
2007,general,lovejoy,LOV,9,9th District ……………,Buffalo LOV 9,,,24.0,98.0,,,,,74.0,,,,,,,,,,,,,,,,,,,,,,,,,,,,,,,,,,,,,,,,,,,,,,,,,,,,,,,,,,,,,,,,,,,,,,,,,,,,,,,,,,,,,,,,,,,,,,,,
2007,general,lovejoy,LOV,10,10th District ……………,Buffalo LOV 10,,,18.0,81.0,,,,,63.0,,,,,,,,,,,,,,,,,,,,,,,,,,,,,,,,,,,,,,,,,,,,,,,,,,,,,,,,,,,,,,,,,,,,,,,,,,,,,,,,,,,,,,,,,,,,,,,,
2007,general,lovejoy,LOV,11,11th District ……………,Buffalo LOV 11,,,18.0,100.0,,,,,82.0,,,,,,,,,,,,,,,,,,,,,,,,,,,,,,,,,,,,,,,,,,,,,,,,,,,,,,,,,,,,,,,,,,,,,,,,,,,,,,,,,,,,,,,,,,,,,,,,
2007,general,lovejoy,LOV,12,12th District ……………,Buffalo LOV 12,,,72.0,239.0,,,,,167.0,,,,,,,,,,,,,,,,,,,,,,,,,,,,,,,,,,,,,,,,,,,,,,,,,,,,,,,,,,,,,,,,,,,,,,,,,,,,,,,,,,,,,,,,,,,,,,,,
2007,general,lovejoy,LOV,13,13th District ……………,Buffalo LOV 13,,,15.0,109.0,,,,,94.0,,,,,,,,,,,,,,,,,,,,,,,,,,,,,,,,,,,,,,,,,,,,,,,,,,,,,,,,,,,,,,,,,,,,,,,,,,,,,,,,,,,,,,,,,,,,,,,,
2007,general,lovejoy,LOV,14,14th District ……………,Buffalo LOV 14,,,19.0,103.0,,,,,84.0,,,,,,,,,,,,,,,,,,,,,,,,,,,,,,,,,,,,,,,,,,,,,,,,,,,,,,,,,,,,,,,,,,,,,,,,,,,,,,,,,,,,,,,,,,,,,,,,
2007,general,lovejoy,LOV,15,15th District ……………,Buffalo LOV 15,,,45.0,246.0,,,,,201.0,,,,,,,,,,,,,,,,,,,,,,,,,,,,,,,,,,,,,,,,,,,,,,,,,,,,,,,,,,,,,,,,,,,,,,,,,,,,,,,,,,,,,,,,,,,,,,,,
2007,general,lovejoy,LOV,16,16th District ……………,Buffalo LOV 16,,,18.0,91.0,,,,,73.0,,,,,,,,,,,,,,,,,,,,,,,,,,,,,,,,,,,,,,,,,,,,,,,,,,,,,,,,,,,,,,,,,,,,,,,,,,,,,,,,,,,,,,,,,,,,,,,,
2007,general,lovejoy,LOV,17,17th District ……………,Buffalo LOV 17,,,27.0,132.0,,,,,105.0,,,,,,,,,,,,,,,,,,,,,,,,,,,,,,,,,,,,,,,,,,,,,,,,,,,,,,,,,,,,,,,,,,,,,,,,,,,,,,,,,,,,,,,,,,,,,,,,
2007,general,lovejoy,LOV,18,18th District ……………,Buffalo LOV 18,,,24.0,90.0,,,,,66.0,,,,,,,,,,,,,,,,,,,,,,,,,,,,,,,,,,,,,,,,,,,,,,,,,,,,,,,,,,,,,,,,,,,,,,,,,,,,,,,,,,,,,,,,,,,,,,,,
2007,general,lovejoy,LOV,19,19th District ……………,Buffalo LOV 19,,,14.0,119.0,,,,,105.0,,,,,,,,,,,,,,,,,,,,,,,,,,,,,,,,,,,,,,,,,,,,,,,,,,,,,,,,,,,,,,,,,,,,,,,,,,,,,,,,,,,,,,,,,,,,,,,,
2007,general,lovejoy,LOV,20,20th District ……………,Buffalo LOV 20,,,10.0,71.0,,,,,61.0,,,,,,,,,,,,,,,,,,,,,,,,,,,,,,,,,,,,,,,,,,,,,,,,,,,,,,,,,,,,,,,,,,,,,,,,,,,,,,,,,,,,,,,,,,,,,,,,
2007,general,lovejoy,LOV,21,21st District ……………,Buffalo LOV 21,,,21.0,100.0,,,,,79.0,,,,,,,,,,,,,,,,,,,,,,,,,,,,,,,,,,,,,,,,,,,,,,,,,,,,,,,,,,,,,,,,,,,,,,,,,,,,,,,,,,,,,,,,,,,,,,,,
2007,general,lovejoy,LOV,22,22nd District ……………,Buffalo LOV 22,,,24.0,95.0,,,,,71.0,,,,,,,,,,,,,,,,,,,,,,,,,,,,,,,,,,,,,,,,,,,,,,,,,,,,,,,,,,,,,,,,,,,,,,,,,,,,,,,,,,,,,,,,,,,,,,,,
2007,general,lovejoy,LOV,23,23rd District ……………,Buffalo LOV 23,,,37.0,182.0,,,,,145.0,,,,,,,,,,,,,,,,,,,,,,,,,,,,,,,,,,,,,,,,,,,,,,,,,,,,,,,,,,,,,,,,,,,,,,,,,,,,,,,,,,,,,,,,,,,,,,,,
2007,general,lovejoy,LOV,24,24th District ……………,Buffalo LOV 24,,,35.0,109.0,,,,,74.0,,,,,,,,,,,,,,,,,,,,,,,,,,,,,,,,,,,,,,,,,,,,,,,,,,,,,,,,,,,,,,,,,,,,,,,,,,,,,,,,,,,,,,,,,,,,,,,,
2007,general,lovejoy,LOV,25,25th District ……………,Buffalo LOV 25,,,25.0,140.0,,,,,115.0,,,,,,,,,,,,,,,,,,,,,,,,,,,,,,,,,,,,,,,,,,,,,,,,,,,,,,,,,,,,,,,,,,,,,,,,,,,,,,,,,,,,,,,,,,,,,,,,
2007,general,lovejoy,LOV,26,26th District ……………,Buffalo LOV 26,,,7.0,47.0,,,,,40.0,,,,,,,,,,,,,,,,,,,,,,,,,,,,,,,,,,,,,,,,,,,,,,,,,,,,,,,,,,,,,,,,,,,,,,,,,,,,,,,,,,,,,,,,,,,,,,,,
2007,general,lovejoy,LOV,27,27th District ……………,Buffalo LOV 27,,,40.0,206.0,,,,,166.0,,,,,,,,,,,,,,,,,,,,,,,,,,,,,,,,,,,,,,,,,,,,,,,,,,,,,,,,,,,,,,,,,,,,,,,,,,,,,,,,,,,,,,,,,,,,,,,,
2007,general,lovejoy,LOV,28,28th District ……………,Buffalo LOV 28,,,37.0,220.0,,,,,183.0,,,,,,,,,,,,,,,,,,,,,,,,,,,,,,,,,,,,,,,,,,,,,,,,,,,,,,,,,,,,,,,,,,,,,,,,,,,,,,,,,,,,,,,,,,,,,,,,
2007,general,lovejoy,LOV,29,29th District ……………,Buffalo LOV 29,,,28.0,112.0,,,,,84.0,,,,,,,,,,,,,,,,,,,,,,,,,,,,,,,,,,,,,,,,,,,,,,,,,,,,,,,,,,,,,,,,,,,,,,,,,,,,,,,,,,,,,,,,,,,,,,,,
2007,general,lovejoy,LOV,30,30th District ……………,Buffalo LOV 30,,,21.0,84.0,,,,,63.0,,,,,,,,,,,,,,,,,,,,,,,,,,,,,,,,,,,,,,,,,,,,,,,,,,,,,,,,,,,,,,,,,,,,,,,,,,,,,,,,,,,,,,,,,,,,,,,,
2007,general,lovejoy,LOV,31,31st District ……………,Buffalo LOV 31,,,17.0,82.0,,,,,65.0,,,,,,,,,,,,,,,,,,,,,,,,,,,,,,,,,,,,,,,,,,,,,,,,,,,,,,,,,,,,,,,,,,,,,,,,,,,,,,,,,,,,,,,,,,,,,,,,
2007,general,masten,MAS,1,1st District ……………,Buffalo MAS 1,,,24.0,198.0,,,,,,,,,,,,,,,,,,,,,,,,174.0,,,,,,,,,,,,,,,,,,,,,,,,,,,,,,,,,,,,,,,,,,,,,,,,,,,,,,,,,,,,,,,,,,,,,,,,,,,,,
2007,general,masten,MAS,2,2nd District ……………,Buffalo MAS 2,,,18.0,96.0,,,,,,,,,,,,,,,,,,,,,,,,78.0,,,,,,,,,,,,,,,,,,,,,,,,,,,,,,,,,,,,,,,,,,,,,,,,,,,,,,,,,,,,,,,,,,,,,,,,,,,,,
2007,general,masten,MAS,3,3rd District ……………,Buffalo MAS 3,,,18.0,119.0,,,,,,,,,,,,,,,,,,,,,,,,101.0,,,,,,,,,,,,,,,,,,,,,,,,,,,,,,,,,,,,,,,,,,,,,,,,,,,,,,,,,,,,,,,,,,,,,,,,,,,,,
2007,general,masten,MAS,4,4th District ……………,Buffalo MAS 4,,,18.0,123.0,,,,,,,,,,,,,,,,,,,,,,,,105.0,,,,,,,,,,,,,,,,,,,,,,,,,,,,,,,,,,,,,,,,,,,,,,,,,,,,,,,,,,,,,,,,,,,,,,,,,,,,,
2007,general,masten,MAS,5,5th District ……………,Buffalo MAS 5,,,19.0,106.0,,,,,,,,,,,,,,,,,,,,,,,,87.0,,,,,,,,,,,,,,,,,,,,,,,,,,,,,,,,,,,,,,,,,,,,,,,,,,,,,,,,,,,,,,,,,,,,,,,,,,,,,
2007,general,masten,MAS,6,6th District ……………,Buffalo MAS 6,,,13.0,79.0,,,,,,,,,,,,,,,,,,,,,,,,66.0,,,,,,,,,,,,,,,,,,,,,,,,,,,,,,,,,,,,,,,,,,,,,,,,,,,,,,,,,,,,,,,,,,,,,,,,,,,,,
2007,general,masten,MAS,7,7th District ……………,Buffalo MAS 7,,,13.0,90.0,,,,,,,,,,,,,,,,,,,,,,,,77.0,,,,,,,,,,,,,,,,,,,,,,,,,,,,,,,,,,,,,,,,,,,,,,,,,,,,,,,,,,,,,,,,,,,,,,,,,,,,,
2007,general,masten,MAS,8,8th District ……………,Buffalo MAS 8,,,17.0,96.0,,,,,,,,,,,,,,,,,,,,,,,,79.0,,,,,,,,,,,,,,,,,,,,,,,,,,,,,,,,,,,,,,,,,,,,,,,,,,,,,,,,,,,,,,,,,,,,,,,,,,,,,
2007,general,masten,MAS,9,9th District ……………,Buffalo MAS 9,,,25.0,146.0,,,,,,,,,,,,,,,,,,,,,,,,121.0,,,,,,,,,,,,,,,,,,,,,,,,,,,,,,,,,,,,,,,,,,,,,,,,,,,,,,,,,,,,,,,,,,,,,,,,,,,,,
2007,general,masten,MAS,10,10th District ……………,Buffalo MAS 10,,,11.0,116.0,,,,,,,,,,,,,,,,,,,,,,,,105.0,,,,,,,,,,,,,,,,,,,,,,,,,,,,,,,,,,,,,,,,,,,,,,,,,,,,,,,,,,,,,,,,,,,,,,,,,,,,,
2007,general,masten,MAS,11,11th District ……………,Buffalo MAS 11,,,10.0,61.0,,,,,,,,,,,,,,,,,,,,,,,,51.0,,,,,,,,,,,,,,,,,,,,,,,,,,,,,,,,,,,,,,,,,,,,,,,,,,,,,,,,,,,,,,,,,,,,,,,,,,,,,
2007,general,masten,MAS,12,12th District ……………,Buffalo MAS 12,,,5.0,78.0,,,,,,,,,,,,,,,,,,,,,,,,73.0,,,,,,,,,,,,,,,,,,,,,,,,,,,,,,,,,,,,,,,,,,,,,,,,,,,,,,,,,,,,,,,,,,,,,,,,,,,,,
2007,general,masten,MAS,13,13th District ……………,Buffalo MAS 13,,,12.0,75.0,,,,,,,,,,,,,,,,,,,,,,,,63.0,,,,,,,,,,,,,,,,,,,,,,,,,,,,,,,,,,,,,,,,,,,,,,,,,,,,,,,,,,,,,,,,,,,,,,,,,,,,,
2007,general,masten,MAS,14,14th District ……………,Buffalo MAS 14,,,26.0,142.0,,,,,,,,,,,,,,,,,,,,,,,,116.0,,,,,,,,,,,,,,,,,,,,,,,,,,,,,,,,,,,,,,,,,,,,,,,,,,,,,,,,,,,,,,,,,,,,,,,,,,,,,
2007,general,masten,MAS,15,15th District ……………,Buffalo MAS 15,,,11.0,77.0,,,,,,,,,,,,,,,,,,,,,,,,66.0,,,,,,,,,,,,,,,,,,,,,,,,,,,,,,,,,,,,,,,,,,,,,,,,,,,,,,,,,,,,,,,,,,,,,,,,,,,,,
2007,general,masten,MAS,16,16th District ……………,Buffalo MAS 16,,,16.0,135.0,,,,,,,,,,,,,,,,,,,,,,,,119.0,,,,,,,,,,,,,,,,,,,,,,,,,,,,,,,,,,,,,,,,,,,,,,,,,,,,,,,,,,,,,,,,,,,,,,,,,,,,,
2007,general,masten,MAS,17,17th District ……………,Buffalo MAS 17,,,26.0,155.0,,,,,,,,,,,,,,,,,,,,,,,,129.0,,,,,,,,,,,,,,,,,,,,,,,,,,,,,,,,,,,,,,,,,,,,,,,,,,,,,,,,,,,,,,,,,,,,,,,,,,,,,
2007,general,masten,MAS,18,18th District ……………,Buffalo MAS 18,,,25.0,161.0,,,,,,,,,,,,,,,,,,,,,,,,136.0,,,,,,,,,,,,,,,,,,,,,,,,,,,,,,,,,,,,,,,,,,,,,,,,,,,,,,,,,,,,,,,,,,,,,,,,,,,,,
2007,general,masten,MAS,19,19th District ……………,Buffalo MAS 19,,,17.0,141.0,,,,,,,,,,,,,,,,,,,,,,,,124.0,,,,,,,,,,,,,,,,,,,,,,,,,,,,,,,,,,,,,,,,,,,,,,,,,,,,,,,,,,,,,,,,,,,,,,,,,,,,,
2007,general,masten,MAS,20,20th District ……………,Buffalo MAS 20,,,26.0,166.0,,,,,,,,,,,,,,,,,,,,,,,,140.0,,,,,,,,,,,,,,,,,,,,,,,,,,,,,,,,,,,,,,,,,,,,,,,,,,,,,,,,,,,,,,,,,,,,,,,,,,,,,
2007,general,masten,MAS,21,21st District ……………,Buffalo MAS 21,,,11.0,101.0,,,,,,,,,,,,,,,,,,,,,,,,90.0,,,,,,,,,,,,,,,,,,,,,,,,,,,,,,,,,,,,,,,,,,,,,,,,,,,,,,,,,,,,,,,,,,,,,,,,,,,,,
2007,general,masten,MAS,22,22nd District ……………,Buffalo MAS 22,,,25.0,126.0,,,,,,,,,,,,,,,,,,,,,,,,101.0,,,,,,,,,,,,,,,,,,,,,,,,,,,,,,,,,,,,,,,,,,,,,,,,,,,,,,,,,,,,,,,,,,,,,,,,,,,,,
2007,general,masten,MAS,23,23rd District ……………,Buffalo MAS 23,,,16.0,78.0,,,,,,,,,,,,,,,,,,,,,,,,62.0,,,,,,,,,,,,,,,,,,,,,,,,,,,,,,,,,,,,,,,,,,,,,,,,,,,,,,,,,,,,,,,,,,,,,,,,,,,,,
2007,general,masten,MAS,24,24th District ……………,Buffalo MAS 24,,,15.0,76.0,,,,,,,,,,,,,,,,,,,,,,,,61.0,,,,,,,,,,,,,,,,,,,,,,,,,,,,,,,,,,,,,,,,,,,,,,,,,,,,,,,,,,,,,,,,,,,,,,,,,,,,,
2007,general,masten,MAS,25,25th District ……………,Buffalo MAS 25,,,19.0,107.0,,,,,,,,,,,,,,,,,,,,,,,,88.0,,,,,,,,,,,,,,,,,,,,,,,,,,,,,,,,,,,,,,,,,,,,,,,,,,,,,,,,,,,,,,,,,,,,,,,,,,,,,
2007,general,masten,MAS,26,26th District ……………,Buffalo MAS 26,,,19.0,147.0,,,,,,,,,,,,,,,,,,,,,,,,128.0,,,,,,,,,,,,,,,,,,,,,,,,,,,,,,,,,,,,,,,,,,,,,,,,,,,,,,,,,,,,,,,,,,,,,,,,,,,,,
2007,general,masten,MAS,27,27th District ……………,Buffalo MAS 27,,,26.0,161.0,,,,,,,,,,,,,,,,,,,,,,,,135.0,,,,,,,,,,,,,,,,,,,,,,,,,,,,,,,,,,,,,,,,,,,,,,,,,,,,,,,,,,,,,,,,,,,,,,,,,,,,,
2007,general,masten,MAS,28,28th District ……………,Buffalo MAS 28,,,21.0,149.0,,,,,,,,,,,,,,,,,,,,,,,,128.0,,,,,,,,,,,,,,,,,,,,,,,,,,,,,,,,,,,,,,,,,,,,,,,,,,,,,,,,,,,,,,,,,,,,,,,,,,,,,
2007,general,masten,MAS,29,29th District ……………,Buffalo MAS 29,,,22.0,116.0,,,,,,,,,,,,,,,,,,,,,,,,94.0,,,,,,,,,,,,,,,,,,,,,,,,,,,,,,,,,,,,,,,,,,,,,,,,,,,,,,,,,,,,,,,,,,,,,,,,,,,,,
2007,general,masten,MAS,30,30th District ……………,Buffalo MAS 30,,,11.0,99.0,,,,,,,,,,,,,,,,,,,,,,,,88.0,,,,,,,,,,,,,,,,,,,,,,,,,,,,,,,,,,,,,,,,,,,,,,,,,,,,,,,,,,,,,,,,,,,,,,,,,,,,,
2007,general,masten,MAS,31,31st District ……………,Buffalo MAS 31,,,17.0,100.0,,,,,,,,,,,,,,,,,,,,,,,,83.0,,,,,,,,,,,,,,,,,,,,,,,,,,,,,,,,,,,,,,,,,,,,,,,,,,,,,,,,,,,,,,,,,,,,,,,,,,,,,
2007,general,masten,MAS,32,32nd District ……………,Buffalo MAS 32,,,15.0,130.0,,,,,,,,,,,,,,,,,,,,,,,,115.0,,,,,,,,,,,,,,,,,,,,,,,,,,,,,,,,,,,,,,,,,,,,,,,,,,,,,,,,,,,,,,,,,,,,,,,,,,,,,
2007,general,masten,MAS,33,33rd District ……………,Buffalo MAS 33,,,24.0,200.0,,,,,,,,,,,,,,,,,,,,,,,,176.0,,,,,,,,,,,,,,,,,,,,,,,,,,,,,,,,,,,,,,,,,,,,,,,,,,,,,,,,,,,,,,,,,,,,,,,,,,,,,
2007,general,masten,MAS,34,34th District ……………,Buffalo MAS 34,,,10.0,99.0,,,,,,,,,,,,,,,,,,,,,,,,89.0,,,,,,,,,,,,,,,,,,,,,,,,,,,,,,,,,,,,,,,,,,,,,,,,,,,,,,,,,,,,,,,,,,,,,,,,,,,,,
2007,general,masten,MAS,35,35th District ……………,Buffalo MAS 35,,,32.0,155.0,,,,,,,,,,,,,,,,,,,,,,,,123.0,,,,,,,,,,,,,,,,,,,,,,,,,,,,,,,,,,,,,,,,,,,,,,,,,,,,,,,,,,,,,,,,,,,,,,,,,,,,,
2007,general,masten,MAS,36,36th District ……………,Buffalo MAS 36,,,14.0,87.0,,,,,,,,,,,,,,,,,,,,,,,,73.0,,,,,,,,,,,,,,,,,,,,,,,,,,,,,,,,,,,,,,,,,,,,,,,,,,,,,,,,,,,,,,,,,,,,,,,,,,,,,
2007,general,masten,MAS,37,37th District ……………,Buffalo MAS 37,,,19.0,102.0,,,,,,,,,,,,,,,,,,,,,,,,83.0,,,,,,,,,,,,,,,,,,,,,,,,,,,,,,,,,,,,,,,,,,,,,,,,,,,,,,,,,,,,,,,,,,,,,,,,,,,,,
2007,general,masten,MAS,38,38th District ……………,Buffalo MAS 38,,,15.0,95.0,,,,,,,,,,,,,,,,,,,,,,,,80.0,,,,,,,,,,,,,,,,,,,,,,,,,,,,,,,,,,,,,,,,,,,,,,,,,,,,,,,,,,,,,,,,,,,,,,,,,,,,,
2007,general,masten,MAS,39,39th District ……………,Buffalo MAS 39,,,3.0,32.0,,,,,,,,,,,,,,,,,,,,,,,,29.0,,,,,,,,,,,,,,,,,,,,,,,,,,,,,,,,,,,,,,,,,,,,,,,,,,,,,,,,,,,,,,,,,,,,,,,,,,,,,
2007,general,masten,MAS,40,40th District ……………,Buffalo MAS 40,,,25.0,143.0,,,,,,,,,,,,,,,,,,,,,,,,118.0,,,,,,,,,,,,,,,,,,,,,,,,,,,,,,,,,,,,,,,,,,,,,,,,,,,,,,,,,,,,,,,,,,,,,,,,,,,,,
2007,general,masten,MAS,41,41st District ……………,Buffalo MAS 41,,,28.0,166.0,,,,,,,,,,,,,,,,,,,,,,,,138.0,,,,,,,,,,,,,,,,,,,,,,,,,,,,,,,,,,,,,,,,,,,,,,,,,,,,,,,,,,,,,,,,,,,,,,,,,,,,,
2007,general,niagara,NIA,1,1st District ……………,Buffalo NIA 1,,,19.0,243.0,,,,,,,,,,,,,,,,,,,,,,,,,139.0,16.0,44.0,1.0,24.0,,,,,,,,,,,,,,,,,,,,,,,,,,,,,,,,,,,,,,,,,,,,,,,,,,,,,,,,,,,,,,,,,,,,,,,,
2007,general,niagara,NIA,2,2nd District ……………,Buffalo NIA 2,,,10.0,82.0,,,,,,,,,,,,,,,,,,,,,,,,,49.0,4.0,16.0,0.0,3.0,,,,,,,,,,,,,,,,,,,,,,,,,,,,,,,,,,,,,,,,,,,,,,,,,,,,,,,,,,,,,,,,,,,,,,,,
2007,general,niagara,NIA,3,3rd District ……………,Buffalo NIA 3,,,15.0,186.0,,,,,,,,,,,,,,,,,,,,,,,,,79.0,27.0,45.0,1.0,19.0,,,,,,,,,,,,,,,,,,,,,,,,,,,,,,,,,,,,,,,,,,,,,,,,,,,,,,,,,,,,,,,,,,,,,,,,
2007,general,niagara,NIA,4,4th District ……………,Buffalo NIA 4,,,3.0,44.0,,,,,,,,,,,,,,,,,,,,,,,,,23.0,8.0,5.0,1.0,4.0,,,,,,,,,,,,,,,,,,,,,,,,,,,,,,,,,,,,,,,,,,,,,,,,,,,,,,,,,,,,,,,,,,,,,,,,
2007,general,niagara,NIA,5,5th District ……………,Buffalo NIA 5,,,27.0,173.0,,,,,,,,,,,,,,,,,,,,,,,,,93.0,20.0,23.0,1.0,9.0,,,,,,,,,,,,,,,,,,,,,,,,,,,,,,,,,,,,,,,,,,,,,,,,,,,,,,,,,,,,,,,,,,,,,,,,
2007,general,niagara,NIA,6,6th District ……………,Buffalo NIA 6,,,10.0,193.0,,,,,,,,,,,,,,,,,,,,,,,,,109.0,32.0,31.0,2.0,9.0,,,,,,,,,,,,,,,,,,,,,,,,,,,,,,,,,,,,,,,,,,,,,,,,,,,,,,,,,,,,,,,,,,,,,,,,
2007,general,niagara,NIA,7,7th District ……………,Buffalo NIA 7,,,13.0,163.0,,,,,,,,,,,,,,,,,,,,,,,,,100.0,15.0,14.0,0.0,21.0,,,,,,,,,,,,,,,,,,,,,,,,,,,,,,,,,,,,,,,,,,,,,,,,,,,,,,,,,,,,,,,,,,,,,,,,
2007,general,niagara,NIA,8,8th District ……………,Buffalo NIA 8,,,16.0,169.0,,,,,,,,,,,,,,,,,,,,,,,,,89.0,15.0,30.0,2.0,17.0,,,,,,,,,,,,,,,,,,,,,,,,,,,,,,,,,,,,,,,,,,,,,,,,,,,,,,,,,,,,,,,,,,,,,,,,
2007,general,niagara,NIA,9,9th District ……………,Buffalo NIA 9,,,37.0,275.0,,,,,,,,,,,,,,,,,,,,,,,,,133.0,37.0,47.0,4.0,17.0,,,,,,,,,,,,,,,,,,,,,,,,,,,,,,,,,,,,,,,,,,,,,,,,,,,,,,,,,,,,,,,,,,,,,,,,
2007,general,niagara,NIA,10,10th District ……………,Buffalo NIA 10,,,11.0,155.0,,,,,,,,,,,,,,,,,,,,,,,,,89.0,12.0,18.0,2.0,23.0,,,,,,,,,,,,,,,,,,,,,,,,,,,,,,,,,,,,,,,,,,,,,,,,,,,,,,,,,,,,,,,,,,,,,,,,
2007,general,niagara,NIA,11,11th District ……………,Buffalo NIA 11,,,12.0,97.0,,,,,,,,,,,,,,,,,,,,,,,,,57.0,10.0,10.0,1.0,7.0,,,,,,,,,,,,,,,,,,,,,,,,,,,,,,,,,,,,,,,,,,,,,,,,,,,,,,,,,,,,,,,,,,,,,,,,
2007,general,niagara,NIA,12,12th District ……………,Buffalo NIA 12,,,10.0,77.0,,,,,,,,,,,,,,,,,,,,,,,,,39.0,6.0,18.0,2.0,2.0,,,,,,,,,,,,,,,,,,,,,,,,,,,,,,,,,,,,,,,,,,,,,,,,,,,,,,,,,,,,,,,,,,,,,,,,
2007,general,niagara,NIA,13,13th District ……………,Buffalo NIA 13,,,18.0,182.0,,,,,,,,,,,,,,,,,,,,,,,,,105.0,23.0,21.0,0.0,15.0,,,,,,,,,,,,,,,,,,,,,,,,,,,,,,,,,,,,,,,,,,,,,,,,,,,,,,,,,,,,,,,,,,,,,,,,
2007,general,niagara,NIA,14,14th District ……………,Buffalo NIA 14,,,29.0,408.0,,,,,,,,,,,,,,,,,,,,,,,,,214.0,75.0,64.0,1.0,25.0,,,,,,,,,,,,,,,,,,,,,,,,,,,,,,,,,,,,,,,,,,,,,,,,,,,,,,,,,,,,,,,,,,,,,,,,
2007,general,niagara,NIA,15,15th District ……………,Buffalo NIA 15,,,14.0,107.0,,,,,,,,,,,,,,,,,,,,,,,,,58.0,6.0,24.0,1.0,4.0,,,,,,,,,,,,,,,,,,,,,,,,,,,,,,,,,,,,,,,,,,,,,,,,,,,,,,,,,,,,,,,,,,,,,,,,
2007,general,niagara,NIA,16,16th District ……………,Buffalo NIA 16,,,13.0,129.0,,,,,,,,,,,,,,,,,,,,,,,,,71.0,9.0,30.0,3.0,3.0,,,,,,,,,,,,,,,,,,,,,,,,,,,,,,,,,,,,,,,,,,,,,,,,,,,,,,,,,,,,,,,,,,,,,,,,
2007,general,niagara,NIA,17,17th District ……………,Buffalo NIA 17,,,8.0,83.0,,,,,,,,,,,,,,,,,,,,,,,,,45.0,11.0,7.0,1.0,11.0,,,,,,,,,,,,,,,,,,,,,,,,,,,,,,,,,,,,,,,,,,,,,,,,,,,,,,,,,,,,,,,,,,,,,,,,
2007,general,niagara,NIA,18,18th District ……………,Buffalo NIA 18,,,9.0,126.0,,,,,,,,,,,,,,,,,,,,,,,,,72.0,11.0,28.0,1.0,5.0,,,,,,,,,,,,,,,,,,,,,,,,,,,,,,,,,,,,,,,,,,,,,,,,,,,,,,,,,,,,,,,,,,,,,,,,
2007,general,niagara,NIA,19,19th District ……………,Buffalo NIA 19,,,11.0,160.0,,,,,,,,,,,,,,,,,,,,,,,,,83.0,14.0,41.0,1.0,10.0,,,,,,,,,,,,,,,,,,,,,,,,,,,,,,,,,,,,,,,,,,,,,,,,,,,,,,,,,,,,,,,,,,,,,,,,
2007,general,niagara,NIA,20,20th District ……………,Buffalo NIA 20,,,11.0,135.0,,,,,,,,,,,,,,,,,,,,,,,,,65.0,18.0,33.0,4.0,4.0,,,,,,,,,,,,,,,,,,,,,,,,,,,,,,,,,,,,,,,,,,,,,,,,,,,,,,,,,,,,,,,,,,,,,,,,
2007,general,niagara,NIA,21,21st District ……………,Buffalo NIA 21,,,9.0,159.0,,,,,,,,,,,,,,,,,,,,,,,,,71.0,19.0,42.0,0.0,18.0,,,,,,,,,,,,,,,,,,,,,,,,,,,,,,,,,,,,,,,,,,,,,,,,,,,,,,,,,,,,,,,,,,,,,,,,
2007,general,niagara,NIA,22,22nd District ……………,Buffalo NIA 22,,,5.0,109.0,,,,,,,,,,,,,,,,,,,,,,,,,80.0,6.0,16.0,0.0,2.0,,,,,,,,,,,,,,,,,,,,,,,,,,,,,,,,,,,,,,,,,,,,,,,,,,,,,,,,,,,,,,,,,,,,,,,,
2007,general,niagara,NIA,23,23rd District ……………,Buffalo NIA 23,,,6.0,59.0,,,,,,,,,,,,,,,,,,,,,,,,,39.0,5.0,8.0,0.0,1.0,,,,,,,,,,,,,,,,,,,,,,,,,,,,,,,,,,,,,,,,,,,,,,,,,,,,,,,,,,,,,,,,,,,,,,,,
2007,general,niagara,NIA,24,24th District ……………,Buffalo NIA 24,,,7.0,121.0,,,,,,,,,,,,,,,,,,,,,,,,,91.0,10.0,9.0,2.0,2.0,,,,,,,,,,,,,,,,,,,,,,,,,,,,,,,,,,,,,,,,,,,,,,,,,,,,,,,,,,,,,,,,,,,,,,,,
2007,general,niagara,NIA,25,25th District ……………,Buffalo NIA 25,,,5.0,97.0,,,,,,,,,,,,,,,,,,,,,,,,,66.0,8.0,15.0,1.0,2.0,,,,,,,,,,,,,,,,,,,,,,,,,,,,,,,,,,,,,,,,,,,,,,,,,,,,,,,,,,,,,,,,,,,,,,,,
2007,general,niagara,NIA,26,26th District ……………,Buffalo NIA 26,,,8.0,142.0,,,,,,,,,,,,,,,,,,,,,,,,,77.0,13.0,40.0,0.0,4.0,,,,,,,,,,,,,,,,,,,,,,,,,,,,,,,,,,,,,,,,,,,,,,,,,,,,,,,,,,,,,,,,,,,,,,,,
2007,general,niagara,NIA,27,27th District ……………,Buffalo NIA 27,,,2.0,71.0,,,,,,,,,,,,,,,,,,,,,,,,,42.0,5.0,13.0,1.0,8.0,,,,,,,,,,,,,,,,,,,,,,,,,,,,,,,,,,,,,,,,,,,,,,,,,,,,,,,,,,,,,,,,,,,,,,,,
2007,general,niagara,NIA,28,28th District ……………,Buffalo NIA 28,,,29.0,140.0,,,,,,,,,,,,,,,,,,,,,,,,,79.0,17.0,3.0,2.0,10.0,,,,,,,,,,,,,,,,,,,,,,,,,,,,,,,,,,,,,,,,,,,,,,,,,,,,,,,,,,,,,,,,,,,,,,,,
2007,general,niagara,NIA,29,29th District ……………,Buffalo NIA 29,,,6.0,120.0,,,,,,,,,,,,,,,,,,,,,,,,,57.0,16.0,32.0,2.0,7.0,,,,,,,,,,,,,,,,,,,,,,,,,,,,,,,,,,,,,,,,,,,,,,,,,,,,,,,,,,,,,,,,,,,,,,,,
2007,general,niagara,NIA,30,30th District ……………,Buffalo NIA 30,,,6.0,98.0,,,,,,,,,,,,,,,,,,,,,,,,,71.0,5.0,9.0,2.0,5.0,,,,,,,,,,,,,,,,,,,,,,,,,,,,,,,,,,,,,,,,,,,,,,,,,,,,,,,,,,,,,,,,,,,,,,,,
2007,general,niagara,NIA,31,31st District ……………,Buffalo NIA 31,,,1.0,89.0,,,,,,,,,,,,,,,,,,,,,,,,,74.0,5.0,7.0,0.0,2.0,,,,,,,,,,,,,,,,,,,,,,,,,,,,,,,,,,,,,,,,,,,,,,,,,,,,,,,,,,,,,,,,,,,,,,,,
2007,general,niagara,NIA,32,32nd District ……………,Buffalo NIA 32,,,8.0,125.0,,,,,,,,,,,,,,,,,,,,,,,,,69.0,14.0,7.0,2.0,25.0,,,,,,,,,,,,,,,,,,,,,,,,,,,,,,,,,,,,,,,,,,,,,,,,,,,,,,,,,,,,,,,,,,,,,,,,
2007,general,north,NOR,1,1st District ……………,Buffalo NOR 1,,,40.0,241.0,,,,,,,,,,,,,,,,,,,,,,,,,,,,,,201.0,,,,,,,,,,,,,,,,,,,,,,,,,,,,,,,,,,,,,,,,,,,,,,,,,,,,,,,,,,,,,,,,,,,,,,,
2007,general,north,NOR,2,2nd District ……………,Buffalo NOR 2,,,18.0,51.0,,,,,,,,,,,,,,,,,,,,,,,,,,,,,,33.0,,,,,,,,,,,,,,,,,,,,,,,,,,,,,,,,,,,,,,,,,,,,,,,,,,,,,,,,,,,,,,,,,,,,,,,
2007,general,north,NOR,3,3rd District ……………,Buffalo NOR 3,,,58.0,255.0,,,,,,,,,,,,,,,,,,,,,,,,,,,,,,197.0,,,,,,,,,,,,,,,,,,,,,,,,,,,,,,,,,,,,,,,,,,,,,,,,,,,,,,,,,,,,,,,,,,,,,,,
2007,general,north,NOR,4,4th District ……………,Buffalo NOR 4,,,41.0,191.0,,,,,,,,,,,,,,,,,,,,,,,,,,,,,,150.0,,,,,,,,,,,,,,,,,,,,,,,,,,,,,,,,,,,,,,,,,,,,,,,,,,,,,,,,,,,,,,,,,,,,,,,
2007,general,north,NOR,5,5th District ……………,Buffalo NOR 5,,,31.0,144.0,,,,,,,,,,,,,,,,,,,,,,,,,,,,,,113.0,,,,,,,,,,,,,,,,,,,,,,,,,,,,,,,,,,,,,,,,,,,,,,,,,,,,,,,,,,,,,,,,,,,,,,,
2007,general,north,NOR,6,6th District ……………,Buffalo NOR 6,,,23.0,115.0,,,,,,,,,,,,,,,,,,,,,,,,,,,,,,92.0,,,,,,,,,,,,,,,,,,,,,,,,,,,,,,,,,,,,,,,,,,,,,,,,,,,,,,,,,,,,,,,,,,,,,,,
2007,general,north,NOR,7,7th District ……………,Buffalo NOR 7,,,68.0,234.0,,,,,,,,,,,,,,,,,,,,,,,,,,,,,,166.0,,,,,,,,,,,,,,,,,,,,,,,,,,,,,,,,,,,,,,,,,,,,,,,,,,,,,,,,,,,,,,,,,,,,,,,
2007,general,north,NOR,8,8th District ……………,Buffalo NOR 8,,,38.0,109.0,,,,,,,,,,,,,,,,,,,,,,,,,,,,,,71.0,,,,,,,,,,,,,,,,,,,,,,,,,,,,,,,,,,,,,,,,,,,,,,,,,,,,,,,,,,,,,,,,,,,,,,,
2007,general,north,NOR,9,9th District ……………,Buffalo NOR 9,,,43.0,250.0,,,,,,,,,,,,,,,,,,,,,,,,,,,,,,207.0,,,,,,,,,,,,,,,,,,,,,,,,,,,,,,,,,,,,,,,,,,,,,,,,,,,,,,,,,,,,,,,,,,,,,,,
2007,general,north,NOR,10,10th District ……………,Buffalo NOR 10,,,29.0,85.0,,,,,,,,,,,,,,,,,,,,,,,,,,,,,,56.0,,,,,,,,,,,,,,,,,,,,,,,,,,,,,,,,,,,,,,,,,,,,,,,,,,,,,,,,,,,,,,,,,,,,,,,
2007,general,north,NOR,11,11th District ……………,Buffalo NOR 11,,,42.0,174.0,,,,,,,,,,,,,,,,,,,,,,,,,,,,,,132.0,,,,,,,,,,,,,,,,,,,,,,,,,,,,,,,,,,,,,,,,,,,,,,,,,,,,,,,,,,,,,,,,,,,,,,,
2007,general,north,NOR,12,12th District ……………,Buffalo NOR 12,,,28.0,181.0,,,,,,,,,,,,,,,,,,,,,,,,,,,,,,153.0,,,,,,,,,,,,,,,,,,,,,,,,,,,,,,,,,,,,,,,,,,,,,,,,,,,,,,,,,,,,,,,,,,,,,,,
2007,general,north,NOR,13,13th District ……………,Buffalo NOR 13,,,40.0,172.0,,,,,,,,,,,,,,,,,,,,,,,,,,,,,,132.0,,,,,,,,,,,,,,,,,,,,,,,,,,,,,,,,,,,,,,,,,,,,,,,,,,,,,,,,,,,,,,,,,,,,,,,
2007,general,north,NOR,14,14th District ……………,Buffalo NOR 14,,,35.0,124.0,,,,,,,,,,,,,,,,,,,,,,,,,,,,,,89.0,,,,,,,,,,,,,,,,,,,,,,,,,,,,,,,,,,,,,,,,,,,,,,,,,,,,,,,,,,,,,,,,,,,,,,,
2007,general,north,NOR,15,15th District ……………,Buffalo NOR 15,,,28.0,119.0,,,,,,,,,,,,,,,,,,,,,,,,,,,,,,91.0,,,,,,,,,,,,,,,,,,,,,,,,,,,,,,,,,,,,,,,,,,,,,,,,,,,,,,,,,,,,,,,,,,,,,,,
2007,general,north,NOR,16,16th District ……………,Buffalo NOR 16,,,2.0,20.0,,,,,,,,,,,,,,,,,,,,,,,,,,,,,,18.0,,,,,,,,,,,,,,,,,,,,,,,,,,,,,,,,,,,,,,,,,,,,,,,,,,,,,,,,,,,,,,,,,,,,,,,
2007,general,north,NOR,17,17th District ……………,Buffalo NOR 17,,,134.0,336.0,,,,,,,,,,,,,,,,,,,,,,,,,,,,,,202.0,,,,,,,,,,,,,,,,,,,,,,,,,,,,,,,,,,,,,,,,,,,,,,,,,,,,,,,,,,,,,,,,,,,,,,,
2007,general,north,NOR,18,18th District ……………,Buffalo NOR 18,,,32.0,169.0,,,,,,,,,,,,,,,,,,,,,,,,,,,,,,137.0,,,,,,,,,,,,,,,,,,,,,,,,,,,,,,,,,,,,,,,,,,,,,,,,,,,,,,,,,,,,,,,,,,,,,,,
2007,general,north,NOR,19,19th District ……………,Buffalo NOR 19,,,77.0,242.0,,,,,,,,,,,,,,,,,,,,,,,,,,,,,,165.0,,,,,,,,,,,,,,,,,,,,,,,,,,,,,,,,,,,,,,,,,,,,,,,,,,,,,,,,,,,,,,,,,,,,,,,
2007,general,north,NOR,20,20th District ……………,Buffalo NOR 20,,,33.0,160.0,,,,,,,,,,,,,,,,,,,,,,,,,,,,,,127.0,,,,,,,,,,,,,,,,,,,,,,,,,,,,,,,,,,,,,,,,,,,,,,,,,,,,,,,,,,,,,,,,,,,,,,,
2007,general,north,NOR,21,21st District ……………,Buffalo NOR 21,,,21.0,73.0,,,,,,,,,,,,,,,,,,,,,,,,,,,,,,52.0,,,,,,,,,,,,,,,,,,,,,,,,,,,,,,,,,,,,,,,,,,,,,,,,,,,,,,,,,,,,,,,,,,,,,,,
2007,general,north,NOR,22,22nd District ……………,Buffalo NOR 22,,,19.0,60.0,,,,,,,,,,,,,,,,,,,,,,,,,,,,,,41.0,,,,,,,,,,,,,,,,,,,,,,,,,,,,,,,,,,,,,,,,,,,,,,,,,,,,,,,,,,,,,,,,,,,,,,,
2007,general,north,NOR,23,23rd District ……………,Buffalo NOR 23,,,12.0,77.0,,,,,,,,,,,,,,,,,,,,,,,,,,,,,,65.0,,,,,,,,,,,,,,,,,,,,,,,,,,,,,,,,,,,,,,,,,,,,,,,,,,,,,,,,,,,,,,,,,,,,,,,
2007,general,north,NOR,24,24th District ……………,Buffalo NOR 24,,,31.0,119.0,,,,,,,,,,,,,,,,,,,,,,,,,,,,,,88.0,,,,,,,,,,,,,,,,,,,,,,,,,,,,,,,,,,,,,,,,,,,,,,,,,,,,,,,,,,,,,,,,,,,,,,,
2007,general,north,NOR,25,25th District ……………,Buffalo NOR 25,,,53.0,164.0,,,,,,,,,,,,,,,,,,,,,,,,,,,,,,111.0,,,,,,,,,,,,,,,,,,,,,,,,,,,,,,,,,,,,,,,,,,,,,,,,,,,,,,,,,,,,,,,,,,,,,,,
2007,general,north,NOR,26,26th District ……………,Buffalo NOR 26,,,22.0,76.0,,,,,,,,,,,,,,,,,,,,,,,,,,,,,,54.0,,,,,,,,,,,,,,,,,,,,,,,,,,,,,,,,,,,,,,,,,,,,,,,,,,,,,,,,,,,,,,,,,,,,,,,
2007,general,north,NOR,27,27th District ……………,Buffalo NOR 27,,,31.0,93.0,,,,,,,,,,,,,,,,,,,,,,,,,,,,,,62.0,,,,,,,,,,,,,,,,,,,,,,,,,,,,,,,,,,,,,,,,,,,,,,,,,,,,,,,,,,,,,,,,,,,,,,,
2007,general,north,NOR,28,28th District ……………,Buffalo NOR 28,,,37.0,178.0,,,,,,,,,,,,,,,,,,,,,,,,,,,,,,141.0,,,,,,,,,,,,,,,,,,,,,,,,,,,,,,,,,,,,,,,,,,,,,,,,,,,,,,,,,,,,,,,,,,,,,,,
2007,general,north,NOR,29,29th District ……………,Buffalo NOR 29,,,46.0,152.0,,,,,,,,,,,,,,,,,,,,,,,,,,,,,,106.0,,,,,,,,,,,,,,,,,,,,,,,,,,,,,,,,,,,,,,,,,,,,,,,,,,,,,,,,,,,,,,,,,,,,,,,
2007,general,north,NOR,30,30th District ……………,Buffalo NOR 30,,,20.0,66.0,,,,,,,,,,,,,,,,,,,,,,,,,,,,,,46.0,,,,,,,,,,,,,,,,,,,,,,,,,,,,,,,,,,,,,,,,,,,,,,,,,,,,,,,,,,,,,,,,,,,,,,,
2007,general,north,NOR,31,31st District ……………,Buffalo NOR 31,,,96.0,321.0,,,,,,,,,,,,,,,,,,,,,,,,,,,,,,225.0,,,,,,,,,,,,,,,,,,,,,,,,,,,,,,,,,,,,,,,,,,,,,,,,,,,,,,,,,,,,,,,,,,,,,,,
2007,general,south,SOU,1,1st District ……………,Buffalo SOU 1,,,28.0,152.0,,,,,,,,,,,,,,,,,,,,,,,,,,,,,,,124.0,,,,,,,,,,,,,,,,,,,,,,,,,,,,,,,,,,,,,,,,,,,,,,,,,,,,,,,,,,,,,,,,,,,,,,
2007,general,south,SOU,2,2nd District ……………,Buffalo SOU 2,,,57.0,198.0,,,,,,,,,,,,,,,,,,,,,,,,,,,,,,,141.0,,,,,,,,,,,,,,,,,,,,,,,,,,,,,,,,,,,,,,,,,,,,,,,,,,,,,,,,,,,,,,,,,,,,,,
2007,general,south,SOU,3,3rd District ……………,Buffalo SOU 3,,,61.0,253.0,,,,,,,,,,,,,,,,,,,,,,,,,,,,,,,192.0,,,,,,,,,,,,,,,,,,,,,,,,,,,,,,,,,,,,,,,,,,,,,,,,,,,,,,,,,,,,,,,,,,,,,,
2007,general,south,SOU,4,4th District ……………,Buffalo SOU 4,,,32.0,187.0,,,,,,,,,,,,,,,,,,,,,,,,,,,,,,,155.0,,,,,,,,,,,,,,,,,,,,,,,,,,,,,,,,,,,,,,,,,,,,,,,,,,,,,,,,,,,,,,,,,,,,,,
2007,general,south,SOU,5,5th District ……………,Buffalo SOU 5,,,42.0,218.0,,,,,,,,,,,,,,,,,,,,,,,,,,,,,,,176.0,,,,,,,,,,,,,,,,,,,,,,,,,,,,,,,,,,,,,,,,,,,,,,,,,,,,,,,,,,,,,,,,,,,,,,
2007,general,south,SOU,6,6th District ……………,Buffalo SOU 6,,,73.0,359.0,,,,,,,,,,,,,,,,,,,,,,,,,,,,,,,286.0,,,,,,,,,,,,,,,,,,,,,,,,,,,,,,,,,,,,,,,,,,,,,,,,,,,,,,,,,,,,,,,,,,,,,,
2007,general,south,SOU,7,7th District ……………,Buffalo SOU 7,,,61.0,239.0,,,,,,,,,,,,,,,,,,,,,,,,,,,,,,,178.0,,,,,,,,,,,,,,,,,,,,,,,,,,,,,,,,,,,,,,,,,,,,,,,,,,,,,,,,,,,,,,,,,,,,,,
2007,general,south,SOU,8,8th District ……………,Buffalo SOU 8,,,53.0,262.0,,,,,,,,,,,,,,,,,,,,,,,,,,,,,,,209.0,,,,,,,,,,,,,,,,,,,,,,,,,,,,,,,,,,,,,,,,,,,,,,,,,,,,,,,,,,,,,,,,,,,,,,
2007,general,south,SOU,9,9th District ……………,Buffalo SOU 9,,,75.0,375.0,,,,,,,,,,,,,,,,,,,,,,,,,,,,,,,300.0,,,,,,,,,,,,,,,,,,,,,,,,,,,,,,,,,,,,,,,,,,,,,,,,,,,,,,,,,,,,,,,,,,,,,,
2007,general,south,SOU,10,10th District ……………,Buffalo SOU 10,,,56.0,327.0,,,,,,,,,,,,,,,,,,,,,,,,,,,,,,,271.0,,,,,,,,,,,,,,,,,,,,,,,,,,,,,,,,,,,,,,,,,,,,,,,,,,,,,,,,,,,,,,,,,,,,,,
2007,general,south,SOU,11,11th District ……………,Buffalo SOU 11,,,64.0,278.0,,,,,,,,,,,,,,,,,,,,,,,,,,,,,,,214.0,,,,,,,,,,,,,,,,,,,,,,,,,,,,,,,,,,,,,,,,,,,,,,,,,,,,,,,,,,,,,,,,,,,,,,
2007,general,south,SOU,12,12th District ……………,Buffalo SOU 12,,,51.0,239.0,,,,,,,,,,,,,,,,,,,,,,,,,,,,,,,188.0,,,,,,,,,,,,,,,,,,,,,,,,,,,,,,,,,,,,,,,,,,,,,,,,,,,,,,,,,,,,,,,,,,,,,,
2007,general,south,SOU,13,13th District ……………,Buffalo SOU 13,,,55.0,267.0,,,,,,,,,,,,,,,,,,,,,,,,,,,,,,,212.0,,,,,,,,,,,,,,,,,,,,,,,,,,,,,,,,,,,,,,,,,,,,,,,,,,,,,,,,,,,,,,,,,,,,,,
2007,general,south,SOU,14,14th District ……………,Buffalo SOU 14,,,56.0,195.0,,,,,,,,,,,,,,,,,,,,,,,,,,,,,,,139.0,,,,,,,,,,,,,,,,,,,,,,,,,,,,,,,,,,,,,,,,,,,,,,,,,,,,,,,,,,,,,,,,,,,,,,
2007,general,south,SOU,15,15th District ……………,Buffalo SOU 15,,,80.0,358.0,,,,,,,,,,,,,,,,,,,,,,,,,,,,,,,278.0,,,,,,,,,,,,,,,,,,,,,,,,,,,,,,,,,,,,,,,,,,,,,,,,,,,,,,,,,,,,,,,,,,,,,,
2007,general,south,SOU,16,16th District ……………,Buffalo SOU 16,,,57.0,199.0,,,,,,,,,,,,,,,,,,,,,,,,,,,,,,,142.0,,,,,,,,,,,,,,,,,,,,,,,,,,,,,,,,,,,,,,,,,,,,,,,,,,,,,,,,,,,,,,,,,,,,,,
2007,general,south,SOU,17,17th District ……………,Buffalo SOU 17,,,69.0,247.0,,,,,,,,,,,,,,,,,,,,,,,,,,,,,,,178.0,,,,,,,,,,,,,,,,,,,,,,,,,,,,,,,,,,,,,,,,,,,,,,,,,,,,,,,,,,,,,,,,,,,,,,
2007,general,south,SOU,18,18th District ……………,Buffalo SOU 18,,,123.0,451.0,,,,,,,,,,,,,,,,,,,,,,,,,,,,,,,328.0,,,,,,,,,,,,,,,,,,,,,,,,,,,,,,,,,,,,,,,,,,,,,,,,,,,,,,,,,,,,,,,,,,,,,,
2007,general,south,SOU,19,19th District ……………,Buffalo SOU 19,,,60.0,304.0,,,,,,,,,,,,,,,,,,,,,,,,,,,,,,,244.0,,,,,,,,,,,,,,,,,,,,,,,,,,,,,,,,,,,,,,,,,,,,,,,,,,,,,,,,,,,,,,,,,,,,,,
2007,general,south,SOU,20,20th District ……………,Buffalo SOU 20,,,26.0,140.0,,,,,,,,,,,,,,,,,,,,,,,,,,,,,,,114.0,,,,,,,,,,,,,,,,,,,,,,,,,,,,,,,,,,,,,,,,,,,,,,,,,,,,,,,,,,,,,,,,,,,,,,
2007,general,south,SOU,21,21st District ……………,Buffalo SOU 21,,,37.0,140.0,,,,,,,,,,,,,,,,,,,,,,,,,,,,,,,103.0,,,,,,,,,,,,,,,,,,,,,,,,,,,,,,,,,,,,,,,,,,,,,,,,,,,,,,,,,,,,,,,,,,,,,,
2007,general,south,SOU,22,22nd District ……………,Buffalo SOU 22,,,22.0,81.0,,,,,,,,,,,,,,,,,,,,,,,,,,,,,,,59.0,,,,,,,,,,,,,,,,,,,,,,,,,,,,,,,,,,,,,,,,,,,,,,,,,,,,,,,,,,,,,,,,,,,,,,
2007,general,south,SOU,23,23rd District ……………,Buffalo SOU 23,,,58.0,244.0,,,,,,,,,,,,,,,,,,,,,,,,,,,,,,,186.0,,,,,,,,,,,,,,,,,,,,,,,,,,,,,,,,,,,,,,,,,,,,,,,,,,,,,,,,,,,,,,,,,,,,,,
2007,general,south,SOU,24,24th District ……………,Buffalo SOU 24,,,36.0,194.0,,,,,,,,,,,,,,,,,,,,,,,,,,,,,,,158.0,,,,,,,,,,,,,,,,,,,,,,,,,,,,,,,,,,,,,,,,,,,,,,,,,,,,,,,,,,,,,,,,,,,,,,
2007,general,south,SOU,25,25th District ……………,Buffalo SOU 25,,,41.0,163.0,,,,,,,,,,,,,,,,,,,,,,,,,,,,,,,122.0,,,,,,,,,,,,,,,,,,,,,,,,,,,,,,,,,,,,,,,,,,,,,,,,,,,,,,,,,,,,,,,,,,,,,,
2007,general,south,SOU,26,26th District ……………,Buffalo SOU 26,,,37.0,169.0,,,,,,,,,,,,,,,,,,,,,,,,,,,,,,,132.0,,,,,,,,,,,,,,,,,,,,,,,,,,,,,,,,,,,,,,,,,,,,,,,,,,,,,,,,,,,,,,,,,,,,,,
2007,general,south,SOU,27,27th District ……………,Buffalo SOU 27,,,29.0,170.0,,,,,,,,,,,,,,,,,,,,,,,,,,,,,,,141.0,,,,,,,,,,,,,,,,,,,,,,,,,,,,,,,,,,,,,,,,,,,,,,,,,,,,,,,,,,,,,,,,,,,,,,
2007,general,south,SOU,28,28th District ……………,Buffalo SOU 28,,,67.0,265.0,,,,,,,,,,,,,,,,,,,,,,,,,,,,,,,198.0,,,,,,,,,,,,,,,,,,,,,,,,,,,,,,,,,,,,,,,,,,,,,,,,,,,,,,,,,,,,,,,,,,,,,,
2007,general,south,SOU,29,29th District ……………,Buffalo SOU 29,,,53.0,195.0,,,,,,,,,,,,,,,,,,,,,,,,,,,,,,,142.0,,,,,,,,,,,,,,,,,,,,,,,,,,,,,,,,,,,,,,,,,,,,,,,,,,,,,,,,,,,,,,,,,,,,,,
2007,general,south,SOU,30,30th District ……………,Buffalo SOU 30,,,22.0,159.0,,,,,,,,,,,,,,,,,,,,,,,,,,,,,,,137.0,,,,,,,,,,,,,,,,,,,,,,,,,,,,,,,,,,,,,,,,,,,,,,,,,,,,,,,,,,,,,,,,,,,,,,
2007,general,south,SOU,31,31st District ……………,Buffalo SOU 31,,,47.0,220.0,,,,,,,,,,,,,,,,,,,,,,,,,,,,,,,173.0,,,,,,,,,,,,,,,,,,,,,,,,,,,,,,,,,,,,,,,,,,,,,,,,,,,,,,,,,,,,,,,,,,,,,,
2007,general,south,SOU,32,32nd District ……………,Buffalo SOU 32,,,55.0,189.0,,,,,,,,,,,,,,,,,,,,,,,,,,,,,,,134.0,,,,,,,,,,,,,,,,,,,,,,,,,,,,,,,,,,,,,,,,,,,,,,,,,,,,,,,,,,,,,,,,,,,,,,
2007,general,south,SOU,33,33rd District ……………,Buffalo SOU 33,,,59.0,205.0,,,,,,,,,,,,,,,,,,,,,,,,,,,,,,,146.0,,,,,,,,,,,,,,,,,,,,,,,,,,,,,,,,,,,,,,,,,,,,,,,,,,,,,,,,,,,,,,,,,,,,,,
2007,general,university,UNI,1,1st District ……………,Buffalo UNI 1,,,23.0,132.0,,,,,,,,,,,,,,109.0,,,,,,,,,,,,,,,,,,,,,,,,,,,,,,,,,,,,,,,,,,,,,,,,,,,,,,,,,,,,,,,,,,,,,,,,,,,,,,,,,,,,,,,
2007,general,university,UNI,2,2nd District ……………,Buffalo UNI 2,,,49.0,240.0,,,,,,,,,,,,,,191.0,,,,,,,,,,,,,,,,,,,,,,,,,,,,,,,,,,,,,,,,,,,,,,,,,,,,,,,,,,,,,,,,,,,,,,,,,,,,,,,,,,,,,,,
2007,general,university,UNI,3,3rd District ……………,Buffalo UNI 3,,,28.0,157.0,,,,,,,,,,,,,,129.0,,,,,,,,,,,,,,,,,,,,,,,,,,,,,,,,,,,,,,,,,,,,,,,,,,,,,,,,,,,,,,,,,,,,,,,,,,,,,,,,,,,,,,,
2007,general,university,UNI,4,4th District ……………,Buffalo UNI 4,,,37.0,255.0,,,,,,,,,,,,,,218.0,,,,,,,,,,,,,,,,,,,,,,,,,,,,,,,,,,,,,,,,,,,,,,,,,,,,,,,,,,,,,,,,,,,,,,,,,,,,,,,,,,,,,,,
2007,general,university,UNI,5,5th District ……………,Buffalo UNI 5,,,20.0,219.0,,,,,,,,,,,,,,199.0,,,,,,,,,,,,,,,,,,,,,,,,,,,,,,,,,,,,,,,,,,,,,,,,,,,,,,,,,,,,,,,,,,,,,,,,,,,,,,,,,,,,,,,
2007,general,university,UNI,6,6th District ……………,Buffalo UNI 6,,,32.0,137.0,,,,,,,,,,,,,,105.0,,,,,,,,,,,,,,,,,,,,,,,,,,,,,,,,,,,,,,,,,,,,,,,,,,,,,,,,,,,,,,,,,,,,,,,,,,,,,,,,,,,,,,,
2007,general,university,UNI,7,7th District ……………,Buffalo UNI 7,,,21.0,121.0,,,,,,,,,,,,,,100.0,,,,,,,,,,,,,,,,,,,,,,,,,,,,,,,,,,,,,,,,,,,,,,,,,,,,,,,,,,,,,,,,,,,,,,,,,,,,,,,,,,,,,,,
2007,general,university,UNI,8,8th District ……………,Buffalo UNI 8,,,35.0,209.0,,,,,,,,,,,,,,174.0,,,,,,,,,,,,,,,,,,,,,,,,,,,,,,,,,,,,,,,,,,,,,,,,,,,,,,,,,,,,,,,,,,,,,,,,,,,,,,,,,,,,,,,
2007,general,university,UNI,9,9th District ……………,Buffalo UNI 9,,,18.0,130.0,,,,,,,,,,,,,,112.0,,,,,,,,,,,,,,,,,,,,,,,,,,,,,,,,,,,,,,,,,,,,,,,,,,,,,,,,,,,,,,,,,,,,,,,,,,,,,,,,,,,,,,,
2007,general,university,UNI,10,10th District ……………,Buffalo UNI 10,,,23.0,150.0,,,,,,,,,,,,,,127.0,,,,,,,,,,,,,,,,,,,,,,,,,,,,,,,,,,,,,,,,,,,,,,,,,,,,,,,,,,,,,,,,,,,,,,,,,,,,,,,,,,,,,,,
2007,general,university,UNI,11,11th District ……………,Buffalo UNI 11,,,52.0,209.0,,,,,,,,,,,,,,157.0,,,,,,,,,,,,,,,,,,,,,,,,,,,,,,,,,,,,,,,,,,,,,,,,,,,,,,,,,,,,,,,,,,,,,,,,,,,,,,,,,,,,,,,
2007,general,university,UNI,12,12th District ……………,Buffalo UNI 12,,,7.0,20.0,,,,,,,,,,,,,,13.0,,,,,,,,,,,,,,,,,,,,,,,,,,,,,,,,,,,,,,,,,,,,,,,,,,,,,,,,,,,,,,,,,,,,,,,,,,,,,,,,,,,,,,,
2007,general,university,UNI,13,13th District ……………,Buffalo UNI 13,,,41.0,177.0,,,,,,,,,,,,,,136.0,,,,,,,,,,,,,,,,,,,,,,,,,,,,,,,,,,,,,,,,,,,,,,,,,,,,,,,,,,,,,,,,,,,,,,,,,,,,,,,,,,,,,,,
2007,general,university,UNI,14,14th District ……………,Buffalo UNI 14,,,0.0,1.0,,,,,,,,,,,,,,1.0,,,,,,,,,,,,,,,,,,,,,,,,,,,,,,,,,,,,,,,,,,,,,,,,,,,,,,,,,,,,,,,,,,,,,,,,,,,,,,,,,,,,,,,
2007,general,university,UNI,15,15th District ……………,Buffalo UNI 15,,,19.0,131.0,,,,,,,,,,,,,,112.0,,,,,,,,,,,,,,,,,,,,,,,,,,,,,,,,,,,,,,,,,,,,,,,,,,,,,,,,,,,,,,,,,,,,,,,,,,,,,,,,,,,,,,,
2007,general,university,UNI,16,16th District ……………,Buffalo UNI 16,,,57.0,300.0,,,,,,,,,,,,,,243.0,,,,,,,,,,,,,,,,,,,,,,,,,,,,,,,,,,,,,,,,,,,,,,,,,,,,,,,,,,,,,,,,,,,,,,,,,,,,,,,,,,,,,,,
2007,general,university,UNI,17,17th District ……………,Buffalo UNI 17,,,5.0,23.0,,,,,,,,,,,,,,18.0,,,,,,,,,,,,,,,,,,,,,,,,,,,,,,,,,,,,,,,,,,,,,,,,,,,,,,,,,,,,,,,,,,,,,,,,,,,,,,,,,,,,,,,
2007,general,university,UNI,18,18th District ……………,Buffalo UNI 18,,,56.0,284.0,,,,,,,,,,,,,,228.0,,,,,,,,,,,,,,,,,,,,,,,,,,,,,,,,,,,,,,,,,,,,,,,,,,,,,,,,,,,,,,,,,,,,,,,,,,,,,,,,,,,,,,,
2007,general,university,UNI,19,19th District ……………,Buffalo UNI 19,,,18.0,89.0,,,,,,,,,,,,,,71.0,,,,,,,,,,,,,,,,,,,,,,,,,,,,,,,,,,,,,,,,,,,,,,,,,,,,,,,,,,,,,,,,,,,,,,,,,,,,,,,,,,,,,,,
2007,general,university,UNI,20,20th District ……………,Buffalo UNI 20,,,25.0,159.0,,,,,,,,,,,,,,134.0,,,,,,,,,,,,,,,,,,,,,,,,,,,,,,,,,,,,,,,,,,,,,,,,,,,,,,,,,,,,,,,,,,,,,,,,,,,,,,,,,,,,,,,
2007,general,university,UNI,21,21st District ……………,Buffalo UNI 21,,,31.0,73.0,,,,,,,,,,,,,,42.0,,,,,,,,,,,,,,,,,,,,,,,,,,,,,,,,,,,,,,,,,,,,,,,,,,,,,,,,,,,,,,,,,,,,,,,,,,,,,,,,,,,,,,,
2007,general,university,UNI,22,22nd District ……………,Buffalo UNI 22,,,14.0,134.0,,,,,,,,,,,,,,120.0,,,,,,,,,,,,,,,,,,,,,,,,,,,,,,,,,,,,,,,,,,,,,,,,,,,,,,,,,,,,,,,,,,,,,,,,,,,,,,,,,,,,,,,
2007,general,university,UNI,23,23rd District ……………,Buffalo UNI 23,,,35.0,177.0,,,,,,,,,,,,,,142.0,,,,,,,,,,,,,,,,,,,,,,,,,,,,,,,,,,,,,,,,,,,,,,,,,,,,,,,,,,,,,,,,,,,,,,,,,,,,,,,,,,,,,,,
2007,general,university,UNI,24,24th District ……………,Buffalo UNI 24,,,17.0,123.0,,,,,,,,,,,,,,106.0,,,,,,,,,,,,,,,,,,,,,,,,,,,,,,,,,,,,,,,,,,,,,,,,,,,,,,,,,,,,,,,,,,,,,,,,,,,,,,,,,,,,,,,
2007,general,university,UNI,25,25th District ……………,Buffalo UNI 25,,,24.0,204.0,,,,,,,,,,,,,,180.0,,,,,,,,,,,,,,,,,,,,,,,,,,,,,,,,,,,,,,,,,,,,,,,,,,,,,,,,,,,,,,,,,,,,,,,,,,,,,,,,,,,,,,,
2007,general,university,UNI,26,26th District ……………,Buffalo UNI 26,,,12.0,127.0,,,,,,,,,,,,,,115.0,,,,,,,,,,,,,,,,,,,,,,,,,,,,,,,,,,,,,,,,,,,,,,,,,,,,,,,,,,,,,,,,,,,,,,,,,,,,,,,,,,,,,,,
2007,general,university,UNI,27,27th District ……………,Buffalo UNI 27,,,29.0,233.0,,,,,,,,,,,,,,204.0,,,,,,,,,,,,,,,,,,,,,,,,,,,,,,,,,,,,,,,,,,,,,,,,,,,,,,,,,,,,,,,,,,,,,,,,,,,,,,,,,,,,,,,
2007,general,university,UNI,28,28th District ……………,Buffalo UNI 28,,,24.0,187.0,,,,,,,,,,,,,,163.0,,,,,,,,,,,,,,,,,,,,,,,,,,,,,,,,,,,,,,,,,,,,,,,,,,,,,,,,,,,,,,,,,,,,,,,,,,,,,,,,,,,,,,,
2007,general,university,UNI,29,29th District ……………,Buffalo UNI 29,,,16.0,135.0,,,,,,,,,,,,,,119.0,,,,,,,,,,,,,,,,,,,,,,,,,,,,,,,,,,,,,,,,,,,,,,,,,,,,,,,,,,,,,,,,,,,,,,,,,,,,,,,,,,,,,,,
2007,general,university,UNI,30,30th District ……………,Buffalo UNI 30,,,31.0,143.0,,,,,,,,,,,,,,112.0,,,,,,,,,,,,,,,,,,,,,,,,,,,,,,,,,,,,,,,,,,,,,,,,,,,,,,,,,,,,,,,,,,,,,,,,,,,,,,,,,,,,,,,
2007,general,university,UNI,31,31st District ……………,Buffalo UNI 31,,,77.0,356.0,,,,,,,,,,,,,,279.0,,,,,,,,,,,,,,,,,,,,,,,,,,,,,,,,,,,,,,,,,,,,,,,,,,,,,,,,,,,,,,,,,,,,,,,,,,,,,,,,,,,,,,,
2007,primary,delaware,DEL,1,1st District ……………,Buffalo DEL 1,,,9.0,156.0,,,,,,,,,,,,,,,,,,,,,,69.0,,,,,,,,,,78.0,,,,,,,,,,,,,,,,,,,,,,,,,,,,,,,,,,,,,,,,,,,,,,,,,,,,,,,,,,,,,,,,,,,,,
2007,primary,delaware,DEL,2,2nd District ……………,Buffalo DEL 2,,,21.0,312.0,,,,,,,,,,,,,,,,,,,,,,218.0,,,,,,,,,,73.0,,,,,,,,,,,,,,,,,,,,,,,,,,,,,,,,,,,,,,,,,,,,,,,,,,,,,,,,,,,,,,,,,,,,,
2007,primary,delaware,DEL,3,3rd District ……………,Buffalo DEL 3,,,13.0,209.0,,,,,,,,,,,,,,,,,,,,,,116.0,,,,,,,,,,80.0,,,,,,,,,,,,,,,,,,,,,,,,,,,,,,,,,,,,,,,,,,,,,,,,,,,,,,,,,,,,,,,,,,,,,
2007,primary,delaware,DEL,5,5th District ……………,Buffalo DEL 5,,,17.0,360.0,,,,,,,,,,,,,,,,,,,,,,257.0,,,,,,,,,,86.0,,,,,,,,,,,,,,,,,,,,,,,,,,,,,,,,,,,,,,,,,,,,,,,,,,,,,,,,,,,,,,,,,,,,,
2007,primary,delaware,DEL,6,6th District ……………,Buffalo DEL 6,,,28.0,530.0,,,,,,,,,,,,,,,,,,,,,,359.0,,,,,,,,,,143.0,,,,,,,,,,,,,,,,,,,,,,,,,,,,,,,,,,,,,,,,,,,,,,,,,,,,,,,,,,,,,,,,,,,,,
2007,primary,delaware,DEL,7,7th District ……………,Buffalo DEL 7,,,22.0,308.0,,,,,,,,,,,,,,,,,,,,,,196.0,,,,,,,,,,90.0,,,,,,,,,,,,,,,,,,,,,,,,,,,,,,,,,,,,,,,,,,,,,,,,,,,,,,,,,,,,,,,,,,,,,
2007,primary,delaware,DEL,8,8th District ……………,Buffalo DEL 8,,,5.0,118.0,,,,,,,,,,,,,,,,,,,,,,68.0,,,,,,,,,,45.0,,,,,,,,,,,,,,,,,,,,,,,,,,,,,,,,,,,,,,,,,,,,,,,,,,,,,,,,,,,,,,,,,,,,,
2007,primary,delaware,DEL,9,9th District ……………,Buffalo DEL 9,,,4.0,205.0,,,,,,,,,,,,,,,,,,,,,,152.0,,,,,,,,,,49.0,,,,,,,,,,,,,,,,,,,,,,,,,,,,,,,,,,,,,,,,,,,,,,,,,,,,,,,,,,,,,,,,,,,,,
2007,primary,delaware,DEL,10,10th District ……………,Buffalo DEL 10,,,1.0,132.0,,,,,,,,,,,,,,,,,,,,,,79.0,,,,,,,,,,52.0,,,,,,,,,,,,,,,,,,,,,,,,,,,,,,,,,,,,,,,,,,,,,,,,,,,,,,,,,,,,,,,,,,,,,
2007,primary,delaware,DEL,11,11th District ……………,Buffalo DEL 11,,,1.0,17.0,,,,,,,,,,,,,,,,,,,,,,7.0,,,,,,,,,,9.0,,,,,,,,,,,,,,,,,,,,,,,,,,,,,,,,,,,,,,,,,,,,,,,,,,,,,,,,,,,,,,,,,,,,,
2007,primary,delaware,DEL,12,12th District ……………,Buffalo DEL 12,,,2.0,174.0,,,,,,,,,,,,,,,,,,,,,,101.0,,,,,,,,,,71.0,,,,,,,,,,,,,,,,,,,,,,,,,,,,,,,,,,,,,,,,,,,,,,,,,,,,,,,,,,,,,,,,,,,,,
2007,primary,delaware,DEL,13,13th District ……………,Buffalo DEL 13,,,6.0,186.0,,,,,,,,,,,,,,,,,,,,,,146.0,,,,,,,,,,34.0,,,,,,,,,,,,,,,,,,,,,,,,,,,,,,,,,,,,,,,,,,,,,,,,,,,,,,,,,,,,,,,,,,,,,
2007,primary,delaware,DEL,14,14th District ……………,Buffalo DEL 14,,,2.0,45.0,,,,,,,,,,,,,,,,,,,,,,18.0,,,,,,,,,,25.0,,,,,,,,,,,,,,,,,,,,,,,,,,,,,,,,,,,,,,,,,,,,,,,,,,,,,,,,,,,,,,,,,,,,,
2007,primary,delaware,DEL,15,15th District ……………,Buffalo DEL 15,,,3.0,155.0,,,,,,,,,,,,,,,,,,,,,,94.0,,,,,,,,,,58.0,,,,,,,,,,,,,,,,,,,,,,,,,,,,,,,,,,,,,,,,,,,,,,,,,,,,,,,,,,,,,,,,,,,,,
2007,primary,delaware,DEL,17,17th District ……………,Buffalo DEL 17,,,5.0,48.0,,,,,,,,,,,,,,,,,,,,,,30.0,,,,,,,,,,13.0,,,,,,,,,,,,,,,,,,,,,,,,,,,,,,,,,,,,,,,,,,,,,,,,,,,,,,,,,,,,,,,,,,,,,
2007,primary,delaware,DEL,18,18th District ……………,Buffalo DEL 18,,,7.0,95.0,,,,,,,,,,,,,,,,,,,,,,21.0,,,,,,,,,,67.0,,,,,,,,,,,,,,,,,,,,,,,,,,,,,,,,,,,,,,,,,,,,,,,,,,,,,,,,,,,,,,,,,,,,,
2007,primary,delaware,DEL,19,19th District ……………,Buffalo DEL 19,,,6.0,165.0,,,,,,,,,,,,,,,,,,,,,,135.0,,,,,,,,,,24.0,,,,,,,,,,,,,,,,,,,,,,,,,,,,,,,,,,,,,,,,,,,,,,,,,,,,,,,,,,,,,,,,,,,,,
2007,primary,delaware,DEL,20,20th District ……………,Buffalo DEL 20,,,13.0,215.0,,,,,,,,,,,,,,,,,,,,,,119.0,,,,,,,,,,83.0,,,,,,,,,,,,,,,,,,,,,,,,,,,,,,,,,,,,,,,,,,,,,,,,,,,,,,,,,,,,,,,,,,,,,
2007,primary,delaware,DEL,21,21st District ……………,Buffalo DEL 21,,,9.0,187.0,,,,,,,,,,,,,,,,,,,,,,105.0,,,,,,,,,,73.0,,,,,,,,,,,,,,,,,,,,,,,,,,,,,,,,,,,,,,,,,,,,,,,,,,,,,,,,,,,,,,,,,,,,,
2007,primary,delaware,DEL,24,24th District ……………,Buffalo DEL 24,,,8.0,104.0,,,,,,,,,,,,,,,,,,,,,,79.0,,,,,,,,,,17.0,,,,,,,,,,,,,,,,,,,,,,,,,,,,,,,,,,,,,,,,,,,,,,,,,,,,,,,,,,,,,,,,,,,,,
2007,primary,delaware,DEL,25,25th District ……………,Buffalo DEL 25,,,5.0,114.0,,,,,,,,,,,,,,,,,,,,,,71.0,,,,,,,,,,38.0,,,,,,,,,,,,,,,,,,,,,,,,,,,,,,,,,,,,,,,,,,,,,,,,,,,,,,,,,,,,,,,,,,,,,
2007,primary,delaware,DEL,28,28th District ……………,Buffalo DEL 28,,,14.0,72.0,,,,,,,,,,,,,,,,,,,,,,35.0,,,,,,,,,,23.0,,,,,,,,,,,,,,,,,,,,,,,,,,,,,,,,,,,,,,,,,,,,,,,,,,,,,,,,,,,,,,,,,,,,,
2007,primary,delaware,DEL,30,30th District ……………,Buffalo DEL 30,,,4.0,123.0,,,,,,,,,,,,,,,,,,,,,,91.0,,,,,,,,,,28.0,,,,,,,,,,,,,,,,,,,,,,,,,,,,,,,,,,,,,,,,,,,,,,,,,,,,,,,,,,,,,,,,,,,,,
2007,primary,delaware,DEL,37,37th District ……………,Buffalo DEL 37,,,0.0,33.0,,,,,,,,,,,,,,,,,,,,,,26.0,,,,,,,,,,7.0,,,,,,,,,,,,,,,,,,,,,,,,,,,,,,,,,,,,,,,,,,,,,,,,,,,,,,,,,,,,,,,,,,,,,
2007,primary,delaware,DEL,38,38th District ……………,Buffalo DEL 38,,,3.0,91.0,,,,,,,,,,,,,,,,,,,,,,32.0,,,,,,,,,,56.0,,,,,,,,,,,,,,,,,,,,,,,,,,,,,,,,,,,,,,,,,,,,,,,,,,,,,,,,,,,,,,,,,,,,,
2007,primary,ellicott,ELL,1,1st District ……………,Buffalo ELL 1,,,9.0,56.0,28.0,,,,,,,,,,,,,,,,,,,,,,19.0,,,,,,,,,,,,,,,,,,,,,,,,,,,,,,,,,,,,,,,,,,,,,,,,,,,,,,,,,,,,,,,,,,,,,,,,,,,,,,
2007,primary,ellicott,ELL,2,2nd District ……………,Buffalo ELL 2,,,2.0,96.0,66.0,,,,,,,,,,,,,,,,,,,,,,28.0,,,,,,,,,,,,,,,,,,,,,,,,,,,,,,,,,,,,,,,,,,,,,,,,,,,,,,,,,,,,,,,,,,,,,,,,,,,,,,
2007,primary,ellicott,ELL,3,3rd District ……………,Buffalo ELL 3,,,7.0,271.0,181.0,,,,,,,,,,,,,,,,,,,,,,83.0,,,,,,,,,,,,,,,,,,,,,,,,,,,,,,,,,,,,,,,,,,,,,,,,,,,,,,,,,,,,,,,,,,,,,,,,,,,,,,
2007,primary,ellicott,ELL,4,4th District ……………,Buffalo ELL 4,,,6.0,65.0,36.0,,,,,,,,,,,,,,,,,,,,,,23.0,,,,,,,,,,,,,,,,,,,,,,,,,,,,,,,,,,,,,,,,,,,,,,,,,,,,,,,,,,,,,,,,,,,,,,,,,,,,,,
2007,primary,ellicott,ELL,5,5th District ……………,Buffalo ELL 5,,,2.0,51.0,40.0,,,,,,,,,,,,,,,,,,,,,,9.0,,,,,,,,,,,,,,,,,,,,,,,,,,,,,,,,,,,,,,,,,,,,,,,,,,,,,,,,,,,,,,,,,,,,,,,,,,,,,,
2007,primary,ellicott,ELL,6,6th District ……………,Buffalo ELL 6,,,3.0,70.0,53.0,,,,,,,,,,,,,,,,,,,,,,14.0,,,,,,,,,,,,,,,,,,,,,,,,,,,,,,,,,,,,,,,,,,,,,,,,,,,,,,,,,,,,,,,,,,,,,,,,,,,,,,
2007,primary,ellicott,ELL,8,8th District ……………,Buffalo ELL 8,,,32.0,131.0,72.0,,,,,,,,,,,,,,,,,,,,,,27.0,,,,,,,,,,,,,,,,,,,,,,,,,,,,,,,,,,,,,,,,,,,,,,,,,,,,,,,,,,,,,,,,,,,,,,,,,,,,,,
2007,primary,ellicott,ELL,11,11th District ……………,Buffalo ELL 11,,,7.0,43.0,31.0,,,,,,,,,,,,,,,,,,,,,,5.0,,,,,,,,,,,,,,,,,,,,,,,,,,,,,,,,,,,,,,,,,,,,,,,,,,,,,,,,,,,,,,,,,,,,,,,,,,,,,,
2007,primary,ellicott,ELL,12,12th District ……………,Buffalo ELL 12,,,0.0,10.0,8.0,,,,,,,,,,,,,,,,,,,,,,2.0,,,,,,,,,,,,,,,,,,,,,,,,,,,,,,,,,,,,,,,,,,,,,,,,,,,,,,,,,,,,,,,,,,,,,,,,,,,,,,
2007,primary,ellicott,ELL,13,13th District ……………,Buffalo ELL 13,,,7.0,54.0,41.0,,,,,,,,,,,,,,,,,,,,,,6.0,,,,,,,,,,,,,,,,,,,,,,,,,,,,,,,,,,,,,,,,,,,,,,,,,,,,,,,,,,,,,,,,,,,,,,,,,,,,,,
2007,primary,ellicott,ELL,14,14th District ……………,Buffalo ELL 14,,,4.0,226.0,172.0,,,,,,,,,,,,,,,,,,,,,,50.0,,,,,,,,,,,,,,,,,,,,,,,,,,,,,,,,,,,,,,,,,,,,,,,,,,,,,,,,,,,,,,,,,,,,,,,,,,,,,,
2007,primary,ellicott,ELL,16,16th District ……………,Buffalo ELL 16,,,0.0,117.0,96.0,,,,,,,,,,,,,,,,,,,,,,21.0,,,,,,,,,,,,,,,,,,,,,,,,,,,,,,,,,,,,,,,,,,,,,,,,,,,,,,,,,,,,,,,,,,,,,,,,,,,,,,
2007,primary,ellicott,ELL,17,17th District ……………,Buffalo ELL 17,,,15.0,39.0,15.0,,,,,,,,,,,,,,,,,,,,,,9.0,,,,,,,,,,,,,,,,,,,,,,,,,,,,,,,,,,,,,,,,,,,,,,,,,,,,,,,,,,,,,,,,,,,,,,,,,,,,,,
2007,primary,ellicott,ELL,18,18th District ……………,Buffalo ELL 18,,,4.0,231.0,168.0,,,,,,,,,,,,,,,,,,,,,,59.0,,,,,,,,,,,,,,,,,,,,,,,,,,,,,,,,,,,,,,,,,,,,,,,,,,,,,,,,,,,,,,,,,,,,,,,,,,,,,,
2007,primary,ellicott,ELL,22,22nd District ……………,Buffalo ELL 22,,,5.0,52.0,41.0,,,,,,,,,,,,,,,,,,,,,,6.0,,,,,,,,,,,,,,,,,,,,,,,,,,,,,,,,,,,,,,,,,,,,,,,,,,,,,,,,,,,,,,,,,,,,,,,,,,,,,,
2007,primary,ellicott,ELL,23,23rd District ……………,Buffalo ELL 23,,,2.0,75.0,55.0,,,,,,,,,,,,,,,,,,,,,,18.0,,,,,,,,,,,,,,,,,,,,,,,,,,,,,,,,,,,,,,,,,,,,,,,,,,,,,,,,,,,,,,,,,,,,,,,,,,,,,,
2007,primary,ellicott,ELL,25,25th District ……………,Buffalo ELL 25,,,2.0,107.0,79.0,,,,,,,,,,,,,,,,,,,,,,26.0,,,,,,,,,,,,,,,,,,,,,,,,,,,,,,,,,,,,,,,,,,,,,,,,,,,,,,,,,,,,,,,,,,,,,,,,,,,,,,
2007,primary,ellicott,ELL,27,27th District ……………,Buffalo ELL 27,,,3.0,227.0,183.0,,,,,,,,,,,,,,,,,,,,,,41.0,,,,,,,,,,,,,,,,,,,,,,,,,,,,,,,,,,,,,,,,,,,,,,,,,,,,,,,,,,,,,,,,,,,,,,,,,,,,,,
2007,primary,ellicott,ELL,28,28th District ……………,Buffalo ELL 28,,,1.0,12.0,7.0,,,,,,,,,,,,,,,,,,,,,,4.0,,,,,,,,,,,,,,,,,,,,,,,,,,,,,,,,,,,,,,,,,,,,,,,,,,,,,,,,,,,,,,,,,,,,,,,,,,,,,,
2007,primary,ellicott,ELL,31,31st District ……………,Buffalo ELL 31,,,0.0,50.0,45.0,,,,,,,,,,,,,,,,,,,,,,5.0,,,,,,,,,,,,,,,,,,,,,,,,,,,,,,,,,,,,,,,,,,,,,,,,,,,,,,,,,,,,,,,,,,,,,,,,,,,,,,
2007,primary,ellicott,ELL,32,32nd District ……………,Buffalo ELL 32,,,5.0,40.0,19.0,,,,,,,,,,,,,,,,,,,,,,16.0,,,,,,,,,,,,,,,,,,,,,,,,,,,,,,,,,,,,,,,,,,,,,,,,,,,,,,,,,,,,,,,,,,,,,,,,,,,,,,
2007,primary,ellicott,ELL,34,34th District ……………,Buffalo ELL 34,,,0.0,60.0,52.0,,,,,,,,,,,,,,,,,,,,,,8.0,,,,,,,,,,,,,,,,,,,,,,,,,,,,,,,,,,,,,,,,,,,,,,,,,,,,,,,,,,,,,,,,,,,,,,,,,,,,,,
2007,primary,ellicott,ELL,35,35th District ……………,Buffalo ELL 35,,,23.0,131.0,79.0,,,,,,,,,,,,,,,,,,,,,,29.0,,,,,,,,,,,,,,,,,,,,,,,,,,,,,,,,,,,,,,,,,,,,,,,,,,,,,,,,,,,,,,,,,,,,,,,,,,,,,,
2007,primary,ellicott,ELL,39,39th District ……………,Buffalo ELL 39,,,5.0,86.0,69.0,,,,,,,,,,,,,,,,,,,,,,12.0,,,,,,,,,,,,,,,,,,,,,,,,,,,,,,,,,,,,,,,,,,,,,,,,,,,,,,,,,,,,,,,,,,,,,,,,,,,,,,
2007,primary,ellicott,ELL,40,40th District ……………,Buffalo ELL 40,,,7.0,117.0,89.0,,,,,,,,,,,,,,,,,,,,,,21.0,,,,,,,,,,,,,,,,,,,,,,,,,,,,,,,,,,,,,,,,,,,,,,,,,,,,,,,,,,,,,,,,,,,,,,,,,,,,,,
2007,primary,ellicott,ELL,41,41st District ……………,Buffalo ELL 41,,,4.0,30.0,20.0,,,,,,,,,,,,,,,,,,,,,,6.0,,,,,,,,,,,,,,,,,,,,,,,,,,,,,,,,,,,,,,,,,,,,,,,,,,,,,,,,,,,,,,,,,,,,,,,,,,,,,,
2007,primary,fillmore,FIL,1,1st District ……………,Buffalo FIL 1,,,0.0,39.0,,36.0,,,,,,,,,,,,,,,,,,,,,,,,,,,,,,,3.0,,,,,,,,,,,,,,,,,,,,,,,,,,,,,,,,,,,,,,,,,,,,,,,,,,,,,,,,,,,,,,,,,,,,
2007,primary,fillmore,FIL,2,2nd District ……………,Buffalo FIL 2,,,11.0,104.0,,32.0,,,,,,,,,,,,,,,,,,,,,,,,,,,,,,,61.0,,,,,,,,,,,,,,,,,,,,,,,,,,,,,,,,,,,,,,,,,,,,,,,,,,,,,,,,,,,,,,,,,,,,
2007,primary,fillmore,FIL,3,3rd District ……………,Buffalo FIL 3,,,3.0,56.0,,33.0,,,,,,,,,,,,,,,,,,,,,,,,,,,,,,,20.0,,,,,,,,,,,,,,,,,,,,,,,,,,,,,,,,,,,,,,,,,,,,,,,,,,,,,,,,,,,,,,,,,,,,
2007,primary,fillmore,FIL,6,6th District ……………,Buffalo FIL 6,,,3.0,40.0,,23.0,,,,,,,,,,,,,,,,,,,,,,,,,,,,,,,14.0,,,,,,,,,,,,,,,,,,,,,,,,,,,,,,,,,,,,,,,,,,,,,,,,,,,,,,,,,,,,,,,,,,,,
2007,primary,fillmore,FIL,7,7th District ……………,Buffalo FIL 7,,,5.0,60.0,,41.0,,,,,,,,,,,,,,,,,,,,,,,,,,,,,,,14.0,,,,,,,,,,,,,,,,,,,,,,,,,,,,,,,,,,,,,,,,,,,,,,,,,,,,,,,,,,,,,,,,,,,,
2007,primary,fillmore,FIL,8,8th District ……………,Buffalo FIL 8,,,0.0,41.0,,38.0,,,,,,,,,,,,,,,,,,,,,,,,,,,,,,,3.0,,,,,,,,,,,,,,,,,,,,,,,,,,,,,,,,,,,,,,,,,,,,,,,,,,,,,,,,,,,,,,,,,,,,
2007,primary,fillmore,FIL,10,10th District ……………,Buffalo FIL 10,,,1.0,33.0,,16.0,,,,,,,,,,,,,,,,,,,,,,,,,,,,,,,16.0,,,,,,,,,,,,,,,,,,,,,,,,,,,,,,,,,,,,,,,,,,,,,,,,,,,,,,,,,,,,,,,,,,,,
2007,primary,fillmore,FIL,11,11th District ……………,Buffalo FIL 11,,,0.0,38.0,,26.0,,,,,,,,,,,,,,,,,,,,,,,,,,,,,,,12.0,,,,,,,,,,,,,,,,,,,,,,,,,,,,,,,,,,,,,,,,,,,,,,,,,,,,,,,,,,,,,,,,,,,,
2007,primary,fillmore,FIL,12,12th District ……………,Buffalo FIL 12,,,3.0,57.0,,36.0,,,,,,,,,,,,,,,,,,,,,,,,,,,,,,,18.0,,,,,,,,,,,,,,,,,,,,,,,,,,,,,,,,,,,,,,,,,,,,,,,,,,,,,,,,,,,,,,,,,,,,
2007,primary,fillmore,FIL,13,13th District ……………,Buffalo FIL 13,,,12.0,129.0,,34.0,,,,,,,,,,,,,,,,,,,,,,,,,,,,,,,83.0,,,,,,,,,,,,,,,,,,,,,,,,,,,,,,,,,,,,,,,,,,,,,,,,,,,,,,,,,,,,,,,,,,,,
2007,primary,fillmore,FIL,17,17th District ……………,Buffalo FIL 17,,,7.0,78.0,,63.0,,,,,,,,,,,,,,,,,,,,,,,,,,,,,,,8.0,,,,,,,,,,,,,,,,,,,,,,,,,,,,,,,,,,,,,,,,,,,,,,,,,,,,,,,,,,,,,,,,,,,,
2007,primary,fillmore,FIL,18,18th District ……………,Buffalo FIL 18,,,2.0,52.0,,36.0,,,,,,,,,,,,,,,,,,,,,,,,,,,,,,,14.0,,,,,,,,,,,,,,,,,,,,,,,,,,,,,,,,,,,,,,,,,,,,,,,,,,,,,,,,,,,,,,,,,,,,
2007,primary,fillmore,FIL,23,23rd District ……………,Buffalo FIL 23,,,5.0,90.0,,20.0,,,,,,,,,,,,,,,,,,,,,,,,,,,,,,,65.0,,,,,,,,,,,,,,,,,,,,,,,,,,,,,,,,,,,,,,,,,,,,,,,,,,,,,,,,,,,,,,,,,,,,
2007,primary,fillmore,FIL,24,24th District ……………,Buffalo FIL 24,,,19.0,158.0,,125.0,,,,,,,,,,,,,,,,,,,,,,,,,,,,,,,14.0,,,,,,,,,,,,,,,,,,,,,,,,,,,,,,,,,,,,,,,,,,,,,,,,,,,,,,,,,,,,,,,,,,,,
2007,primary,fillmore,FIL,25,25th District ……………,Buffalo FIL 25,,,2.0,47.0,,18.0,,,,,,,,,,,,,,,,,,,,,,,,,,,,,,,27.0,,,,,,,,,,,,,,,,,,,,,,,,,,,,,,,,,,,,,,,,,,,,,,,,,,,,,,,,,,,,,,,,,,,,
2007,primary,fillmore,FIL,27,27th District ……………,Buffalo FIL 27,,,10.0,127.0,,34.0,,,,,,,,,,,,,,,,,,,,,,,,,,,,,,,83.0,,,,,,,,,,,,,,,,,,,,,,,,,,,,,,,,,,,,,,,,,,,,,,,,,,,,,,,,,,,,,,,,,,,,
2007,primary,fillmore,FIL,31,31st District ……………,Buffalo FIL 31,,,1.0,32.0,,29.0,,,,,,,,,,,,,,,,,,,,,,,,,,,,,,,2.0,,,,,,,,,,,,,,,,,,,,,,,,,,,,,,,,,,,,,,,,,,,,,,,,,,,,,,,,,,,,,,,,,,,,
2007,primary,fillmore,FIL,32,32nd District ……………,Buffalo FIL 32,,,7.0,77.0,,32.0,,,,,,,,,,,,,,,,,,,,,,,,,,,,,,,38.0,,,,,,,,,,,,,,,,,,,,,,,,,,,,,,,,,,,,,,,,,,,,,,,,,,,,,,,,,,,,,,,,,,,,
2007,primary,fillmore,FIL,35,35th District ……………,Buffalo FIL 35,,,12.0,214.0,,75.0,,,,,,,,,,,,,,,,,,,,,,,,,,,,,,,127.0,,,,,,,,,,,,,,,,,,,,,,,,,,,,,,,,,,,,,,,,,,,,,,,,,,,,,,,,,,,,,,,,,,,,
2007,primary,fillmore,FIL,37,37th District ……………,Buffalo FIL 37,,,19.0,144.0,,106.0,,,,,,,,,,,,,,,,,,,,,,,,,,,,,,,19.0,,,,,,,,,,,,,,,,,,,,,,,,,,,,,,,,,,,,,,,,,,,,,,,,,,,,,,,,,,,,,,,,,,,,
2007,primary,fillmore,FIL,40,40th District ……………,Buffalo FIL 40,,,4.0,56.0,,46.0,,,,,,,,,,,,,,,,,,,,,,,,,,,,,,,6.0,,,,,,,,,,,,,,,,,,,,,,,,,,,,,,,,,,,,,,,,,,,,,,,,,,,,,,,,,,,,,,,,,,,,
2007,primary,fillmore,FIL,41,41st District ……………,Buffalo FIL 41,,,11.0,143.0,,119.0,,,,,,,,,,,,,,,,,,,,,,,,,,,,,,,13.0,,,,,,,,,,,,,,,,,,,,,,,,,,,,,,,,,,,,,,,,,,,,,,,,,,,,,,,,,,,,,,,,,,,,
2007,primary,fillmore,FIL,42,42nd District ……………,Buffalo FIL 42,,,7.0,50.0,,12.0,,,,,,,,,,,,,,,,,,,,,,,,,,,,,,,31.0,,,,,,,,,,,,,,,,,,,,,,,,,,,,,,,,,,,,,,,,,,,,,,,,,,,,,,,,,,,,,,,,,,,,
2007,primary,fillmore,FIL,46,46th District ……………,Buffalo FIL 46,,,15.0,58.0,,13.0,,,,,,,,,,,,,,,,,,,,,,,,,,,,,,,30.0,,,,,,,,,,,,,,,,,,,,,,,,,,,,,,,,,,,,,,,,,,,,,,,,,,,,,,,,,,,,,,,,,,,,
2007,primary,masten,MAS,1,1st District ……………,Buffalo MAS 1,,,5.0,144.0,,,,,,,,,,,,,,,,,,,,,,,,106.0,,,,,,,,,,12.0,12.0,9.0,,,,,,,,,,,,,,,,,,,,,,,,,,,,,,,,,,,,,,,,,,,,,,,,,,,,,,,,,,,,,,,,,
2007,primary,masten,MAS,2,2nd District ……………,Buffalo MAS 2,,,4.0,133.0,,,,,,,,,,,,,,,,,,,,,,,,85.0,,,,,,,,,,20.0,15.0,9.0,,,,,,,,,,,,,,,,,,,,,,,,,,,,,,,,,,,,,,,,,,,,,,,,,,,,,,,,,,,,,,,,,
2007,primary,masten,MAS,3,3rd District ……………,Buffalo MAS 3,,,1.0,73.0,,,,,,,,,,,,,,,,,,,,,,,,46.0,,,,,,,,,,13.0,9.0,4.0,,,,,,,,,,,,,,,,,,,,,,,,,,,,,,,,,,,,,,,,,,,,,,,,,,,,,,,,,,,,,,,,,
2007,primary,masten,MAS,4,4th District ……………,Buffalo MAS 4,,,2.0,72.0,,,,,,,,,,,,,,,,,,,,,,,,46.0,,,,,,,,,,6.0,13.0,5.0,,,,,,,,,,,,,,,,,,,,,,,,,,,,,,,,,,,,,,,,,,,,,,,,,,,,,,,,,,,,,,,,,
2007,primary,masten,MAS,6,6th District ……………,Buffalo MAS 6,,,7.0,191.0,,,,,,,,,,,,,,,,,,,,,,,,130.0,,,,,,,,,,34.0,12.0,8.0,,,,,,,,,,,,,,,,,,,,,,,,,,,,,,,,,,,,,,,,,,,,,,,,,,,,,,,,,,,,,,,,,
2007,primary,masten,MAS,7,7th District ……………,Buffalo MAS 7,,,1.0,94.0,,,,,,,,,,,,,,,,,,,,,,,,52.0,,,,,,,,,,20.0,8.0,13.0,,,,,,,,,,,,,,,,,,,,,,,,,,,,,,,,,,,,,,,,,,,,,,,,,,,,,,,,,,,,,,,,,
2007,primary,masten,MAS,8,8th District ……………,Buffalo MAS 8,,,3.0,184.0,,,,,,,,,,,,,,,,,,,,,,,,113.0,,,,,,,,,,31.0,14.0,23.0,,,,,,,,,,,,,,,,,,,,,,,,,,,,,,,,,,,,,,,,,,,,,,,,,,,,,,,,,,,,,,,,,
2007,primary,masten,MAS,9,9th District ……………,Buffalo MAS 9,,,1.0,93.0,,,,,,,,,,,,,,,,,,,,,,,,59.0,,,,,,,,,,16.0,10.0,7.0,,,,,,,,,,,,,,,,,,,,,,,,,,,,,,,,,,,,,,,,,,,,,,,,,,,,,,,,,,,,,,,,,
2007,primary,masten,MAS,10,10th District ……………,Buffalo MAS 10,,,6.0,170.0,,,,,,,,,,,,,,,,,,,,,,,,122.0,,,,,,,,,,16.0,16.0,10.0,,,,,,,,,,,,,,,,,,,,,,,,,,,,,,,,,,,,,,,,,,,,,,,,,,,,,,,,,,,,,,,,,
2007,primary,masten,MAS,12,12th District ……………,Buffalo MAS 12,,,1.0,50.0,,,,,,,,,,,,,,,,,,,,,,,,32.0,,,,,,,,,,11.0,1.0,5.0,,,,,,,,,,,,,,,,,,,,,,,,,,,,,,,,,,,,,,,,,,,,,,,,,,,,,,,,,,,,,,,,,
2007,primary,masten,MAS,13,13th District ……………,Buffalo MAS 13,,,10.0,176.0,,,,,,,,,,,,,,,,,,,,,,,,114.0,,,,,,,,,,25.0,18.0,9.0,,,,,,,,,,,,,,,,,,,,,,,,,,,,,,,,,,,,,,,,,,,,,,,,,,,,,,,,,,,,,,,,,
2007,primary,masten,MAS,15,15th District ……………,Buffalo MAS 15,,,6.0,115.0,,,,,,,,,,,,,,,,,,,,,,,,64.0,,,,,,,,,,16.0,20.0,9.0,,,,,,,,,,,,,,,,,,,,,,,,,,,,,,,,,,,,,,,,,,,,,,,,,,,,,,,,,,,,,,,,,
2007,primary,masten,MAS,16,16th District ……………,Buffalo MAS 16,,,9.0,332.0,,,,,,,,,,,,,,,,,,,,,,,,204.0,,,,,,,,,,59.0,29.0,31.0,,,,,,,,,,,,,,,,,,,,,,,,,,,,,,,,,,,,,,,,,,,,,,,,,,,,,,,,,,,,,,,,,
2007,primary,masten,MAS,17,17th District ……………,Buffalo MAS 17,,,5.0,220.0,,,,,,,,,,,,,,,,,,,,,,,,151.0,,,,,,,,,,24.0,10.0,30.0,,,,,,,,,,,,,,,,,,,,,,,,,,,,,,,,,,,,,,,,,,,,,,,,,,,,,,,,,,,,,,,,,
2007,primary,masten,MAS,19,19th District ……………,Buffalo MAS 19,,,2.0,97.0,,,,,,,,,,,,,,,,,,,,,,,,69.0,,,,,,,,,,11.0,7.0,8.0,,,,,,,,,,,,,,,,,,,,,,,,,,,,,,,,,,,,,,,,,,,,,,,,,,,,,,,,,,,,,,,,,
2007,primary,masten,MAS,21,21st District ……………,Buffalo MAS 21,,,3.0,73.0,,,,,,,,,,,,,,,,,,,,,,,,56.0,,,,,,,,,,7.0,4.0,3.0,,,,,,,,,,,,,,,,,,,,,,,,,,,,,,,,,,,,,,,,,,,,,,,,,,,,,,,,,,,,,,,,,
2007,primary,masten,MAS,22,22nd District ……………,Buffalo MAS 22,,,1.0,87.0,,,,,,,,,,,,,,,,,,,,,,,,54.0,,,,,,,,,,13.0,6.0,13.0,,,,,,,,,,,,,,,,,,,,,,,,,,,,,,,,,,,,,,,,,,,,,,,,,,,,,,,,,,,,,,,,,
2007,primary,masten,MAS,23,23rd District ……………,Buffalo MAS 23,,,3.0,122.0,,,,,,,,,,,,,,,,,,,,,,,,67.0,,,,,,,,,,14.0,21.0,17.0,,,,,,,,,,,,,,,,,,,,,,,,,,,,,,,,,,,,,,,,,,,,,,,,,,,,,,,,,,,,,,,,,
2007,primary,masten,MAS,25,25th District ……………,Buffalo MAS 25,,,3.0,180.0,,,,,,,,,,,,,,,,,,,,,,,,107.0,,,,,,,,,,24.0,12.0,34.0,,,,,,,,,,,,,,,,,,,,,,,,,,,,,,,,,,,,,,,,,,,,,,,,,,,,,,,,,,,,,,,,,
2007,primary,masten,MAS,27,27th District ……………,Buffalo MAS 27,,,4.0,249.0,,,,,,,,,,,,,,,,,,,,,,,,155.0,,,,,,,,,,31.0,24.0,35.0,,,,,,,,,,,,,,,,,,,,,,,,,,,,,,,,,,,,,,,,,,,,,,,,,,,,,,,,,,,,,,,,,
2007,primary,masten,MAS,28,28th District ……………,Buffalo MAS 28,,,8.0,181.0,,,,,,,,,,,,,,,,,,,,,,,,106.0,,,,,,,,,,44.0,12.0,11.0,,,,,,,,,,,,,,,,,,,,,,,,,,,,,,,,,,,,,,,,,,,,,,,,,,,,,,,,,,,,,,,,,
2007,primary,masten,MAS,30,30th District ……………,Buffalo MAS 30,,,0.0,153.0,,,,,,,,,,,,,,,,,,,,,,,,78.0,,,,,,,,,,54.0,8.0,13.0,,,,,,,,,,,,,,,,,,,,,,,,,,,,,,,,,,,,,,,,,,,,,,,,,,,,,,,,,,,,,,,,,
2007,primary,masten,MAS,35,35th District ……………,Buffalo MAS 35,,,0.0,106.0,,,,,,,,,,,,,,,,,,,,,,,,54.0,,,,,,,,,,9.0,15.0,28.0,,,,,,,,,,,,,,,,,,,,,,,,,,,,,,,,,,,,,,,,,,,,,,,,,,,,,,,,,,,,,,,,,
2007,primary,masten,MAS,37,37th District ……………,Buffalo MAS 37,,,3.0,78.0,,,,,,,,,,,,,,,,,,,,,,,,52.0,,,,,,,,,,14.0,3.0,6.0,,,,,,,,,,,,,,,,,,,,,,,,,,,,,,,,,,,,,,,,,,,,,,,,,,,,,,,,,,,,,,,,,
2007,primary,masten,MAS,38,38th District ……………,Buffalo MAS 38,,,3.0,65.0,,,,,,,,,,,,,,,,,,,,,,,,46.0,,,,,,,,,,7.0,5.0,4.0,,,,,,,,,,,,,,,,,,,,,,,,,,,,,,,,,,,,,,,,,,,,,,,,,,,,,,,,,,,,,,,,,
2007,primary,niagara,NIA,1,1st District ……………,Buffalo NIA 1,,,11.0,235.0,,,,,,,,,,,,,,,,,,,,,,,,,120.0,,104.0,,,,,,,,,,,,,,,,,,,,,,,,,,,,,,,,,,,,,,,,,,,,,,,,,,,,,,,,,,,,,,,,,,,,,,,,,,
2007,primary,niagara,NIA,2,2nd District ……………,Buffalo NIA 2,,,16.0,196.0,,,,,,,,,,,,,,,,,,,,,,,,,78.0,,102.0,,,,,,,,,,,,,,,,,,,,,,,,,,,,,,,,,,,,,,,,,,,,,,,,,,,,,,,,,,,,,,,,,,,,,,,,,,
2007,primary,niagara,NIA,3,3rd District ……………,Buffalo NIA 3,,,7.0,196.0,,,,,,,,,,,,,,,,,,,,,,,,,68.0,,121.0,,,,,,,,,,,,,,,,,,,,,,,,,,,,,,,,,,,,,,,,,,,,,,,,,,,,,,,,,,,,,,,,,,,,,,,,,,
2007,primary,niagara,NIA,4,4th District ……………,Buffalo NIA 4,,,0.0,15.0,,,,,,,,,,,,,,,,,,,,,,,,,5.0,,10.0,,,,,,,,,,,,,,,,,,,,,,,,,,,,,,,,,,,,,,,,,,,,,,,,,,,,,,,,,,,,,,,,,,,,,,,,,,
2007,primary,niagara,NIA,5,5th District ……………,Buffalo NIA 5,,,6.0,92.0,,,,,,,,,,,,,,,,,,,,,,,,,38.0,,48.0,,,,,,,,,,,,,,,,,,,,,,,,,,,,,,,,,,,,,,,,,,,,,,,,,,,,,,,,,,,,,,,,,,,,,,,,,,
2007,primary,niagara,NIA,6,6th District ……………,Buffalo NIA 6,,,7.0,166.0,,,,,,,,,,,,,,,,,,,,,,,,,74.0,,85.0,,,,,,,,,,,,,,,,,,,,,,,,,,,,,,,,,,,,,,,,,,,,,,,,,,,,,,,,,,,,,,,,,,,,,,,,,,
2007,primary,niagara,NIA,7,7th District ……………,Buffalo NIA 7,,,6.0,161.0,,,,,,,,,,,,,,,,,,,,,,,,,114.0,,41.0,,,,,,,,,,,,,,,,,,,,,,,,,,,,,,,,,,,,,,,,,,,,,,,,,,,,,,,,,,,,,,,,,,,,,,,,,,
2007,primary,niagara,NIA,8,8th District ……………,Buffalo NIA 8,,,15.0,185.0,,,,,,,,,,,,,,,,,,,,,,,,,81.0,,89.0,,,,,,,,,,,,,,,,,,,,,,,,,,,,,,,,,,,,,,,,,,,,,,,,,,,,,,,,,,,,,,,,,,,,,,,,,,
2007,primary,niagara,NIA,9,9th District ……………,Buffalo NIA 9,,,16.0,124.0,,,,,,,,,,,,,,,,,,,,,,,,,37.0,,71.0,,,,,,,,,,,,,,,,,,,,,,,,,,,,,,,,,,,,,,,,,,,,,,,,,,,,,,,,,,,,,,,,,,,,,,,,,,
2007,primary,niagara,NIA,10,10th District ……………,Buffalo NIA 10,,,6.0,197.0,,,,,,,,,,,,,,,,,,,,,,,,,88.0,,103.0,,,,,,,,,,,,,,,,,,,,,,,,,,,,,,,,,,,,,,,,,,,,,,,,,,,,,,,,,,,,,,,,,,,,,,,,,,
2007,primary,niagara,NIA,11,11th District ……………,Buffalo NIA 11,,,5.0,51.0,,,,,,,,,,,,,,,,,,,,,,,,,28.0,,18.0,,,,,,,,,,,,,,,,,,,,,,,,,,,,,,,,,,,,,,,,,,,,,,,,,,,,,,,,,,,,,,,,,,,,,,,,,,
2007,primary,niagara,NIA,14,14th District ……………,Buffalo NIA 14,,,5.0,195.0,,,,,,,,,,,,,,,,,,,,,,,,,83.0,,107.0,,,,,,,,,,,,,,,,,,,,,,,,,,,,,,,,,,,,,,,,,,,,,,,,,,,,,,,,,,,,,,,,,,,,,,,,,,
2007,primary,niagara,NIA,17,17th District ……………,Buffalo NIA 17,,,9.0,119.0,,,,,,,,,,,,,,,,,,,,,,,,,69.0,,41.0,,,,,,,,,,,,,,,,,,,,,,,,,,,,,,,,,,,,,,,,,,,,,,,,,,,,,,,,,,,,,,,,,,,,,,,,,,
2007,primary,niagara,NIA,20,20th District ……………,Buffalo NIA 20,,,6.0,127.0,,,,,,,,,,,,,,,,,,,,,,,,,55.0,,66.0,,,,,,,,,,,,,,,,,,,,,,,,,,,,,,,,,,,,,,,,,,,,,,,,,,,,,,,,,,,,,,,,,,,,,,,,,,
2007,primary,niagara,NIA,21,21st District ……………,Buffalo NIA 21,,,5.0,224.0,,,,,,,,,,,,,,,,,,,,,,,,,117.0,,102.0,,,,,,,,,,,,,,,,,,,,,,,,,,,,,,,,,,,,,,,,,,,,,,,,,,,,,,,,,,,,,,,,,,,,,,,,,,
2007,primary,niagara,NIA,23,23rd District ……………,Buffalo NIA 23,,,8.0,145.0,,,,,,,,,,,,,,,,,,,,,,,,,99.0,,38.0,,,,,,,,,,,,,,,,,,,,,,,,,,,,,,,,,,,,,,,,,,,,,,,,,,,,,,,,,,,,,,,,,,,,,,,,,,
2007,primary,niagara,NIA,25,25th District ……………,Buffalo NIA 25,,,7.0,187.0,,,,,,,,,,,,,,,,,,,,,,,,,103.0,,77.0,,,,,,,,,,,,,,,,,,,,,,,,,,,,,,,,,,,,,,,,,,,,,,,,,,,,,,,,,,,,,,,,,,,,,,,,,,
2007,primary,niagara,NIA,28,28th District ……………,Buffalo NIA 28,,,8.0,109.0,,,,,,,,,,,,,,,,,,,,,,,,,63.0,,38.0,,,,,,,,,,,,,,,,,,,,,,,,,,,,,,,,,,,,,,,,,,,,,,,,,,,,,,,,,,,,,,,,,,,,,,,,,,
2007,primary,niagara,NIA,29,29th District ……………,Buffalo NIA 29,,,5.0,95.0,,,,,,,,,,,,,,,,,,,,,,,,,37.0,,53.0,,,,,,,,,,,,,,,,,,,,,,,,,,,,,,,,,,,,,,,,,,,,,,,,,,,,,,,,,,,,,,,,,,,,,,,,,,
2007,primary,niagara,NIA,31,31st District ……………,Buffalo NIA 31,,,4.0,80.0,,,,,,,,,,,,,,,,,,,,,,,,,62.0,,14.0,,,,,,,,,,,,,,,,,,,,,,,,,,,,,,,,,,,,,,,,,,,,,,,,,,,,,,,,,,,,,,,,,,,,,,,,,,
2011,general,delaware,DEL,1,1st District ……………,Buffalo DEL 1,,,4.0,6.0,,,,,,,,,,,,,,,,,,,,,,2.0,,,,,,,,,,,,,,,,,,,,,,,,,,,,,,,,,,,,,,,,,,,,,,,,,,,,,,,,,,,,,,,,,,,,,,,,,,,,,,,
2011,general,delaware,DEL,2,2nd District ……………,Buffalo DEL 2,,,45.0,253.0,,,,,,,,,,,,,,,,,,,,,,208.0,,,,,,,,,,,,,,,,,,,,,,,,,,,,,,,,,,,,,,,,,,,,,,,,,,,,,,,,,,,,,,,,,,,,,,,,,,,,,,,
2011,general,delaware,DEL,3,3rd District ……………,Buffalo DEL 3,,,40.0,149.0,,,,,,,,,,,,,,,,,,,,,,109.0,,,,,,,,,,,,,,,,,,,,,,,,,,,,,,,,,,,,,,,,,,,,,,,,,,,,,,,,,,,,,,,,,,,,,,,,,,,,,,,
2011,general,delaware,DEL,4,4th District ……………,Buffalo DEL 4,,,51.0,253.0,,,,,,,,,,,,,,,,,,,,,,202.0,,,,,,,,,,,,,,,,,,,,,,,,,,,,,,,,,,,,,,,,,,,,,,,,,,,,,,,,,,,,,,,,,,,,,,,,,,,,,,,
2011,general,delaware,DEL,5,5th District ……………,Buffalo DEL 5,,,49.0,175.0,,,,,,,,,,,,,,,,,,,,,,126.0,,,,,,,,,,,,,,,,,,,,,,,,,,,,,,,,,,,,,,,,,,,,,,,,,,,,,,,,,,,,,,,,,,,,,,,,,,,,,,,
2011,general,delaware,DEL,6,6th District ……………,Buffalo DEL 6,,,46.0,259.0,,,,,,,,,,,,,,,,,,,,,,213.0,,,,,,,,,,,,,,,,,,,,,,,,,,,,,,,,,,,,,,,,,,,,,,,,,,,,,,,,,,,,,,,,,,,,,,,,,,,,,,,
2011,general,delaware,DEL,7,7th District ……………,Buffalo DEL 7,,,15.0,79.0,,,,,,,,,,,,,,,,,,,,,,64.0,,,,,,,,,,,,,,,,,,,,,,,,,,,,,,,,,,,,,,,,,,,,,,,,,,,,,,,,,,,,,,,,,,,,,,,,,,,,,,,
2011,general,delaware,DEL,8,8th District ……………,Buffalo DEL 8,,,87.0,294.0,,,,,,,,,,,,,,,,,,,,,,207.0,,,,,,,,,,,,,,,,,,,,,,,,,,,,,,,,,,,,,,,,,,,,,,,,,,,,,,,,,,,,,,,,,,,,,,,,,,,,,,,
2011,general,delaware,DEL,9,9th District ……………,Buffalo DEL 9,,,50.0,206.0,,,,,,,,,,,,,,,,,,,,,,156.0,,,,,,,,,,,,,,,,,,,,,,,,,,,,,,,,,,,,,,,,,,,,,,,,,,,,,,,,,,,,,,,,,,,,,,,,,,,,,,,
2011,general,delaware,DEL,10,10th District ……………,Buffalo DEL 10,,,44.0,223.0,,,,,,,,,,,,,,,,,,,,,,179.0,,,,,,,,,,,,,,,,,,,,,,,,,,,,,,,,,,,,,,,,,,,,,,,,,,,,,,,,,,,,,,,,,,,,,,,,,,,,,,,
2011,general,delaware,DEL,11,11th District ……………,Buffalo DEL 11,,,15.0,70.0,,,,,,,,,,,,,,,,,,,,,,55.0,,,,,,,,,,,,,,,,,,,,,,,,,,,,,,,,,,,,,,,,,,,,,,,,,,,,,,,,,,,,,,,,,,,,,,,,,,,,,,,
2011,general,delaware,DEL,12,12th District ……………,Buffalo DEL 12,,,62.0,308.0,,,,,,,,,,,,,,,,,,,,,,246.0,,,,,,,,,,,,,,,,,,,,,,,,,,,,,,,,,,,,,,,,,,,,,,,,,,,,,,,,,,,,,,,,,,,,,,,,,,,,,,,
2011,general,delaware,DEL,13,13th District ……………,Buffalo DEL 13,,,25.0,189.0,,,,,,,,,,,,,,,,,,,,,,164.0,,,,,,,,,,,,,,,,,,,,,,,,,,,,,,,,,,,,,,,,,,,,,,,,,,,,,,,,,,,,,,,,,,,,,,,,,,,,,,,
2011,general,delaware,DEL,14,14th District ……………,Buffalo DEL 14,,,76.0,285.0,,,,,,,,,,,,,,,,,,,,,,209.0,,,,,,,,,,,,,,,,,,,,,,,,,,,,,,,,,,,,,,,,,,,,,,,,,,,,,,,,,,,,,,,,,,,,,,,,,,,,,,,
2011,general,delaware,DEL,15,15th District ……………,Buffalo DEL 15,,,56.0,312.0,,,,,,,,,,,,,,,,,,,,,,256.0,,,,,,,,,,,,,,,,,,,,,,,,,,,,,,,,,,,,,,,,,,,,,,,,,,,,,,,,,,,,,,,,,,,,,,,,,,,,,,,
2011,general,delaware,DEL,16,16th District ……………,Buffalo DEL 16,,,58.0,244.0,,,,,,,,,,,,,,,,,,,,,,186.0,,,,,,,,,,,,,,,,,,,,,,,,,,,,,,,,,,,,,,,,,,,,,,,,,,,,,,,,,,,,,,,,,,,,,,,,,,,,,,,
2011,general,delaware,DEL,17,17th District ……………,Buffalo DEL 17,,,65.0,330.0,,,,,,,,,,,,,,,,,,,,,,265.0,,,,,,,,,,,,,,,,,,,,,,,,,,,,,,,,,,,,,,,,,,,,,,,,,,,,,,,,,,,,,,,,,,,,,,,,,,,,,,,
2011,general,delaware,DEL,18,18th District ……………,Buffalo DEL 18,,,35.0,115.0,,,,,,,,,,,,,,,,,,,,,,80.0,,,,,,,,,,,,,,,,,,,,,,,,,,,,,,,,,,,,,,,,,,,,,,,,,,,,,,,,,,,,,,,,,,,,,,,,,,,,,,,
2011,general,delaware,DEL,19,19th District ……………,Buffalo DEL 19,,,71.0,352.0,,,,,,,,,,,,,,,,,,,,,,281.0,,,,,,,,,,,,,,,,,,,,,,,,,,,,,,,,,,,,,,,,,,,,,,,,,,,,,,,,,,,,,,,,,,,,,,,,,,,,,,,
2011,general,delaware,DEL,20,20th District ……………,Buffalo DEL 20,,,51.0,190.0,,,,,,,,,,,,,,,,,,,,,,139.0,,,,,,,,,,,,,,,,,,,,,,,,,,,,,,,,,,,,,,,,,,,,,,,,,,,,,,,,,,,,,,,,,,,,,,,,,,,,,,,
2011,general,delaware,DEL,21,21st District ……………,Buffalo DEL 21,,,37.0,164.0,,,,,,,,,,,,,,,,,,,,,,127.0,,,,,,,,,,,,,,,,,,,,,,,,,,,,,,,,,,,,,,,,,,,,,,,,,,,,,,,,,,,,,,,,,,,,,,,,,,,,,,,
2011,general,delaware,DEL,22,22nd District ……………,Buffalo DEL 22,,,27.0,194.0,,,,,,,,,,,,,,,,,,,,,,167.0,,,,,,,,,,,,,,,,,,,,,,,,,,,,,,,,,,,,,,,,,,,,,,,,,,,,,,,,,,,,,,,,,,,,,,,,,,,,,,,
2011,general,delaware,DEL,23,23rd District ……………,Buffalo DEL 23,,,28.0,159.0,,,,,,,,,,,,,,,,,,,,,,131.0,,,,,,,,,,,,,,,,,,,,,,,,,,,,,,,,,,,,,,,,,,,,,,,,,,,,,,,,,,,,,,,,,,,,,,,,,,,,,,,
2011,general,delaware,DEL,24,24th District ……………,Buffalo DEL 24,,,54.0,236.0,,,,,,,,,,,,,,,,,,,,,,182.0,,,,,,,,,,,,,,,,,,,,,,,,,,,,,,,,,,,,,,,,,,,,,,,,,,,,,,,,,,,,,,,,,,,,,,,,,,,,,,,
2011,general,delaware,DEL,25,25th District ……………,Buffalo DEL 25,,,44.0,250.0,,,,,,,,,,,,,,,,,,,,,,206.0,,,,,,,,,,,,,,,,,,,,,,,,,,,,,,,,,,,,,,,,,,,,,,,,,,,,,,,,,,,,,,,,,,,,,,,,,,,,,,,
2011,general,delaware,DEL,26,26th District ……………,Buffalo DEL 26,,,115.0,551.0,,,,,,,,,,,,,,,,,,,,,,436.0,,,,,,,,,,,,,,,,,,,,,,,,,,,,,,,,,,,,,,,,,,,,,,,,,,,,,,,,,,,,,,,,,,,,,,,,,,,,,,,
2011,general,delaware,DEL,27,27th District ……………,Buffalo DEL 27,,,54.0,254.0,,,,,,,,,,,,,,,,,,,,,,200.0,,,,,,,,,,,,,,,,,,,,,,,,,,,,,,,,,,,,,,,,,,,,,,,,,,,,,,,,,,,,,,,,,,,,,,,,,,,,,,,
2011,general,delaware,DEL,28,28th District ……………,Buffalo DEL 28,,,18.0,76.0,,,,,,,,,,,,,,,,,,,,,,58.0,,,,,,,,,,,,,,,,,,,,,,,,,,,,,,,,,,,,,,,,,,,,,,,,,,,,,,,,,,,,,,,,,,,,,,,,,,,,,,,
2011,general,delaware,DEL,29,29th District ……………,Buffalo DEL 29,,,117.0,533.0,,,,,,,,,,,,,,,,,,,,,,416.0,,,,,,,,,,,,,,,,,,,,,,,,,,,,,,,,,,,,,,,,,,,,,,,,,,,,,,,,,,,,,,,,,,,,,,,,,,,,,,,
2011,general,delaware,DEL,30,30th District ……………,Buffalo DEL 30,,,73.0,349.0,,,,,,,,,,,,,,,,,,,,,,276.0,,,,,,,,,,,,,,,,,,,,,,,,,,,,,,,,,,,,,,,,,,,,,,,,,,,,,,,,,,,,,,,,,,,,,,,,,,,,,,,
2011,general,delaware,DEL,31,31st District ……………,Buffalo DEL 31,,,22.0,119.0,,,,,,,,,,,,,,,,,,,,,,97.0,,,,,,,,,,,,,,,,,,,,,,,,,,,,,,,,,,,,,,,,,,,,,,,,,,,,,,,,,,,,,,,,,,,,,,,,,,,,,,,
2011,general,delaware,DEL,32,32nd District ……………,Buffalo DEL 32,,,45.0,243.0,,,,,,,,,,,,,,,,,,,,,,198.0,,,,,,,,,,,,,,,,,,,,,,,,,,,,,,,,,,,,,,,,,,,,,,,,,,,,,,,,,,,,,,,,,,,,,,,,,,,,,,,
2011,general,delaware,DEL,33,33rd District ……………,Buffalo DEL 33,,,40.0,194.0,,,,,,,,,,,,,,,,,,,,,,154.0,,,,,,,,,,,,,,,,,,,,,,,,,,,,,,,,,,,,,,,,,,,,,,,,,,,,,,,,,,,,,,,,,,,,,,,,,,,,,,,
2011,general,delaware,DEL,34,34th District ……………,Buffalo DEL 34,,,68.0,239.0,,,,,,,,,,,,,,,,,,,,,,171.0,,,,,,,,,,,,,,,,,,,,,,,,,,,,,,,,,,,,,,,,,,,,,,,,,,,,,,,,,,,,,,,,,,,,,,,,,,,,,,,
2011,general,delaware,DEL,35,35th District ……………,Buffalo DEL 35,,,2.0,22.0,,,,,,,,,,,,,,,,,,,,,,20.0,,,,,,,,,,,,,,,,,,,,,,,,,,,,,,,,,,,,,,,,,,,,,,,,,,,,,,,,,,,,,,,,,,,,,,,,,,,,,,,
2011,general,delaware,DEL,36,36th District ……………,Buffalo DEL 36,,,106.0,392.0,,,,,,,,,,,,,,,,,,,,,,286.0,,,,,,,,,,,,,,,,,,,,,,,,,,,,,,,,,,,,,,,,,,,,,,,,,,,,,,,,,,,,,,,,,,,,,,,,,,,,,,,
2011,general,ellicott,ELL,1,1st District ……………,Buffalo ELL 1,,,21.0,72.0,,,,,,,,,,,,,,,,,,,,,,,,,,,,,,,,,,,,,51.0,,,,,,,,,,,,,,,,,,,,,,,,,,,,,,,,,,,,,,,,,,,,,,,,,,,,,,,,,,,,,,,,
2011,general,ellicott,ELL,2,2nd District ……………,Buffalo ELL 2,,,14.0,81.0,,,,,,,,,,,,,,,,,,,,,,,,,,,,,,,,,,,,,67.0,,,,,,,,,,,,,,,,,,,,,,,,,,,,,,,,,,,,,,,,,,,,,,,,,,,,,,,,,,,,,,,,
2011,general,ellicott,ELL,3,3rd District ……………,Buffalo ELL 3,,,6.0,99.0,,,,,,,,,,,,,,,,,,,,,,,,,,,,,,,,,,,,,93.0,,,,,,,,,,,,,,,,,,,,,,,,,,,,,,,,,,,,,,,,,,,,,,,,,,,,,,,,,,,,,,,,
2011,general,ellicott,ELL,4,4th District ……………,Buffalo ELL 4,,,13.0,113.0,,,,,,,,,,,,,,,,,,,,,,,,,,,,,,,,,,,,,100.0,,,,,,,,,,,,,,,,,,,,,,,,,,,,,,,,,,,,,,,,,,,,,,,,,,,,,,,,,,,,,,,,
2011,general,ellicott,ELL,5,5th District ……………,Buffalo ELL 5,,,38.0,139.0,,,,,,,,,,,,,,,,,,,,,,,,,,,,,,,,,,,,,101.0,,,,,,,,,,,,,,,,,,,,,,,,,,,,,,,,,,,,,,,,,,,,,,,,,,,,,,,,,,,,,,,,
2011,general,ellicott,ELL,6,6th District ……………,Buffalo ELL 6,,,6.0,87.0,,,,,,,,,,,,,,,,,,,,,,,,,,,,,,,,,,,,,81.0,,,,,,,,,,,,,,,,,,,,,,,,,,,,,,,,,,,,,,,,,,,,,,,,,,,,,,,,,,,,,,,,
2011,general,ellicott,ELL,7,7th District ……………,Buffalo ELL 7,,,31.0,127.0,,,,,,,,,,,,,,,,,,,,,,,,,,,,,,,,,,,,,96.0,,,,,,,,,,,,,,,,,,,,,,,,,,,,,,,,,,,,,,,,,,,,,,,,,,,,,,,,,,,,,,,,
2011,general,ellicott,ELL,8,8th District ……………,Buffalo ELL 8,,,47.0,172.0,,,,,,,,,,,,,,,,,,,,,,,,,,,,,,,,,,,,,125.0,,,,,,,,,,,,,,,,,,,,,,,,,,,,,,,,,,,,,,,,,,,,,,,,,,,,,,,,,,,,,,,,
2011,general,ellicott,ELL,9,9th District ……………,Buffalo ELL 9,,,9.0,31.0,,,,,,,,,,,,,,,,,,,,,,,,,,,,,,,,,,,,,22.0,,,,,,,,,,,,,,,,,,,,,,,,,,,,,,,,,,,,,,,,,,,,,,,,,,,,,,,,,,,,,,,,
2011,general,ellicott,ELL,10,10th District ……………,Buffalo ELL 10,,,0.0,0.0,,,,,,,,,,,,,,,,,,,,,,,,,,,,,,,,,,,,,0.0,,,,,,,,,,,,,,,,,,,,,,,,,,,,,,,,,,,,,,,,,,,,,,,,,,,,,,,,,,,,,,,,
2011,general,ellicott,ELL,11,11th District ……………,Buffalo ELL 11,,,58.0,209.0,,,,,,,,,,,,,,,,,,,,,,,,,,,,,,,,,,,,,151.0,,,,,,,,,,,,,,,,,,,,,,,,,,,,,,,,,,,,,,,,,,,,,,,,,,,,,,,,,,,,,,,,
2011,general,ellicott,ELL,12,12th District ……………,Buffalo ELL 12,,,1.0,13.0,,,,,,,,,,,,,,,,,,,,,,,,,,,,,,,,,,,,,12.0,,,,,,,,,,,,,,,,,,,,,,,,,,,,,,,,,,,,,,,,,,,,,,,,,,,,,,,,,,,,,,,,
2011,general,ellicott,ELL,13,13th District ……………,Buffalo ELL 13,,,5.0,11.0,,,,,,,,,,,,,,,,,,,,,,,,,,,,,,,,,,,,,6.0,,,,,,,,,,,,,,,,,,,,,,,,,,,,,,,,,,,,,,,,,,,,,,,,,,,,,,,,,,,,,,,,
2011,general,ellicott,ELL,14,14th District ……………,Buffalo ELL 14,,,22.0,190.0,,,,,,,,,,,,,,,,,,,,,,,,,,,,,,,,,,,,,168.0,,,,,,,,,,,,,,,,,,,,,,,,,,,,,,,,,,,,,,,,,,,,,,,,,,,,,,,,,,,,,,,,
2011,general,ellicott,ELL,15,15th District ……………,Buffalo ELL 15,,,16.0,183.0,,,,,,,,,,,,,,,,,,,,,,,,,,,,,,,,,,,,,167.0,,,,,,,,,,,,,,,,,,,,,,,,,,,,,,,,,,,,,,,,,,,,,,,,,,,,,,,,,,,,,,,,
2011,general,ellicott,ELL,16,16th District ……………,Buffalo ELL 16,,,24.0,198.0,,,,,,,,,,,,,,,,,,,,,,,,,,,,,,,,,,,,,174.0,,,,,,,,,,,,,,,,,,,,,,,,,,,,,,,,,,,,,,,,,,,,,,,,,,,,,,,,,,,,,,,,
2011,general,ellicott,ELL,17,17th District ……………,Buffalo ELL 17,,,11.0,61.0,,,,,,,,,,,,,,,,,,,,,,,,,,,,,,,,,,,,,50.0,,,,,,,,,,,,,,,,,,,,,,,,,,,,,,,,,,,,,,,,,,,,,,,,,,,,,,,,,,,,,,,,
2011,general,ellicott,ELL,18,18th District ……………,Buffalo ELL 18,,,31.0,266.0,,,,,,,,,,,,,,,,,,,,,,,,,,,,,,,,,,,,,235.0,,,,,,,,,,,,,,,,,,,,,,,,,,,,,,,,,,,,,,,,,,,,,,,,,,,,,,,,,,,,,,,,
2011,general,ellicott,ELL,19,19th District ……………,Buffalo ELL 19,,,6.0,84.0,,,,,,,,,,,,,,,,,,,,,,,,,,,,,,,,,,,,,78.0,,,,,,,,,,,,,,,,,,,,,,,,,,,,,,,,,,,,,,,,,,,,,,,,,,,,,,,,,,,,,,,,
2011,general,ellicott,ELL,20,20th District ……………,Buffalo ELL 20,,,4.0,76.0,,,,,,,,,,,,,,,,,,,,,,,,,,,,,,,,,,,,,72.0,,,,,,,,,,,,,,,,,,,,,,,,,,,,,,,,,,,,,,,,,,,,,,,,,,,,,,,,,,,,,,,,
2011,general,ellicott,ELL,21,21st District ……………,Buffalo ELL 21,,,13.0,31.0,,,,,,,,,,,,,,,,,,,,,,,,,,,,,,,,,,,,,18.0,,,,,,,,,,,,,,,,,,,,,,,,,,,,,,,,,,,,,,,,,,,,,,,,,,,,,,,,,,,,,,,,
2011,general,ellicott,ELL,22,22nd District ……………,Buffalo ELL 22,,,8.0,24.0,,,,,,,,,,,,,,,,,,,,,,,,,,,,,,,,,,,,,16.0,,,,,,,,,,,,,,,,,,,,,,,,,,,,,,,,,,,,,,,,,,,,,,,,,,,,,,,,,,,,,,,,
2011,general,ellicott,ELL,23,23rd District ……………,Buffalo ELL 23,,,1.0,95.0,,,,,,,,,,,,,,,,,,,,,,,,,,,,,,,,,,,,,94.0,,,,,,,,,,,,,,,,,,,,,,,,,,,,,,,,,,,,,,,,,,,,,,,,,,,,,,,,,,,,,,,,
2011,general,ellicott,ELL,24,24th District ……………,Buffalo ELL 24,,,13.0,185.0,,,,,,,,,,,,,,,,,,,,,,,,,,,,,,,,,,,,,172.0,,,,,,,,,,,,,,,,,,,,,,,,,,,,,,,,,,,,,,,,,,,,,,,,,,,,,,,,,,,,,,,,
2011,general,ellicott,ELL,25,25th District ……………,Buffalo ELL 25,,,19.0,157.0,,,,,,,,,,,,,,,,,,,,,,,,,,,,,,,,,,,,,138.0,,,,,,,,,,,,,,,,,,,,,,,,,,,,,,,,,,,,,,,,,,,,,,,,,,,,,,,,,,,,,,,,
2011,general,ellicott,ELL,26,26th District ……………,Buffalo ELL 26,,,2.0,49.0,,,,,,,,,,,,,,,,,,,,,,,,,,,,,,,,,,,,,47.0,,,,,,,,,,,,,,,,,,,,,,,,,,,,,,,,,,,,,,,,,,,,,,,,,,,,,,,,,,,,,,,,
2011,general,ellicott,ELL,27,27th District ……………,Buffalo ELL 27,,,18.0,202.0,,,,,,,,,,,,,,,,,,,,,,,,,,,,,,,,,,,,,184.0,,,,,,,,,,,,,,,,,,,,,,,,,,,,,,,,,,,,,,,,,,,,,,,,,,,,,,,,,,,,,,,,
2011,general,ellicott,ELL,28,28th District ……………,Buffalo ELL 28,,,31.0,79.0,,,,,,,,,,,,,,,,,,,,,,,,,,,,,,,,,,,,,48.0,,,,,,,,,,,,,,,,,,,,,,,,,,,,,,,,,,,,,,,,,,,,,,,,,,,,,,,,,,,,,,,,
2011,general,ellicott,ELL,29,29th District ……………,Buffalo ELL 29,,,4.0,10.0,,,,,,,,,,,,,,,,,,,,,,,,,,,,,,,,,,,,,6.0,,,,,,,,,,,,,,,,,,,,,,,,,,,,,,,,,,,,,,,,,,,,,,,,,,,,,,,,,,,,,,,,
2011,general,ellicott,ELL,30,30th District ……………,Buffalo ELL 30,,,11.0,200.0,,,,,,,,,,,,,,,,,,,,,,,,,,,,,,,,,,,,,189.0,,,,,,,,,,,,,,,,,,,,,,,,,,,,,,,,,,,,,,,,,,,,,,,,,,,,,,,,,,,,,,,,
2011,general,ellicott,ELL,31,31st District ……………,Buffalo ELL 31,,,8.0,103.0,,,,,,,,,,,,,,,,,,,,,,,,,,,,,,,,,,,,,95.0,,,,,,,,,,,,,,,,,,,,,,,,,,,,,,,,,,,,,,,,,,,,,,,,,,,,,,,,,,,,,,,,
2011,general,ellicott,ELL,32,32nd District ……………,Buffalo ELL 32,,,13.0,88.0,,,,,,,,,,,,,,,,,,,,,,,,,,,,,,,,,,,,,75.0,,,,,,,,,,,,,,,,,,,,,,,,,,,,,,,,,,,,,,,,,,,,,,,,,,,,,,,,,,,,,,,,
2011,general,ellicott,ELL,33,33rd District ……………,Buffalo ELL 33,,,7.0,101.0,,,,,,,,,,,,,,,,,,,,,,,,,,,,,,,,,,,,,94.0,,,,,,,,,,,,,,,,,,,,,,,,,,,,,,,,,,,,,,,,,,,,,,,,,,,,,,,,,,,,,,,,
2011,general,ellicott,ELL,34,34th District ……………,Buffalo ELL 34,,,4.0,67.0,,,,,,,,,,,,,,,,,,,,,,,,,,,,,,,,,,,,,63.0,,,,,,,,,,,,,,,,,,,,,,,,,,,,,,,,,,,,,,,,,,,,,,,,,,,,,,,,,,,,,,,,
2011,general,ellicott,ELL,35,35th District ……………,Buffalo ELL 35,,,17.0,65.0,,,,,,,,,,,,,,,,,,,,,,,,,,,,,,,,,,,,,48.0,,,,,,,,,,,,,,,,,,,,,,,,,,,,,,,,,,,,,,,,,,,,,,,,,,,,,,,,,,,,,,,,
2011,general,ellicott,ELL,36,36th District ……………,Buffalo ELL 36,,,0.0,1.0,,,,,,,,,,,,,,,,,,,,,,,,,,,,,,,,,,,,,1.0,,,,,,,,,,,,,,,,,,,,,,,,,,,,,,,,,,,,,,,,,,,,,,,,,,,,,,,,,,,,,,,,
2011,general,ellicott,ELL,37,37th District ……………,Buffalo ELL 37,,,0.0,0.0,,,,,,,,,,,,,,,,,,,,,,,,,,,,,,,,,,,,,0.0,,,,,,,,,,,,,,,,,,,,,,,,,,,,,,,,,,,,,,,,,,,,,,,,,,,,,,,,,,,,,,,,
2011,general,ellicott,ELL,38,38th District ……………,Buffalo ELL 38,,,11.0,105.0,,,,,,,,,,,,,,,,,,,,,,,,,,,,,,,,,,,,,94.0,,,,,,,,,,,,,,,,,,,,,,,,,,,,,,,,,,,,,,,,,,,,,,,,,,,,,,,,,,,,,,,,
2011,general,ellicott,ELL,39,39th District ……………,Buffalo ELL 39,,,6.0,147.0,,,,,,,,,,,,,,,,,,,,,,,,,,,,,,,,,,,,,141.0,,,,,,,,,,,,,,,,,,,,,,,,,,,,,,,,,,,,,,,,,,,,,,,,,,,,,,,,,,,,,,,,
2011,general,ellicott,ELL,40,40th District ……………,Buffalo ELL 40,,,12.0,167.0,,,,,,,,,,,,,,,,,,,,,,,,,,,,,,,,,,,,,155.0,,,,,,,,,,,,,,,,,,,,,,,,,,,,,,,,,,,,,,,,,,,,,,,,,,,,,,,,,,,,,,,,
2011,general,ellicott,ELL,41,41st District ……………,Buffalo ELL 41,,,2.0,11.0,,,,,,,,,,,,,,,,,,,,,,,,,,,,,,,,,,,,,9.0,,,,,,,,,,,,,,,,,,,,,,,,,,,,,,,,,,,,,,,,,,,,,,,,,,,,,,,,,,,,,,,,
2011,general,ellicott,ELL,42,42nd District...............,Buffalo ELL 42,,,10.0,33.0,,,,,,,,,,,,,,,,,,,,,,,,,,,,,,,,,,,,,23.0,,,,,,,,,,,,,,,,,,,,,,,,,,,,,,,,,,,,,,,,,,,,,,,,,,,,,,,,,,,,,,,,
2011,general,ellicott,ELL,43,43rd District................,Buffalo ELL 43,,,32.0,96.0,,,,,,,,,,,,,,,,,,,,,,,,,,,,,,,,,,,,,64.0,,,,,,,,,,,,,,,,,,,,,,,,,,,,,,,,,,,,,,,,,,,,,,,,,,,,,,,,,,,,,,,,
2011,general,ellicott,ELL,44,44th District................,Buffalo ELL 44,,,63.0,374.0,,,,,,,,,,,,,,,,,,,,,,,,,,,,,,,,,,,,,311.0,,,,,,,,,,,,,,,,,,,,,,,,,,,,,,,,,,,,,,,,,,,,,,,,,,,,,,,,,,,,,,,,
2011,general,ellicott,ELL,45,45th District................,Buffalo ELL 45,,,1.0,5.0,,,,,,,,,,,,,,,,,,,,,,,,,,,,,,,,,,,,,4.0,,,,,,,,,,,,,,,,,,,,,,,,,,,,,,,,,,,,,,,,,,,,,,,,,,,,,,,,,,,,,,,,
2011,general,ellicott,ELL,46,46th District................,Buffalo ELL 46,,,40.0,153.0,,,,,,,,,,,,,,,,,,,,,,,,,,,,,,,,,,,,,113.0,,,,,,,,,,,,,,,,,,,,,,,,,,,,,,,,,,,,,,,,,,,,,,,,,,,,,,,,,,,,,,,,
2011,general,ellicott,ELL,47,47th District.................,Buffalo ELL 47,,,0.0,0.0,,,,,,,,,,,,,,,,,,,,,,,,,,,,,,,,,,,,,0.0,,,,,,,,,,,,,,,,,,,,,,,,,,,,,,,,,,,,,,,,,,,,,,,,,,,,,,,,,,,,,,,,
2011,general,fillmore,FIL,1,1st District ……………,Buffalo FIL 1,,,3.0,21.0,,18.0,,,,,,,,,,,,,,,,,,,,,,,,,,,,,,,0.0,,,,,,,,,,,,,,,,,,,,,,,,,,,,,,,,,,,,,,,,,,,,,,,,,,,,,,,,,,,,,,,,,,,,
2011,general,fillmore,FIL,2,2nd District ……………,Buffalo FIL 2,,,10.0,38.0,,27.0,,,,,,,,,,,,,,,,,,,,,,,,,,,,,,,1.0,,,,,,,,,,,,,,,,,,,,,,,,,,,,,,,,,,,,,,,,,,,,,,,,,,,,,,,,,,,,,,,,,,,,
2011,general,fillmore,FIL,3,3rd District ……………,Buffalo FIL 3,,,3.0,31.0,,28.0,,,,,,,,,,,,,,,,,,,,,,,,,,,,,,,0.0,,,,,,,,,,,,,,,,,,,,,,,,,,,,,,,,,,,,,,,,,,,,,,,,,,,,,,,,,,,,,,,,,,,,
2011,general,fillmore,FIL,4,4th District ……………,Buffalo FIL 4,,,14.0,53.0,,39.0,,,,,,,,,,,,,,,,,,,,,,,,,,,,,,,0.0,,,,,,,,,,,,,,,,,,,,,,,,,,,,,,,,,,,,,,,,,,,,,,,,,,,,,,,,,,,,,,,,,,,,
2011,general,fillmore,FIL,5,5th District ……………,Buffalo FIL 5,,,1.0,3.0,,2.0,,,,,,,,,,,,,,,,,,,,,,,,,,,,,,,0.0,,,,,,,,,,,,,,,,,,,,,,,,,,,,,,,,,,,,,,,,,,,,,,,,,,,,,,,,,,,,,,,,,,,,
2011,general,fillmore,FIL,6,6th District ……………,Buffalo FIL 6,,,10.0,71.0,,57.0,,,,,,,,,,,,,,,,,,,,,,,,,,,,,,,4.0,,,,,,,,,,,,,,,,,,,,,,,,,,,,,,,,,,,,,,,,,,,,,,,,,,,,,,,,,,,,,,,,,,,,
2011,general,fillmore,FIL,7,7th District ……………,Buffalo FIL 7,,,4.0,58.0,,54.0,,,,,,,,,,,,,,,,,,,,,,,,,,,,,,,0.0,,,,,,,,,,,,,,,,,,,,,,,,,,,,,,,,,,,,,,,,,,,,,,,,,,,,,,,,,,,,,,,,,,,,
2011,general,fillmore,FIL,8,8th District ……………,Buffalo FIL 8,,,4.0,27.0,,23.0,,,,,,,,,,,,,,,,,,,,,,,,,,,,,,,0.0,,,,,,,,,,,,,,,,,,,,,,,,,,,,,,,,,,,,,,,,,,,,,,,,,,,,,,,,,,,,,,,,,,,,
2011,general,fillmore,FIL,9,9th District ……………,Buffalo FIL 9,,,7.0,67.0,,60.0,,,,,,,,,,,,,,,,,,,,,,,,,,,,,,,0.0,,,,,,,,,,,,,,,,,,,,,,,,,,,,,,,,,,,,,,,,,,,,,,,,,,,,,,,,,,,,,,,,,,,,
2011,general,fillmore,FIL,10,10th District ……………,Buffalo FIL 10,,,9.0,63.0,,48.0,,,,,,,,,,,,,,,,,,,,,,,,,,,,,,,6.0,,,,,,,,,,,,,,,,,,,,,,,,,,,,,,,,,,,,,,,,,,,,,,,,,,,,,,,,,,,,,,,,,,,,
2011,general,fillmore,FIL,11,11th District ……………,Buffalo FIL 11,,,5.0,49.0,,44.0,,,,,,,,,,,,,,,,,,,,,,,,,,,,,,,0.0,,,,,,,,,,,,,,,,,,,,,,,,,,,,,,,,,,,,,,,,,,,,,,,,,,,,,,,,,,,,,,,,,,,,
2011,general,fillmore,FIL,12,12th District ……………,Buffalo FIL 12,,,11.0,70.0,,59.0,,,,,,,,,,,,,,,,,,,,,,,,,,,,,,,0.0,,,,,,,,,,,,,,,,,,,,,,,,,,,,,,,,,,,,,,,,,,,,,,,,,,,,,,,,,,,,,,,,,,,,
2011,general,fillmore,FIL,13,13th District ……………,Buffalo FIL 13,,,43.0,154.0,,101.0,,,,,,,,,,,,,,,,,,,,,,,,,,,,,,,10.0,,,,,,,,,,,,,,,,,,,,,,,,,,,,,,,,,,,,,,,,,,,,,,,,,,,,,,,,,,,,,,,,,,,,
2011,general,fillmore,FIL,14,14th District ……………,Buffalo FIL 14,,,5.0,27.0,,22.0,,,,,,,,,,,,,,,,,,,,,,,,,,,,,,,0.0,,,,,,,,,,,,,,,,,,,,,,,,,,,,,,,,,,,,,,,,,,,,,,,,,,,,,,,,,,,,,,,,,,,,
2011,general,fillmore,FIL,15,15th District ……………,Buffalo FIL 15,,,0.0,1.0,,1.0,,,,,,,,,,,,,,,,,,,,,,,,,,,,,,,0.0,,,,,,,,,,,,,,,,,,,,,,,,,,,,,,,,,,,,,,,,,,,,,,,,,,,,,,,,,,,,,,,,,,,,
2011,general,fillmore,FIL,16,16th District ……………,Buffalo FIL 16,,,14.0,41.0,,27.0,,,,,,,,,,,,,,,,,,,,,,,,,,,,,,,0.0,,,,,,,,,,,,,,,,,,,,,,,,,,,,,,,,,,,,,,,,,,,,,,,,,,,,,,,,,,,,,,,,,,,,
2011,general,fillmore,FIL,17,17th District ……………,Buffalo FIL 17,,,13.0,123.0,,110.0,,,,,,,,,,,,,,,,,,,,,,,,,,,,,,,0.0,,,,,,,,,,,,,,,,,,,,,,,,,,,,,,,,,,,,,,,,,,,,,,,,,,,,,,,,,,,,,,,,,,,,
2011,general,fillmore,FIL,18,18th District ……………,Buffalo FIL 18,,,7.0,53.0,,44.0,,,,,,,,,,,,,,,,,,,,,,,,,,,,,,,2.0,,,,,,,,,,,,,,,,,,,,,,,,,,,,,,,,,,,,,,,,,,,,,,,,,,,,,,,,,,,,,,,,,,,,
2011,general,fillmore,FIL,19,19th District ……………,Buffalo FIL 19,,,12.0,59.0,,45.0,,,,,,,,,,,,,,,,,,,,,,,,,,,,,,,2.0,,,,,,,,,,,,,,,,,,,,,,,,,,,,,,,,,,,,,,,,,,,,,,,,,,,,,,,,,,,,,,,,,,,,
2011,general,fillmore,FIL,20,20th District ……………,Buffalo FIL 20,,,19.0,66.0,,39.0,,,,,,,,,,,,,,,,,,,,,,,,,,,,,,,8.0,,,,,,,,,,,,,,,,,,,,,,,,,,,,,,,,,,,,,,,,,,,,,,,,,,,,,,,,,,,,,,,,,,,,
2011,general,fillmore,FIL,21,21st District ……………,Buffalo FIL 21,,,0.0,38.0,,38.0,,,,,,,,,,,,,,,,,,,,,,,,,,,,,,,0.0,,,,,,,,,,,,,,,,,,,,,,,,,,,,,,,,,,,,,,,,,,,,,,,,,,,,,,,,,,,,,,,,,,,,
2011,general,fillmore,FIL,22,22nd District ……………,Buffalo FIL 22,,,4.0,37.0,,33.0,,,,,,,,,,,,,,,,,,,,,,,,,,,,,,,0.0,,,,,,,,,,,,,,,,,,,,,,,,,,,,,,,,,,,,,,,,,,,,,,,,,,,,,,,,,,,,,,,,,,,,
2011,general,fillmore,FIL,23,23rd District ……………,Buffalo FIL 23,,,23.0,59.0,,33.0,,,,,,,,,,,,,,,,,,,,,,,,,,,,,,,3.0,,,,,,,,,,,,,,,,,,,,,,,,,,,,,,,,,,,,,,,,,,,,,,,,,,,,,,,,,,,,,,,,,,,,
2011,general,fillmore,FIL,24,24th District ……………,Buffalo FIL 24,,,62.0,392.0,,328.0,,,,,,,,,,,,,,,,,,,,,,,,,,,,,,,2.0,,,,,,,,,,,,,,,,,,,,,,,,,,,,,,,,,,,,,,,,,,,,,,,,,,,,,,,,,,,,,,,,,,,,
2011,general,fillmore,FIL,25,25th District ……………,Buffalo FIL 25,,,22.0,70.0,,47.0,,,,,,,,,,,,,,,,,,,,,,,,,,,,,,,1.0,,,,,,,,,,,,,,,,,,,,,,,,,,,,,,,,,,,,,,,,,,,,,,,,,,,,,,,,,,,,,,,,,,,,
2011,general,fillmore,FIL,26,26th District ……………,Buffalo FIL 26,,,7.0,33.0,,26.0,,,,,,,,,,,,,,,,,,,,,,,,,,,,,,,0.0,,,,,,,,,,,,,,,,,,,,,,,,,,,,,,,,,,,,,,,,,,,,,,,,,,,,,,,,,,,,,,,,,,,,
2011,general,fillmore,FIL,27,27th District ……………,Buffalo FIL 27,,,39.0,150.0,,104.0,,,,,,,,,,,,,,,,,,,,,,,,,,,,,,,7.0,,,,,,,,,,,,,,,,,,,,,,,,,,,,,,,,,,,,,,,,,,,,,,,,,,,,,,,,,,,,,,,,,,,,
2011,general,fillmore,FIL,28,28th District ……………,Buffalo FIL 28,,,0.0,1.0,,1.0,,,,,,,,,,,,,,,,,,,,,,,,,,,,,,,0.0,,,,,,,,,,,,,,,,,,,,,,,,,,,,,,,,,,,,,,,,,,,,,,,,,,,,,,,,,,,,,,,,,,,,
2011,general,fillmore,FIL,29,29th District ……………,Buffalo FIL 29,,,0.0,1.0,,1.0,,,,,,,,,,,,,,,,,,,,,,,,,,,,,,,0.0,,,,,,,,,,,,,,,,,,,,,,,,,,,,,,,,,,,,,,,,,,,,,,,,,,,,,,,,,,,,,,,,,,,,
2011,general,fillmore,FIL,30,30th District ……………,Buffalo FIL 30,,,0.0,6.0,,6.0,,,,,,,,,,,,,,,,,,,,,,,,,,,,,,,0.0,,,,,,,,,,,,,,,,,,,,,,,,,,,,,,,,,,,,,,,,,,,,,,,,,,,,,,,,,,,,,,,,,,,,
2011,general,fillmore,FIL,31,31st District ……………,Buffalo FIL 31,,,6.0,55.0,,49.0,,,,,,,,,,,,,,,,,,,,,,,,,,,,,,,0.0,,,,,,,,,,,,,,,,,,,,,,,,,,,,,,,,,,,,,,,,,,,,,,,,,,,,,,,,,,,,,,,,,,,,
2011,general,fillmore,FIL,32,32nd District ……………,Buffalo FIL 32,,,5.0,59.0,,53.0,,,,,,,,,,,,,,,,,,,,,,,,,,,,,,,1.0,,,,,,,,,,,,,,,,,,,,,,,,,,,,,,,,,,,,,,,,,,,,,,,,,,,,,,,,,,,,,,,,,,,,
2011,general,fillmore,FIL,33,33rd District ……………,Buffalo FIL 33,,,2.0,13.0,,11.0,,,,,,,,,,,,,,,,,,,,,,,,,,,,,,,0.0,,,,,,,,,,,,,,,,,,,,,,,,,,,,,,,,,,,,,,,,,,,,,,,,,,,,,,,,,,,,,,,,,,,,
2011,general,fillmore,FIL,34,34th District ……………,Buffalo FIL 34,,,10.0,65.0,,52.0,,,,,,,,,,,,,,,,,,,,,,,,,,,,,,,3.0,,,,,,,,,,,,,,,,,,,,,,,,,,,,,,,,,,,,,,,,,,,,,,,,,,,,,,,,,,,,,,,,,,,,
2011,general,fillmore,FIL,35,35th District ……………,Buffalo FIL 35,,,39.0,115.0,,70.0,,,,,,,,,,,,,,,,,,,,,,,,,,,,,,,6.0,,,,,,,,,,,,,,,,,,,,,,,,,,,,,,,,,,,,,,,,,,,,,,,,,,,,,,,,,,,,,,,,,,,,
2011,general,fillmore,FIL,36,36th District ……………,Buffalo FIL 36,,,0.0,0.0,,0.0,,,,,,,,,,,,,,,,,,,,,,,,,,,,,,,0.0,,,,,,,,,,,,,,,,,,,,,,,,,,,,,,,,,,,,,,,,,,,,,,,,,,,,,,,,,,,,,,,,,,,,
2011,general,fillmore,FIL,37,37th District ……………,Buffalo FIL 37,,,50.0,254.0,,204.0,,,,,,,,,,,,,,,,,,,,,,,,,,,,,,,0.0,,,,,,,,,,,,,,,,,,,,,,,,,,,,,,,,,,,,,,,,,,,,,,,,,,,,,,,,,,,,,,,,,,,,
2011,general,fillmore,FIL,38,38th District ……………,Buffalo FIL 38,,,19.0,75.0,,50.0,,,,,,,,,,,,,,,,,,,,,,,,,,,,,,,6.0,,,,,,,,,,,,,,,,,,,,,,,,,,,,,,,,,,,,,,,,,,,,,,,,,,,,,,,,,,,,,,,,,,,,
2011,general,fillmore,FIL,39,39th District ……………,Buffalo FIL 39,,,27.0,88.0,,59.0,,,,,,,,,,,,,,,,,,,,,,,,,,,,,,,2.0,,,,,,,,,,,,,,,,,,,,,,,,,,,,,,,,,,,,,,,,,,,,,,,,,,,,,,,,,,,,,,,,,,,,
2011,general,fillmore,FIL,40,40th District ……………,Buffalo FIL 40,,,8.0,79.0,,71.0,,,,,,,,,,,,,,,,,,,,,,,,,,,,,,,0.0,,,,,,,,,,,,,,,,,,,,,,,,,,,,,,,,,,,,,,,,,,,,,,,,,,,,,,,,,,,,,,,,,,,,
2011,general,fillmore,FIL,41,41st District ……………,Buffalo FIL 41,,,6.0,39.0,,33.0,,,,,,,,,,,,,,,,,,,,,,,,,,,,,,,0.0,,,,,,,,,,,,,,,,,,,,,,,,,,,,,,,,,,,,,,,,,,,,,,,,,,,,,,,,,,,,,,,,,,,,
2011,general,fillmore,FIL,42,42nd District ……………,Buffalo FIL 42,,,19.0,72.0,,47.0,,,,,,,,,,,,,,,,,,,,,,,,,,,,,,,6.0,,,,,,,,,,,,,,,,,,,,,,,,,,,,,,,,,,,,,,,,,,,,,,,,,,,,,,,,,,,,,,,,,,,,
2011,general,fillmore,FIL,43,43rd District ……………,Buffalo FIL 43,,,26.0,100.0,,71.0,,,,,,,,,,,,,,,,,,,,,,,,,,,,,,,3.0,,,,,,,,,,,,,,,,,,,,,,,,,,,,,,,,,,,,,,,,,,,,,,,,,,,,,,,,,,,,,,,,,,,,
2011,general,fillmore,FIL,44,44th District ……………,Buffalo FIL 44,,,26.0,173.0,,147.0,,,,,,,,,,,,,,,,,,,,,,,,,,,,,,,0.0,,,,,,,,,,,,,,,,,,,,,,,,,,,,,,,,,,,,,,,,,,,,,,,,,,,,,,,,,,,,,,,,,,,,
2011,general,fillmore,FIL,45,45th District ……………,Buffalo FIL 45,,,0.0,3.0,,3.0,,,,,,,,,,,,,,,,,,,,,,,,,,,,,,,0.0,,,,,,,,,,,,,,,,,,,,,,,,,,,,,,,,,,,,,,,,,,,,,,,,,,,,,,,,,,,,,,,,,,,,
2011,general,fillmore,FIL,46,46th District ……………,Buffalo FIL 46,,,24.0,141.0,,114.0,,,,,,,,,,,,,,,,,,,,,,,,,,,,,,,3.0,,,,,,,,,,,,,,,,,,,,,,,,,,,,,,,,,,,,,,,,,,,,,,,,,,,,,,,,,,,,,,,,,,,,
2011,general,fillmore,FIL,47,47th District................,Buffalo FIL 47,,,6.0,68.0,,62.0,,,,,,,,,,,,,,,,,,,,,,,,,,,,,,,0.0,,,,,,,,,,,,,,,,,,,,,,,,,,,,,,,,,,,,,,,,,,,,,,,,,,,,,,,,,,,,,,,,,,,,
2011,general,fillmore,FIL,48,48th District................,Buffalo FIL 48,,,32.0,154.0,,122.0,,,,,,,,,,,,,,,,,,,,,,,,,,,,,,,0.0,,,,,,,,,,,,,,,,,,,,,,,,,,,,,,,,,,,,,,,,,,,,,,,,,,,,,,,,,,,,,,,,,,,,
2011,general,fillmore,FIL,49,49th District................,Buffalo FIL 49,,,24.0,168.0,,144.0,,,,,,,,,,,,,,,,,,,,,,,,,,,,,,,0.0,,,,,,,,,,,,,,,,,,,,,,,,,,,,,,,,,,,,,,,,,,,,,,,,,,,,,,,,,,,,,,,,,,,,
2011,general,fillmore,FIL,50,50th District................,Buffalo FIL 50,,,22.0,124.0,,101.0,,,,,,,,,,,,,,,,,,,,,,,,,,,,,,,1.0,,,,,,,,,,,,,,,,,,,,,,,,,,,,,,,,,,,,,,,,,,,,,,,,,,,,,,,,,,,,,,,,,,,,
2011,general,fillmore,FIL,51,51st District.................,Buffalo FIL 51,,,25.0,152.0,,125.0,,,,,,,,,,,,,,,,,,,,,,,,,,,,,,,2.0,,,,,,,,,,,,,,,,,,,,,,,,,,,,,,,,,,,,,,,,,,,,,,,,,,,,,,,,,,,,,,,,,,,,
2011,general,fillmore,FIL,52,52nd District................,Buffalo FIL 52,,,0.0,1.0,,1.0,,,,,,,,,,,,,,,,,,,,,,,,,,,,,,,0.0,,,,,,,,,,,,,,,,,,,,,,,,,,,,,,,,,,,,,,,,,,,,,,,,,,,,,,,,,,,,,,,,,,,,
2011,general,fillmore,FIL,53,53rd District.................,Buffalo FIL 53,,,6.0,28.0,,22.0,,,,,,,,,,,,,,,,,,,,,,,,,,,,,,,0.0,,,,,,,,,,,,,,,,,,,,,,,,,,,,,,,,,,,,,,,,,,,,,,,,,,,,,,,,,,,,,,,,,,,,
2011,general,fillmore,FIL,54,54th District.................,Buffalo FIL 54,,,4.0,15.0,,11.0,,,,,,,,,,,,,,,,,,,,,,,,,,,,,,,0.0,,,,,,,,,,,,,,,,,,,,,,,,,,,,,,,,,,,,,,,,,,,,,,,,,,,,,,,,,,,,,,,,,,,,
2011,general,fillmore,FIL,55,55th District.................,Buffalo FIL 55,,,6.0,60.0,,54.0,,,,,,,,,,,,,,,,,,,,,,,,,,,,,,,0.0,,,,,,,,,,,,,,,,,,,,,,,,,,,,,,,,,,,,,,,,,,,,,,,,,,,,,,,,,,,,,,,,,,,,
2011,general,fillmore,FIL,56,56th District.................,Buffalo FIL 56,,,23.0,131.0,,108.0,,,,,,,,,,,,,,,,,,,,,,,,,,,,,,,0.0,,,,,,,,,,,,,,,,,,,,,,,,,,,,,,,,,,,,,,,,,,,,,,,,,,,,,,,,,,,,,,,,,,,,
2011,general,fillmore,FIL,57,57th District................,Buffalo FIL 57,,,14.0,83.0,,69.0,,,,,,,,,,,,,,,,,,,,,,,,,,,,,,,0.0,,,,,,,,,,,,,,,,,,,,,,,,,,,,,,,,,,,,,,,,,,,,,,,,,,,,,,,,,,,,,,,,,,,,
2011,general,fillmore,FIL,58,58th District................,Buffalo FIL 58,,,15.0,65.0,,49.0,,,,,,,,,,,,,,,,,,,,,,,,,,,,,,,1.0,,,,,,,,,,,,,,,,,,,,,,,,,,,,,,,,,,,,,,,,,,,,,,,,,,,,,,,,,,,,,,,,,,,,
2011,general,lovejoy,LOV,1,1st District ……………,Buffalo LOV 1,,,6.0,44.0,,,,,5.0,,,,,,,,,,,,,,,,,,,,,,,,,,,,,,,,,33.0,,,,,,,,,,,,,,,,,,,,,,,,,,,,,,,,,,,,,,,,,,,,,,,,,,,,,,,,,,,,,,,
2011,general,lovejoy,LOV,2,2nd District ……………,Buffalo LOV 2,,,34.0,273.0,,,,,53.0,,,,,,,,,,,,,,,,,,,,,,,,,,,,,,,,,186.0,,,,,,,,,,,,,,,,,,,,,,,,,,,,,,,,,,,,,,,,,,,,,,,,,,,,,,,,,,,,,,,
2011,general,lovejoy,LOV,3,3rd District ……………,Buffalo LOV 3,,,28.0,233.0,,,,,40.0,,,,,,,,,,,,,,,,,,,,,,,,,,,,,,,,,165.0,,,,,,,,,,,,,,,,,,,,,,,,,,,,,,,,,,,,,,,,,,,,,,,,,,,,,,,,,,,,,,,
2011,general,lovejoy,LOV,4,4th District ……………,Buffalo LOV 4,,,19.0,123.0,,,,,8.0,,,,,,,,,,,,,,,,,,,,,,,,,,,,,,,,,96.0,,,,,,,,,,,,,,,,,,,,,,,,,,,,,,,,,,,,,,,,,,,,,,,,,,,,,,,,,,,,,,,
2011,general,lovejoy,LOV,5,5th District ……………,Buffalo LOV 5,,,14.0,111.0,,,,,32.0,,,,,,,,,,,,,,,,,,,,,,,,,,,,,,,,,65.0,,,,,,,,,,,,,,,,,,,,,,,,,,,,,,,,,,,,,,,,,,,,,,,,,,,,,,,,,,,,,,,
2011,general,lovejoy,LOV,6,6th District ……………,Buffalo LOV 6,,,11.0,193.0,,,,,39.0,,,,,,,,,,,,,,,,,,,,,,,,,,,,,,,,,143.0,,,,,,,,,,,,,,,,,,,,,,,,,,,,,,,,,,,,,,,,,,,,,,,,,,,,,,,,,,,,,,,
2011,general,lovejoy,LOV,7,7th District ……………,Buffalo LOV 7,,,18.0,149.0,,,,,37.0,,,,,,,,,,,,,,,,,,,,,,,,,,,,,,,,,94.0,,,,,,,,,,,,,,,,,,,,,,,,,,,,,,,,,,,,,,,,,,,,,,,,,,,,,,,,,,,,,,,
2011,general,lovejoy,LOV,8,8th District ……………,Buffalo LOV 8,,,25.0,254.0,,,,,56.0,,,,,,,,,,,,,,,,,,,,,,,,,,,,,,,,,173.0,,,,,,,,,,,,,,,,,,,,,,,,,,,,,,,,,,,,,,,,,,,,,,,,,,,,,,,,,,,,,,,
2011,general,lovejoy,LOV,9,9th District ……………,Buffalo LOV 9,,,6.0,104.0,,,,,24.0,,,,,,,,,,,,,,,,,,,,,,,,,,,,,,,,,74.0,,,,,,,,,,,,,,,,,,,,,,,,,,,,,,,,,,,,,,,,,,,,,,,,,,,,,,,,,,,,,,,
2011,general,lovejoy,LOV,10,10th District ……………,Buffalo LOV 10,,,9.0,76.0,,,,,10.0,,,,,,,,,,,,,,,,,,,,,,,,,,,,,,,,,57.0,,,,,,,,,,,,,,,,,,,,,,,,,,,,,,,,,,,,,,,,,,,,,,,,,,,,,,,,,,,,,,,
2011,general,lovejoy,LOV,11,11th District ……………,Buffalo LOV 11,,,6.0,92.0,,,,,18.0,,,,,,,,,,,,,,,,,,,,,,,,,,,,,,,,,68.0,,,,,,,,,,,,,,,,,,,,,,,,,,,,,,,,,,,,,,,,,,,,,,,,,,,,,,,,,,,,,,,
2011,general,lovejoy,LOV,12,12th District ……………,Buffalo LOV 12,,,43.0,258.0,,,,,41.0,,,,,,,,,,,,,,,,,,,,,,,,,,,,,,,,,174.0,,,,,,,,,,,,,,,,,,,,,,,,,,,,,,,,,,,,,,,,,,,,,,,,,,,,,,,,,,,,,,,
2011,general,lovejoy,LOV,13,13th District ……………,Buffalo LOV 13,,,5.0,113.0,,,,,23.0,,,,,,,,,,,,,,,,,,,,,,,,,,,,,,,,,85.0,,,,,,,,,,,,,,,,,,,,,,,,,,,,,,,,,,,,,,,,,,,,,,,,,,,,,,,,,,,,,,,
2011,general,lovejoy,LOV,14,14th District ……………,Buffalo LOV 14,,,23.0,121.0,,,,,2.0,,,,,,,,,,,,,,,,,,,,,,,,,,,,,,,,,96.0,,,,,,,,,,,,,,,,,,,,,,,,,,,,,,,,,,,,,,,,,,,,,,,,,,,,,,,,,,,,,,,
2011,general,lovejoy,LOV,15,15th District ……………,Buffalo LOV 15,,,33.0,262.0,,,,,46.0,,,,,,,,,,,,,,,,,,,,,,,,,,,,,,,,,183.0,,,,,,,,,,,,,,,,,,,,,,,,,,,,,,,,,,,,,,,,,,,,,,,,,,,,,,,,,,,,,,,
2011,general,lovejoy,LOV,16,16th District ……………,Buffalo LOV 16,,,16.0,93.0,,,,,2.0,,,,,,,,,,,,,,,,,,,,,,,,,,,,,,,,,75.0,,,,,,,,,,,,,,,,,,,,,,,,,,,,,,,,,,,,,,,,,,,,,,,,,,,,,,,,,,,,,,,
2011,general,lovejoy,LOV,17,17th District ……………,Buffalo LOV 17,,,34.0,163.0,,,,,4.0,,,,,,,,,,,,,,,,,,,,,,,,,,,,,,,,,125.0,,,,,,,,,,,,,,,,,,,,,,,,,,,,,,,,,,,,,,,,,,,,,,,,,,,,,,,,,,,,,,,
2011,general,lovejoy,LOV,18,18th District ……………,Buffalo LOV 18,,,11.0,69.0,,,,,11.0,,,,,,,,,,,,,,,,,,,,,,,,,,,,,,,,,47.0,,,,,,,,,,,,,,,,,,,,,,,,,,,,,,,,,,,,,,,,,,,,,,,,,,,,,,,,,,,,,,,
2011,general,lovejoy,LOV,19,19th District ……………,Buffalo LOV 19,,,13.0,137.0,,,,,12.0,,,,,,,,,,,,,,,,,,,,,,,,,,,,,,,,,112.0,,,,,,,,,,,,,,,,,,,,,,,,,,,,,,,,,,,,,,,,,,,,,,,,,,,,,,,,,,,,,,,
2011,general,lovejoy,LOV,20,20th District ……………,Buffalo LOV 20,,,9.0,58.0,,,,,8.0,,,,,,,,,,,,,,,,,,,,,,,,,,,,,,,,,41.0,,,,,,,,,,,,,,,,,,,,,,,,,,,,,,,,,,,,,,,,,,,,,,,,,,,,,,,,,,,,,,,
2011,general,lovejoy,LOV,21,21st District ……………,Buffalo LOV 21,,,1.0,9.0,,,,,0.0,,,,,,,,,,,,,,,,,,,,,,,,,,,,,,,,,8.0,,,,,,,,,,,,,,,,,,,,,,,,,,,,,,,,,,,,,,,,,,,,,,,,,,,,,,,,,,,,,,,
2011,general,lovejoy,LOV,22,22nd District ……………,Buffalo LOV 22,,,13.0,102.0,,,,,10.0,,,,,,,,,,,,,,,,,,,,,,,,,,,,,,,,,79.0,,,,,,,,,,,,,,,,,,,,,,,,,,,,,,,,,,,,,,,,,,,,,,,,,,,,,,,,,,,,,,,
2011,general,lovejoy,LOV,23,23rd District ……………,Buffalo LOV 23,,,18.0,109.0,,,,,11.0,,,,,,,,,,,,,,,,,,,,,,,,,,,,,,,,,80.0,,,,,,,,,,,,,,,,,,,,,,,,,,,,,,,,,,,,,,,,,,,,,,,,,,,,,,,,,,,,,,,
2011,general,lovejoy,LOV,24,24th District ……………,Buffalo LOV 24,,,9.0,116.0,,,,,13.0,,,,,,,,,,,,,,,,,,,,,,,,,,,,,,,,,94.0,,,,,,,,,,,,,,,,,,,,,,,,,,,,,,,,,,,,,,,,,,,,,,,,,,,,,,,,,,,,,,,
2011,general,lovejoy,LOV,25,25th District ……………,Buffalo LOV 25,,,9.0,82.0,,,,,14.0,,,,,,,,,,,,,,,,,,,,,,,,,,,,,,,,,59.0,,,,,,,,,,,,,,,,,,,,,,,,,,,,,,,,,,,,,,,,,,,,,,,,,,,,,,,,,,,,,,,
2011,general,lovejoy,LOV,26,26th District ……………,Buffalo LOV 26,,,7.0,47.0,,,,,3.0,,,,,,,,,,,,,,,,,,,,,,,,,,,,,,,,,37.0,,,,,,,,,,,,,,,,,,,,,,,,,,,,,,,,,,,,,,,,,,,,,,,,,,,,,,,,,,,,,,,
2011,general,lovejoy,LOV,27,27th District ……………,Buffalo LOV 27,,,23.0,222.0,,,,,16.0,,,,,,,,,,,,,,,,,,,,,,,,,,,,,,,,,183.0,,,,,,,,,,,,,,,,,,,,,,,,,,,,,,,,,,,,,,,,,,,,,,,,,,,,,,,,,,,,,,,
2011,general,lovejoy,LOV,28,28th District ……………,Buffalo LOV 28,,,18.0,201.0,,,,,38.0,,,,,,,,,,,,,,,,,,,,,,,,,,,,,,,,,145.0,,,,,,,,,,,,,,,,,,,,,,,,,,,,,,,,,,,,,,,,,,,,,,,,,,,,,,,,,,,,,,,
2011,general,lovejoy,LOV,29,29th District ……………,Buffalo LOV 29,,,16.0,128.0,,,,,9.0,,,,,,,,,,,,,,,,,,,,,,,,,,,,,,,,,103.0,,,,,,,,,,,,,,,,,,,,,,,,,,,,,,,,,,,,,,,,,,,,,,,,,,,,,,,,,,,,,,,
2011,general,lovejoy,LOV,30,30th District ……………,Buffalo LOV 30,,,1.0,6.0,,,,,0.0,,,,,,,,,,,,,,,,,,,,,,,,,,,,,,,,,5.0,,,,,,,,,,,,,,,,,,,,,,,,,,,,,,,,,,,,,,,,,,,,,,,,,,,,,,,,,,,,,,,
2011,general,lovejoy,LOV,31,31st District.................,Buffalo LOV 31,,,0.0,0.0,,,,,0.0,,,,,,,,,,,,,,,,,,,,,,,,,,,,,,,,,0.0,,,,,,,,,,,,,,,,,,,,,,,,,,,,,,,,,,,,,,,,,,,,,,,,,,,,,,,,,,,,,,,
2011,general,masten,MAS,1,1st District ……………,Buffalo MAS 1,,,23.0,240.0,,,,,,,,,,,,,,,,,,,,,,,,217.0,,,,,,,,,,,,,,,,,,,,,,,,,,,,,,,,,,,,,,,,,,,,,,,,,,,,,,,,,,,,,,,,,,,,,,,,,,,,,
2011,general,masten,MAS,2,2nd District ……………,Buffalo MAS 2,,,5.0,26.0,,,,,,,,,,,,,,,,,,,,,,,,21.0,,,,,,,,,,,,,,,,,,,,,,,,,,,,,,,,,,,,,,,,,,,,,,,,,,,,,,,,,,,,,,,,,,,,,,,,,,,,,
2011,general,masten,MAS,3,3rd District ……………,Buffalo MAS 3,,,7.0,45.0,,,,,,,,,,,,,,,,,,,,,,,,38.0,,,,,,,,,,,,,,,,,,,,,,,,,,,,,,,,,,,,,,,,,,,,,,,,,,,,,,,,,,,,,,,,,,,,,,,,,,,,,
2011,general,masten,MAS,4,4th District ……………,Buffalo MAS 4,,,34.0,263.0,,,,,,,,,,,,,,,,,,,,,,,,229.0,,,,,,,,,,,,,,,,,,,,,,,,,,,,,,,,,,,,,,,,,,,,,,,,,,,,,,,,,,,,,,,,,,,,,,,,,,,,,
2011,general,masten,MAS,5,5th District ……………,Buffalo MAS 5,,,13.0,103.0,,,,,,,,,,,,,,,,,,,,,,,,90.0,,,,,,,,,,,,,,,,,,,,,,,,,,,,,,,,,,,,,,,,,,,,,,,,,,,,,,,,,,,,,,,,,,,,,,,,,,,,,
2011,general,masten,MAS,6,6th District ……………,Buffalo MAS 6,,,9.0,55.0,,,,,,,,,,,,,,,,,,,,,,,,46.0,,,,,,,,,,,,,,,,,,,,,,,,,,,,,,,,,,,,,,,,,,,,,,,,,,,,,,,,,,,,,,,,,,,,,,,,,,,,,
2011,general,masten,MAS,7,7th District ……………,Buffalo MAS 7,,,10.0,92.0,,,,,,,,,,,,,,,,,,,,,,,,82.0,,,,,,,,,,,,,,,,,,,,,,,,,,,,,,,,,,,,,,,,,,,,,,,,,,,,,,,,,,,,,,,,,,,,,,,,,,,,,
2011,general,masten,MAS,8,8th District ……………,Buffalo MAS 8,,,22.0,212.0,,,,,,,,,,,,,,,,,,,,,,,,190.0,,,,,,,,,,,,,,,,,,,,,,,,,,,,,,,,,,,,,,,,,,,,,,,,,,,,,,,,,,,,,,,,,,,,,,,,,,,,,
2011,general,masten,MAS,9,9th District ……………,Buffalo MAS 9,,,6.0,57.0,,,,,,,,,,,,,,,,,,,,,,,,51.0,,,,,,,,,,,,,,,,,,,,,,,,,,,,,,,,,,,,,,,,,,,,,,,,,,,,,,,,,,,,,,,,,,,,,,,,,,,,,
2011,general,masten,MAS,10,10th District ……………,Buffalo MAS 10,,,9.0,126.0,,,,,,,,,,,,,,,,,,,,,,,,117.0,,,,,,,,,,,,,,,,,,,,,,,,,,,,,,,,,,,,,,,,,,,,,,,,,,,,,,,,,,,,,,,,,,,,,,,,,,,,,
2011,general,masten,MAS,11,11th District ……………,Buffalo MAS 11,,,14.0,104.0,,,,,,,,,,,,,,,,,,,,,,,,90.0,,,,,,,,,,,,,,,,,,,,,,,,,,,,,,,,,,,,,,,,,,,,,,,,,,,,,,,,,,,,,,,,,,,,,,,,,,,,,
2011,general,masten,MAS,12,12th District ……………,Buffalo MAS 12,,,3.0,54.0,,,,,,,,,,,,,,,,,,,,,,,,51.0,,,,,,,,,,,,,,,,,,,,,,,,,,,,,,,,,,,,,,,,,,,,,,,,,,,,,,,,,,,,,,,,,,,,,,,,,,,,,
2011,general,masten,MAS,13,13th District ……………,Buffalo MAS 13,,,19.0,154.0,,,,,,,,,,,,,,,,,,,,,,,,135.0,,,,,,,,,,,,,,,,,,,,,,,,,,,,,,,,,,,,,,,,,,,,,,,,,,,,,,,,,,,,,,,,,,,,,,,,,,,,,
2011,general,masten,MAS,14,14th District ……………,Buffalo MAS 14,,,7.0,91.0,,,,,,,,,,,,,,,,,,,,,,,,84.0,,,,,,,,,,,,,,,,,,,,,,,,,,,,,,,,,,,,,,,,,,,,,,,,,,,,,,,,,,,,,,,,,,,,,,,,,,,,,
2011,general,masten,MAS,15,15th District ……………,Buffalo MAS 15,,,9.0,87.0,,,,,,,,,,,,,,,,,,,,,,,,78.0,,,,,,,,,,,,,,,,,,,,,,,,,,,,,,,,,,,,,,,,,,,,,,,,,,,,,,,,,,,,,,,,,,,,,,,,,,,,,
2011,general,masten,MAS,16,16th District ……………,Buffalo MAS 16,,,8.0,140.0,,,,,,,,,,,,,,,,,,,,,,,,132.0,,,,,,,,,,,,,,,,,,,,,,,,,,,,,,,,,,,,,,,,,,,,,,,,,,,,,,,,,,,,,,,,,,,,,,,,,,,,,
2011,general,masten,MAS,17,17th District ……………,Buffalo MAS 17,,,26.0,178.0,,,,,,,,,,,,,,,,,,,,,,,,152.0,,,,,,,,,,,,,,,,,,,,,,,,,,,,,,,,,,,,,,,,,,,,,,,,,,,,,,,,,,,,,,,,,,,,,,,,,,,,,
2011,general,masten,MAS,18,18th District ……………,Buffalo MAS 18,,,5.0,160.0,,,,,,,,,,,,,,,,,,,,,,,,155.0,,,,,,,,,,,,,,,,,,,,,,,,,,,,,,,,,,,,,,,,,,,,,,,,,,,,,,,,,,,,,,,,,,,,,,,,,,,,,
2011,general,masten,MAS,19,19th District ……………,Buffalo MAS 19,,,13.0,95.0,,,,,,,,,,,,,,,,,,,,,,,,82.0,,,,,,,,,,,,,,,,,,,,,,,,,,,,,,,,,,,,,,,,,,,,,,,,,,,,,,,,,,,,,,,,,,,,,,,,,,,,,
2011,general,masten,MAS,20,20th District ……………,Buffalo MAS 20,,,8.0,144.0,,,,,,,,,,,,,,,,,,,,,,,,136.0,,,,,,,,,,,,,,,,,,,,,,,,,,,,,,,,,,,,,,,,,,,,,,,,,,,,,,,,,,,,,,,,,,,,,,,,,,,,,
2011,general,masten,MAS,21,21st District ……………,Buffalo MAS 21,,,16.0,146.0,,,,,,,,,,,,,,,,,,,,,,,,130.0,,,,,,,,,,,,,,,,,,,,,,,,,,,,,,,,,,,,,,,,,,,,,,,,,,,,,,,,,,,,,,,,,,,,,,,,,,,,,
2011,general,masten,MAS,22,22nd District ……………,Buffalo MAS 22,,,14.0,139.0,,,,,,,,,,,,,,,,,,,,,,,,125.0,,,,,,,,,,,,,,,,,,,,,,,,,,,,,,,,,,,,,,,,,,,,,,,,,,,,,,,,,,,,,,,,,,,,,,,,,,,,,
2011,general,masten,MAS,23,23rd District ……………,Buffalo MAS 23,,,3.0,20.0,,,,,,,,,,,,,,,,,,,,,,,,17.0,,,,,,,,,,,,,,,,,,,,,,,,,,,,,,,,,,,,,,,,,,,,,,,,,,,,,,,,,,,,,,,,,,,,,,,,,,,,,
2011,general,masten,MAS,24,24th District ……………,Buffalo MAS 24,,,15.0,77.0,,,,,,,,,,,,,,,,,,,,,,,,62.0,,,,,,,,,,,,,,,,,,,,,,,,,,,,,,,,,,,,,,,,,,,,,,,,,,,,,,,,,,,,,,,,,,,,,,,,,,,,,
2011,general,masten,MAS,25,25th District ……………,Buffalo MAS 25,,,11.0,133.0,,,,,,,,,,,,,,,,,,,,,,,,122.0,,,,,,,,,,,,,,,,,,,,,,,,,,,,,,,,,,,,,,,,,,,,,,,,,,,,,,,,,,,,,,,,,,,,,,,,,,,,,
2011,general,masten,MAS,26,26th District ……………,Buffalo MAS 26,,,16.0,153.0,,,,,,,,,,,,,,,,,,,,,,,,137.0,,,,,,,,,,,,,,,,,,,,,,,,,,,,,,,,,,,,,,,,,,,,,,,,,,,,,,,,,,,,,,,,,,,,,,,,,,,,,
2011,general,masten,MAS,27,27th District ……………,Buffalo MAS 27,,,26.0,243.0,,,,,,,,,,,,,,,,,,,,,,,,217.0,,,,,,,,,,,,,,,,,,,,,,,,,,,,,,,,,,,,,,,,,,,,,,,,,,,,,,,,,,,,,,,,,,,,,,,,,,,,,
2011,general,masten,MAS,28,28th District ……………,Buffalo MAS 28,,,18.0,121.0,,,,,,,,,,,,,,,,,,,,,,,,103.0,,,,,,,,,,,,,,,,,,,,,,,,,,,,,,,,,,,,,,,,,,,,,,,,,,,,,,,,,,,,,,,,,,,,,,,,,,,,,
2011,general,masten,MAS,29,29th District ……………,Buffalo MAS 29,,,15.0,106.0,,,,,,,,,,,,,,,,,,,,,,,,91.0,,,,,,,,,,,,,,,,,,,,,,,,,,,,,,,,,,,,,,,,,,,,,,,,,,,,,,,,,,,,,,,,,,,,,,,,,,,,,
2011,general,masten,MAS,30,30th District ……………,Buffalo MAS 30,,,7.0,81.0,,,,,,,,,,,,,,,,,,,,,,,,74.0,,,,,,,,,,,,,,,,,,,,,,,,,,,,,,,,,,,,,,,,,,,,,,,,,,,,,,,,,,,,,,,,,,,,,,,,,,,,,
2011,general,masten,MAS,31,31st District ……………,Buffalo MAS 31,,,11.0,100.0,,,,,,,,,,,,,,,,,,,,,,,,89.0,,,,,,,,,,,,,,,,,,,,,,,,,,,,,,,,,,,,,,,,,,,,,,,,,,,,,,,,,,,,,,,,,,,,,,,,,,,,,
2011,general,masten,MAS,32,32nd District ……………,Buffalo MAS 32,,,6.0,104.0,,,,,,,,,,,,,,,,,,,,,,,,98.0,,,,,,,,,,,,,,,,,,,,,,,,,,,,,,,,,,,,,,,,,,,,,,,,,,,,,,,,,,,,,,,,,,,,,,,,,,,,,
2011,general,masten,MAS,33,33rd District ……………,Buffalo MAS 33,,,3.0,123.0,,,,,,,,,,,,,,,,,,,,,,,,120.0,,,,,,,,,,,,,,,,,,,,,,,,,,,,,,,,,,,,,,,,,,,,,,,,,,,,,,,,,,,,,,,,,,,,,,,,,,,,,
2011,general,masten,MAS,34,34th District ……………,Buffalo MAS 34,,,13.0,113.0,,,,,,,,,,,,,,,,,,,,,,,,100.0,,,,,,,,,,,,,,,,,,,,,,,,,,,,,,,,,,,,,,,,,,,,,,,,,,,,,,,,,,,,,,,,,,,,,,,,,,,,,
2011,general,masten,MAS,35,35th District ……………,Buffalo MAS 35,,,7.0,113.0,,,,,,,,,,,,,,,,,,,,,,,,106.0,,,,,,,,,,,,,,,,,,,,,,,,,,,,,,,,,,,,,,,,,,,,,,,,,,,,,,,,,,,,,,,,,,,,,,,,,,,,,
2011,general,masten,MAS,36,36th District ……………,Buffalo MAS 36,,,15.0,191.0,,,,,,,,,,,,,,,,,,,,,,,,176.0,,,,,,,,,,,,,,,,,,,,,,,,,,,,,,,,,,,,,,,,,,,,,,,,,,,,,,,,,,,,,,,,,,,,,,,,,,,,,
2011,general,masten,MAS,37,37th District ……………,Buffalo MAS 37,,,6.0,102.0,,,,,,,,,,,,,,,,,,,,,,,,96.0,,,,,,,,,,,,,,,,,,,,,,,,,,,,,,,,,,,,,,,,,,,,,,,,,,,,,,,,,,,,,,,,,,,,,,,,,,,,,
2011,general,masten,MAS,38,38th District ……………,Buffalo MAS 38,,,13.0,93.0,,,,,,,,,,,,,,,,,,,,,,,,80.0,,,,,,,,,,,,,,,,,,,,,,,,,,,,,,,,,,,,,,,,,,,,,,,,,,,,,,,,,,,,,,,,,,,,,,,,,,,,,
2011,general,masten,MAS,39,39th District ……………,Buffalo MAS 39,,,14.0,128.0,,,,,,,,,,,,,,,,,,,,,,,,114.0,,,,,,,,,,,,,,,,,,,,,,,,,,,,,,,,,,,,,,,,,,,,,,,,,,,,,,,,,,,,,,,,,,,,,,,,,,,,,
2011,general,masten,MAS,40,40th District ……………,Buffalo MAS 40,,,2.0,14.0,,,,,,,,,,,,,,,,,,,,,,,,12.0,,,,,,,,,,,,,,,,,,,,,,,,,,,,,,,,,,,,,,,,,,,,,,,,,,,,,,,,,,,,,,,,,,,,,,,,,,,,,
2011,general,masten,MAS,41,41st District ……………,Buffalo MAS 41,,,28.0,154.0,,,,,,,,,,,,,,,,,,,,,,,,126.0,,,,,,,,,,,,,,,,,,,,,,,,,,,,,,,,,,,,,,,,,,,,,,,,,,,,,,,,,,,,,,,,,,,,,,,,,,,,,
2011,general,masten,MAS,42,42nd District..............,Buffalo MAS 42,,,30.0,88.0,,,,,,,,,,,,,,,,,,,,,,,,58.0,,,,,,,,,,,,,,,,,,,,,,,,,,,,,,,,,,,,,,,,,,,,,,,,,,,,,,,,,,,,,,,,,,,,,,,,,,,,,
2011,general,masten,MAS,43,43rd District................,Buffalo MAS 43,,,0.0,17.0,,,,,,,,,,,,,,,,,,,,,,,,17.0,,,,,,,,,,,,,,,,,,,,,,,,,,,,,,,,,,,,,,,,,,,,,,,,,,,,,,,,,,,,,,,,,,,,,,,,,,,,,
2011,general,niagara,NIA,1,1st District ……………,Buffalo NIA 1,,,38.0,274.0,,,,,,,,,,,,,,,,,,,,,,,,,236.0,,,,,,,,,,,,,,,,,,,,,,,,,,,,,,,,,,,,,,,,,,,,,,,,,,,,,,,,,,,,,,,,,,,,,,,,,,,,
2011,general,niagara,NIA,2,2nd District ……………,Buffalo NIA 2,,,10.0,56.0,,,,,,,,,,,,,,,,,,,,,,,,,46.0,,,,,,,,,,,,,,,,,,,,,,,,,,,,,,,,,,,,,,,,,,,,,,,,,,,,,,,,,,,,,,,,,,,,,,,,,,,,
2011,general,niagara,NIA,3,3rd District ……………,Buffalo NIA 3,,,40.0,223.0,,,,,,,,,,,,,,,,,,,,,,,,,183.0,,,,,,,,,,,,,,,,,,,,,,,,,,,,,,,,,,,,,,,,,,,,,,,,,,,,,,,,,,,,,,,,,,,,,,,,,,,,
2011,general,niagara,NIA,4,4th District ……………,Buffalo NIA 4,,,16.0,64.0,,,,,,,,,,,,,,,,,,,,,,,,,48.0,,,,,,,,,,,,,,,,,,,,,,,,,,,,,,,,,,,,,,,,,,,,,,,,,,,,,,,,,,,,,,,,,,,,,,,,,,,,
2011,general,niagara,NIA,5,5th District ……………,Buffalo NIA 5,,,23.0,207.0,,,,,,,,,,,,,,,,,,,,,,,,,184.0,,,,,,,,,,,,,,,,,,,,,,,,,,,,,,,,,,,,,,,,,,,,,,,,,,,,,,,,,,,,,,,,,,,,,,,,,,,,
2011,general,niagara,NIA,6,6th District ……………,Buffalo NIA 6,,,33.0,245.0,,,,,,,,,,,,,,,,,,,,,,,,,212.0,,,,,,,,,,,,,,,,,,,,,,,,,,,,,,,,,,,,,,,,,,,,,,,,,,,,,,,,,,,,,,,,,,,,,,,,,,,,
2011,general,niagara,NIA,7,7th District ……………,Buffalo NIA 7,,,31.0,170.0,,,,,,,,,,,,,,,,,,,,,,,,,139.0,,,,,,,,,,,,,,,,,,,,,,,,,,,,,,,,,,,,,,,,,,,,,,,,,,,,,,,,,,,,,,,,,,,,,,,,,,,,
2011,general,niagara,NIA,8,8th District ……………,Buffalo NIA 8,,,14.0,164.0,,,,,,,,,,,,,,,,,,,,,,,,,150.0,,,,,,,,,,,,,,,,,,,,,,,,,,,,,,,,,,,,,,,,,,,,,,,,,,,,,,,,,,,,,,,,,,,,,,,,,,,,
2011,general,niagara,NIA,9,9th District ……………,Buffalo NIA 9,,,43.0,159.0,,,,,,,,,,,,,,,,,,,,,,,,,116.0,,,,,,,,,,,,,,,,,,,,,,,,,,,,,,,,,,,,,,,,,,,,,,,,,,,,,,,,,,,,,,,,,,,,,,,,,,,,
2011,general,niagara,NIA,10,10th District ……………,Buffalo NIA 10,,,46.0,282.0,,,,,,,,,,,,,,,,,,,,,,,,,236.0,,,,,,,,,,,,,,,,,,,,,,,,,,,,,,,,,,,,,,,,,,,,,,,,,,,,,,,,,,,,,,,,,,,,,,,,,,,,
2011,general,niagara,NIA,11,11th District ……………,Buffalo NIA 11,,,10.0,28.0,,,,,,,,,,,,,,,,,,,,,,,,,18.0,,,,,,,,,,,,,,,,,,,,,,,,,,,,,,,,,,,,,,,,,,,,,,,,,,,,,,,,,,,,,,,,,,,,,,,,,,,,
2011,general,niagara,NIA,12,12th District ……………,Buffalo NIA 12,,,10.0,61.0,,,,,,,,,,,,,,,,,,,,,,,,,51.0,,,,,,,,,,,,,,,,,,,,,,,,,,,,,,,,,,,,,,,,,,,,,,,,,,,,,,,,,,,,,,,,,,,,,,,,,,,,
2011,general,niagara,NIA,13,13th District ……………,Buffalo NIA 13,,,10.0,63.0,,,,,,,,,,,,,,,,,,,,,,,,,53.0,,,,,,,,,,,,,,,,,,,,,,,,,,,,,,,,,,,,,,,,,,,,,,,,,,,,,,,,,,,,,,,,,,,,,,,,,,,,
2011,general,niagara,NIA,14,14th District ……………,Buffalo NIA 14,,,97.0,422.0,,,,,,,,,,,,,,,,,,,,,,,,,325.0,,,,,,,,,,,,,,,,,,,,,,,,,,,,,,,,,,,,,,,,,,,,,,,,,,,,,,,,,,,,,,,,,,,,,,,,,,,,
2011,general,niagara,NIA,15,15th District ……………,Buffalo NIA 15,,,13.0,74.0,,,,,,,,,,,,,,,,,,,,,,,,,61.0,,,,,,,,,,,,,,,,,,,,,,,,,,,,,,,,,,,,,,,,,,,,,,,,,,,,,,,,,,,,,,,,,,,,,,,,,,,,
2011,general,niagara,NIA,16,16th District ……………,Buffalo NIA 16,,,21.0,139.0,,,,,,,,,,,,,,,,,,,,,,,,,118.0,,,,,,,,,,,,,,,,,,,,,,,,,,,,,,,,,,,,,,,,,,,,,,,,,,,,,,,,,,,,,,,,,,,,,,,,,,,,
2011,general,niagara,NIA,17,17th District ……………,Buffalo NIA 17,,,8.0,67.0,,,,,,,,,,,,,,,,,,,,,,,,,59.0,,,,,,,,,,,,,,,,,,,,,,,,,,,,,,,,,,,,,,,,,,,,,,,,,,,,,,,,,,,,,,,,,,,,,,,,,,,,
2011,general,niagara,NIA,18,18th District ……………,Buffalo NIA 18,,,17.0,119.0,,,,,,,,,,,,,,,,,,,,,,,,,102.0,,,,,,,,,,,,,,,,,,,,,,,,,,,,,,,,,,,,,,,,,,,,,,,,,,,,,,,,,,,,,,,,,,,,,,,,,,,,
2011,general,niagara,NIA,19,19th District ……………,Buffalo NIA 19,,,22.0,150.0,,,,,,,,,,,,,,,,,,,,,,,,,128.0,,,,,,,,,,,,,,,,,,,,,,,,,,,,,,,,,,,,,,,,,,,,,,,,,,,,,,,,,,,,,,,,,,,,,,,,,,,,
2011,general,niagara,NIA,20,20th District ……………,Buffalo NIA 20,,,17.0,106.0,,,,,,,,,,,,,,,,,,,,,,,,,89.0,,,,,,,,,,,,,,,,,,,,,,,,,,,,,,,,,,,,,,,,,,,,,,,,,,,,,,,,,,,,,,,,,,,,,,,,,,,,
2011,general,niagara,NIA,21,21st District ……………,Buffalo NIA 21,,,25.0,148.0,,,,,,,,,,,,,,,,,,,,,,,,,123.0,,,,,,,,,,,,,,,,,,,,,,,,,,,,,,,,,,,,,,,,,,,,,,,,,,,,,,,,,,,,,,,,,,,,,,,,,,,,
2011,general,niagara,NIA,22,22nd District ……………,Buffalo NIA 22,,,15.0,115.0,,,,,,,,,,,,,,,,,,,,,,,,,100.0,,,,,,,,,,,,,,,,,,,,,,,,,,,,,,,,,,,,,,,,,,,,,,,,,,,,,,,,,,,,,,,,,,,,,,,,,,,,
2011,general,niagara,NIA,23,23rd District ……………,Buffalo NIA 23,,,9.0,34.0,,,,,,,,,,,,,,,,,,,,,,,,,25.0,,,,,,,,,,,,,,,,,,,,,,,,,,,,,,,,,,,,,,,,,,,,,,,,,,,,,,,,,,,,,,,,,,,,,,,,,,,,
2011,general,niagara,NIA,24,24th District ……………,Buffalo NIA 24,,,11.0,47.0,,,,,,,,,,,,,,,,,,,,,,,,,36.0,,,,,,,,,,,,,,,,,,,,,,,,,,,,,,,,,,,,,,,,,,,,,,,,,,,,,,,,,,,,,,,,,,,,,,,,,,,,
2011,general,niagara,NIA,25,25th District ……………,Buffalo NIA 25,,,13.0,65.0,,,,,,,,,,,,,,,,,,,,,,,,,52.0,,,,,,,,,,,,,,,,,,,,,,,,,,,,,,,,,,,,,,,,,,,,,,,,,,,,,,,,,,,,,,,,,,,,,,,,,,,,
2011,general,niagara,NIA,26,26th District ……………,Buffalo NIA 26,,,21.0,81.0,,,,,,,,,,,,,,,,,,,,,,,,,60.0,,,,,,,,,,,,,,,,,,,,,,,,,,,,,,,,,,,,,,,,,,,,,,,,,,,,,,,,,,,,,,,,,,,,,,,,,,,,
2011,general,niagara,NIA,27,27th District ……………,Buffalo NIA 27,,,10.0,72.0,,,,,,,,,,,,,,,,,,,,,,,,,62.0,,,,,,,,,,,,,,,,,,,,,,,,,,,,,,,,,,,,,,,,,,,,,,,,,,,,,,,,,,,,,,,,,,,,,,,,,,,,
2011,general,niagara,NIA,28,28th District ……………,Buffalo NIA 28,,,13.0,118.0,,,,,,,,,,,,,,,,,,,,,,,,,105.0,,,,,,,,,,,,,,,,,,,,,,,,,,,,,,,,,,,,,,,,,,,,,,,,,,,,,,,,,,,,,,,,,,,,,,,,,,,,
2011,general,niagara,NIA,29,29th District ……………,Buffalo NIA 29,,,23.0,148.0,,,,,,,,,,,,,,,,,,,,,,,,,125.0,,,,,,,,,,,,,,,,,,,,,,,,,,,,,,,,,,,,,,,,,,,,,,,,,,,,,,,,,,,,,,,,,,,,,,,,,,,,
2011,general,niagara,NIA,30,30th District.................,Buffalo NIA 30,,,0.0,17.0,,,,,,,,,,,,,,,,,,,,,,,,,17.0,,,,,,,,,,,,,,,,,,,,,,,,,,,,,,,,,,,,,,,,,,,,,,,,,,,,,,,,,,,,,,,,,,,,,,,,,,,,
2011,general,niagara,NIA,31,31st District...................,Buffalo NIA 31,,,2.0,22.0,,,,,,,,,,,,,,,,,,,,,,,,,20.0,,,,,,,,,,,,,,,,,,,,,,,,,,,,,,,,,,,,,,,,,,,,,,,,,,,,,,,,,,,,,,,,,,,,,,,,,,,,
2011,general,north,NOR,1,1st District ……………,Buffalo NOR 1,,,20.0,226.0,,,,,,,,,,,,,,,,,,,,,,,,,,,,,,206.0,,,,,,,,,,,,,,,,,,,,,,,,,,,,,,,,,,,,,,,,,,,,,,,,,,,,,,,,,,,,,,,,,,,,,,,
2011,general,north,NOR,2,2nd District ……………,Buffalo NOR 2,,,16.0,49.0,,,,,,,,,,,,,,,,,,,,,,,,,,,,,,33.0,,,,,,,,,,,,,,,,,,,,,,,,,,,,,,,,,,,,,,,,,,,,,,,,,,,,,,,,,,,,,,,,,,,,,,,
2011,general,north,NOR,3,3rd District ……………,Buffalo NOR 3,,,30.0,238.0,,,,,,,,,,,,,,,,,,,,,,,,,,,,,,208.0,,,,,,,,,,,,,,,,,,,,,,,,,,,,,,,,,,,,,,,,,,,,,,,,,,,,,,,,,,,,,,,,,,,,,,,
2011,general,north,NOR,4,4th District ……………,Buffalo NOR 4,,,21.0,162.0,,,,,,,,,,,,,,,,,,,,,,,,,,,,,,141.0,,,,,,,,,,,,,,,,,,,,,,,,,,,,,,,,,,,,,,,,,,,,,,,,,,,,,,,,,,,,,,,,,,,,,,,
2011,general,north,NOR,5,5th District ……………,Buffalo NOR 5,,,11.0,116.0,,,,,,,,,,,,,,,,,,,,,,,,,,,,,,105.0,,,,,,,,,,,,,,,,,,,,,,,,,,,,,,,,,,,,,,,,,,,,,,,,,,,,,,,,,,,,,,,,,,,,,,,
2011,general,north,NOR,6,6th District ……………,Buffalo NOR 6,,,7.0,94.0,,,,,,,,,,,,,,,,,,,,,,,,,,,,,,87.0,,,,,,,,,,,,,,,,,,,,,,,,,,,,,,,,,,,,,,,,,,,,,,,,,,,,,,,,,,,,,,,,,,,,,,,
2011,general,north,NOR,7,7th District ……………,Buffalo NOR 7,,,12.0,89.0,,,,,,,,,,,,,,,,,,,,,,,,,,,,,,77.0,,,,,,,,,,,,,,,,,,,,,,,,,,,,,,,,,,,,,,,,,,,,,,,,,,,,,,,,,,,,,,,,,,,,,,,
2011,general,north,NOR,8,8th District ……………,Buffalo NOR 8,,,21.0,101.0,,,,,,,,,,,,,,,,,,,,,,,,,,,,,,80.0,,,,,,,,,,,,,,,,,,,,,,,,,,,,,,,,,,,,,,,,,,,,,,,,,,,,,,,,,,,,,,,,,,,,,,,
2011,general,north,NOR,9,9th District ……………,Buffalo NOR 9,,,30.0,217.0,,,,,,,,,,,,,,,,,,,,,,,,,,,,,,187.0,,,,,,,,,,,,,,,,,,,,,,,,,,,,,,,,,,,,,,,,,,,,,,,,,,,,,,,,,,,,,,,,,,,,,,,
2011,general,north,NOR,10,10th District ……………,Buffalo NOR 10,,,23.0,135.0,,,,,,,,,,,,,,,,,,,,,,,,,,,,,,112.0,,,,,,,,,,,,,,,,,,,,,,,,,,,,,,,,,,,,,,,,,,,,,,,,,,,,,,,,,,,,,,,,,,,,,,,
2011,general,north,NOR,11,11th District ……………,Buffalo NOR 11,,,16.0,138.0,,,,,,,,,,,,,,,,,,,,,,,,,,,,,,122.0,,,,,,,,,,,,,,,,,,,,,,,,,,,,,,,,,,,,,,,,,,,,,,,,,,,,,,,,,,,,,,,,,,,,,,,
2011,general,north,NOR,12,12th District ……………,Buffalo NOR 12,,,24.0,200.0,,,,,,,,,,,,,,,,,,,,,,,,,,,,,,176.0,,,,,,,,,,,,,,,,,,,,,,,,,,,,,,,,,,,,,,,,,,,,,,,,,,,,,,,,,,,,,,,,,,,,,,,
2011,general,north,NOR,13,13th District ……………,Buffalo NOR 13,,,22.0,184.0,,,,,,,,,,,,,,,,,,,,,,,,,,,,,,162.0,,,,,,,,,,,,,,,,,,,,,,,,,,,,,,,,,,,,,,,,,,,,,,,,,,,,,,,,,,,,,,,,,,,,,,,
2011,general,north,NOR,14,14th District ……………,Buffalo NOR 14,,,65.0,326.0,,,,,,,,,,,,,,,,,,,,,,,,,,,,,,261.0,,,,,,,,,,,,,,,,,,,,,,,,,,,,,,,,,,,,,,,,,,,,,,,,,,,,,,,,,,,,,,,,,,,,,,,
2011,general,north,NOR,15,15th District ……………,Buffalo NOR 15,,,10.0,96.0,,,,,,,,,,,,,,,,,,,,,,,,,,,,,,86.0,,,,,,,,,,,,,,,,,,,,,,,,,,,,,,,,,,,,,,,,,,,,,,,,,,,,,,,,,,,,,,,,,,,,,,,
2011,general,north,NOR,16,16th District ……………,Buffalo NOR 16,,,4.0,23.0,,,,,,,,,,,,,,,,,,,,,,,,,,,,,,19.0,,,,,,,,,,,,,,,,,,,,,,,,,,,,,,,,,,,,,,,,,,,,,,,,,,,,,,,,,,,,,,,,,,,,,,,
2011,general,north,NOR,17,17th District ……………,Buffalo NOR 17,,,55.0,280.0,,,,,,,,,,,,,,,,,,,,,,,,,,,,,,225.0,,,,,,,,,,,,,,,,,,,,,,,,,,,,,,,,,,,,,,,,,,,,,,,,,,,,,,,,,,,,,,,,,,,,,,,
2011,general,north,NOR,18,18th District ……………,Buffalo NOR 18,,,23.0,169.0,,,,,,,,,,,,,,,,,,,,,,,,,,,,,,146.0,,,,,,,,,,,,,,,,,,,,,,,,,,,,,,,,,,,,,,,,,,,,,,,,,,,,,,,,,,,,,,,,,,,,,,,
2011,general,north,NOR,19,19th District ……………,Buffalo NOR 19,,,10.0,68.0,,,,,,,,,,,,,,,,,,,,,,,,,,,,,,58.0,,,,,,,,,,,,,,,,,,,,,,,,,,,,,,,,,,,,,,,,,,,,,,,,,,,,,,,,,,,,,,,,,,,,,,,
2011,general,north,NOR,20,20th District ……………,Buffalo NOR 20,,,21.0,138.0,,,,,,,,,,,,,,,,,,,,,,,,,,,,,,117.0,,,,,,,,,,,,,,,,,,,,,,,,,,,,,,,,,,,,,,,,,,,,,,,,,,,,,,,,,,,,,,,,,,,,,,,
2011,general,north,NOR,21,21st District ……………,Buffalo NOR 21,,,11.0,63.0,,,,,,,,,,,,,,,,,,,,,,,,,,,,,,52.0,,,,,,,,,,,,,,,,,,,,,,,,,,,,,,,,,,,,,,,,,,,,,,,,,,,,,,,,,,,,,,,,,,,,,,,
2011,general,north,NOR,22,22nd District ……………,Buffalo NOR 22,,,12.0,64.0,,,,,,,,,,,,,,,,,,,,,,,,,,,,,,52.0,,,,,,,,,,,,,,,,,,,,,,,,,,,,,,,,,,,,,,,,,,,,,,,,,,,,,,,,,,,,,,,,,,,,,,,
2011,general,north,NOR,23,23rd District ……………,Buffalo NOR 23,,,10.0,60.0,,,,,,,,,,,,,,,,,,,,,,,,,,,,,,50.0,,,,,,,,,,,,,,,,,,,,,,,,,,,,,,,,,,,,,,,,,,,,,,,,,,,,,,,,,,,,,,,,,,,,,,,
2011,general,north,NOR,24,24th District ……………,Buffalo NOR 24,,,14.0,120.0,,,,,,,,,,,,,,,,,,,,,,,,,,,,,,106.0,,,,,,,,,,,,,,,,,,,,,,,,,,,,,,,,,,,,,,,,,,,,,,,,,,,,,,,,,,,,,,,,,,,,,,,
2011,general,north,NOR,25,25th District ……………,Buffalo NOR 25,,,29.0,177.0,,,,,,,,,,,,,,,,,,,,,,,,,,,,,,148.0,,,,,,,,,,,,,,,,,,,,,,,,,,,,,,,,,,,,,,,,,,,,,,,,,,,,,,,,,,,,,,,,,,,,,,,
2011,general,north,NOR,26,26th District ……………,Buffalo NOR 26,,,19.0,155.0,,,,,,,,,,,,,,,,,,,,,,,,,,,,,,136.0,,,,,,,,,,,,,,,,,,,,,,,,,,,,,,,,,,,,,,,,,,,,,,,,,,,,,,,,,,,,,,,,,,,,,,,
2011,general,north,NOR,27,27th District ……………,Buffalo NOR 27,,,11.0,53.0,,,,,,,,,,,,,,,,,,,,,,,,,,,,,,42.0,,,,,,,,,,,,,,,,,,,,,,,,,,,,,,,,,,,,,,,,,,,,,,,,,,,,,,,,,,,,,,,,,,,,,,,
2011,general,south,SOU,1,1st District ……………,Buffalo SOU 1,,,19.0,168.0,,,,,,,,,,,,,,,,,,,,,,,,,,,,,,,149.0,,,,,,,,,,,,,,,,,,,,,,,,,,,,,,,,,,,,,,,,,,,,,,,,,,,,,,,,,,,,,,,,,,,,,,
2011,general,south,SOU,2,2nd District ……………,Buffalo SOU 2,,,35.0,176.0,,,,,,,,,,,,,,,,,,,,,,,,,,,,,,,141.0,,,,,,,,,,,,,,,,,,,,,,,,,,,,,,,,,,,,,,,,,,,,,,,,,,,,,,,,,,,,,,,,,,,,,,
2011,general,south,SOU,3,3rd District ……………,Buffalo SOU 3,,,29.0,215.0,,,,,,,,,,,,,,,,,,,,,,,,,,,,,,,186.0,,,,,,,,,,,,,,,,,,,,,,,,,,,,,,,,,,,,,,,,,,,,,,,,,,,,,,,,,,,,,,,,,,,,,,
2011,general,south,SOU,4,4th District ……………,Buffalo SOU 4,,,11.0,151.0,,,,,,,,,,,,,,,,,,,,,,,,,,,,,,,140.0,,,,,,,,,,,,,,,,,,,,,,,,,,,,,,,,,,,,,,,,,,,,,,,,,,,,,,,,,,,,,,,,,,,,,,
2011,general,south,SOU,5,5th District ……………,Buffalo SOU 5,,,28.0,195.0,,,,,,,,,,,,,,,,,,,,,,,,,,,,,,,167.0,,,,,,,,,,,,,,,,,,,,,,,,,,,,,,,,,,,,,,,,,,,,,,,,,,,,,,,,,,,,,,,,,,,,,,
2011,general,south,SOU,6,6th District ……………,Buffalo SOU 6,,,42.0,293.0,,,,,,,,,,,,,,,,,,,,,,,,,,,,,,,251.0,,,,,,,,,,,,,,,,,,,,,,,,,,,,,,,,,,,,,,,,,,,,,,,,,,,,,,,,,,,,,,,,,,,,,,
2011,general,south,SOU,7,7th District ……………,Buffalo SOU 7,,,35.0,327.0,,,,,,,,,,,,,,,,,,,,,,,,,,,,,,,292.0,,,,,,,,,,,,,,,,,,,,,,,,,,,,,,,,,,,,,,,,,,,,,,,,,,,,,,,,,,,,,,,,,,,,,,
2011,general,south,SOU,8,8th District ……………,Buffalo SOU 8,,,31.0,252.0,,,,,,,,,,,,,,,,,,,,,,,,,,,,,,,221.0,,,,,,,,,,,,,,,,,,,,,,,,,,,,,,,,,,,,,,,,,,,,,,,,,,,,,,,,,,,,,,,,,,,,,,
2011,general,south,SOU,9,9th District ……………,Buffalo SOU 9,,,46.0,328.0,,,,,,,,,,,,,,,,,,,,,,,,,,,,,,,282.0,,,,,,,,,,,,,,,,,,,,,,,,,,,,,,,,,,,,,,,,,,,,,,,,,,,,,,,,,,,,,,,,,,,,,,
2011,general,south,SOU,10,10th District ……………,Buffalo SOU 10,,,9.0,110.0,,,,,,,,,,,,,,,,,,,,,,,,,,,,,,,101.0,,,,,,,,,,,,,,,,,,,,,,,,,,,,,,,,,,,,,,,,,,,,,,,,,,,,,,,,,,,,,,,,,,,,,,
2011,general,south,SOU,11,11th District ……………,Buffalo SOU 11,,,46.0,438.0,,,,,,,,,,,,,,,,,,,,,,,,,,,,,,,392.0,,,,,,,,,,,,,,,,,,,,,,,,,,,,,,,,,,,,,,,,,,,,,,,,,,,,,,,,,,,,,,,,,,,,,,
2011,general,south,SOU,12,12th District ……………,Buffalo SOU 12,,,17.0,202.0,,,,,,,,,,,,,,,,,,,,,,,,,,,,,,,185.0,,,,,,,,,,,,,,,,,,,,,,,,,,,,,,,,,,,,,,,,,,,,,,,,,,,,,,,,,,,,,,,,,,,,,,
2011,general,south,SOU,13,13th District ……………,Buffalo SOU 13,,,29.0,238.0,,,,,,,,,,,,,,,,,,,,,,,,,,,,,,,209.0,,,,,,,,,,,,,,,,,,,,,,,,,,,,,,,,,,,,,,,,,,,,,,,,,,,,,,,,,,,,,,,,,,,,,,
2011,general,south,SOU,14,14th District ……………,Buffalo SOU 14,,,25.0,177.0,,,,,,,,,,,,,,,,,,,,,,,,,,,,,,,152.0,,,,,,,,,,,,,,,,,,,,,,,,,,,,,,,,,,,,,,,,,,,,,,,,,,,,,,,,,,,,,,,,,,,,,,
2011,general,south,SOU,15,15th District ……………,Buffalo SOU 15,,,46.0,322.0,,,,,,,,,,,,,,,,,,,,,,,,,,,,,,,276.0,,,,,,,,,,,,,,,,,,,,,,,,,,,,,,,,,,,,,,,,,,,,,,,,,,,,,,,,,,,,,,,,,,,,,,
2011,general,south,SOU,16,16th District ……………,Buffalo SOU 16,,,31.0,201.0,,,,,,,,,,,,,,,,,,,,,,,,,,,,,,,170.0,,,,,,,,,,,,,,,,,,,,,,,,,,,,,,,,,,,,,,,,,,,,,,,,,,,,,,,,,,,,,,,,,,,,,,
2011,general,south,SOU,17,17th District ……………,Buffalo SOU 17,,,31.0,229.0,,,,,,,,,,,,,,,,,,,,,,,,,,,,,,,198.0,,,,,,,,,,,,,,,,,,,,,,,,,,,,,,,,,,,,,,,,,,,,,,,,,,,,,,,,,,,,,,,,,,,,,,
2011,general,south,SOU,18,18th District ……………,Buffalo SOU 18,,,52.0,429.0,,,,,,,,,,,,,,,,,,,,,,,,,,,,,,,377.0,,,,,,,,,,,,,,,,,,,,,,,,,,,,,,,,,,,,,,,,,,,,,,,,,,,,,,,,,,,,,,,,,,,,,,
2011,general,south,SOU,19,19th District ……………,Buffalo SOU 19,,,42.0,335.0,,,,,,,,,,,,,,,,,,,,,,,,,,,,,,,293.0,,,,,,,,,,,,,,,,,,,,,,,,,,,,,,,,,,,,,,,,,,,,,,,,,,,,,,,,,,,,,,,,,,,,,,
2011,general,south,SOU,20,20th District ……………,Buffalo SOU 20,,,7.0,90.0,,,,,,,,,,,,,,,,,,,,,,,,,,,,,,,83.0,,,,,,,,,,,,,,,,,,,,,,,,,,,,,,,,,,,,,,,,,,,,,,,,,,,,,,,,,,,,,,,,,,,,,,
2011,general,south,SOU,21,21st District ……………,Buffalo SOU 21,,,16.0,117.0,,,,,,,,,,,,,,,,,,,,,,,,,,,,,,,101.0,,,,,,,,,,,,,,,,,,,,,,,,,,,,,,,,,,,,,,,,,,,,,,,,,,,,,,,,,,,,,,,,,,,,,,
2011,general,south,SOU,22,22nd District ……………,Buffalo SOU 22,,,14.0,69.0,,,,,,,,,,,,,,,,,,,,,,,,,,,,,,,55.0,,,,,,,,,,,,,,,,,,,,,,,,,,,,,,,,,,,,,,,,,,,,,,,,,,,,,,,,,,,,,,,,,,,,,,
2011,general,south,SOU,23,23rd District ……………,Buffalo SOU 23,,,24.0,231.0,,,,,,,,,,,,,,,,,,,,,,,,,,,,,,,207.0,,,,,,,,,,,,,,,,,,,,,,,,,,,,,,,,,,,,,,,,,,,,,,,,,,,,,,,,,,,,,,,,,,,,,,
2011,general,south,SOU,24,24th District ……………,Buffalo SOU 24,,,27.0,164.0,,,,,,,,,,,,,,,,,,,,,,,,,,,,,,,137.0,,,,,,,,,,,,,,,,,,,,,,,,,,,,,,,,,,,,,,,,,,,,,,,,,,,,,,,,,,,,,,,,,,,,,,
2011,general,south,SOU,25,25th District ……………,Buffalo SOU 25,,,40.0,306.0,,,,,,,,,,,,,,,,,,,,,,,,,,,,,,,266.0,,,,,,,,,,,,,,,,,,,,,,,,,,,,,,,,,,,,,,,,,,,,,,,,,,,,,,,,,,,,,,,,,,,,,,
2011,general,south,SOU,26,26th District ……………,Buffalo SOU 26,,,21.0,138.0,,,,,,,,,,,,,,,,,,,,,,,,,,,,,,,117.0,,,,,,,,,,,,,,,,,,,,,,,,,,,,,,,,,,,,,,,,,,,,,,,,,,,,,,,,,,,,,,,,,,,,,,
2011,general,south,SOU,27,27th District ……………,Buffalo SOU 27,,,48.0,372.0,,,,,,,,,,,,,,,,,,,,,,,,,,,,,,,324.0,,,,,,,,,,,,,,,,,,,,,,,,,,,,,,,,,,,,,,,,,,,,,,,,,,,,,,,,,,,,,,,,,,,,,,
2011,general,south,SOU,28,28th District ……………,Buffalo SOU 28,,,18.0,185.0,,,,,,,,,,,,,,,,,,,,,,,,,,,,,,,167.0,,,,,,,,,,,,,,,,,,,,,,,,,,,,,,,,,,,,,,,,,,,,,,,,,,,,,,,,,,,,,,,,,,,,,,
2011,general,south,SOU,29,29th District ……………,Buffalo SOU 29,,,20.0,186.0,,,,,,,,,,,,,,,,,,,,,,,,,,,,,,,166.0,,,,,,,,,,,,,,,,,,,,,,,,,,,,,,,,,,,,,,,,,,,,,,,,,,,,,,,,,,,,,,,,,,,,,,
2011,general,south,SOU,30,30th District ……………,Buffalo SOU 30,,,18.0,134.0,,,,,,,,,,,,,,,,,,,,,,,,,,,,,,,116.0,,,,,,,,,,,,,,,,,,,,,,,,,,,,,,,,,,,,,,,,,,,,,,,,,,,,,,,,,,,,,,,,,,,,,,
2011,general,university,UNI,1,1st District ……………,Buffalo UNI 1,,,0.0,3.0,,,,,,,,,,,,,,3.0,,,,,,,,,,,,,,,,,,,,,,,,,,,,,,,,,,,,,,,,,,,,,,,,,,,,,,,,,,,,,,,,,,,,,,,,,,,,,,,,,,,,,,,
2011,general,university,UNI,2,2nd District ……………,Buffalo UNI 2,,,43.0,225.0,,,,,,,,,,,,,,182.0,,,,,,,,,,,,,,,,,,,,,,,,,,,,,,,,,,,,,,,,,,,,,,,,,,,,,,,,,,,,,,,,,,,,,,,,,,,,,,,,,,,,,,,
2011,general,university,UNI,3,3rd District ……………,Buffalo UNI 3,,,29.0,151.0,,,,,,,,,,,,,,122.0,,,,,,,,,,,,,,,,,,,,,,,,,,,,,,,,,,,,,,,,,,,,,,,,,,,,,,,,,,,,,,,,,,,,,,,,,,,,,,,,,,,,,,,
2011,general,university,UNI,4,4th District ……………,Buffalo UNI 4,,,41.0,272.0,,,,,,,,,,,,,,231.0,,,,,,,,,,,,,,,,,,,,,,,,,,,,,,,,,,,,,,,,,,,,,,,,,,,,,,,,,,,,,,,,,,,,,,,,,,,,,,,,,,,,,,,
2011,general,university,UNI,5,5th District ……………,Buffalo UNI 5,,,38.0,316.0,,,,,,,,,,,,,,278.0,,,,,,,,,,,,,,,,,,,,,,,,,,,,,,,,,,,,,,,,,,,,,,,,,,,,,,,,,,,,,,,,,,,,,,,,,,,,,,,,,,,,,,,
2011,general,university,UNI,6,6th District ……………,Buffalo UNI 6,,,21.0,166.0,,,,,,,,,,,,,,145.0,,,,,,,,,,,,,,,,,,,,,,,,,,,,,,,,,,,,,,,,,,,,,,,,,,,,,,,,,,,,,,,,,,,,,,,,,,,,,,,,,,,,,,,
2011,general,university,UNI,7,7th District ……………,Buffalo UNI 7,,,0.0,0.0,,,,,,,,,,,,,,0.0,,,,,,,,,,,,,,,,,,,,,,,,,,,,,,,,,,,,,,,,,,,,,,,,,,,,,,,,,,,,,,,,,,,,,,,,,,,,,,,,,,,,,,,
2011,general,university,UNI,8,8th District ……………,Buffalo UNI 8,,,37.0,220.0,,,,,,,,,,,,,,183.0,,,,,,,,,,,,,,,,,,,,,,,,,,,,,,,,,,,,,,,,,,,,,,,,,,,,,,,,,,,,,,,,,,,,,,,,,,,,,,,,,,,,,,,
2011,general,university,UNI,9,9th District ……………,Buffalo UNI 9,,,42.0,327.0,,,,,,,,,,,,,,285.0,,,,,,,,,,,,,,,,,,,,,,,,,,,,,,,,,,,,,,,,,,,,,,,,,,,,,,,,,,,,,,,,,,,,,,,,,,,,,,,,,,,,,,,
2011,general,university,UNI,10,10th District ……………,Buffalo UNI 10,,,17.0,177.0,,,,,,,,,,,,,,160.0,,,,,,,,,,,,,,,,,,,,,,,,,,,,,,,,,,,,,,,,,,,,,,,,,,,,,,,,,,,,,,,,,,,,,,,,,,,,,,,,,,,,,,,
2011,general,university,UNI,11,11th District ……………,Buffalo UNI 11,,,93.0,319.0,,,,,,,,,,,,,,226.0,,,,,,,,,,,,,,,,,,,,,,,,,,,,,,,,,,,,,,,,,,,,,,,,,,,,,,,,,,,,,,,,,,,,,,,,,,,,,,,,,,,,,,,
2011,general,university,UNI,12,12th District ……………,Buffalo UNI 12,,,5.0,27.0,,,,,,,,,,,,,,22.0,,,,,,,,,,,,,,,,,,,,,,,,,,,,,,,,,,,,,,,,,,,,,,,,,,,,,,,,,,,,,,,,,,,,,,,,,,,,,,,,,,,,,,,
2011,general,university,UNI,13,13th District ……………,Buffalo UNI 13,,,91.0,381.0,,,,,,,,,,,,,,290.0,,,,,,,,,,,,,,,,,,,,,,,,,,,,,,,,,,,,,,,,,,,,,,,,,,,,,,,,,,,,,,,,,,,,,,,,,,,,,,,,,,,,,,,
2011,general,university,UNI,14,14th District ……………,Buffalo UNI 14,,,0.0,0.0,,,,,,,,,,,,,,0.0,,,,,,,,,,,,,,,,,,,,,,,,,,,,,,,,,,,,,,,,,,,,,,,,,,,,,,,,,,,,,,,,,,,,,,,,,,,,,,,,,,,,,,,
2011,general,university,UNI,15,15th District ……………,Buffalo UNI 15,,,9.0,55.0,,,,,,,,,,,,,,46.0,,,,,,,,,,,,,,,,,,,,,,,,,,,,,,,,,,,,,,,,,,,,,,,,,,,,,,,,,,,,,,,,,,,,,,,,,,,,,,,,,,,,,,,
2011,general,university,UNI,16,16th District ……………,Buffalo UNI 16,,,42.0,293.0,,,,,,,,,,,,,,251.0,,,,,,,,,,,,,,,,,,,,,,,,,,,,,,,,,,,,,,,,,,,,,,,,,,,,,,,,,,,,,,,,,,,,,,,,,,,,,,,,,,,,,,,
2011,general,university,UNI,17,17th District ……………,Buffalo UNI 17,,,12.0,36.0,,,,,,,,,,,,,,24.0,,,,,,,,,,,,,,,,,,,,,,,,,,,,,,,,,,,,,,,,,,,,,,,,,,,,,,,,,,,,,,,,,,,,,,,,,,,,,,,,,,,,,,,
2011,general,university,UNI,18,18th District ……………,Buffalo UNI 18,,,66.0,274.0,,,,,,,,,,,,,,208.0,,,,,,,,,,,,,,,,,,,,,,,,,,,,,,,,,,,,,,,,,,,,,,,,,,,,,,,,,,,,,,,,,,,,,,,,,,,,,,,,,,,,,,,
2011,general,university,UNI,19,19th District ……………,Buffalo UNI 19,,,12.0,67.0,,,,,,,,,,,,,,55.0,,,,,,,,,,,,,,,,,,,,,,,,,,,,,,,,,,,,,,,,,,,,,,,,,,,,,,,,,,,,,,,,,,,,,,,,,,,,,,,,,,,,,,,
2011,general,university,UNI,20,20th District ……………,Buffalo UNI 20,,,4.0,62.0,,,,,,,,,,,,,,58.0,,,,,,,,,,,,,,,,,,,,,,,,,,,,,,,,,,,,,,,,,,,,,,,,,,,,,,,,,,,,,,,,,,,,,,,,,,,,,,,,,,,,,,,
2011,general,university,UNI,21,21st District ……………,Buffalo UNI 21,,,28.0,74.0,,,,,,,,,,,,,,46.0,,,,,,,,,,,,,,,,,,,,,,,,,,,,,,,,,,,,,,,,,,,,,,,,,,,,,,,,,,,,,,,,,,,,,,,,,,,,,,,,,,,,,,,
2011,general,university,UNI,22,22nd District ……………,Buffalo UNI 22,,,23.0,155.0,,,,,,,,,,,,,,132.0,,,,,,,,,,,,,,,,,,,,,,,,,,,,,,,,,,,,,,,,,,,,,,,,,,,,,,,,,,,,,,,,,,,,,,,,,,,,,,,,,,,,,,,
2011,general,university,UNI,23,23rd District ……………,Buffalo UNI 23,,,16.0,178.0,,,,,,,,,,,,,,162.0,,,,,,,,,,,,,,,,,,,,,,,,,,,,,,,,,,,,,,,,,,,,,,,,,,,,,,,,,,,,,,,,,,,,,,,,,,,,,,,,,,,,,,,
2011,general,university,UNI,24,24th District ……………,Buffalo UNI 24,,,12.0,148.0,,,,,,,,,,,,,,136.0,,,,,,,,,,,,,,,,,,,,,,,,,,,,,,,,,,,,,,,,,,,,,,,,,,,,,,,,,,,,,,,,,,,,,,,,,,,,,,,,,,,,,,,
2011,general,university,UNI,25,25th District ……………,Buffalo UNI 25,,,15.0,195.0,,,,,,,,,,,,,,180.0,,,,,,,,,,,,,,,,,,,,,,,,,,,,,,,,,,,,,,,,,,,,,,,,,,,,,,,,,,,,,,,,,,,,,,,,,,,,,,,,,,,,,,,
2011,general,university,UNI,26,26th District ……………,Buffalo UNI 26,,,17.0,156.0,,,,,,,,,,,,,,139.0,,,,,,,,,,,,,,,,,,,,,,,,,,,,,,,,,,,,,,,,,,,,,,,,,,,,,,,,,,,,,,,,,,,,,,,,,,,,,,,,,,,,,,,
2011,general,university,UNI,27,27th District ……………,Buffalo UNI 27,,,10.0,39.0,,,,,,,,,,,,,,29.0,,,,,,,,,,,,,,,,,,,,,,,,,,,,,,,,,,,,,,,,,,,,,,,,,,,,,,,,,,,,,,,,,,,,,,,,,,,,,,,,,,,,,,,
2011,general,university,UNI,28,28th District ……………,Buffalo UNI 28,,,23.0,185.0,,,,,,,,,,,,,,162.0,,,,,,,,,,,,,,,,,,,,,,,,,,,,,,,,,,,,,,,,,,,,,,,,,,,,,,,,,,,,,,,,,,,,,,,,,,,,,,,,,,,,,,,
2011,general,university,UNI,29,29th District ……………,Buffalo UNI 29,,,21.0,138.0,,,,,,,,,,,,,,117.0,,,,,,,,,,,,,,,,,,,,,,,,,,,,,,,,,,,,,,,,,,,,,,,,,,,,,,,,,,,,,,,,,,,,,,,,,,,,,,,,,,,,,,,
2011,general,university,UNI,30,30th District.................,Buffalo UNI 30,,,24.0,144.0,,,,,,,,,,,,,,120.0,,,,,,,,,,,,,,,,,,,,,,,,,,,,,,,,,,,,,,,,,,,,,,,,,,,,,,,,,,,,,,,,,,,,,,,,,,,,,,,,,,,,,,,
2011,primary,fillmore,FIL,1,1st District ……………,Buffalo FIL 1,,,0.0,94.0,,85.0,,,,,,,,,,,,,,,,,,,,,,,,,,,,,,,9.0,,,,,,,,,,,,,,,,,,,,,,,,,,,,,,,,,,,,,,,,,,,,,,,,,,,,,,,,,,,,,,,,,,,,
2011,primary,fillmore,FIL,2,2nd District ……………,Buffalo FIL 2,,,8.0,137.0,,63.0,,,,,,,,,,,,,,,,,,,,,,,,,,,,,,,66.0,,,,,,,,,,,,,,,,,,,,,,,,,,,,,,,,,,,,,,,,,,,,,,,,,,,,,,,,,,,,,,,,,,,,
2011,primary,fillmore,FIL,4,4th District ……………,Buffalo FIL 4,,,4.0,53.0,,26.0,,,,,,,,,,,,,,,,,,,,,,,,,,,,,,,23.0,,,,,,,,,,,,,,,,,,,,,,,,,,,,,,,,,,,,,,,,,,,,,,,,,,,,,,,,,,,,,,,,,,,,
2011,primary,fillmore,FIL,7,7th District ……………,Buffalo FIL 7,,,3.0,66.0,,41.0,,,,,,,,,,,,,,,,,,,,,,,,,,,,,,,22.0,,,,,,,,,,,,,,,,,,,,,,,,,,,,,,,,,,,,,,,,,,,,,,,,,,,,,,,,,,,,,,,,,,,,
2011,primary,fillmore,FIL,8,8th District ……………,Buffalo FIL 8,,,10.0,127.0,,43.0,,,,,,,,,,,,,,,,,,,,,,,,,,,,,,,74.0,,,,,,,,,,,,,,,,,,,,,,,,,,,,,,,,,,,,,,,,,,,,,,,,,,,,,,,,,,,,,,,,,,,,
2011,primary,fillmore,FIL,11,11th District ……………,Buffalo FIL 11,,,2.0,34.0,,18.0,,,,,,,,,,,,,,,,,,,,,,,,,,,,,,,14.0,,,,,,,,,,,,,,,,,,,,,,,,,,,,,,,,,,,,,,,,,,,,,,,,,,,,,,,,,,,,,,,,,,,,
2011,primary,fillmore,FIL,17,17th District ……………,Buffalo FIL 17,,,3.0,65.0,,57.0,,,,,,,,,,,,,,,,,,,,,,,,,,,,,,,5.0,,,,,,,,,,,,,,,,,,,,,,,,,,,,,,,,,,,,,,,,,,,,,,,,,,,,,,,,,,,,,,,,,,,,
2011,primary,fillmore,FIL,23,23rd District ……………,Buffalo FIL 23,,,8.0,96.0,,24.0,,,,,,,,,,,,,,,,,,,,,,,,,,,,,,,64.0,,,,,,,,,,,,,,,,,,,,,,,,,,,,,,,,,,,,,,,,,,,,,,,,,,,,,,,,,,,,,,,,,,,,
2011,primary,fillmore,FIL,24,24th District ……………,Buffalo FIL 24,,,20.0,174.0,,127.0,,,,,,,,,,,,,,,,,,,,,,,,,,,,,,,27.0,,,,,,,,,,,,,,,,,,,,,,,,,,,,,,,,,,,,,,,,,,,,,,,,,,,,,,,,,,,,,,,,,,,,
2011,primary,fillmore,FIL,25,25th District ……………,Buffalo FIL 25,,,5.0,34.0,,11.0,,,,,,,,,,,,,,,,,,,,,,,,,,,,,,,18.0,,,,,,,,,,,,,,,,,,,,,,,,,,,,,,,,,,,,,,,,,,,,,,,,,,,,,,,,,,,,,,,,,,,,
2011,primary,fillmore,FIL,27,27th District ……………,Buffalo FIL 27,,,9.0,89.0,,27.0,,,,,,,,,,,,,,,,,,,,,,,,,,,,,,,53.0,,,,,,,,,,,,,,,,,,,,,,,,,,,,,,,,,,,,,,,,,,,,,,,,,,,,,,,,,,,,,,,,,,,,
2011,primary,fillmore,FIL,30,30th District ……………,Buffalo FIL 30,,,3.0,105.0,,91.0,,,,,,,,,,,,,,,,,,,,,,,,,,,,,,,11.0,,,,,,,,,,,,,,,,,,,,,,,,,,,,,,,,,,,,,,,,,,,,,,,,,,,,,,,,,,,,,,,,,,,,
2011,primary,fillmore,FIL,31,31st District ……………,Buffalo FIL 31,,,58.0,111.0,,50.0,,,,,,,,,,,,,,,,,,,,,,,,,,,,,,,3.0,,,,,,,,,,,,,,,,,,,,,,,,,,,,,,,,,,,,,,,,,,,,,,,,,,,,,,,,,,,,,,,,,,,,
2011,primary,fillmore,FIL,32,32nd District ……………,Buffalo FIL 32,,,2.0,50.0,,16.0,,,,,,,,,,,,,,,,,,,,,,,,,,,,,,,32.0,,,,,,,,,,,,,,,,,,,,,,,,,,,,,,,,,,,,,,,,,,,,,,,,,,,,,,,,,,,,,,,,,,,,
2011,primary,fillmore,FIL,35,35th District ……………,Buffalo FIL 35,,,9.0,113.0,,36.0,,,,,,,,,,,,,,,,,,,,,,,,,,,,,,,68.0,,,,,,,,,,,,,,,,,,,,,,,,,,,,,,,,,,,,,,,,,,,,,,,,,,,,,,,,,,,,,,,,,,,,
2011,primary,fillmore,FIL,46,46th District ……………,Buffalo FIL 46,,,5.0,53.0,,17.0,,,,,,,,,,,,,,,,,,,,,,,,,,,,,,,31.0,,,,,,,,,,,,,,,,,,,,,,,,,,,,,,,,,,,,,,,,,,,,,,,,,,,,,,,,,,,,,,,,,,,,
2011,primary,fillmore,FIL,47,47th District..................,Buffalo FIL 47,,,2.0,64.0,,47.0,,,,,,,,,,,,,,,,,,,,,,,,,,,,,,,15.0,,,,,,,,,,,,,,,,,,,,,,,,,,,,,,,,,,,,,,,,,,,,,,,,,,,,,,,,,,,,,,,,,,,,
2011,primary,fillmore,FIL,49,49th District..................,Buffalo FIL 49,,,10.0,90.0,,51.0,,,,,,,,,,,,,,,,,,,,,,,,,,,,,,,29.0,,,,,,,,,,,,,,,,,,,,,,,,,,,,,,,,,,,,,,,,,,,,,,,,,,,,,,,,,,,,,,,,,,,,
2011,primary,fillmore,FIL,51,51st District.................,Buffalo FIL 51,,,0.0,26.0,,18.0,,,,,,,,,,,,,,,,,,,,,,,,,,,,,,,8.0,,,,,,,,,,,,,,,,,,,,,,,,,,,,,,,,,,,,,,,,,,,,,,,,,,,,,,,,,,,,,,,,,,,,
2011,primary,fillmore,FIL,52,52nd District................,Buffalo FIL 52,,,5.0,35.0,,26.0,,,,,,,,,,,,,,,,,,,,,,,,,,,,,,,4.0,,,,,,,,,,,,,,,,,,,,,,,,,,,,,,,,,,,,,,,,,,,,,,,,,,,,,,,,,,,,,,,,,,,,
2011,primary,fillmore,FIL,54,54th District.................,Buffalo FIL 54,,,4.0,70.0,,59.0,,,,,,,,,,,,,,,,,,,,,,,,,,,,,,,7.0,,,,,,,,,,,,,,,,,,,,,,,,,,,,,,,,,,,,,,,,,,,,,,,,,,,,,,,,,,,,,,,,,,,,
2011,primary,fillmore,FIL,58,58th District.................,Buffalo FIL 58,,,2.0,16.0,,3.0,,,,,,,,,,,,,,,,,,,,,,,,,,,,,,,11.0,,,,,,,,,,,,,,,,,,,,,,,,,,,,,,,,,,,,,,,,,,,,,,,,,,,,,,,,,,,,,,,,,,,,
2011,primary,masten,MAS,1,1st District ……………,Buffalo MAS 1,,,3.0,239.0,,,,,,,,,,,,,,,,,,,,,,,,169.0,,,,,,,,,,,,,,,67.0,,,,,,,,,,,,,,,,,,,,,,,,,,,,,,,,,,,,,,,,,,,,,,,,,,,,,,,,,,,,,,
2011,primary,masten,MAS,2,2nd District ……………,Buffalo MAS 2,,,5.0,74.0,,,,,,,,,,,,,,,,,,,,,,,,55.0,,,,,,,,,,,,,,,14.0,,,,,,,,,,,,,,,,,,,,,,,,,,,,,,,,,,,,,,,,,,,,,,,,,,,,,,,,,,,,,,
2011,primary,masten,MAS,3,3rd District ……………,Buffalo MAS 3,,,11.0,123.0,,,,,,,,,,,,,,,,,,,,,,,,69.0,,,,,,,,,,,,,,,43.0,,,,,,,,,,,,,,,,,,,,,,,,,,,,,,,,,,,,,,,,,,,,,,,,,,,,,,,,,,,,,,
2011,primary,masten,MAS,4,4th District ……………,Buffalo MAS 4,,,16.0,267.0,,,,,,,,,,,,,,,,,,,,,,,,153.0,,,,,,,,,,,,,,,98.0,,,,,,,,,,,,,,,,,,,,,,,,,,,,,,,,,,,,,,,,,,,,,,,,,,,,,,,,,,,,,,
2011,primary,masten,MAS,6,6th District ……………,Buffalo MAS 6,,,1.0,75.0,,,,,,,,,,,,,,,,,,,,,,,,61.0,,,,,,,,,,,,,,,13.0,,,,,,,,,,,,,,,,,,,,,,,,,,,,,,,,,,,,,,,,,,,,,,,,,,,,,,,,,,,,,,
2011,primary,masten,MAS,7,7th District ……………,Buffalo MAS 7,,,11.0,303.0,,,,,,,,,,,,,,,,,,,,,,,,208.0,,,,,,,,,,,,,,,84.0,,,,,,,,,,,,,,,,,,,,,,,,,,,,,,,,,,,,,,,,,,,,,,,,,,,,,,,,,,,,,,
2011,primary,masten,MAS,10,10th District ……………,Buffalo MAS 10,,,2.0,174.0,,,,,,,,,,,,,,,,,,,,,,,,130.0,,,,,,,,,,,,,,,42.0,,,,,,,,,,,,,,,,,,,,,,,,,,,,,,,,,,,,,,,,,,,,,,,,,,,,,,,,,,,,,,
2011,primary,masten,MAS,12,12th District ……………,Buffalo MAS 12,,,5.0,139.0,,,,,,,,,,,,,,,,,,,,,,,,99.0,,,,,,,,,,,,,,,35.0,,,,,,,,,,,,,,,,,,,,,,,,,,,,,,,,,,,,,,,,,,,,,,,,,,,,,,,,,,,,,,
2011,primary,masten,MAS,13,13th District ……………,Buffalo MAS 13,,,5.0,66.0,,,,,,,,,,,,,,,,,,,,,,,,42.0,,,,,,,,,,,,,,,19.0,,,,,,,,,,,,,,,,,,,,,,,,,,,,,,,,,,,,,,,,,,,,,,,,,,,,,,,,,,,,,,
2011,primary,masten,MAS,14,14th District ……………,Buffalo MAS 14,,,5.0,85.0,,,,,,,,,,,,,,,,,,,,,,,,58.0,,,,,,,,,,,,,,,22.0,,,,,,,,,,,,,,,,,,,,,,,,,,,,,,,,,,,,,,,,,,,,,,,,,,,,,,,,,,,,,,
2011,primary,masten,MAS,15,15th District ……………,Buffalo MAS 15,,,8.0,173.0,,,,,,,,,,,,,,,,,,,,,,,,102.0,,,,,,,,,,,,,,,63.0,,,,,,,,,,,,,,,,,,,,,,,,,,,,,,,,,,,,,,,,,,,,,,,,,,,,,,,,,,,,,,
2011,primary,masten,MAS,16,16th District ……………,Buffalo MAS 16,,,3.0,155.0,,,,,,,,,,,,,,,,,,,,,,,,114.0,,,,,,,,,,,,,,,38.0,,,,,,,,,,,,,,,,,,,,,,,,,,,,,,,,,,,,,,,,,,,,,,,,,,,,,,,,,,,,,,
2011,primary,masten,MAS,23,23rd District ……………,Buffalo MAS 23,,,4.0,81.0,,,,,,,,,,,,,,,,,,,,,,,,61.0,,,,,,,,,,,,,,,16.0,,,,,,,,,,,,,,,,,,,,,,,,,,,,,,,,,,,,,,,,,,,,,,,,,,,,,,,,,,,,,,
2011,primary,masten,MAS,25,25th District ……………,Buffalo MAS 25,,,5.0,136.0,,,,,,,,,,,,,,,,,,,,,,,,101.0,,,,,,,,,,,,,,,30.0,,,,,,,,,,,,,,,,,,,,,,,,,,,,,,,,,,,,,,,,,,,,,,,,,,,,,,,,,,,,,,
2011,primary,masten,MAS,28,28th District ……………,Buffalo MAS 28,,,6.0,224.0,,,,,,,,,,,,,,,,,,,,,,,,164.0,,,,,,,,,,,,,,,54.0,,,,,,,,,,,,,,,,,,,,,,,,,,,,,,,,,,,,,,,,,,,,,,,,,,,,,,,,,,,,,,
2011,primary,masten,MAS,38,38th District ……………,Buffalo MAS 38,,,2.0,108.0,,,,,,,,,,,,,,,,,,,,,,,,68.0,,,,,,,,,,,,,,,38.0,,,,,,,,,,,,,,,,,,,,,,,,,,,,,,,,,,,,,,,,,,,,,,,,,,,,,,,,,,,,,,
2011,primary,masten,MAS,42,42nd District..............,Buffalo MAS 42,,,0.0,19.0,,,,,,,,,,,,,,,,,,,,,,,,12.0,,,,,,,,,,,,,,,7.0,,,,,,,,,,,,,,,,,,,,,,,,,,,,,,,,,,,,,,,,,,,,,,,,,,,,,,,,,,,,,,
2011,primary,north,NOR,1,1st District ……………,Buffalo NOR 1,,,2.0,193.0,,,,,,,,,,,,,,,,,,,,,,,,,,,,,,170.0,,,,,,,,,,21.0,,,,,,,,,,,,,,,,,,,,,,,,,,,,,,,,,,,,,,,,,,,,,,,,,,,,,,,,,,,,,
2011,primary,north,NOR,2,2nd District ……………,Buffalo NOR 2,,,9.0,94.0,,,,,,,,,,,,,,,,,,,,,,,,,,,,,,66.0,,,,,,,,,,19.0,,,,,,,,,,,,,,,,,,,,,,,,,,,,,,,,,,,,,,,,,,,,,,,,,,,,,,,,,,,,,
2011,primary,north,NOR,4,4th District ……………,Buffalo NOR 4,,,2.0,121.0,,,,,,,,,,,,,,,,,,,,,,,,,,,,,,108.0,,,,,,,,,,11.0,,,,,,,,,,,,,,,,,,,,,,,,,,,,,,,,,,,,,,,,,,,,,,,,,,,,,,,,,,,,,
2011,primary,north,NOR,5,5th District ……………,Buffalo NOR 5,,,0.0,126.0,,,,,,,,,,,,,,,,,,,,,,,,,,,,,,106.0,,,,,,,,,,20.0,,,,,,,,,,,,,,,,,,,,,,,,,,,,,,,,,,,,,,,,,,,,,,,,,,,,,,,,,,,,,
2011,primary,north,NOR,8,8th District ……………,Buffalo NOR 8,,,0.0,21.0,,,,,,,,,,,,,,,,,,,,,,,,,,,,,,18.0,,,,,,,,,,3.0,,,,,,,,,,,,,,,,,,,,,,,,,,,,,,,,,,,,,,,,,,,,,,,,,,,,,,,,,,,,,
2011,primary,north,NOR,9,9th District ……………,Buffalo NOR 9,,,9.0,90.0,,,,,,,,,,,,,,,,,,,,,,,,,,,,,,72.0,,,,,,,,,,9.0,,,,,,,,,,,,,,,,,,,,,,,,,,,,,,,,,,,,,,,,,,,,,,,,,,,,,,,,,,,,,
2011,primary,north,NOR,10,10th District ……………,Buffalo NOR 10,,,4.0,75.0,,,,,,,,,,,,,,,,,,,,,,,,,,,,,,49.0,,,,,,,,,,22.0,,,,,,,,,,,,,,,,,,,,,,,,,,,,,,,,,,,,,,,,,,,,,,,,,,,,,,,,,,,,,
2011,primary,north,NOR,12,12th District ……………,Buffalo NOR 12,,,1.0,153.0,,,,,,,,,,,,,,,,,,,,,,,,,,,,,,129.0,,,,,,,,,,23.0,,,,,,,,,,,,,,,,,,,,,,,,,,,,,,,,,,,,,,,,,,,,,,,,,,,,,,,,,,,,,
2011,primary,north,NOR,16,16th District ……………,Buffalo NOR 16,,,6.0,164.0,,,,,,,,,,,,,,,,,,,,,,,,,,,,,,131.0,,,,,,,,,,27.0,,,,,,,,,,,,,,,,,,,,,,,,,,,,,,,,,,,,,,,,,,,,,,,,,,,,,,,,,,,,,
2011,primary,north,NOR,17,17th District ……………,Buffalo NOR 17,,,2.0,78.0,,,,,,,,,,,,,,,,,,,,,,,,,,,,,,63.0,,,,,,,,,,13.0,,,,,,,,,,,,,,,,,,,,,,,,,,,,,,,,,,,,,,,,,,,,,,,,,,,,,,,,,,,,,
2011,primary,north,NOR,19,19th District ……………,Buffalo NOR 19,,,2.0,29.0,,,,,,,,,,,,,,,,,,,,,,,,,,,,,,16.0,,,,,,,,,,11.0,,,,,,,,,,,,,,,,,,,,,,,,,,,,,,,,,,,,,,,,,,,,,,,,,,,,,,,,,,,,,
2011,primary,north,NOR,22,22nd District...............,Buffalo NOR 22,,,2.0,20.0,,,,,,,,,,,,,,,,,,,,,,,,,,,,,,15.0,,,,,,,,,,3.0,,,,,,,,,,,,,,,,,,,,,,,,,,,,,,,,,,,,,,,,,,,,,,,,,,,,,,,,,,,,,
2011,primary,north,NOR,24,24th District ……………,Buffalo NOR 24,,,5.0,77.0,,,,,,,,,,,,,,,,,,,,,,,,,,,,,,50.0,,,,,,,,,,22.0,,,,,,,,,,,,,,,,,,,,,,,,,,,,,,,,,,,,,,,,,,,,,,,,,,,,,,,,,,,,,
2011,primary,north,NOR,26,26th District ……………,Buffalo NOR 26,,,2.0,90.0,,,,,,,,,,,,,,,,,,,,,,,,,,,,,,84.0,,,,,,,,,,4.0,,,,,,,,,,,,,,,,,,,,,,,,,,,,,,,,,,,,,,,,,,,,,,,,,,,,,,,,,,,,,
2011,primary,north,NOR,27,27th District ……………,Buffalo NOR 27,,,0.0,4.0,,,,,,,,,,,,,,,,,,,,,,,,,,,,,,1.0,,,,,,,,,,3.0,,,,,,,,,,,,,,,,,,,,,,,,,,,,,,,,,,,,,,,,,,,,,,,,,,,,,,,,,,,,,
2011,primary,university,UNI,1,1st District ……………,Buffalo UNI 1,,,5.0,96.0,,,,,,,,,,,,,,71.0,,,,,,,,,,,,,,,,,,,,,,,,,,,18.0,2.0,,,,,,,,,,,,,,,,,,,,,,,,,,,,,,,,,,,,,,,,,,,,,,,,,,,,,,,,,,,
2011,primary,university,UNI,2,2nd District ……………,Buffalo UNI 2,,,6.0,177.0,,,,,,,,,,,,,,103.0,,,,,,,,,,,,,,,,,,,,,,,,,,,34.0,34.0,,,,,,,,,,,,,,,,,,,,,,,,,,,,,,,,,,,,,,,,,,,,,,,,,,,,,,,,,,,
2011,primary,university,UNI,3,3rd District ……………,Buffalo UNI 3,,,3.0,99.0,,,,,,,,,,,,,,55.0,,,,,,,,,,,,,,,,,,,,,,,,,,,33.0,8.0,,,,,,,,,,,,,,,,,,,,,,,,,,,,,,,,,,,,,,,,,,,,,,,,,,,,,,,,,,,
2011,primary,university,UNI,4,4th District ……………,Buffalo UNI 4,,,3.0,143.0,,,,,,,,,,,,,,109.0,,,,,,,,,,,,,,,,,,,,,,,,,,,29.0,2.0,,,,,,,,,,,,,,,,,,,,,,,,,,,,,,,,,,,,,,,,,,,,,,,,,,,,,,,,,,,
2011,primary,university,UNI,5,5th District ……………,Buffalo UNI 5,,,2.0,184.0,,,,,,,,,,,,,,132.0,,,,,,,,,,,,,,,,,,,,,,,,,,,46.0,4.0,,,,,,,,,,,,,,,,,,,,,,,,,,,,,,,,,,,,,,,,,,,,,,,,,,,,,,,,,,,
2011,primary,university,UNI,6,6th District ……………,Buffalo UNI 6,,,1.0,154.0,,,,,,,,,,,,,,119.0,,,,,,,,,,,,,,,,,,,,,,,,,,,31.0,3.0,,,,,,,,,,,,,,,,,,,,,,,,,,,,,,,,,,,,,,,,,,,,,,,,,,,,,,,,,,,
2011,primary,university,UNI,7,7th District ……………,Buffalo UNI 7,,,5.0,154.0,,,,,,,,,,,,,,97.0,,,,,,,,,,,,,,,,,,,,,,,,,,,43.0,9.0,,,,,,,,,,,,,,,,,,,,,,,,,,,,,,,,,,,,,,,,,,,,,,,,,,,,,,,,,,,
2011,primary,university,UNI,9,9th District ……………,Buffalo UNI 9,,,2.0,117.0,,,,,,,,,,,,,,84.0,,,,,,,,,,,,,,,,,,,,,,,,,,,29.0,2.0,,,,,,,,,,,,,,,,,,,,,,,,,,,,,,,,,,,,,,,,,,,,,,,,,,,,,,,,,,,
2011,primary,university,UNI,10,10th District ……………,Buffalo UNI 10,,,1.0,69.0,,,,,,,,,,,,,,47.0,,,,,,,,,,,,,,,,,,,,,,,,,,,19.0,2.0,,,,,,,,,,,,,,,,,,,,,,,,,,,,,,,,,,,,,,,,,,,,,,,,,,,,,,,,,,,
2011,primary,university,UNI,11,11th District ……………,Buffalo UNI 11,,,18.0,219.0,,,,,,,,,,,,,,99.0,,,,,,,,,,,,,,,,,,,,,,,,,,,54.0,48.0,,,,,,,,,,,,,,,,,,,,,,,,,,,,,,,,,,,,,,,,,,,,,,,,,,,,,,,,,,,
2011,primary,university,UNI,14,14th District ……………,Buffalo UNI 14,,,0.0,0.0,,,,,,,,,,,,,,0.0,,,,,,,,,,,,,,,,,,,,,,,,,,,0.0,0.0,,,,,,,,,,,,,,,,,,,,,,,,,,,,,,,,,,,,,,,,,,,,,,,,,,,,,,,,,,,
2011,primary,university,UNI,16,16th District ……………,Buffalo UNI 16,,,2.0,165.0,,,,,,,,,,,,,,128.0,,,,,,,,,,,,,,,,,,,,,,,,,,,30.0,5.0,,,,,,,,,,,,,,,,,,,,,,,,,,,,,,,,,,,,,,,,,,,,,,,,,,,,,,,,,,,
2011,primary,university,UNI,19,19th District ……………,Buffalo UNI 19,,,4.0,108.0,,,,,,,,,,,,,,85.0,,,,,,,,,,,,,,,,,,,,,,,,,,,19.0,0.0,,,,,,,,,,,,,,,,,,,,,,,,,,,,,,,,,,,,,,,,,,,,,,,,,,,,,,,,,,,
2011,primary,university,UNI,25,25th District ……………,Buffalo UNI 25,,,1.0,80.0,,,,,,,,,,,,,,59.0,,,,,,,,,,,,,,,,,,,,,,,,,,,19.0,1.0,,,,,,,,,,,,,,,,,,,,,,,,,,,,,,,,,,,,,,,,,,,,,,,,,,,,,,,,,,,
2011,primary,university,UNI,26,26th District ……………,Buffalo UNI 26,,,1.0,155.0,,,,,,,,,,,,,,110.0,,,,,,,,,,,,,,,,,,,,,,,,,,,43.0,1.0,,,,,,,,,,,,,,,,,,,,,,,,,,,,,,,,,,,,,,,,,,,,,,,,,,,,,,,,,,,
2015,general,delaware,DEL,1,1st District ……………,Buffalo DEL 1,,,0.0,3.0,,,,,,,,,,,,,,,,,,,,,,,,,,,,,,,,,,,,,,,,,,,3.0,0.0,,,,,,,,,,,,,,,,,,,,,,,,,,,,,,,,,,,,,,,,,,,,,,,,,,,,,,,,,
2015,general,delaware,DEL,2,2nd District ……………,Buffalo DEL 2,,,12.0,268.0,,,,,,,,,,,,,,,,,,,,,,,,,,,,,,,,,,,,,,,,,,,151.0,105.0,,,,,,,,,,,,,,,,,,,,,,,,,,,,,,,,,,,,,,,,,,,,,,,,,,,,,,,,,
2015,general,delaware,DEL,3,3rd District ……………,Buffalo DEL 3,,,7.0,162.0,,,,,,,,,,,,,,,,,,,,,,,,,,,,,,,,,,,,,,,,,,,113.0,42.0,,,,,,,,,,,,,,,,,,,,,,,,,,,,,,,,,,,,,,,,,,,,,,,,,,,,,,,,,
2015,general,delaware,DEL,4,4th District ……………,Buffalo DEL 4,,,10.0,106.0,,,,,,,,,,,,,,,,,,,,,,,,,,,,,,,,,,,,,,,,,,,66.0,30.0,,,,,,,,,,,,,,,,,,,,,,,,,,,,,,,,,,,,,,,,,,,,,,,,,,,,,,,,,
2015,general,delaware,DEL,5,5th District ……………,Buffalo DEL 5,,,8.0,105.0,,,,,,,,,,,,,,,,,,,,,,,,,,,,,,,,,,,,,,,,,,,75.0,22.0,,,,,,,,,,,,,,,,,,,,,,,,,,,,,,,,,,,,,,,,,,,,,,,,,,,,,,,,,
2015,general,delaware,DEL,6,6th District ……………,Buffalo DEL 6,,,6.0,95.0,,,,,,,,,,,,,,,,,,,,,,,,,,,,,,,,,,,,,,,,,,,72.0,17.0,,,,,,,,,,,,,,,,,,,,,,,,,,,,,,,,,,,,,,,,,,,,,,,,,,,,,,,,,
2015,general,delaware,DEL,7,7th District ……………,Buffalo DEL 7,,,12.0,163.0,,,,,,,,,,,,,,,,,,,,,,,,,,,,,,,,,,,,,,,,,,,116.0,35.0,,,,,,,,,,,,,,,,,,,,,,,,,,,,,,,,,,,,,,,,,,,,,,,,,,,,,,,,,
2015,general,delaware,DEL,8,8th District ……………,Buffalo DEL 8,,,11.0,223.0,,,,,,,,,,,,,,,,,,,,,,,,,,,,,,,,,,,,,,,,,,,152.0,60.0,,,,,,,,,,,,,,,,,,,,,,,,,,,,,,,,,,,,,,,,,,,,,,,,,,,,,,,,,
2015,general,delaware,DEL,9,9th District ……………,Buffalo DEL 9,,,7.0,296.0,,,,,,,,,,,,,,,,,,,,,,,,,,,,,,,,,,,,,,,,,,,219.0,70.0,,,,,,,,,,,,,,,,,,,,,,,,,,,,,,,,,,,,,,,,,,,,,,,,,,,,,,,,,
2015,general,delaware,DEL,10,10th District ……………,Buffalo DEL 10,,,5.0,121.0,,,,,,,,,,,,,,,,,,,,,,,,,,,,,,,,,,,,,,,,,,,80.0,36.0,,,,,,,,,,,,,,,,,,,,,,,,,,,,,,,,,,,,,,,,,,,,,,,,,,,,,,,,,
2015,general,delaware,DEL,11,11th District ……………,Buffalo DEL 11,,,7.0,183.0,,,,,,,,,,,,,,,,,,,,,,,,,,,,,,,,,,,,,,,,,,,132.0,44.0,,,,,,,,,,,,,,,,,,,,,,,,,,,,,,,,,,,,,,,,,,,,,,,,,,,,,,,,,
2015,general,delaware,DEL,12,12th District ……………,Buffalo DEL 12,,,5.0,176.0,,,,,,,,,,,,,,,,,,,,,,,,,,,,,,,,,,,,,,,,,,,112.0,59.0,,,,,,,,,,,,,,,,,,,,,,,,,,,,,,,,,,,,,,,,,,,,,,,,,,,,,,,,,
2015,general,delaware,DEL,13,13th District ……………,Buffalo DEL 13,,,5.0,79.0,,,,,,,,,,,,,,,,,,,,,,,,,,,,,,,,,,,,,,,,,,,57.0,17.0,,,,,,,,,,,,,,,,,,,,,,,,,,,,,,,,,,,,,,,,,,,,,,,,,,,,,,,,,
2015,general,delaware,DEL,14,14th District ……………,Buffalo DEL 14,,,5.0,120.0,,,,,,,,,,,,,,,,,,,,,,,,,,,,,,,,,,,,,,,,,,,89.0,26.0,,,,,,,,,,,,,,,,,,,,,,,,,,,,,,,,,,,,,,,,,,,,,,,,,,,,,,,,,
2015,general,delaware,DEL,15,15th District ……………,Buffalo DEL 15,,,0.0,83.0,,,,,,,,,,,,,,,,,,,,,,,,,,,,,,,,,,,,,,,,,,,62.0,21.0,,,,,,,,,,,,,,,,,,,,,,,,,,,,,,,,,,,,,,,,,,,,,,,,,,,,,,,,,
2015,general,delaware,DEL,16,16th District ……………,Buffalo DEL 16,,,17.0,219.0,,,,,,,,,,,,,,,,,,,,,,,,,,,,,,,,,,,,,,,,,,,147.0,55.0,,,,,,,,,,,,,,,,,,,,,,,,,,,,,,,,,,,,,,,,,,,,,,,,,,,,,,,,,
2015,general,delaware,DEL,17,17th District ……………,Buffalo DEL 17,,,8.0,175.0,,,,,,,,,,,,,,,,,,,,,,,,,,,,,,,,,,,,,,,,,,,116.0,51.0,,,,,,,,,,,,,,,,,,,,,,,,,,,,,,,,,,,,,,,,,,,,,,,,,,,,,,,,,
2015,general,delaware,DEL,18,18th District ……………,Buffalo DEL 18,,,5.0,72.0,,,,,,,,,,,,,,,,,,,,,,,,,,,,,,,,,,,,,,,,,,,46.0,21.0,,,,,,,,,,,,,,,,,,,,,,,,,,,,,,,,,,,,,,,,,,,,,,,,,,,,,,,,,
2015,general,delaware,DEL,19,19th District ……………,Buffalo DEL 19,,,5.0,141.0,,,,,,,,,,,,,,,,,,,,,,,,,,,,,,,,,,,,,,,,,,,97.0,39.0,,,,,,,,,,,,,,,,,,,,,,,,,,,,,,,,,,,,,,,,,,,,,,,,,,,,,,,,,
2015,general,delaware,DEL,20,20th District ……………,Buffalo DEL 20,,,6.0,132.0,,,,,,,,,,,,,,,,,,,,,,,,,,,,,,,,,,,,,,,,,,,75.0,51.0,,,,,,,,,,,,,,,,,,,,,,,,,,,,,,,,,,,,,,,,,,,,,,,,,,,,,,,,,
2015,general,delaware,DEL,21,21st District ……………,Buffalo DEL 21,,,9.0,221.0,,,,,,,,,,,,,,,,,,,,,,,,,,,,,,,,,,,,,,,,,,,108.0,104.0,,,,,,,,,,,,,,,,,,,,,,,,,,,,,,,,,,,,,,,,,,,,,,,,,,,,,,,,,
2015,general,delaware,DEL,22,22nd District ……………,Buffalo DEL 22,,,3.0,81.0,,,,,,,,,,,,,,,,,,,,,,,,,,,,,,,,,,,,,,,,,,,39.0,39.0,,,,,,,,,,,,,,,,,,,,,,,,,,,,,,,,,,,,,,,,,,,,,,,,,,,,,,,,,
2015,general,delaware,DEL,23,23rd District ……………,Buffalo DEL 23,,,6.0,209.0,,,,,,,,,,,,,,,,,,,,,,,,,,,,,,,,,,,,,,,,,,,157.0,46.0,,,,,,,,,,,,,,,,,,,,,,,,,,,,,,,,,,,,,,,,,,,,,,,,,,,,,,,,,
2015,general,delaware,DEL,24,24th District ……………,Buffalo DEL 24,,,4.0,141.0,,,,,,,,,,,,,,,,,,,,,,,,,,,,,,,,,,,,,,,,,,,116.0,21.0,,,,,,,,,,,,,,,,,,,,,,,,,,,,,,,,,,,,,,,,,,,,,,,,,,,,,,,,,
2015,general,delaware,DEL,25,25th District ……………,Buffalo DEL 25,,,11.0,195.0,,,,,,,,,,,,,,,,,,,,,,,,,,,,,,,,,,,,,,,,,,,138.0,46.0,,,,,,,,,,,,,,,,,,,,,,,,,,,,,,,,,,,,,,,,,,,,,,,,,,,,,,,,,
2015,general,delaware,DEL,26,26th District ……………,Buffalo DEL 26,,,3.0,165.0,,,,,,,,,,,,,,,,,,,,,,,,,,,,,,,,,,,,,,,,,,,89.0,73.0,,,,,,,,,,,,,,,,,,,,,,,,,,,,,,,,,,,,,,,,,,,,,,,,,,,,,,,,,
2015,general,delaware,DEL,27,27th District ……………,Buffalo DEL 27,,,13.0,81.0,,,,,,,,,,,,,,,,,,,,,,,,,,,,,,,,,,,,,,,,,,,55.0,13.0,,,,,,,,,,,,,,,,,,,,,,,,,,,,,,,,,,,,,,,,,,,,,,,,,,,,,,,,,
2015,general,delaware,DEL,28,28th District ……………,Buffalo DEL 28,,,5.0,103.0,,,,,,,,,,,,,,,,,,,,,,,,,,,,,,,,,,,,,,,,,,,71.0,27.0,,,,,,,,,,,,,,,,,,,,,,,,,,,,,,,,,,,,,,,,,,,,,,,,,,,,,,,,,
2015,general,delaware,DEL,29,29th District ……………,Buffalo DEL 29,,,7.0,147.0,,,,,,,,,,,,,,,,,,,,,,,,,,,,,,,,,,,,,,,,,,,108.0,32.0,,,,,,,,,,,,,,,,,,,,,,,,,,,,,,,,,,,,,,,,,,,,,,,,,,,,,,,,,
2015,general,delaware,DEL,30,30th District ……………,Buffalo DEL 30,,,9.0,225.0,,,,,,,,,,,,,,,,,,,,,,,,,,,,,,,,,,,,,,,,,,,149.0,67.0,,,,,,,,,,,,,,,,,,,,,,,,,,,,,,,,,,,,,,,,,,,,,,,,,,,,,,,,,
2015,general,delaware,DEL,31,31st District ……………,Buffalo DEL 31,,,13.0,240.0,,,,,,,,,,,,,,,,,,,,,,,,,,,,,,,,,,,,,,,,,,,183.0,44.0,,,,,,,,,,,,,,,,,,,,,,,,,,,,,,,,,,,,,,,,,,,,,,,,,,,,,,,,,
2015,general,delaware,DEL,32,32nd District ……………,Buffalo DEL 32,,,12.0,254.0,,,,,,,,,,,,,,,,,,,,,,,,,,,,,,,,,,,,,,,,,,,160.0,82.0,,,,,,,,,,,,,,,,,,,,,,,,,,,,,,,,,,,,,,,,,,,,,,,,,,,,,,,,,
2015,general,delaware,DEL,33,33rd District ……………,Buffalo DEL 33,,,9.0,143.0,,,,,,,,,,,,,,,,,,,,,,,,,,,,,,,,,,,,,,,,,,,103.0,31.0,,,,,,,,,,,,,,,,,,,,,,,,,,,,,,,,,,,,,,,,,,,,,,,,,,,,,,,,,
2015,general,delaware,DEL,34,34th District ……………,Buffalo DEL 34,,,23.0,185.0,,,,,,,,,,,,,,,,,,,,,,,,,,,,,,,,,,,,,,,,,,,105.0,57.0,,,,,,,,,,,,,,,,,,,,,,,,,,,,,,,,,,,,,,,,,,,,,,,,,,,,,,,,,
2015,general,ellicott,ELL,1,1st District ……………,Buffalo ELL 1,,,22.0,231.0,,,,,,,,,,,,,,,,,,,,,,,,,,,,,,,,,,,,,182.0,,,,,,,,27.0,,,,,,,,,,,,,,,,,,,,,,,,,,,,,,,,,,,,,,,,,,,,,,,,,,,,,,,,
2015,general,ellicott,ELL,2,2nd District ……………,Buffalo ELL 2,,,7.0,50.0,,,,,,,,,,,,,,,,,,,,,,,,,,,,,,,,,,,,,30.0,,,,,,,,13.0,,,,,,,,,,,,,,,,,,,,,,,,,,,,,,,,,,,,,,,,,,,,,,,,,,,,,,,,
2015,general,ellicott,ELL,3,3rd District ……………,Buffalo ELL 3,,,22.0,164.0,,,,,,,,,,,,,,,,,,,,,,,,,,,,,,,,,,,,,133.0,,,,,,,,9.0,,,,,,,,,,,,,,,,,,,,,,,,,,,,,,,,,,,,,,,,,,,,,,,,,,,,,,,,
2015,general,ellicott,ELL,4,4th District ……………,Buffalo ELL 4,,,2.0,53.0,,,,,,,,,,,,,,,,,,,,,,,,,,,,,,,,,,,,,42.0,,,,,,,,9.0,,,,,,,,,,,,,,,,,,,,,,,,,,,,,,,,,,,,,,,,,,,,,,,,,,,,,,,,
2015,general,ellicott,ELL,5,5th District ……………,Buffalo ELL 5,,,1.0,39.0,,,,,,,,,,,,,,,,,,,,,,,,,,,,,,,,,,,,,36.0,,,,,,,,2.0,,,,,,,,,,,,,,,,,,,,,,,,,,,,,,,,,,,,,,,,,,,,,,,,,,,,,,,,
2015,general,ellicott,ELL,6,6th District ……………,Buffalo ELL 6,,,0.0,52.0,,,,,,,,,,,,,,,,,,,,,,,,,,,,,,,,,,,,,45.0,,,,,,,,7.0,,,,,,,,,,,,,,,,,,,,,,,,,,,,,,,,,,,,,,,,,,,,,,,,,,,,,,,,
2015,general,ellicott,ELL,7,7th District ……………,Buffalo ELL 7,,,4.0,71.0,,,,,,,,,,,,,,,,,,,,,,,,,,,,,,,,,,,,,65.0,,,,,,,,2.0,,,,,,,,,,,,,,,,,,,,,,,,,,,,,,,,,,,,,,,,,,,,,,,,,,,,,,,,
2015,general,ellicott,ELL,8,8th District ……………,Buffalo ELL 8,,,3.0,20.0,,,,,,,,,,,,,,,,,,,,,,,,,,,,,,,,,,,,,15.0,,,,,,,,2.0,,,,,,,,,,,,,,,,,,,,,,,,,,,,,,,,,,,,,,,,,,,,,,,,,,,,,,,,
2015,general,ellicott,ELL,9,9th District ……………,Buffalo ELL 9,,,1.0,32.0,,,,,,,,,,,,,,,,,,,,,,,,,,,,,,,,,,,,,25.0,,,,,,,,6.0,,,,,,,,,,,,,,,,,,,,,,,,,,,,,,,,,,,,,,,,,,,,,,,,,,,,,,,,
2015,general,ellicott,ELL,10,10th District ……………,Buffalo ELL 10,,,2.0,60.0,,,,,,,,,,,,,,,,,,,,,,,,,,,,,,,,,,,,,54.0,,,,,,,,4.0,,,,,,,,,,,,,,,,,,,,,,,,,,,,,,,,,,,,,,,,,,,,,,,,,,,,,,,,
2015,general,ellicott,ELL,11,11th District ……………,Buffalo ELL 11,,,0.0,62.0,,,,,,,,,,,,,,,,,,,,,,,,,,,,,,,,,,,,,49.0,,,,,,,,13.0,,,,,,,,,,,,,,,,,,,,,,,,,,,,,,,,,,,,,,,,,,,,,,,,,,,,,,,,
2015,general,ellicott,ELL,12,12th District ……………,Buffalo ELL 12,,,2.0,114.0,,,,,,,,,,,,,,,,,,,,,,,,,,,,,,,,,,,,,108.0,,,,,,,,4.0,,,,,,,,,,,,,,,,,,,,,,,,,,,,,,,,,,,,,,,,,,,,,,,,,,,,,,,,
2015,general,ellicott,ELL,13,13th District ……………,Buffalo ELL 13,,,1.0,115.0,,,,,,,,,,,,,,,,,,,,,,,,,,,,,,,,,,,,,100.0,,,,,,,,14.0,,,,,,,,,,,,,,,,,,,,,,,,,,,,,,,,,,,,,,,,,,,,,,,,,,,,,,,,
2015,general,ellicott,ELL,14,14th District ……………,Buffalo ELL 14,,,6.0,41.0,,,,,,,,,,,,,,,,,,,,,,,,,,,,,,,,,,,,,25.0,,,,,,,,10.0,,,,,,,,,,,,,,,,,,,,,,,,,,,,,,,,,,,,,,,,,,,,,,,,,,,,,,,,
2015,general,ellicott,ELL,15,15th District ……………,Buffalo ELL 15,,,13.0,87.0,,,,,,,,,,,,,,,,,,,,,,,,,,,,,,,,,,,,,65.0,,,,,,,,9.0,,,,,,,,,,,,,,,,,,,,,,,,,,,,,,,,,,,,,,,,,,,,,,,,,,,,,,,,
2015,general,ellicott,ELL,16,16th District ……………,Buffalo ELL 16,,,15.0,103.0,,,,,,,,,,,,,,,,,,,,,,,,,,,,,,,,,,,,,72.0,,,,,,,,16.0,,,,,,,,,,,,,,,,,,,,,,,,,,,,,,,,,,,,,,,,,,,,,,,,,,,,,,,,
2015,general,ellicott,ELL,17,17th District ……………,Buffalo ELL 17,,,7.0,71.0,,,,,,,,,,,,,,,,,,,,,,,,,,,,,,,,,,,,,55.0,,,,,,,,9.0,,,,,,,,,,,,,,,,,,,,,,,,,,,,,,,,,,,,,,,,,,,,,,,,,,,,,,,,
2015,general,ellicott,ELL,18,18th District ……………,Buffalo ELL 18,,,1.0,61.0,,,,,,,,,,,,,,,,,,,,,,,,,,,,,,,,,,,,,56.0,,,,,,,,4.0,,,,,,,,,,,,,,,,,,,,,,,,,,,,,,,,,,,,,,,,,,,,,,,,,,,,,,,,
2015,general,ellicott,ELL,19,19th District ……………,Buffalo ELL 19,,,0.0,148.0,,,,,,,,,,,,,,,,,,,,,,,,,,,,,,,,,,,,,143.0,,,,,,,,5.0,,,,,,,,,,,,,,,,,,,,,,,,,,,,,,,,,,,,,,,,,,,,,,,,,,,,,,,,
2015,general,ellicott,ELL,20,20th District ……………,Buffalo ELL 20,,,3.0,66.0,,,,,,,,,,,,,,,,,,,,,,,,,,,,,,,,,,,,,61.0,,,,,,,,2.0,,,,,,,,,,,,,,,,,,,,,,,,,,,,,,,,,,,,,,,,,,,,,,,,,,,,,,,,
2015,general,ellicott,ELL,21,21st District ……………,Buffalo ELL 21,,,2.0,99.0,,,,,,,,,,,,,,,,,,,,,,,,,,,,,,,,,,,,,89.0,,,,,,,,8.0,,,,,,,,,,,,,,,,,,,,,,,,,,,,,,,,,,,,,,,,,,,,,,,,,,,,,,,,
2015,general,ellicott,ELL,22,22nd District ……………,Buffalo ELL 22,,,2.0,117.0,,,,,,,,,,,,,,,,,,,,,,,,,,,,,,,,,,,,,107.0,,,,,,,,8.0,,,,,,,,,,,,,,,,,,,,,,,,,,,,,,,,,,,,,,,,,,,,,,,,,,,,,,,,
2015,general,ellicott,ELL,23,23rd District ……………,Buffalo ELL 23,,,0.0,78.0,,,,,,,,,,,,,,,,,,,,,,,,,,,,,,,,,,,,,75.0,,,,,,,,3.0,,,,,,,,,,,,,,,,,,,,,,,,,,,,,,,,,,,,,,,,,,,,,,,,,,,,,,,,
2015,general,ellicott,ELL,24,24th District ……………,Buffalo ELL 24,,,3.0,27.0,,,,,,,,,,,,,,,,,,,,,,,,,,,,,,,,,,,,,19.0,,,,,,,,5.0,,,,,,,,,,,,,,,,,,,,,,,,,,,,,,,,,,,,,,,,,,,,,,,,,,,,,,,,
2015,general,ellicott,ELL,25,25th District ……………,Buffalo ELL 25,,,5.0,39.0,,,,,,,,,,,,,,,,,,,,,,,,,,,,,,,,,,,,,28.0,,,,,,,,6.0,,,,,,,,,,,,,,,,,,,,,,,,,,,,,,,,,,,,,,,,,,,,,,,,,,,,,,,,
2015,general,ellicott,ELL,26,26th District ……………,Buffalo ELL 26,,,5.0,193.0,,,,,,,,,,,,,,,,,,,,,,,,,,,,,,,,,,,,,171.0,,,,,,,,17.0,,,,,,,,,,,,,,,,,,,,,,,,,,,,,,,,,,,,,,,,,,,,,,,,,,,,,,,,
2015,general,ellicott,ELL,27,27th District ……………,Buffalo ELL 27,,,1.0,85.0,,,,,,,,,,,,,,,,,,,,,,,,,,,,,,,,,,,,,83.0,,,,,,,,1.0,,,,,,,,,,,,,,,,,,,,,,,,,,,,,,,,,,,,,,,,,,,,,,,,,,,,,,,,
2015,general,ellicott,ELL,28,28th District ……………,Buffalo ELL 28,,,2.0,84.0,,,,,,,,,,,,,,,,,,,,,,,,,,,,,,,,,,,,,76.0,,,,,,,,6.0,,,,,,,,,,,,,,,,,,,,,,,,,,,,,,,,,,,,,,,,,,,,,,,,,,,,,,,,
2015,general,ellicott,ELL,29,29th District ……………,Buffalo ELL 29,,,6.0,172.0,,,,,,,,,,,,,,,,,,,,,,,,,,,,,,,,,,,,,157.0,,,,,,,,9.0,,,,,,,,,,,,,,,,,,,,,,,,,,,,,,,,,,,,,,,,,,,,,,,,,,,,,,,,
2015,general,ellicott,ELL,30,30th District ……………,Buffalo ELL 30,,,1.0,64.0,,,,,,,,,,,,,,,,,,,,,,,,,,,,,,,,,,,,,58.0,,,,,,,,5.0,,,,,,,,,,,,,,,,,,,,,,,,,,,,,,,,,,,,,,,,,,,,,,,,,,,,,,,,
2015,general,ellicott,ELL,31,31st District ……………,Buffalo ELL 31,,,8.0,185.0,,,,,,,,,,,,,,,,,,,,,,,,,,,,,,,,,,,,,167.0,,,,,,,,10.0,,,,,,,,,,,,,,,,,,,,,,,,,,,,,,,,,,,,,,,,,,,,,,,,,,,,,,,,
2015,general,ellicott,ELL,32,32nd District ……………,Buffalo ELL 32,,,2.0,52.0,,,,,,,,,,,,,,,,,,,,,,,,,,,,,,,,,,,,,49.0,,,,,,,,1.0,,,,,,,,,,,,,,,,,,,,,,,,,,,,,,,,,,,,,,,,,,,,,,,,,,,,,,,,
2015,general,ellicott,ELL,33,33rd District ……………,Buffalo ELL 33,,,4.0,80.0,,,,,,,,,,,,,,,,,,,,,,,,,,,,,,,,,,,,,72.0,,,,,,,,4.0,,,,,,,,,,,,,,,,,,,,,,,,,,,,,,,,,,,,,,,,,,,,,,,,,,,,,,,,
2015,general,ellicott,ELL,34,34th District ……………,Buffalo ELL 34,,,5.0,26.0,,,,,,,,,,,,,,,,,,,,,,,,,,,,,,,,,,,,,18.0,,,,,,,,3.0,,,,,,,,,,,,,,,,,,,,,,,,,,,,,,,,,,,,,,,,,,,,,,,,,,,,,,,,
2015,general,ellicott,ELL,35,35th District ……………,Buffalo ELL 35,,,25.0,109.0,,,,,,,,,,,,,,,,,,,,,,,,,,,,,,,,,,,,,81.0,,,,,,,,3.0,,,,,,,,,,,,,,,,,,,,,,,,,,,,,,,,,,,,,,,,,,,,,,,,,,,,,,,,
2015,general,ellicott,ELL,36,36th District ……………,Buffalo ELL 36,,,2.0,29.0,,,,,,,,,,,,,,,,,,,,,,,,,,,,,,,,,,,,,20.0,,,,,,,,7.0,,,,,,,,,,,,,,,,,,,,,,,,,,,,,,,,,,,,,,,,,,,,,,,,,,,,,,,,
2015,general,fillmore,FIL,1,1st District ……………,Buffalo FIL 1,,,8.0,121.0,,96.0,,,,,,,,,,,,,,,,,,,,,,,,,,,,,,,,,,,,,,,,,,,,17.0,,,,,,,,,,,,,,,,,,,,,,,,,,,,,,,,,,,,,,,,,,,,,,,,,,,,,,,
2015,general,fillmore,FIL,2,2nd District ……………,Buffalo FIL 2,,,4.0,98.0,,82.0,,,,,,,,,,,,,,,,,,,,,,,,,,,,,,,,,,,,,,,,,,,,12.0,,,,,,,,,,,,,,,,,,,,,,,,,,,,,,,,,,,,,,,,,,,,,,,,,,,,,,,
2015,general,fillmore,FIL,3,3rd District ……………,Buffalo FIL 3,,,6.0,87.0,,67.0,,,,,,,,,,,,,,,,,,,,,,,,,,,,,,,,,,,,,,,,,,,,14.0,,,,,,,,,,,,,,,,,,,,,,,,,,,,,,,,,,,,,,,,,,,,,,,,,,,,,,,
2015,general,fillmore,FIL,4,4th District ……………,Buffalo FIL 4,,,4.0,40.0,,27.0,,,,,,,,,,,,,,,,,,,,,,,,,,,,,,,,,,,,,,,,,,,,9.0,,,,,,,,,,,,,,,,,,,,,,,,,,,,,,,,,,,,,,,,,,,,,,,,,,,,,,,
2015,general,fillmore,FIL,5,5th District ……………,Buffalo FIL 5,,,7.0,85.0,,60.0,,,,,,,,,,,,,,,,,,,,,,,,,,,,,,,,,,,,,,,,,,,,18.0,,,,,,,,,,,,,,,,,,,,,,,,,,,,,,,,,,,,,,,,,,,,,,,,,,,,,,,
2015,general,fillmore,FIL,6,6th District ……………,Buffalo FIL 6,,,2.0,25.0,,14.0,,,,,,,,,,,,,,,,,,,,,,,,,,,,,,,,,,,,,,,,,,,,9.0,,,,,,,,,,,,,,,,,,,,,,,,,,,,,,,,,,,,,,,,,,,,,,,,,,,,,,,
2015,general,fillmore,FIL,7,7th District ……………,Buffalo FIL 7,,,7.0,78.0,,67.0,,,,,,,,,,,,,,,,,,,,,,,,,,,,,,,,,,,,,,,,,,,,4.0,,,,,,,,,,,,,,,,,,,,,,,,,,,,,,,,,,,,,,,,,,,,,,,,,,,,,,,
2015,general,fillmore,FIL,8,8th District ……………,Buffalo FIL 8,,,31.0,233.0,,162.0,,,,,,,,,,,,,,,,,,,,,,,,,,,,,,,,,,,,,,,,,,,,40.0,,,,,,,,,,,,,,,,,,,,,,,,,,,,,,,,,,,,,,,,,,,,,,,,,,,,,,,
2015,general,fillmore,FIL,9,9th District ……………,Buffalo FIL 9,,,6.0,38.0,,21.0,,,,,,,,,,,,,,,,,,,,,,,,,,,,,,,,,,,,,,,,,,,,11.0,,,,,,,,,,,,,,,,,,,,,,,,,,,,,,,,,,,,,,,,,,,,,,,,,,,,,,,
2015,general,fillmore,FIL,10,10th District ……………,Buffalo FIL 10,,,33.0,135.0,,89.0,,,,,,,,,,,,,,,,,,,,,,,,,,,,,,,,,,,,,,,,,,,,13.0,,,,,,,,,,,,,,,,,,,,,,,,,,,,,,,,,,,,,,,,,,,,,,,,,,,,,,,
2015,general,fillmore,FIL,11,11th District ……………,Buffalo FIL 11,,,27.0,146.0,,99.0,,,,,,,,,,,,,,,,,,,,,,,,,,,,,,,,,,,,,,,,,,,,20.0,,,,,,,,,,,,,,,,,,,,,,,,,,,,,,,,,,,,,,,,,,,,,,,,,,,,,,,
2015,general,fillmore,FIL,12,12th District ……………,Buffalo FIL 12,,,0.0,10.0,,9.0,,,,,,,,,,,,,,,,,,,,,,,,,,,,,,,,,,,,,,,,,,,,1.0,,,,,,,,,,,,,,,,,,,,,,,,,,,,,,,,,,,,,,,,,,,,,,,,,,,,,,,
2015,general,fillmore,FIL,13,13th District ……………,Buffalo FIL 13,,,16.0,170.0,,123.0,,,,,,,,,,,,,,,,,,,,,,,,,,,,,,,,,,,,,,,,,,,,31.0,,,,,,,,,,,,,,,,,,,,,,,,,,,,,,,,,,,,,,,,,,,,,,,,,,,,,,,
2015,general,fillmore,FIL,14,14th District ……………,Buffalo FIL 14,,,9.0,105.0,,85.0,,,,,,,,,,,,,,,,,,,,,,,,,,,,,,,,,,,,,,,,,,,,11.0,,,,,,,,,,,,,,,,,,,,,,,,,,,,,,,,,,,,,,,,,,,,,,,,,,,,,,,
2015,general,fillmore,FIL,15,15th District ……………,Buffalo FIL 15,,,5.0,49.0,,38.0,,,,,,,,,,,,,,,,,,,,,,,,,,,,,,,,,,,,,,,,,,,,6.0,,,,,,,,,,,,,,,,,,,,,,,,,,,,,,,,,,,,,,,,,,,,,,,,,,,,,,,
2015,general,fillmore,FIL,16,16th District ……………,Buffalo FIL 16,,,2.0,18.0,,14.0,,,,,,,,,,,,,,,,,,,,,,,,,,,,,,,,,,,,,,,,,,,,2.0,,,,,,,,,,,,,,,,,,,,,,,,,,,,,,,,,,,,,,,,,,,,,,,,,,,,,,,
2015,general,fillmore,FIL,17,17th District ……………,Buffalo FIL 17,,,2.0,17.0,,14.0,,,,,,,,,,,,,,,,,,,,,,,,,,,,,,,,,,,,,,,,,,,,1.0,,,,,,,,,,,,,,,,,,,,,,,,,,,,,,,,,,,,,,,,,,,,,,,,,,,,,,,
2015,general,fillmore,FIL,18,18th District ……………,Buffalo FIL 18,,,9.0,107.0,,76.0,,,,,,,,,,,,,,,,,,,,,,,,,,,,,,,,,,,,,,,,,,,,22.0,,,,,,,,,,,,,,,,,,,,,,,,,,,,,,,,,,,,,,,,,,,,,,,,,,,,,,,
2015,general,fillmore,FIL,19,19th District ……………,Buffalo FIL 19,,,12.0,114.0,,52.0,,,,,,,,,,,,,,,,,,,,,,,,,,,,,,,,,,,,,,,,,,,,50.0,,,,,,,,,,,,,,,,,,,,,,,,,,,,,,,,,,,,,,,,,,,,,,,,,,,,,,,
2015,general,fillmore,FIL,20,20th District ……………,Buffalo FIL 20,,,12.0,98.0,,68.0,,,,,,,,,,,,,,,,,,,,,,,,,,,,,,,,,,,,,,,,,,,,18.0,,,,,,,,,,,,,,,,,,,,,,,,,,,,,,,,,,,,,,,,,,,,,,,,,,,,,,,
2015,general,fillmore,FIL,21,21st District ……………,Buffalo FIL 21,,,3.0,41.0,,34.0,,,,,,,,,,,,,,,,,,,,,,,,,,,,,,,,,,,,,,,,,,,,4.0,,,,,,,,,,,,,,,,,,,,,,,,,,,,,,,,,,,,,,,,,,,,,,,,,,,,,,,
2015,general,fillmore,FIL,22,22nd District ……………,Buffalo FIL 22,,,2.0,24.0,,16.0,,,,,,,,,,,,,,,,,,,,,,,,,,,,,,,,,,,,,,,,,,,,6.0,,,,,,,,,,,,,,,,,,,,,,,,,,,,,,,,,,,,,,,,,,,,,,,,,,,,,,,
2015,general,fillmore,FIL,23,23rd District ……………,Buffalo FIL 23,,,2.0,23.0,,20.0,,,,,,,,,,,,,,,,,,,,,,,,,,,,,,,,,,,,,,,,,,,,1.0,,,,,,,,,,,,,,,,,,,,,,,,,,,,,,,,,,,,,,,,,,,,,,,,,,,,,,,
2015,general,fillmore,FIL,24,24th District ……………,Buffalo FIL 24,,,3.0,29.0,,23.0,,,,,,,,,,,,,,,,,,,,,,,,,,,,,,,,,,,,,,,,,,,,3.0,,,,,,,,,,,,,,,,,,,,,,,,,,,,,,,,,,,,,,,,,,,,,,,,,,,,,,,
2015,general,fillmore,FIL,25,25th District ……………,Buffalo FIL 25,,,4.0,77.0,,57.0,,,,,,,,,,,,,,,,,,,,,,,,,,,,,,,,,,,,,,,,,,,,16.0,,,,,,,,,,,,,,,,,,,,,,,,,,,,,,,,,,,,,,,,,,,,,,,,,,,,,,,
2015,general,fillmore,FIL,26,26th District ……………,Buffalo FIL 26,,,0.0,37.0,,33.0,,,,,,,,,,,,,,,,,,,,,,,,,,,,,,,,,,,,,,,,,,,,4.0,,,,,,,,,,,,,,,,,,,,,,,,,,,,,,,,,,,,,,,,,,,,,,,,,,,,,,,
2015,general,fillmore,FIL,27,27th District ……………,Buffalo FIL 27,,,3.0,58.0,,43.0,,,,,,,,,,,,,,,,,,,,,,,,,,,,,,,,,,,,,,,,,,,,12.0,,,,,,,,,,,,,,,,,,,,,,,,,,,,,,,,,,,,,,,,,,,,,,,,,,,,,,,
2015,general,fillmore,FIL,28,28th District ……………,Buffalo FIL 28,,,3.0,57.0,,37.0,,,,,,,,,,,,,,,,,,,,,,,,,,,,,,,,,,,,,,,,,,,,17.0,,,,,,,,,,,,,,,,,,,,,,,,,,,,,,,,,,,,,,,,,,,,,,,,,,,,,,,
2015,general,fillmore,FIL,29,29th District ……………,Buffalo FIL 29,,,24.0,66.0,,38.0,,,,,,,,,,,,,,,,,,,,,,,,,,,,,,,,,,,,,,,,,,,,4.0,,,,,,,,,,,,,,,,,,,,,,,,,,,,,,,,,,,,,,,,,,,,,,,,,,,,,,,
2015,general,fillmore,FIL,30,30th District ……………,Buffalo FIL 30,,,6.0,54.0,,39.0,,,,,,,,,,,,,,,,,,,,,,,,,,,,,,,,,,,,,,,,,,,,9.0,,,,,,,,,,,,,,,,,,,,,,,,,,,,,,,,,,,,,,,,,,,,,,,,,,,,,,,
2015,general,fillmore,FIL,31,31st District ……………,Buffalo FIL 31,,,11.0,38.0,,26.0,,,,,,,,,,,,,,,,,,,,,,,,,,,,,,,,,,,,,,,,,,,,1.0,,,,,,,,,,,,,,,,,,,,,,,,,,,,,,,,,,,,,,,,,,,,,,,,,,,,,,,
2015,general,fillmore,FIL,32,32nd District ……………,Buffalo FIL 32,,,1.0,43.0,,33.0,,,,,,,,,,,,,,,,,,,,,,,,,,,,,,,,,,,,,,,,,,,,9.0,,,,,,,,,,,,,,,,,,,,,,,,,,,,,,,,,,,,,,,,,,,,,,,,,,,,,,,
2015,general,fillmore,FIL,33,33rd District ……………,Buffalo FIL 33,,,3.0,46.0,,32.0,,,,,,,,,,,,,,,,,,,,,,,,,,,,,,,,,,,,,,,,,,,,11.0,,,,,,,,,,,,,,,,,,,,,,,,,,,,,,,,,,,,,,,,,,,,,,,,,,,,,,,
2015,general,fillmore,FIL,34,34th District ……………,Buffalo FIL 34,,,6.0,32.0,,16.0,,,,,,,,,,,,,,,,,,,,,,,,,,,,,,,,,,,,,,,,,,,,10.0,,,,,,,,,,,,,,,,,,,,,,,,,,,,,,,,,,,,,,,,,,,,,,,,,,,,,,,
2015,general,fillmore,FIL,35,35th District ……………,Buffalo FIL 35,,,7.0,44.0,,33.0,,,,,,,,,,,,,,,,,,,,,,,,,,,,,,,,,,,,,,,,,,,,4.0,,,,,,,,,,,,,,,,,,,,,,,,,,,,,,,,,,,,,,,,,,,,,,,,,,,,,,,
2015,general,lovejoy,LOV,1,1st District ……………,Buffalo LOV 1,,,5.0,25.0,,,,,0.0,,,,,,,,,,,,,,,,,,,,,,,,,,,,,,,,,20.0,,,,,,,,,,,,,,,,,,,,,,,,,,,,,,,,,,,,,,,,,,,,,,,,,,,,,,,,,,,,,,,
2015,general,lovejoy,LOV,2,2nd District ……………,Buffalo LOV 2,,,0.0,4.0,,,,,0.0,,,,,,,,,,,,,,,,,,,,,,,,,,,,,,,,,4.0,,,,,,,,,,,,,,,,,,,,,,,,,,,,,,,,,,,,,,,,,,,,,,,,,,,,,,,,,,,,,,,
2015,general,lovejoy,LOV,3,3rd District ……………,Buffalo LOV 3,,,12.0,67.0,,,,,3.0,,,,,,,,,,,,,,,,,,,,,,,,,,,,,,,,,52.0,,,,,,,,,,,,,,,,,,,,,,,,,,,,,,,,,,,,,,,,,,,,,,,,,,,,,,,,,,,,,,,
2015,general,lovejoy,LOV,4,4th District ……………,Buffalo LOV 4,,,13.0,65.0,,,,,0.0,,,,,,,,,,,,,,,,,,,,,,,,,,,,,,,,,52.0,,,,,,,,,,,,,,,,,,,,,,,,,,,,,,,,,,,,,,,,,,,,,,,,,,,,,,,,,,,,,,,
2015,general,lovejoy,LOV,5,5th District ……………,Buffalo LOV 5,,,4.0,49.0,,,,,2.0,,,,,,,,,,,,,,,,,,,,,,,,,,,,,,,,,43.0,,,,,,,,,,,,,,,,,,,,,,,,,,,,,,,,,,,,,,,,,,,,,,,,,,,,,,,,,,,,,,,
2015,general,lovejoy,LOV,6,6th District ……………,Buffalo LOV 6,,,15.0,81.0,,,,,6.0,,,,,,,,,,,,,,,,,,,,,,,,,,,,,,,,,60.0,,,,,,,,,,,,,,,,,,,,,,,,,,,,,,,,,,,,,,,,,,,,,,,,,,,,,,,,,,,,,,,
2015,general,lovejoy,LOV,7,7th District ……………,Buffalo LOV 7,,,1.0,34.0,,,,,2.0,,,,,,,,,,,,,,,,,,,,,,,,,,,,,,,,,31.0,,,,,,,,,,,,,,,,,,,,,,,,,,,,,,,,,,,,,,,,,,,,,,,,,,,,,,,,,,,,,,,
2015,general,lovejoy,LOV,8,8th District ……………,Buffalo LOV 8,,,3.0,18.0,,,,,0.0,,,,,,,,,,,,,,,,,,,,,,,,,,,,,,,,,15.0,,,,,,,,,,,,,,,,,,,,,,,,,,,,,,,,,,,,,,,,,,,,,,,,,,,,,,,,,,,,,,,
2015,general,lovejoy,LOV,9,9th District ……………,Buffalo LOV 9,,,13.0,60.0,,,,,1.0,,,,,,,,,,,,,,,,,,,,,,,,,,,,,,,,,46.0,,,,,,,,,,,,,,,,,,,,,,,,,,,,,,,,,,,,,,,,,,,,,,,,,,,,,,,,,,,,,,,
2015,general,lovejoy,LOV,10,10th District ……………,Buffalo LOV 10,,,9.0,48.0,,,,,1.0,,,,,,,,,,,,,,,,,,,,,,,,,,,,,,,,,38.0,,,,,,,,,,,,,,,,,,,,,,,,,,,,,,,,,,,,,,,,,,,,,,,,,,,,,,,,,,,,,,,
2015,general,lovejoy,LOV,11,11th District ……………,Buffalo LOV 11,,,5.0,26.0,,,,,3.0,,,,,,,,,,,,,,,,,,,,,,,,,,,,,,,,,18.0,,,,,,,,,,,,,,,,,,,,,,,,,,,,,,,,,,,,,,,,,,,,,,,,,,,,,,,,,,,,,,,
2015,general,lovejoy,LOV,12,12th District ……………,Buffalo LOV 12,,,9.0,74.0,,,,,5.0,,,,,,,,,,,,,,,,,,,,,,,,,,,,,,,,,60.0,,,,,,,,,,,,,,,,,,,,,,,,,,,,,,,,,,,,,,,,,,,,,,,,,,,,,,,,,,,,,,,
2015,general,lovejoy,LOV,13,13th District ……………,Buffalo LOV 13,,,6.0,54.0,,,,,3.0,,,,,,,,,,,,,,,,,,,,,,,,,,,,,,,,,45.0,,,,,,,,,,,,,,,,,,,,,,,,,,,,,,,,,,,,,,,,,,,,,,,,,,,,,,,,,,,,,,,
2015,general,lovejoy,LOV,14,14th District ……………,Buffalo LOV 14,,,21.0,130.0,,,,,9.0,,,,,,,,,,,,,,,,,,,,,,,,,,,,,,,,,100.0,,,,,,,,,,,,,,,,,,,,,,,,,,,,,,,,,,,,,,,,,,,,,,,,,,,,,,,,,,,,,,,
2015,general,lovejoy,LOV,15,15th District ……………,Buffalo LOV 15,,,2.0,45.0,,,,,12.0,,,,,,,,,,,,,,,,,,,,,,,,,,,,,,,,,31.0,,,,,,,,,,,,,,,,,,,,,,,,,,,,,,,,,,,,,,,,,,,,,,,,,,,,,,,,,,,,,,,
2015,general,lovejoy,LOV,16,16th District ……………,Buffalo LOV 16,,,10.0,106.0,,,,,14.0,,,,,,,,,,,,,,,,,,,,,,,,,,,,,,,,,82.0,,,,,,,,,,,,,,,,,,,,,,,,,,,,,,,,,,,,,,,,,,,,,,,,,,,,,,,,,,,,,,,
2015,general,lovejoy,LOV,17,17th District ……………,Buffalo LOV 17,,,12.0,94.0,,,,,16.0,,,,,,,,,,,,,,,,,,,,,,,,,,,,,,,,,66.0,,,,,,,,,,,,,,,,,,,,,,,,,,,,,,,,,,,,,,,,,,,,,,,,,,,,,,,,,,,,,,,
2015,general,lovejoy,LOV,18,18th District ……………,Buffalo LOV 18,,,14.0,71.0,,,,,10.0,,,,,,,,,,,,,,,,,,,,,,,,,,,,,,,,,47.0,,,,,,,,,,,,,,,,,,,,,,,,,,,,,,,,,,,,,,,,,,,,,,,,,,,,,,,,,,,,,,,
2015,general,lovejoy,LOV,19,19th District ……………,Buffalo LOV 19,,,2.0,31.0,,,,,9.0,,,,,,,,,,,,,,,,,,,,,,,,,,,,,,,,,20.0,,,,,,,,,,,,,,,,,,,,,,,,,,,,,,,,,,,,,,,,,,,,,,,,,,,,,,,,,,,,,,,
2015,general,lovejoy,LOV,20,20th District ……………,Buffalo LOV 20,,,9.0,52.0,,,,,12.0,,,,,,,,,,,,,,,,,,,,,,,,,,,,,,,,,31.0,,,,,,,,,,,,,,,,,,,,,,,,,,,,,,,,,,,,,,,,,,,,,,,,,,,,,,,,,,,,,,,
2015,general,lovejoy,LOV,21,21st District ……………,Buffalo LOV 21,,,4.0,41.0,,,,,6.0,,,,,,,,,,,,,,,,,,,,,,,,,,,,,,,,,31.0,,,,,,,,,,,,,,,,,,,,,,,,,,,,,,,,,,,,,,,,,,,,,,,,,,,,,,,,,,,,,,,
2015,general,lovejoy,LOV,22,22nd District ……………,Buffalo LOV 22,,,1.0,11.0,,,,,1.0,,,,,,,,,,,,,,,,,,,,,,,,,,,,,,,,,9.0,,,,,,,,,,,,,,,,,,,,,,,,,,,,,,,,,,,,,,,,,,,,,,,,,,,,,,,,,,,,,,,
2015,general,lovejoy,LOV,23,23rd District ……………,Buffalo LOV 23,,,5.0,62.0,,,,,10.0,,,,,,,,,,,,,,,,,,,,,,,,,,,,,,,,,47.0,,,,,,,,,,,,,,,,,,,,,,,,,,,,,,,,,,,,,,,,,,,,,,,,,,,,,,,,,,,,,,,
2015,general,lovejoy,LOV,24,24th District ……………,Buffalo LOV 24,,,13.0,115.0,,,,,17.0,,,,,,,,,,,,,,,,,,,,,,,,,,,,,,,,,85.0,,,,,,,,,,,,,,,,,,,,,,,,,,,,,,,,,,,,,,,,,,,,,,,,,,,,,,,,,,,,,,,
2015,general,lovejoy,LOV,25,25th District ……………,Buffalo LOV 25,,,0.0,1.0,,,,,1.0,,,,,,,,,,,,,,,,,,,,,,,,,,,,,,,,,0.0,,,,,,,,,,,,,,,,,,,,,,,,,,,,,,,,,,,,,,,,,,,,,,,,,,,,,,,,,,,,,,,
2015,general,lovejoy,LOV,26,26th District ……………,Buffalo LOV 26,,,4.0,51.0,,,,,12.0,,,,,,,,,,,,,,,,,,,,,,,,,,,,,,,,,35.0,,,,,,,,,,,,,,,,,,,,,,,,,,,,,,,,,,,,,,,,,,,,,,,,,,,,,,,,,,,,,,,
2015,general,lovejoy,LOV,27,27th District ……………,Buffalo LOV 27,,,2.0,15.0,,,,,1.0,,,,,,,,,,,,,,,,,,,,,,,,,,,,,,,,,12.0,,,,,,,,,,,,,,,,,,,,,,,,,,,,,,,,,,,,,,,,,,,,,,,,,,,,,,,,,,,,,,,
2015,general,lovejoy,LOV,28,28th District ……………,Buffalo LOV 28,,,11.0,117.0,,,,,16.0,,,,,,,,,,,,,,,,,,,,,,,,,,,,,,,,,90.0,,,,,,,,,,,,,,,,,,,,,,,,,,,,,,,,,,,,,,,,,,,,,,,,,,,,,,,,,,,,,,,
2015,general,lovejoy,LOV,29,29th District ……………,Buffalo LOV 29,,,13.0,126.0,,,,,21.0,,,,,,,,,,,,,,,,,,,,,,,,,,,,,,,,,92.0,,,,,,,,,,,,,,,,,,,,,,,,,,,,,,,,,,,,,,,,,,,,,,,,,,,,,,,,,,,,,,,
2015,general,lovejoy,LOV,30,30th District ……………,Buffalo LOV 30,,,7.0,140.0,,,,,25.0,,,,,,,,,,,,,,,,,,,,,,,,,,,,,,,,,108.0,,,,,,,,,,,,,,,,,,,,,,,,,,,,,,,,,,,,,,,,,,,,,,,,,,,,,,,,,,,,,,,
2015,general,lovejoy,LOV,31,31st District...................,Buffalo LOV 31,,,11.0,124.0,,,,,16.0,,,,,,,,,,,,,,,,,,,,,,,,,,,,,,,,,97.0,,,,,,,,,,,,,,,,,,,,,,,,,,,,,,,,,,,,,,,,,,,,,,,,,,,,,,,,,,,,,,,
2015,general,lovejoy,LOV,32,32nd District……………,Buffalo LOV 32,,,3.0,21.0,,,,,2.0,,,,,,,,,,,,,,,,,,,,,,,,,,,,,,,,,16.0,,,,,,,,,,,,,,,,,,,,,,,,,,,,,,,,,,,,,,,,,,,,,,,,,,,,,,,,,,,,,,,
2015,general,masten,MAS,1,1st District ……………,Buffalo MAS 1,,,12.0,95.0,,,,,,,,,,,,,,,,,,,,,,,,,,,,,,,,,,,,,,,,,,,,,,,76.0,4.0,3.0,,,,,,,,,,,,,,,,,,,,,,,,,,,,,,,,,,,,,,,,,,,,,,,,,,,,
2015,general,masten,MAS,2,2nd District ……………,Buffalo MAS 2,,,9.0,65.0,,,,,,,,,,,,,,,,,,,,,,,,,,,,,,,,,,,,,,,,,,,,,,,44.0,11.0,1.0,,,,,,,,,,,,,,,,,,,,,,,,,,,,,,,,,,,,,,,,,,,,,,,,,,,,
2015,general,masten,MAS,3,3rd District ……………,Buffalo MAS 3,,,11.0,122.0,,,,,,,,,,,,,,,,,,,,,,,,,,,,,,,,,,,,,,,,,,,,,,,107.0,3.0,1.0,,,,,,,,,,,,,,,,,,,,,,,,,,,,,,,,,,,,,,,,,,,,,,,,,,,,
2015,general,masten,MAS,4,4th District ……………,Buffalo MAS 4,,,4.0,71.0,,,,,,,,,,,,,,,,,,,,,,,,,,,,,,,,,,,,,,,,,,,,,,,61.0,4.0,2.0,,,,,,,,,,,,,,,,,,,,,,,,,,,,,,,,,,,,,,,,,,,,,,,,,,,,
2015,general,masten,MAS,5,5th District ……………,Buffalo MAS 5,,,1.0,6.0,,,,,,,,,,,,,,,,,,,,,,,,,,,,,,,,,,,,,,,,,,,,,,,4.0,0.0,1.0,,,,,,,,,,,,,,,,,,,,,,,,,,,,,,,,,,,,,,,,,,,,,,,,,,,,
2015,general,masten,MAS,6,6th District ……………,Buffalo MAS 6,,,2.0,24.0,,,,,,,,,,,,,,,,,,,,,,,,,,,,,,,,,,,,,,,,,,,,,,,19.0,1.0,2.0,,,,,,,,,,,,,,,,,,,,,,,,,,,,,,,,,,,,,,,,,,,,,,,,,,,,
2015,general,masten,MAS,7,7th District ……………,Buffalo MAS 7,,,15.0,105.0,,,,,,,,,,,,,,,,,,,,,,,,,,,,,,,,,,,,,,,,,,,,,,,70.0,2.0,18.0,,,,,,,,,,,,,,,,,,,,,,,,,,,,,,,,,,,,,,,,,,,,,,,,,,,,
2015,general,masten,MAS,8,8th District ……………,Buffalo MAS 8,,,5.0,43.0,,,,,,,,,,,,,,,,,,,,,,,,,,,,,,,,,,,,,,,,,,,,,,,35.0,1.0,2.0,,,,,,,,,,,,,,,,,,,,,,,,,,,,,,,,,,,,,,,,,,,,,,,,,,,,
2015,general,masten,MAS,9,9th District ……………,Buffalo MAS 9,,,6.0,51.0,,,,,,,,,,,,,,,,,,,,,,,,,,,,,,,,,,,,,,,,,,,,,,,42.0,3.0,0.0,,,,,,,,,,,,,,,,,,,,,,,,,,,,,,,,,,,,,,,,,,,,,,,,,,,,
2015,general,masten,MAS,10,10th District ……………,Buffalo MAS 10,,,7.0,55.0,,,,,,,,,,,,,,,,,,,,,,,,,,,,,,,,,,,,,,,,,,,,,,,40.0,5.0,3.0,,,,,,,,,,,,,,,,,,,,,,,,,,,,,,,,,,,,,,,,,,,,,,,,,,,,
2015,general,masten,MAS,11,11th District ……………,Buffalo MAS 11,,,9.0,111.0,,,,,,,,,,,,,,,,,,,,,,,,,,,,,,,,,,,,,,,,,,,,,,,98.0,4.0,0.0,,,,,,,,,,,,,,,,,,,,,,,,,,,,,,,,,,,,,,,,,,,,,,,,,,,,
2015,general,masten,MAS,12,12th District ……………,Buffalo MAS 12,,,11.0,100.0,,,,,,,,,,,,,,,,,,,,,,,,,,,,,,,,,,,,,,,,,,,,,,,82.0,6.0,1.0,,,,,,,,,,,,,,,,,,,,,,,,,,,,,,,,,,,,,,,,,,,,,,,,,,,,
2015,general,masten,MAS,13,13th District ……………,Buffalo MAS 13,,,4.0,72.0,,,,,,,,,,,,,,,,,,,,,,,,,,,,,,,,,,,,,,,,,,,,,,,60.0,4.0,4.0,,,,,,,,,,,,,,,,,,,,,,,,,,,,,,,,,,,,,,,,,,,,,,,,,,,,
2015,general,masten,MAS,14,14th District ……………,Buffalo MAS 14,,,7.0,49.0,,,,,,,,,,,,,,,,,,,,,,,,,,,,,,,,,,,,,,,,,,,,,,,36.0,3.0,3.0,,,,,,,,,,,,,,,,,,,,,,,,,,,,,,,,,,,,,,,,,,,,,,,,,,,,
2015,general,masten,MAS,15,15th District ……………,Buffalo MAS 15,,,7.0,54.0,,,,,,,,,,,,,,,,,,,,,,,,,,,,,,,,,,,,,,,,,,,,,,,37.0,3.0,7.0,,,,,,,,,,,,,,,,,,,,,,,,,,,,,,,,,,,,,,,,,,,,,,,,,,,,
2015,general,masten,MAS,16,16th District ……………,Buffalo MAS 16,,,6.0,38.0,,,,,,,,,,,,,,,,,,,,,,,,,,,,,,,,,,,,,,,,,,,,,,,31.0,1.0,0.0,,,,,,,,,,,,,,,,,,,,,,,,,,,,,,,,,,,,,,,,,,,,,,,,,,,,
2015,general,masten,MAS,17,17th District ……………,Buffalo MAS 17,,,7.0,83.0,,,,,,,,,,,,,,,,,,,,,,,,,,,,,,,,,,,,,,,,,,,,,,,57.0,19.0,0.0,,,,,,,,,,,,,,,,,,,,,,,,,,,,,,,,,,,,,,,,,,,,,,,,,,,,
2015,general,masten,MAS,18,18th District ……………,Buffalo MAS 18,,,3.0,60.0,,,,,,,,,,,,,,,,,,,,,,,,,,,,,,,,,,,,,,,,,,,,,,,51.0,6.0,0.0,,,,,,,,,,,,,,,,,,,,,,,,,,,,,,,,,,,,,,,,,,,,,,,,,,,,
2015,general,masten,MAS,19,19th District ……………,Buffalo MAS 19,,,9.0,77.0,,,,,,,,,,,,,,,,,,,,,,,,,,,,,,,,,,,,,,,,,,,,,,,62.0,1.0,5.0,,,,,,,,,,,,,,,,,,,,,,,,,,,,,,,,,,,,,,,,,,,,,,,,,,,,
2015,general,masten,MAS,20,20th District ……………,Buffalo MAS 20,,,19.0,108.0,,,,,,,,,,,,,,,,,,,,,,,,,,,,,,,,,,,,,,,,,,,,,,,83.0,6.0,0.0,,,,,,,,,,,,,,,,,,,,,,,,,,,,,,,,,,,,,,,,,,,,,,,,,,,,
2015,general,masten,MAS,21,21st District ……………,Buffalo MAS 21,,,10.0,80.0,,,,,,,,,,,,,,,,,,,,,,,,,,,,,,,,,,,,,,,,,,,,,,,61.0,0.0,9.0,,,,,,,,,,,,,,,,,,,,,,,,,,,,,,,,,,,,,,,,,,,,,,,,,,,,
2015,general,masten,MAS,22,22nd District ……………,Buffalo MAS 22,,,2.0,57.0,,,,,,,,,,,,,,,,,,,,,,,,,,,,,,,,,,,,,,,,,,,,,,,47.0,3.0,5.0,,,,,,,,,,,,,,,,,,,,,,,,,,,,,,,,,,,,,,,,,,,,,,,,,,,,
2015,general,masten,MAS,23,23rd District ……………,Buffalo MAS 23,,,9.0,143.0,,,,,,,,,,,,,,,,,,,,,,,,,,,,,,,,,,,,,,,,,,,,,,,119.0,5.0,10.0,,,,,,,,,,,,,,,,,,,,,,,,,,,,,,,,,,,,,,,,,,,,,,,,,,,,
2015,general,masten,MAS,24,24th District ……………,Buffalo MAS 24,,,18.0,136.0,,,,,,,,,,,,,,,,,,,,,,,,,,,,,,,,,,,,,,,,,,,,,,,108.0,8.0,2.0,,,,,,,,,,,,,,,,,,,,,,,,,,,,,,,,,,,,,,,,,,,,,,,,,,,,
2015,general,masten,MAS,25,25th District ……………,Buffalo MAS 25,,,9.0,64.0,,,,,,,,,,,,,,,,,,,,,,,,,,,,,,,,,,,,,,,,,,,,,,,49.0,2.0,4.0,,,,,,,,,,,,,,,,,,,,,,,,,,,,,,,,,,,,,,,,,,,,,,,,,,,,
2015,general,masten,MAS,26,26th District ……………,Buffalo MAS 26,,,11.0,42.0,,,,,,,,,,,,,,,,,,,,,,,,,,,,,,,,,,,,,,,,,,,,,,,29.0,0.0,2.0,,,,,,,,,,,,,,,,,,,,,,,,,,,,,,,,,,,,,,,,,,,,,,,,,,,,
2015,general,masten,MAS,27,27th District ……………,Buffalo MAS 27,,,19.0,141.0,,,,,,,,,,,,,,,,,,,,,,,,,,,,,,,,,,,,,,,,,,,,,,,109.0,11.0,2.0,,,,,,,,,,,,,,,,,,,,,,,,,,,,,,,,,,,,,,,,,,,,,,,,,,,,
2015,general,masten,MAS,28,28th District ……………,Buffalo MAS 28,,,8.0,81.0,,,,,,,,,,,,,,,,,,,,,,,,,,,,,,,,,,,,,,,,,,,,,,,69.0,3.0,1.0,,,,,,,,,,,,,,,,,,,,,,,,,,,,,,,,,,,,,,,,,,,,,,,,,,,,
2015,general,masten,MAS,29,29th District ……………,Buffalo MAS 29,,,4.0,75.0,,,,,,,,,,,,,,,,,,,,,,,,,,,,,,,,,,,,,,,,,,,,,,,65.0,5.0,1.0,,,,,,,,,,,,,,,,,,,,,,,,,,,,,,,,,,,,,,,,,,,,,,,,,,,,
2015,general,masten,MAS,30,30th District ……………,Buffalo MAS 30,,,12.0,61.0,,,,,,,,,,,,,,,,,,,,,,,,,,,,,,,,,,,,,,,,,,,,,,,41.0,7.0,1.0,,,,,,,,,,,,,,,,,,,,,,,,,,,,,,,,,,,,,,,,,,,,,,,,,,,,
2015,general,masten,MAS,31,31st District ……………,Buffalo MAS 31,,,6.0,25.0,,,,,,,,,,,,,,,,,,,,,,,,,,,,,,,,,,,,,,,,,,,,,,,17.0,0.0,2.0,,,,,,,,,,,,,,,,,,,,,,,,,,,,,,,,,,,,,,,,,,,,,,,,,,,,
2015,general,masten,MAS,32,32nd District ……………,Buffalo MAS 32,,,13.0,70.0,,,,,,,,,,,,,,,,,,,,,,,,,,,,,,,,,,,,,,,,,,,,,,,49.0,2.0,6.0,,,,,,,,,,,,,,,,,,,,,,,,,,,,,,,,,,,,,,,,,,,,,,,,,,,,
2015,general,masten,MAS,33,33rd District ……………,Buffalo MAS 33,,,17.0,104.0,,,,,,,,,,,,,,,,,,,,,,,,,,,,,,,,,,,,,,,,,,,,,,,81.0,3.0,3.0,,,,,,,,,,,,,,,,,,,,,,,,,,,,,,,,,,,,,,,,,,,,,,,,,,,,
2015,general,masten,MAS,34,34th District ……………,Buffalo MAS 34,,,3.0,29.0,,,,,,,,,,,,,,,,,,,,,,,,,,,,,,,,,,,,,,,,,,,,,,,24.0,2.0,0.0,,,,,,,,,,,,,,,,,,,,,,,,,,,,,,,,,,,,,,,,,,,,,,,,,,,,
2015,general,masten,MAS,35,35th District ……………,Buffalo MAS 35,,,14.0,60.0,,,,,,,,,,,,,,,,,,,,,,,,,,,,,,,,,,,,,,,,,,,,,,,41.0,0.0,5.0,,,,,,,,,,,,,,,,,,,,,,,,,,,,,,,,,,,,,,,,,,,,,,,,,,,,
2015,general,masten,MAS,36,36th District ……………,Buffalo MAS 36,,,9.0,60.0,,,,,,,,,,,,,,,,,,,,,,,,,,,,,,,,,,,,,,,,,,,,,,,47.0,0.0,4.0,,,,,,,,,,,,,,,,,,,,,,,,,,,,,,,,,,,,,,,,,,,,,,,,,,,,
2015,general,masten,MAS,37,37th District ……………,Buffalo MAS 37,,,3.0,17.0,,,,,,,,,,,,,,,,,,,,,,,,,,,,,,,,,,,,,,,,,,,,,,,14.0,0.0,0.0,,,,,,,,,,,,,,,,,,,,,,,,,,,,,,,,,,,,,,,,,,,,,,,,,,,,
2015,general,masten,MAS,38,38th District ……………,Buffalo MAS 38,,,3.0,72.0,,,,,,,,,,,,,,,,,,,,,,,,,,,,,,,,,,,,,,,,,,,,,,,63.0,0.0,6.0,,,,,,,,,,,,,,,,,,,,,,,,,,,,,,,,,,,,,,,,,,,,,,,,,,,,
2015,general,masten,MAS,39,39th District ……………,Buffalo MAS 39,,,2.0,15.0,,,,,,,,,,,,,,,,,,,,,,,,,,,,,,,,,,,,,,,,,,,,,,,11.0,2.0,0.0,,,,,,,,,,,,,,,,,,,,,,,,,,,,,,,,,,,,,,,,,,,,,,,,,,,,
2015,general,masten,MAS,40,40th District ……………,Buffalo MAS 40,,,5.0,51.0,,,,,,,,,,,,,,,,,,,,,,,,,,,,,,,,,,,,,,,,,,,,,,,41.0,4.0,1.0,,,,,,,,,,,,,,,,,,,,,,,,,,,,,,,,,,,,,,,,,,,,,,,,,,,,
2015,general,masten,MAS,41,41st District ……………,Buffalo MAS 41,,,5.0,29.0,,,,,,,,,,,,,,,,,,,,,,,,,,,,,,,,,,,,,,,,,,,,,,,22.0,1.0,1.0,,,,,,,,,,,,,,,,,,,,,,,,,,,,,,,,,,,,,,,,,,,,,,,,,,,,
2015,general,masten,MAS,42,42nd District..................,Buffalo MAS 42,,,10.0,80.0,,,,,,,,,,,,,,,,,,,,,,,,,,,,,,,,,,,,,,,,,,,,,,,56.0,8.0,6.0,,,,,,,,,,,,,,,,,,,,,,,,,,,,,,,,,,,,,,,,,,,,,,,,,,,,
2015,general,niagara,NIA,1,1st District ……………,Buffalo NIA 1,,,13.0,48.0,,,,,,,,,,,,,,,,,,,,,,,,,25.0,,,,,,,,,,,,,,,,,,,,,,,,,10.0,,,,,,,,,,,,,,,,,,,,,,,,,,,,,,,,,,,,,,,,,,,,,,,,,,,
2015,general,niagara,NIA,2,2nd District ……………,Buffalo NIA 2,,,7.0,83.0,,,,,,,,,,,,,,,,,,,,,,,,,56.0,,,,,,,,,,,,,,,,,,,,,,,,,20.0,,,,,,,,,,,,,,,,,,,,,,,,,,,,,,,,,,,,,,,,,,,,,,,,,,,
2015,general,niagara,NIA,3,3rd District ……………,Buffalo NIA 3,,,1.0,24.0,,,,,,,,,,,,,,,,,,,,,,,,,16.0,,,,,,,,,,,,,,,,,,,,,,,,,7.0,,,,,,,,,,,,,,,,,,,,,,,,,,,,,,,,,,,,,,,,,,,,,,,,,,,
2015,general,niagara,NIA,4,4th District ……………,Buffalo NIA 4,,,5.0,11.0,,,,,,,,,,,,,,,,,,,,,,,,,5.0,,,,,,,,,,,,,,,,,,,,,,,,,1.0,,,,,,,,,,,,,,,,,,,,,,,,,,,,,,,,,,,,,,,,,,,,,,,,,,,
2015,general,niagara,NIA,5,5th District ……………,Buffalo NIA 5,,,13.0,93.0,,,,,,,,,,,,,,,,,,,,,,,,,64.0,,,,,,,,,,,,,,,,,,,,,,,,,16.0,,,,,,,,,,,,,,,,,,,,,,,,,,,,,,,,,,,,,,,,,,,,,,,,,,,
2015,general,niagara,NIA,6,6th District ……………,Buffalo NIA 6,,,9.0,95.0,,,,,,,,,,,,,,,,,,,,,,,,,74.0,,,,,,,,,,,,,,,,,,,,,,,,,12.0,,,,,,,,,,,,,,,,,,,,,,,,,,,,,,,,,,,,,,,,,,,,,,,,,,,
2015,general,niagara,NIA,7,7th District ……………,Buffalo NIA 7,,,2.0,43.0,,,,,,,,,,,,,,,,,,,,,,,,,36.0,,,,,,,,,,,,,,,,,,,,,,,,,5.0,,,,,,,,,,,,,,,,,,,,,,,,,,,,,,,,,,,,,,,,,,,,,,,,,,,
2015,general,niagara,NIA,8,8th District ……………,Buffalo NIA 8,,,8.0,80.0,,,,,,,,,,,,,,,,,,,,,,,,,60.0,,,,,,,,,,,,,,,,,,,,,,,,,12.0,,,,,,,,,,,,,,,,,,,,,,,,,,,,,,,,,,,,,,,,,,,,,,,,,,,
2015,general,niagara,NIA,9,9th District ……………,Buffalo NIA 9,,,13.0,144.0,,,,,,,,,,,,,,,,,,,,,,,,,110.0,,,,,,,,,,,,,,,,,,,,,,,,,21.0,,,,,,,,,,,,,,,,,,,,,,,,,,,,,,,,,,,,,,,,,,,,,,,,,,,
2015,general,niagara,NIA,10,10th District ……………,Buffalo NIA 10,,,4.0,44.0,,,,,,,,,,,,,,,,,,,,,,,,,40.0,,,,,,,,,,,,,,,,,,,,,,,,,0.0,,,,,,,,,,,,,,,,,,,,,,,,,,,,,,,,,,,,,,,,,,,,,,,,,,,
2015,general,niagara,NIA,11,11th District ……………,Buffalo NIA 11,,,8.0,61.0,,,,,,,,,,,,,,,,,,,,,,,,,45.0,,,,,,,,,,,,,,,,,,,,,,,,,8.0,,,,,,,,,,,,,,,,,,,,,,,,,,,,,,,,,,,,,,,,,,,,,,,,,,,
2015,general,niagara,NIA,12,12th District ……………,Buffalo NIA 12,,,16.0,70.0,,,,,,,,,,,,,,,,,,,,,,,,,43.0,,,,,,,,,,,,,,,,,,,,,,,,,11.0,,,,,,,,,,,,,,,,,,,,,,,,,,,,,,,,,,,,,,,,,,,,,,,,,,,
2015,general,niagara,NIA,13,13th District ……………,Buffalo NIA 13,,,2.0,41.0,,,,,,,,,,,,,,,,,,,,,,,,,34.0,,,,,,,,,,,,,,,,,,,,,,,,,5.0,,,,,,,,,,,,,,,,,,,,,,,,,,,,,,,,,,,,,,,,,,,,,,,,,,,
2015,general,niagara,NIA,14,14th District ……………,Buffalo NIA 14,,,20.0,111.0,,,,,,,,,,,,,,,,,,,,,,,,,74.0,,,,,,,,,,,,,,,,,,,,,,,,,17.0,,,,,,,,,,,,,,,,,,,,,,,,,,,,,,,,,,,,,,,,,,,,,,,,,,,
2015,general,niagara,NIA,15,15th District ……………,Buffalo NIA 15,,,7.0,45.0,,,,,,,,,,,,,,,,,,,,,,,,,31.0,,,,,,,,,,,,,,,,,,,,,,,,,7.0,,,,,,,,,,,,,,,,,,,,,,,,,,,,,,,,,,,,,,,,,,,,,,,,,,,
2015,general,niagara,NIA,16,16th District ……………,Buffalo NIA 16,,,16.0,69.0,,,,,,,,,,,,,,,,,,,,,,,,,46.0,,,,,,,,,,,,,,,,,,,,,,,,,7.0,,,,,,,,,,,,,,,,,,,,,,,,,,,,,,,,,,,,,,,,,,,,,,,,,,,
2015,general,niagara,NIA,17,17th District ……………,Buffalo NIA 17,,,3.0,27.0,,,,,,,,,,,,,,,,,,,,,,,,,22.0,,,,,,,,,,,,,,,,,,,,,,,,,2.0,,,,,,,,,,,,,,,,,,,,,,,,,,,,,,,,,,,,,,,,,,,,,,,,,,,
2015,general,niagara,NIA,18,18th District ……………,Buffalo NIA 18,,,11.0,164.0,,,,,,,,,,,,,,,,,,,,,,,,,130.0,,,,,,,,,,,,,,,,,,,,,,,,,23.0,,,,,,,,,,,,,,,,,,,,,,,,,,,,,,,,,,,,,,,,,,,,,,,,,,,
2015,general,niagara,NIA,19,19th District ……………,Buffalo NIA 19,,,33.0,259.0,,,,,,,,,,,,,,,,,,,,,,,,,197.0,,,,,,,,,,,,,,,,,,,,,,,,,29.0,,,,,,,,,,,,,,,,,,,,,,,,,,,,,,,,,,,,,,,,,,,,,,,,,,,
2015,general,niagara,NIA,20,20th District ……………,Buffalo NIA 20,,,3.0,20.0,,,,,,,,,,,,,,,,,,,,,,,,,14.0,,,,,,,,,,,,,,,,,,,,,,,,,3.0,,,,,,,,,,,,,,,,,,,,,,,,,,,,,,,,,,,,,,,,,,,,,,,,,,,
2015,general,niagara,NIA,21,21st District ……………,Buffalo NIA 21,,,17.0,103.0,,,,,,,,,,,,,,,,,,,,,,,,,67.0,,,,,,,,,,,,,,,,,,,,,,,,,19.0,,,,,,,,,,,,,,,,,,,,,,,,,,,,,,,,,,,,,,,,,,,,,,,,,,,
2015,general,niagara,NIA,22,22nd District ……………,Buffalo NIA 22,,,7.0,36.0,,,,,,,,,,,,,,,,,,,,,,,,,26.0,,,,,,,,,,,,,,,,,,,,,,,,,3.0,,,,,,,,,,,,,,,,,,,,,,,,,,,,,,,,,,,,,,,,,,,,,,,,,,,
2015,general,niagara,NIA,23,23rd District ……………,Buffalo NIA 23,,,8.0,47.0,,,,,,,,,,,,,,,,,,,,,,,,,35.0,,,,,,,,,,,,,,,,,,,,,,,,,4.0,,,,,,,,,,,,,,,,,,,,,,,,,,,,,,,,,,,,,,,,,,,,,,,,,,,
2015,general,niagara,NIA,24,24th District ……………,Buffalo NIA 24,,,4.0,104.0,,,,,,,,,,,,,,,,,,,,,,,,,82.0,,,,,,,,,,,,,,,,,,,,,,,,,18.0,,,,,,,,,,,,,,,,,,,,,,,,,,,,,,,,,,,,,,,,,,,,,,,,,,,
2015,general,niagara,NIA,25,25th District ……………,Buffalo NIA 25,,,17.0,177.0,,,,,,,,,,,,,,,,,,,,,,,,,138.0,,,,,,,,,,,,,,,,,,,,,,,,,22.0,,,,,,,,,,,,,,,,,,,,,,,,,,,,,,,,,,,,,,,,,,,,,,,,,,,
2015,general,niagara,NIA,26,26th District ……………,Buffalo NIA 26,,,11.0,73.0,,,,,,,,,,,,,,,,,,,,,,,,,58.0,,,,,,,,,,,,,,,,,,,,,,,,,4.0,,,,,,,,,,,,,,,,,,,,,,,,,,,,,,,,,,,,,,,,,,,,,,,,,,,
2015,general,niagara,NIA,27,27th District ……………,Buffalo NIA 27,,,10.0,47.0,,,,,,,,,,,,,,,,,,,,,,,,,31.0,,,,,,,,,,,,,,,,,,,,,,,,,6.0,,,,,,,,,,,,,,,,,,,,,,,,,,,,,,,,,,,,,,,,,,,,,,,,,,,
2015,general,niagara,NIA,28,28th District ……………,Buffalo NIA 28,,,8.0,71.0,,,,,,,,,,,,,,,,,,,,,,,,,52.0,,,,,,,,,,,,,,,,,,,,,,,,,11.0,,,,,,,,,,,,,,,,,,,,,,,,,,,,,,,,,,,,,,,,,,,,,,,,,,,
2015,general,north,NOR,1,1st District ……………,Buffalo NOR 1,,,9.0,106.0,,,,,,,,,,,,,,,,,,,,,,,,,,,,,,97.0,,,,,,,,,,,,,,,,,,,,,,,,,,,,,,,,,,,,,,,,,,,,,,,,,,,,,,,,,,,,,,,,,,,,,,,
2015,general,north,NOR,2,2nd District ……………,Buffalo NOR 2,,,10.0,90.0,,,,,,,,,,,,,,,,,,,,,,,,,,,,,,80.0,,,,,,,,,,,,,,,,,,,,,,,,,,,,,,,,,,,,,,,,,,,,,,,,,,,,,,,,,,,,,,,,,,,,,,,
2015,general,north,NOR,3,3rd District ……………,Buffalo NOR 3,,,5.0,40.0,,,,,,,,,,,,,,,,,,,,,,,,,,,,,,35.0,,,,,,,,,,,,,,,,,,,,,,,,,,,,,,,,,,,,,,,,,,,,,,,,,,,,,,,,,,,,,,,,,,,,,,,
2015,general,north,NOR,4,4th District ……………,Buffalo NOR 4,,,14.0,72.0,,,,,,,,,,,,,,,,,,,,,,,,,,,,,,58.0,,,,,,,,,,,,,,,,,,,,,,,,,,,,,,,,,,,,,,,,,,,,,,,,,,,,,,,,,,,,,,,,,,,,,,,
2015,general,north,NOR,5,5th District ……………,Buffalo NOR 5,,,6.0,71.0,,,,,,,,,,,,,,,,,,,,,,,,,,,,,,65.0,,,,,,,,,,,,,,,,,,,,,,,,,,,,,,,,,,,,,,,,,,,,,,,,,,,,,,,,,,,,,,,,,,,,,,,
2015,general,north,NOR,6,6th District ……………,Buffalo NOR 6,,,7.0,83.0,,,,,,,,,,,,,,,,,,,,,,,,,,,,,,76.0,,,,,,,,,,,,,,,,,,,,,,,,,,,,,,,,,,,,,,,,,,,,,,,,,,,,,,,,,,,,,,,,,,,,,,,
2015,general,north,NOR,7,7th District ……………,Buffalo NOR 7,,,6.0,59.0,,,,,,,,,,,,,,,,,,,,,,,,,,,,,,53.0,,,,,,,,,,,,,,,,,,,,,,,,,,,,,,,,,,,,,,,,,,,,,,,,,,,,,,,,,,,,,,,,,,,,,,,
2015,general,north,NOR,8,8th District ……………,Buffalo NOR 8,,,0.0,12.0,,,,,,,,,,,,,,,,,,,,,,,,,,,,,,12.0,,,,,,,,,,,,,,,,,,,,,,,,,,,,,,,,,,,,,,,,,,,,,,,,,,,,,,,,,,,,,,,,,,,,,,,
2015,general,north,NOR,9,9th District ……………,Buffalo NOR 9,,,11.0,87.0,,,,,,,,,,,,,,,,,,,,,,,,,,,,,,76.0,,,,,,,,,,,,,,,,,,,,,,,,,,,,,,,,,,,,,,,,,,,,,,,,,,,,,,,,,,,,,,,,,,,,,,,
2015,general,north,NOR,10,10th District ……………,Buffalo NOR 10,,,5.0,58.0,,,,,,,,,,,,,,,,,,,,,,,,,,,,,,53.0,,,,,,,,,,,,,,,,,,,,,,,,,,,,,,,,,,,,,,,,,,,,,,,,,,,,,,,,,,,,,,,,,,,,,,,
2015,general,north,NOR,11,11th District ……………,Buffalo NOR 11,,,19.0,110.0,,,,,,,,,,,,,,,,,,,,,,,,,,,,,,91.0,,,,,,,,,,,,,,,,,,,,,,,,,,,,,,,,,,,,,,,,,,,,,,,,,,,,,,,,,,,,,,,,,,,,,,,
2015,general,north,NOR,12,12th District ……………,Buffalo NOR 12,,,9.0,111.0,,,,,,,,,,,,,,,,,,,,,,,,,,,,,,102.0,,,,,,,,,,,,,,,,,,,,,,,,,,,,,,,,,,,,,,,,,,,,,,,,,,,,,,,,,,,,,,,,,,,,,,,
2015,general,north,NOR,13,13th District ……………,Buffalo NOR 13,,,8.0,82.0,,,,,,,,,,,,,,,,,,,,,,,,,,,,,,74.0,,,,,,,,,,,,,,,,,,,,,,,,,,,,,,,,,,,,,,,,,,,,,,,,,,,,,,,,,,,,,,,,,,,,,,,
2015,general,north,NOR,14,14th District ……………,Buffalo NOR 14,,,1.0,27.0,,,,,,,,,,,,,,,,,,,,,,,,,,,,,,26.0,,,,,,,,,,,,,,,,,,,,,,,,,,,,,,,,,,,,,,,,,,,,,,,,,,,,,,,,,,,,,,,,,,,,,,,
2015,general,north,NOR,15,15th District ……………,Buffalo NOR 15,,,2.0,16.0,,,,,,,,,,,,,,,,,,,,,,,,,,,,,,14.0,,,,,,,,,,,,,,,,,,,,,,,,,,,,,,,,,,,,,,,,,,,,,,,,,,,,,,,,,,,,,,,,,,,,,,,
2015,general,north,NOR,16,16th District ……………,Buffalo NOR 16,,,4.0,53.0,,,,,,,,,,,,,,,,,,,,,,,,,,,,,,49.0,,,,,,,,,,,,,,,,,,,,,,,,,,,,,,,,,,,,,,,,,,,,,,,,,,,,,,,,,,,,,,,,,,,,,,,
2015,general,north,NOR,17,17th District ……………,Buffalo NOR 17,,,10.0,79.0,,,,,,,,,,,,,,,,,,,,,,,,,,,,,,69.0,,,,,,,,,,,,,,,,,,,,,,,,,,,,,,,,,,,,,,,,,,,,,,,,,,,,,,,,,,,,,,,,,,,,,,,
2015,general,north,NOR,18,18th District ……………,Buffalo NOR 18,,,7.0,80.0,,,,,,,,,,,,,,,,,,,,,,,,,,,,,,73.0,,,,,,,,,,,,,,,,,,,,,,,,,,,,,,,,,,,,,,,,,,,,,,,,,,,,,,,,,,,,,,,,,,,,,,,
2015,general,north,NOR,19,19th District ……………,Buffalo NOR 19,,,6.0,65.0,,,,,,,,,,,,,,,,,,,,,,,,,,,,,,59.0,,,,,,,,,,,,,,,,,,,,,,,,,,,,,,,,,,,,,,,,,,,,,,,,,,,,,,,,,,,,,,,,,,,,,,,
2015,general,north,NOR,20,20th District ……………,Buffalo NOR 20,,,31.0,160.0,,,,,,,,,,,,,,,,,,,,,,,,,,,,,,129.0,,,,,,,,,,,,,,,,,,,,,,,,,,,,,,,,,,,,,,,,,,,,,,,,,,,,,,,,,,,,,,,,,,,,,,,
2015,general,north,NOR,21,21st District ……………,Buffalo NOR 21,,,13.0,71.0,,,,,,,,,,,,,,,,,,,,,,,,,,,,,,58.0,,,,,,,,,,,,,,,,,,,,,,,,,,,,,,,,,,,,,,,,,,,,,,,,,,,,,,,,,,,,,,,,,,,,,,,
2015,general,north,NOR,22,22nd District ……………,Buffalo NOR 22,,,2.0,35.0,,,,,,,,,,,,,,,,,,,,,,,,,,,,,,33.0,,,,,,,,,,,,,,,,,,,,,,,,,,,,,,,,,,,,,,,,,,,,,,,,,,,,,,,,,,,,,,,,,,,,,,,
2015,general,north,NOR,23,23rd District ……………,Buffalo NOR 23,,,23.0,166.0,,,,,,,,,,,,,,,,,,,,,,,,,,,,,,143.0,,,,,,,,,,,,,,,,,,,,,,,,,,,,,,,,,,,,,,,,,,,,,,,,,,,,,,,,,,,,,,,,,,,,,,,
2015,general,north,NOR,24,24th District ……………,Buffalo NOR 24,,,20.0,117.0,,,,,,,,,,,,,,,,,,,,,,,,,,,,,,97.0,,,,,,,,,,,,,,,,,,,,,,,,,,,,,,,,,,,,,,,,,,,,,,,,,,,,,,,,,,,,,,,,,,,,,,,
2015,general,north,NOR,25,25th District ……………,Buffalo NOR 25,,,9.0,32.0,,,,,,,,,,,,,,,,,,,,,,,,,,,,,,23.0,,,,,,,,,,,,,,,,,,,,,,,,,,,,,,,,,,,,,,,,,,,,,,,,,,,,,,,,,,,,,,,,,,,,,,,
2015,general,north,NOR,26,26th District ……………,Buffalo NOR 26,,,6.0,24.0,,,,,,,,,,,,,,,,,,,,,,,,,,,,,,18.0,,,,,,,,,,,,,,,,,,,,,,,,,,,,,,,,,,,,,,,,,,,,,,,,,,,,,,,,,,,,,,,,,,,,,,,
2015,general,north,NOR,27,27th District ……………,Buffalo NOR 27,,,5.0,19.0,,,,,,,,,,,,,,,,,,,,,,,,,,,,,,14.0,,,,,,,,,,,,,,,,,,,,,,,,,,,,,,,,,,,,,,,,,,,,,,,,,,,,,,,,,,,,,,,,,,,,,,,
2015,general,south,SOU,2,2nd District ……………,Buffalo SOU 2,,,26.0,166.0,,,,,,,,,,,,,,,,,,,,,,,,,,,,,,,,,,,,,,,,,,,,,,,,,,,140.0,,,,,,,,,,,,,,,,,,,,,,,,,,,,,,,,,,,,,,,,,,,,,,,,,,
2015,general,south,SOU,4,4th District ……………,Buffalo SOU 4,,,23.0,116.0,,,,,,,,,,,,,,,,,,,,,,,,,,,,,,,,,,,,,,,,,,,,,,,,,,,93.0,,,,,,,,,,,,,,,,,,,,,,,,,,,,,,,,,,,,,,,,,,,,,,,,,,
2015,general,south,SOU,5,5th District ……………,Buffalo SOU 5,,,21.0,159.0,,,,,,,,,,,,,,,,,,,,,,,,,,,,,,,,,,,,,,,,,,,,,,,,,,,138.0,,,,,,,,,,,,,,,,,,,,,,,,,,,,,,,,,,,,,,,,,,,,,,,,,,
2015,general,south,SOU,6,6th District ……………,Buffalo SOU 6,,,5.0,90.0,,,,,,,,,,,,,,,,,,,,,,,,,,,,,,,,,,,,,,,,,,,,,,,,,,,85.0,,,,,,,,,,,,,,,,,,,,,,,,,,,,,,,,,,,,,,,,,,,,,,,,,,
2015,general,south,SOU,7,7th District ……………,Buffalo SOU 7,,,9.0,94.0,,,,,,,,,,,,,,,,,,,,,,,,,,,,,,,,,,,,,,,,,,,,,,,,,,,85.0,,,,,,,,,,,,,,,,,,,,,,,,,,,,,,,,,,,,,,,,,,,,,,,,,,
2015,general,south,SOU,8,8th District ……………,Buffalo SOU 8,,,9.0,97.0,,,,,,,,,,,,,,,,,,,,,,,,,,,,,,,,,,,,,,,,,,,,,,,,,,,88.0,,,,,,,,,,,,,,,,,,,,,,,,,,,,,,,,,,,,,,,,,,,,,,,,,,
2015,general,south,SOU,9,9th District ……………,Buffalo SOU 9,,,13.0,99.0,,,,,,,,,,,,,,,,,,,,,,,,,,,,,,,,,,,,,,,,,,,,,,,,,,,86.0,,,,,,,,,,,,,,,,,,,,,,,,,,,,,,,,,,,,,,,,,,,,,,,,,,
2015,general,south,SOU,10,10th District ……………,Buffalo SOU 10,,,10.0,86.0,,,,,,,,,,,,,,,,,,,,,,,,,,,,,,,,,,,,,,,,,,,,,,,,,,,76.0,,,,,,,,,,,,,,,,,,,,,,,,,,,,,,,,,,,,,,,,,,,,,,,,,,
2015,general,south,SOU,11,11th District ……………,Buffalo SOU 11,,,25.0,226.0,,,,,,,,,,,,,,,,,,,,,,,,,,,,,,,,,,,,,,,,,,,,,,,,,,,201.0,,,,,,,,,,,,,,,,,,,,,,,,,,,,,,,,,,,,,,,,,,,,,,,,,,
2015,general,south,SOU,12,12th District ……………,Buffalo SOU 12,,,13.0,124.0,,,,,,,,,,,,,,,,,,,,,,,,,,,,,,,,,,,,,,,,,,,,,,,,,,,111.0,,,,,,,,,,,,,,,,,,,,,,,,,,,,,,,,,,,,,,,,,,,,,,,,,,
2015,general,south,SOU,13,13th District ……………,Buffalo SOU 13,,,8.0,90.0,,,,,,,,,,,,,,,,,,,,,,,,,,,,,,,,,,,,,,,,,,,,,,,,,,,82.0,,,,,,,,,,,,,,,,,,,,,,,,,,,,,,,,,,,,,,,,,,,,,,,,,,
2015,general,south,SOU,14,14th District ……………,Buffalo SOU 14,,,7.0,115.0,,,,,,,,,,,,,,,,,,,,,,,,,,,,,,,,,,,,,,,,,,,,,,,,,,,108.0,,,,,,,,,,,,,,,,,,,,,,,,,,,,,,,,,,,,,,,,,,,,,,,,,,
2015,general,south,SOU,15,15th District ……………,Buffalo SOU 15,,,12.0,95.0,,,,,,,,,,,,,,,,,,,,,,,,,,,,,,,,,,,,,,,,,,,,,,,,,,,83.0,,,,,,,,,,,,,,,,,,,,,,,,,,,,,,,,,,,,,,,,,,,,,,,,,,
2015,general,south,SOU,16,16th District ……………,Buffalo SOU 16,,,30.0,157.0,,,,,,,,,,,,,,,,,,,,,,,,,,,,,,,,,,,,,,,,,,,,,,,,,,,127.0,,,,,,,,,,,,,,,,,,,,,,,,,,,,,,,,,,,,,,,,,,,,,,,,,,
2015,general,south,SOU,17,17th District ……………,Buffalo SOU 17,,,17.0,180.0,,,,,,,,,,,,,,,,,,,,,,,,,,,,,,,,,,,,,,,,,,,,,,,,,,,163.0,,,,,,,,,,,,,,,,,,,,,,,,,,,,,,,,,,,,,,,,,,,,,,,,,,
2015,general,south,SOU,18,18th District ……………,Buffalo SOU 18,,,7.0,203.0,,,,,,,,,,,,,,,,,,,,,,,,,,,,,,,,,,,,,,,,,,,,,,,,,,,196.0,,,,,,,,,,,,,,,,,,,,,,,,,,,,,,,,,,,,,,,,,,,,,,,,,,
2015,general,south,SOU,19,19th District ……………,Buffalo SOU 19,,,3.0,34.0,,,,,,,,,,,,,,,,,,,,,,,,,,,,,,,,,,,,,,,,,,,,,,,,,,,31.0,,,,,,,,,,,,,,,,,,,,,,,,,,,,,,,,,,,,,,,,,,,,,,,,,,
2015,general,south,SOU,20,20th District ……………,Buffalo SOU 20,,,10.0,48.0,,,,,,,,,,,,,,,,,,,,,,,,,,,,,,,,,,,,,,,,,,,,,,,,,,,38.0,,,,,,,,,,,,,,,,,,,,,,,,,,,,,,,,,,,,,,,,,,,,,,,,,,
2015,general,south,SOU,21,21st District ……………,Buffalo SOU 21,,,5.0,67.0,,,,,,,,,,,,,,,,,,,,,,,,,,,,,,,,,,,,,,,,,,,,,,,,,,,62.0,,,,,,,,,,,,,,,,,,,,,,,,,,,,,,,,,,,,,,,,,,,,,,,,,,
2015,general,south,SOU,22,22nd District ……………,Buffalo SOU 22,,,16.0,107.0,,,,,,,,,,,,,,,,,,,,,,,,,,,,,,,,,,,,,,,,,,,,,,,,,,,91.0,,,,,,,,,,,,,,,,,,,,,,,,,,,,,,,,,,,,,,,,,,,,,,,,,,
2015,general,south,SOU,23,23rd District ……………,Buffalo SOU 23,,,14.0,135.0,,,,,,,,,,,,,,,,,,,,,,,,,,,,,,,,,,,,,,,,,,,,,,,,,,,121.0,,,,,,,,,,,,,,,,,,,,,,,,,,,,,,,,,,,,,,,,,,,,,,,,,,
2015,general,south,SOU,24,24th District ……………,Buffalo SOU 24,,,21.0,180.0,,,,,,,,,,,,,,,,,,,,,,,,,,,,,,,,,,,,,,,,,,,,,,,,,,,159.0,,,,,,,,,,,,,,,,,,,,,,,,,,,,,,,,,,,,,,,,,,,,,,,,,,
2015,general,south,SOU,25,25th District ……………,Buffalo SOU 25,,,24.0,270.0,,,,,,,,,,,,,,,,,,,,,,,,,,,,,,,,,,,,,,,,,,,,,,,,,,,246.0,,,,,,,,,,,,,,,,,,,,,,,,,,,,,,,,,,,,,,,,,,,,,,,,,,
2015,general,south,SOU,26,26th District ……………,Buffalo SOU 26,,,20.0,140.0,,,,,,,,,,,,,,,,,,,,,,,,,,,,,,,,,,,,,,,,,,,,,,,,,,,120.0,,,,,,,,,,,,,,,,,,,,,,,,,,,,,,,,,,,,,,,,,,,,,,,,,,
2015,general,south,SOU,27,27th District ……………,Buffalo SOU 27,,,16.0,135.0,,,,,,,,,,,,,,,,,,,,,,,,,,,,,,,,,,,,,,,,,,,,,,,,,,,119.0,,,,,,,,,,,,,,,,,,,,,,,,,,,,,,,,,,,,,,,,,,,,,,,,,,
2015,general,south,SOU,28,28th District ……………,Buffalo SOU 28,,,34.0,256.0,,,,,,,,,,,,,,,,,,,,,,,,,,,,,,,,,,,,,,,,,,,,,,,,,,,222.0,,,,,,,,,,,,,,,,,,,,,,,,,,,,,,,,,,,,,,,,,,,,,,,,,,
2015,general,south,SOU,29,29th District ……………,Buffalo SOU 29,,,13.0,105.0,,,,,,,,,,,,,,,,,,,,,,,,,,,,,,,,,,,,,,,,,,,,,,,,,,,92.0,,,,,,,,,,,,,,,,,,,,,,,,,,,,,,,,,,,,,,,,,,,,,,,,,,
2015,general,south,SOU,30,30th District ……………,Buffalo SOU 30,,,28.0,211.0,,,,,,,,,,,,,,,,,,,,,,,,,,,,,,,,,,,,,,,,,,,,,,,,,,,183.0,,,,,,,,,,,,,,,,,,,,,,,,,,,,,,,,,,,,,,,,,,,,,,,,,,
2015,general,university,UNI,1,1st District ……………,Buffalo UNI 1,,,12.0,57.0,,,,,,,,,,,,,,,,,,,,,,,,,,,,,,,,,,,,,,,,,,,,,,,,,,,,45.0,,,,,,,,,,,,,,,,,,,,,,,,,,,,,,,,,,,,,,,,,,,,,,,,,
2015,general,university,UNI,2,2nd District ……………,Buffalo UNI 2,,,25.0,127.0,,,,,,,,,,,,,,,,,,,,,,,,,,,,,,,,,,,,,,,,,,,,,,,,,,,,102.0,,,,,,,,,,,,,,,,,,,,,,,,,,,,,,,,,,,,,,,,,,,,,,,,,
2015,general,university,UNI,3,3rd District ……………,Buffalo UNI 3,,,44.0,192.0,,,,,,,,,,,,,,,,,,,,,,,,,,,,,,,,,,,,,,,,,,,,,,,,,,,,148.0,,,,,,,,,,,,,,,,,,,,,,,,,,,,,,,,,,,,,,,,,,,,,,,,,
2015,general,university,UNI,4,4th District ……………,Buffalo UNI 4,,,10.0,87.0,,,,,,,,,,,,,,,,,,,,,,,,,,,,,,,,,,,,,,,,,,,,,,,,,,,,77.0,,,,,,,,,,,,,,,,,,,,,,,,,,,,,,,,,,,,,,,,,,,,,,,,,
2015,general,university,UNI,5,5th District ……………,Buffalo UNI 5,,,27.0,111.0,,,,,,,,,,,,,,,,,,,,,,,,,,,,,,,,,,,,,,,,,,,,,,,,,,,,84.0,,,,,,,,,,,,,,,,,,,,,,,,,,,,,,,,,,,,,,,,,,,,,,,,,
2015,general,university,UNI,6,6th District ……………,Buffalo UNI 6,,,6.0,50.0,,,,,,,,,,,,,,,,,,,,,,,,,,,,,,,,,,,,,,,,,,,,,,,,,,,,44.0,,,,,,,,,,,,,,,,,,,,,,,,,,,,,,,,,,,,,,,,,,,,,,,,,
2015,general,university,UNI,7,7th District ……………,Buffalo UNI 7,,,53.0,224.0,,,,,,,,,,,,,,,,,,,,,,,,,,,,,,,,,,,,,,,,,,,,,,,,,,,,171.0,,,,,,,,,,,,,,,,,,,,,,,,,,,,,,,,,,,,,,,,,,,,,,,,,
2015,general,university,UNI,8,8th District ……………,Buffalo UNI 8,,,10.0,29.0,,,,,,,,,,,,,,,,,,,,,,,,,,,,,,,,,,,,,,,,,,,,,,,,,,,,19.0,,,,,,,,,,,,,,,,,,,,,,,,,,,,,,,,,,,,,,,,,,,,,,,,,
2015,general,university,UNI,9,9th District ……………,Buffalo UNI 9,,,3.0,27.0,,,,,,,,,,,,,,,,,,,,,,,,,,,,,,,,,,,,,,,,,,,,,,,,,,,,24.0,,,,,,,,,,,,,,,,,,,,,,,,,,,,,,,,,,,,,,,,,,,,,,,,,
2015,general,university,UNI,10,10th District ……………,Buffalo UNI 10,,,23.0,172.0,,,,,,,,,,,,,,,,,,,,,,,,,,,,,,,,,,,,,,,,,,,,,,,,,,,,149.0,,,,,,,,,,,,,,,,,,,,,,,,,,,,,,,,,,,,,,,,,,,,,,,,,
2015,general,university,UNI,11,11th District ……………,Buffalo UNI 11,,,8.0,80.0,,,,,,,,,,,,,,,,,,,,,,,,,,,,,,,,,,,,,,,,,,,,,,,,,,,,72.0,,,,,,,,,,,,,,,,,,,,,,,,,,,,,,,,,,,,,,,,,,,,,,,,,
2015,general,university,UNI,12,12th District ……………,Buffalo UNI 12,,,24.0,177.0,,,,,,,,,,,,,,,,,,,,,,,,,,,,,,,,,,,,,,,,,,,,,,,,,,,,153.0,,,,,,,,,,,,,,,,,,,,,,,,,,,,,,,,,,,,,,,,,,,,,,,,,
2015,general,university,UNI,13,13th District ……………,Buffalo UNI 13,,,13.0,132.0,,,,,,,,,,,,,,,,,,,,,,,,,,,,,,,,,,,,,,,,,,,,,,,,,,,,119.0,,,,,,,,,,,,,,,,,,,,,,,,,,,,,,,,,,,,,,,,,,,,,,,,,
2015,general,university,UNI,14,14th District ……………,Buffalo UNI 14,,,6.0,81.0,,,,,,,,,,,,,,,,,,,,,,,,,,,,,,,,,,,,,,,,,,,,,,,,,,,,75.0,,,,,,,,,,,,,,,,,,,,,,,,,,,,,,,,,,,,,,,,,,,,,,,,,
2015,general,university,UNI,15,15th District ……………,Buffalo UNI 15,,,12.0,99.0,,,,,,,,,,,,,,,,,,,,,,,,,,,,,,,,,,,,,,,,,,,,,,,,,,,,87.0,,,,,,,,,,,,,,,,,,,,,,,,,,,,,,,,,,,,,,,,,,,,,,,,,
2015,general,university,UNI,16,16th District ……………,Buffalo UNI 16,,,12.0,100.0,,,,,,,,,,,,,,,,,,,,,,,,,,,,,,,,,,,,,,,,,,,,,,,,,,,,88.0,,,,,,,,,,,,,,,,,,,,,,,,,,,,,,,,,,,,,,,,,,,,,,,,,
2015,general,university,UNI,17,17th District ……………,Buffalo UNI 17,,,14.0,103.0,,,,,,,,,,,,,,,,,,,,,,,,,,,,,,,,,,,,,,,,,,,,,,,,,,,,89.0,,,,,,,,,,,,,,,,,,,,,,,,,,,,,,,,,,,,,,,,,,,,,,,,,
2015,general,university,UNI,18,18th District ……………,Buffalo UNI 18,,,9.0,36.0,,,,,,,,,,,,,,,,,,,,,,,,,,,,,,,,,,,,,,,,,,,,,,,,,,,,27.0,,,,,,,,,,,,,,,,,,,,,,,,,,,,,,,,,,,,,,,,,,,,,,,,,
2015,general,university,UNI,19,19th District ……………,Buffalo UNI 19,,,6.0,107.0,,,,,,,,,,,,,,,,,,,,,,,,,,,,,,,,,,,,,,,,,,,,,,,,,,,,101.0,,,,,,,,,,,,,,,,,,,,,,,,,,,,,,,,,,,,,,,,,,,,,,,,,
2015,general,university,UNI,20,20th District ……………,Buffalo UNI 20,,,11.0,74.0,,,,,,,,,,,,,,,,,,,,,,,,,,,,,,,,,,,,,,,,,,,,,,,,,,,,63.0,,,,,,,,,,,,,,,,,,,,,,,,,,,,,,,,,,,,,,,,,,,,,,,,,
2015,general,university,UNI,21,21st District ……………,Buffalo UNI 21,,,12.0,94.0,,,,,,,,,,,,,,,,,,,,,,,,,,,,,,,,,,,,,,,,,,,,,,,,,,,,82.0,,,,,,,,,,,,,,,,,,,,,,,,,,,,,,,,,,,,,,,,,,,,,,,,,
2015,general,university,UNI,22,22nd District ……………,Buffalo UNI 22,,,8.0,71.0,,,,,,,,,,,,,,,,,,,,,,,,,,,,,,,,,,,,,,,,,,,,,,,,,,,,63.0,,,,,,,,,,,,,,,,,,,,,,,,,,,,,,,,,,,,,,,,,,,,,,,,,
2015,general,university,UNI,23,23rd District ……………,Buffalo UNI 23,,,16.0,104.0,,,,,,,,,,,,,,,,,,,,,,,,,,,,,,,,,,,,,,,,,,,,,,,,,,,,88.0,,,,,,,,,,,,,,,,,,,,,,,,,,,,,,,,,,,,,,,,,,,,,,,,,
2015,general,university,UNI,24,24th District ……………,Buffalo UNI 24,,,14.0,109.0,,,,,,,,,,,,,,,,,,,,,,,,,,,,,,,,,,,,,,,,,,,,,,,,,,,,95.0,,,,,,,,,,,,,,,,,,,,,,,,,,,,,,,,,,,,,,,,,,,,,,,,,
2015,general,university,UNI,25,25th District ……………,Buffalo UNI 25,,,17.0,143.0,,,,,,,,,,,,,,,,,,,,,,,,,,,,,,,,,,,,,,,,,,,,,,,,,,,,126.0,,,,,,,,,,,,,,,,,,,,,,,,,,,,,,,,,,,,,,,,,,,,,,,,,
2015,general,university,UNI,26,26th District ……………,Buffalo UNI 26,,,15.0,88.0,,,,,,,,,,,,,,,,,,,,,,,,,,,,,,,,,,,,,,,,,,,,,,,,,,,,73.0,,,,,,,,,,,,,,,,,,,,,,,,,,,,,,,,,,,,,,,,,,,,,,,,,
2015,general,university,UNI,27,27th District ……………,Buffalo UNI 27,,,3.0,36.0,,,,,,,,,,,,,,,,,,,,,,,,,,,,,,,,,,,,,,,,,,,,,,,,,,,,33.0,,,,,,,,,,,,,,,,,,,,,,,,,,,,,,,,,,,,,,,,,,,,,,,,,
2015,primary,fillmore,FIL,1,1st District ……………,Buffalo FIL 1,,,2.0,47.0,,,,,,,,,,,,,,,,,,,,,,,,,,,,,,,,,,,,,,,,,,,,,,,,,,,,,33.0,6.0,3.0,3.0,,,,,,,,,,,,,,,,,,,,,,,,,,,,,,,,,,,,,,,,,,,,,
2015,primary,fillmore,FIL,2,2nd District ……………,Buffalo FIL 2,,,1.0,63.0,,,,,,,,,,,,,,,,,,,,,,,,,,,,,,,,,,,,,,,,,,,,,,,,,,,,,48.0,7.0,6.0,1.0,,,,,,,,,,,,,,,,,,,,,,,,,,,,,,,,,,,,,,,,,,,,,
2015,primary,fillmore,FIL,3,3rd District ……………,Buffalo FIL 3,,,2.0,26.0,,,,,,,,,,,,,,,,,,,,,,,,,,,,,,,,,,,,,,,,,,,,,,,,,,,,,17.0,6.0,1.0,0.0,,,,,,,,,,,,,,,,,,,,,,,,,,,,,,,,,,,,,,,,,,,,,
2015,primary,fillmore,FIL,5,5th District ……………,Buffalo FIL 5,,,0.0,23.0,,,,,,,,,,,,,,,,,,,,,,,,,,,,,,,,,,,,,,,,,,,,,,,,,,,,,18.0,1.0,4.0,0.0,,,,,,,,,,,,,,,,,,,,,,,,,,,,,,,,,,,,,,,,,,,,,
2015,primary,fillmore,FIL,6,6th District ……………,Buffalo FIL 6,,,1.0,42.0,,,,,,,,,,,,,,,,,,,,,,,,,,,,,,,,,,,,,,,,,,,,,,,,,,,,,27.0,10.0,4.0,0.0,,,,,,,,,,,,,,,,,,,,,,,,,,,,,,,,,,,,,,,,,,,,,
2015,primary,fillmore,FIL,8,8th District ……………,Buffalo FIL 8,,,1.0,169.0,,,,,,,,,,,,,,,,,,,,,,,,,,,,,,,,,,,,,,,,,,,,,,,,,,,,,73.0,20.0,75.0,0.0,,,,,,,,,,,,,,,,,,,,,,,,,,,,,,,,,,,,,,,,,,,,,
2015,primary,fillmore,FIL,9,9th District ……………,Buffalo FIL 9,,,1.0,22.0,,,,,,,,,,,,,,,,,,,,,,,,,,,,,,,,,,,,,,,,,,,,,,,,,,,,,7.0,12.0,2.0,0.0,,,,,,,,,,,,,,,,,,,,,,,,,,,,,,,,,,,,,,,,,,,,,
2015,primary,fillmore,FIL,10,10th District ……………,Buffalo FIL 10,,,16.0,87.0,,,,,,,,,,,,,,,,,,,,,,,,,,,,,,,,,,,,,,,,,,,,,,,,,,,,,28.0,30.0,13.0,0.0,,,,,,,,,,,,,,,,,,,,,,,,,,,,,,,,,,,,,,,,,,,,,
2015,primary,fillmore,FIL,11,11th District ……………,Buffalo FIL 11,,,7.0,100.0,,,,,,,,,,,,,,,,,,,,,,,,,,,,,,,,,,,,,,,,,,,,,,,,,,,,,41.0,40.0,7.0,5.0,,,,,,,,,,,,,,,,,,,,,,,,,,,,,,,,,,,,,,,,,,,,,
2015,primary,fillmore,FIL,12,12th District ……………,Buffalo FIL 12,,,2.0,60.0,,,,,,,,,,,,,,,,,,,,,,,,,,,,,,,,,,,,,,,,,,,,,,,,,,,,,48.0,3.0,7.0,0.0,,,,,,,,,,,,,,,,,,,,,,,,,,,,,,,,,,,,,,,,,,,,,
2015,primary,fillmore,FIL,14,14th District ……………,Buffalo FIL 14,,,0.0,56.0,,,,,,,,,,,,,,,,,,,,,,,,,,,,,,,,,,,,,,,,,,,,,,,,,,,,,49.0,4.0,3.0,0.0,,,,,,,,,,,,,,,,,,,,,,,,,,,,,,,,,,,,,,,,,,,,,
2015,primary,fillmore,FIL,15,15th District ……………,Buffalo FIL 15,,,4.0,82.0,,,,,,,,,,,,,,,,,,,,,,,,,,,,,,,,,,,,,,,,,,,,,,,,,,,,,47.0,20.0,9.0,2.0,,,,,,,,,,,,,,,,,,,,,,,,,,,,,,,,,,,,,,,,,,,,,
2015,primary,fillmore,FIL,17,17th District ……………,Buffalo FIL 17,,,0.0,4.0,,,,,,,,,,,,,,,,,,,,,,,,,,,,,,,,,,,,,,,,,,,,,,,,,,,,,4.0,0.0,0.0,0.0,,,,,,,,,,,,,,,,,,,,,,,,,,,,,,,,,,,,,,,,,,,,,
2015,primary,fillmore,FIL,19,19th District ……………,Buffalo FIL 19,,,4.0,55.0,,,,,,,,,,,,,,,,,,,,,,,,,,,,,,,,,,,,,,,,,,,,,,,,,,,,,26.0,8.0,1.0,16.0,,,,,,,,,,,,,,,,,,,,,,,,,,,,,,,,,,,,,,,,,,,,,
2015,primary,fillmore,FIL,20,20th District ……………,Buffalo FIL 20,,,3.0,90.0,,,,,,,,,,,,,,,,,,,,,,,,,,,,,,,,,,,,,,,,,,,,,,,,,,,,,21.0,55.0,6.0,5.0,,,,,,,,,,,,,,,,,,,,,,,,,,,,,,,,,,,,,,,,,,,,,
2015,primary,fillmore,FIL,21,21st District ……………,Buffalo FIL 21,,,1.0,26.0,,,,,,,,,,,,,,,,,,,,,,,,,,,,,,,,,,,,,,,,,,,,,,,,,,,,,12.0,10.0,3.0,0.0,,,,,,,,,,,,,,,,,,,,,,,,,,,,,,,,,,,,,,,,,,,,,
2015,primary,fillmore,FIL,23,23rd District ……………,Buffalo FIL 23,,,3.0,69.0,,,,,,,,,,,,,,,,,,,,,,,,,,,,,,,,,,,,,,,,,,,,,,,,,,,,,44.0,15.0,5.0,2.0,,,,,,,,,,,,,,,,,,,,,,,,,,,,,,,,,,,,,,,,,,,,,
2015,primary,fillmore,FIL,25,25th District ……………,Buffalo FIL 25,,,2.0,43.0,,,,,,,,,,,,,,,,,,,,,,,,,,,,,,,,,,,,,,,,,,,,,,,,,,,,,28.0,8.0,1.0,4.0,,,,,,,,,,,,,,,,,,,,,,,,,,,,,,,,,,,,,,,,,,,,,
2015,primary,fillmore,FIL,29,29th District ……………,Buffalo FIL 29,,,3.0,73.0,,,,,,,,,,,,,,,,,,,,,,,,,,,,,,,,,,,,,,,,,,,,,,,,,,,,,27.0,38.0,5.0,0.0,,,,,,,,,,,,,,,,,,,,,,,,,,,,,,,,,,,,,,,,,,,,,
2015,primary,fillmore,FIL,31,31st District ……………,Buffalo FIL 31,,,4.0,21.0,,,,,,,,,,,,,,,,,,,,,,,,,,,,,,,,,,,,,,,,,,,,,,,,,,,,,8.0,8.0,1.0,0.0,,,,,,,,,,,,,,,,,,,,,,,,,,,,,,,,,,,,,,,,,,,,,
2015,primary,fillmore,FIL,32,32nd District ……………,Buffalo FIL 32,,,1.0,28.0,,,,,,,,,,,,,,,,,,,,,,,,,,,,,,,,,,,,,,,,,,,,,,,,,,,,,15.0,11.0,1.0,0.0,,,,,,,,,,,,,,,,,,,,,,,,,,,,,,,,,,,,,,,,,,,,,
2015,primary,masten,MAS,1,1st District ……………,Buffalo MAS 1,,,4.0,177.0,,,,,,,,,,,,,,,,,,,,,,,,,,,,,,,,,,,,,,,,,,,,,,,,,1.0,,,,,,,,12.0,84.0,76.0,,,,,,,,,,,,,,,,,,,,,,,,,,,,,,,,,,,,,,,,,,
2015,primary,masten,MAS,2,2nd District ……………,Buffalo MAS 2,,,0.0,20.0,,,,,,,,,,,,,,,,,,,,,,,,,,,,,,,,,,,,,,,,,,,,,,,,,0.0,,,,,,,,8.0,7.0,5.0,,,,,,,,,,,,,,,,,,,,,,,,,,,,,,,,,,,,,,,,,,
2015,primary,masten,MAS,4,4th District ……………,Buffalo MAS 4,,,2.0,168.0,,,,,,,,,,,,,,,,,,,,,,,,,,,,,,,,,,,,,,,,,,,,,,,,,5.0,,,,,,,,6.0,97.0,58.0,,,,,,,,,,,,,,,,,,,,,,,,,,,,,,,,,,,,,,,,,,
2015,primary,masten,MAS,5,5th District ……………,Buffalo MAS 5,,,3.0,129.0,,,,,,,,,,,,,,,,,,,,,,,,,,,,,,,,,,,,,,,,,,,,,,,,,11.0,,,,,,,,18.0,54.0,43.0,,,,,,,,,,,,,,,,,,,,,,,,,,,,,,,,,,,,,,,,,,
2015,primary,masten,MAS,8,8th District ……………,Buffalo MAS 8,,,2.0,120.0,,,,,,,,,,,,,,,,,,,,,,,,,,,,,,,,,,,,,,,,,,,,,,,,,4.0,,,,,,,,8.0,72.0,34.0,,,,,,,,,,,,,,,,,,,,,,,,,,,,,,,,,,,,,,,,,,
2015,primary,masten,MAS,12,12th District ……………,Buffalo MAS 12,,,15.0,205.0,,,,,,,,,,,,,,,,,,,,,,,,,,,,,,,,,,,,,,,,,,,,,,,,,2.0,,,,,,,,21.0,101.0,66.0,,,,,,,,,,,,,,,,,,,,,,,,,,,,,,,,,,,,,,,,,,
2015,primary,masten,MAS,13,13th District ……………,Buffalo MAS 13,,,7.0,148.0,,,,,,,,,,,,,,,,,,,,,,,,,,,,,,,,,,,,,,,,,,,,,,,,,3.0,,,,,,,,19.0,74.0,45.0,,,,,,,,,,,,,,,,,,,,,,,,,,,,,,,,,,,,,,,,,,
2015,primary,masten,MAS,14,14th District ……………,Buffalo MAS 14,,,11.0,202.0,,,,,,,,,,,,,,,,,,,,,,,,,,,,,,,,,,,,,,,,,,,,,,,,,1.0,,,,,,,,18.0,95.0,77.0,,,,,,,,,,,,,,,,,,,,,,,,,,,,,,,,,,,,,,,,,,
2015,primary,masten,MAS,16,16th District ……………,Buffalo MAS 16,,,11.0,348.0,,,,,,,,,,,,,,,,,,,,,,,,,,,,,,,,,,,,,,,,,,,,,,,,,2.0,,,,,,,,24.0,140.0,171.0,,,,,,,,,,,,,,,,,,,,,,,,,,,,,,,,,,,,,,,,,,
2015,primary,masten,MAS,19,19th District ……………,Buffalo MAS 19,,,8.0,157.0,,,,,,,,,,,,,,,,,,,,,,,,,,,,,,,,,,,,,,,,,,,,,,,,,0.0,,,,,,,,15.0,64.0,70.0,,,,,,,,,,,,,,,,,,,,,,,,,,,,,,,,,,,,,,,,,,
2015,primary,masten,MAS,23,23rd District ……………,Buffalo MAS 23,,,5.0,108.0,,,,,,,,,,,,,,,,,,,,,,,,,,,,,,,,,,,,,,,,,,,,,,,,,1.0,,,,,,,,9.0,52.0,41.0,,,,,,,,,,,,,,,,,,,,,,,,,,,,,,,,,,,,,,,,,,
2015,primary,masten,MAS,27,27th District ……………,Buffalo MAS 27,,,9.0,139.0,,,,,,,,,,,,,,,,,,,,,,,,,,,,,,,,,,,,,,,,,,,,,,,,,0.0,,,,,,,,26.0,47.0,57.0,,,,,,,,,,,,,,,,,,,,,,,,,,,,,,,,,,,,,,,,,,
2015,primary,masten,MAS,30,30th District ……………,Buffalo MAS 30,,,2.0,111.0,,,,,,,,,,,,,,,,,,,,,,,,,,,,,,,,,,,,,,,,,,,,,,,,,0.0,,,,,,,,27.0,40.0,42.0,,,,,,,,,,,,,,,,,,,,,,,,,,,,,,,,,,,,,,,,,,
2015,primary,masten,MAS,31,31st District ……………,Buffalo MAS 31,,,7.0,103.0,,,,,,,,,,,,,,,,,,,,,,,,,,,,,,,,,,,,,,,,,,,,,,,,,3.0,,,,,,,,16.0,36.0,41.0,,,,,,,,,,,,,,,,,,,,,,,,,,,,,,,,,,,,,,,,,,
2015,primary,masten,MAS,33,33rd District ……………,Buffalo MAS 33,,,10.0,85.0,,,,,,,,,,,,,,,,,,,,,,,,,,,,,,,,,,,,,,,,,,,,,,,,,0.0,,,,,,,,5.0,39.0,31.0,,,,,,,,,,,,,,,,,,,,,,,,,,,,,,,,,,,,,,,,,,
2015,primary,masten,MAS,35,35th District ……………,Buffalo MAS 35,,,4.0,202.0,,,,,,,,,,,,,,,,,,,,,,,,,,,,,,,,,,,,,,,,,,,,,,,,,2.0,,,,,,,,15.0,65.0,116.0,,,,,,,,,,,,,,,,,,,,,,,,,,,,,,,,,,,,,,,,,,
2015,primary,masten,MAS,41,41st District ……………,Buffalo MAS 41,,,5.0,89.0,,,,,,,,,,,,,,,,,,,,,,,,,,,,,,,,,,,,,,,,,,,,,,,,,0.0,,,,,,,,10.0,43.0,31.0,,,,,,,,,,,,,,,,,,,,,,,,,,,,,,,,,,,,,,,,,,
2019,general,delaware,DEL,1,Del 001,Buffalo DEL 1,,,,5.0,,,,,,,,,,,,,,,,,,,,,,,,,,,,,,,,,,,,,,,,,,,5.0,,,,,,,,,,,,,,,,,0.0,,,,,,,,,,,,,,,,,,,,,,,,,,,,,,,,,,,,,,,,,
2019,general,delaware,DEL,2,Del 002,Buffalo DEL 2,,,,395.0,,,,,,,,,,,,,,,,,,,,,,,,,,,,,,,,,,,,,,,,,,,317.0,,,,,,,,,,,,,,,,,78.0,,,,,,,,,,,,,,,,,,,,,,,,,,,,,,,,,,,,,,,,,
2019,general,delaware,DEL,3,Del 003,Buffalo DEL 3,,,,199.0,,,,,,,,,,,,,,,,,,,,,,,,,,,,,,,,,,,,,,,,,,,162.0,,,,,,,,,,,,,,,,,37.0,,,,,,,,,,,,,,,,,,,,,,,,,,,,,,,,,,,,,,,,,
2019,general,delaware,DEL,4,Del 004,Buffalo DEL 4,,,,145.0,,,,,,,,,,,,,,,,,,,,,,,,,,,,,,,,,,,,,,,,,,,113.0,,,,,,,,,,,,,,,,,32.0,,,,,,,,,,,,,,,,,,,,,,,,,,,,,,,,,,,,,,,,,
2019,general,delaware,DEL,5,Del 005,Buffalo DEL 5,,,,142.0,,,,,,,,,,,,,,,,,,,,,,,,,,,,,,,,,,,,,,,,,,,114.0,,,,,,,,,,,,,,,,,28.0,,,,,,,,,,,,,,,,,,,,,,,,,,,,,,,,,,,,,,,,,
2019,general,delaware,DEL,6,Del 006,Buffalo DEL 6,,,,132.0,,,,,,,,,,,,,,,,,,,,,,,,,,,,,,,,,,,,,,,,,,,113.0,,,,,,,,,,,,,,,,,19.0,,,,,,,,,,,,,,,,,,,,,,,,,,,,,,,,,,,,,,,,,
2019,general,delaware,DEL,7,Del 007,Buffalo DEL 7,,,,275.0,,,,,,,,,,,,,,,,,,,,,,,,,,,,,,,,,,,,,,,,,,,229.0,,,,,,,,,,,,,,,,,46.0,,,,,,,,,,,,,,,,,,,,,,,,,,,,,,,,,,,,,,,,,
2019,general,delaware,DEL,8,Del 008,Buffalo DEL 8,,,,294.0,,,,,,,,,,,,,,,,,,,,,,,,,,,,,,,,,,,,,,,,,,,232.0,,,,,,,,,,,,,,,,,62.0,,,,,,,,,,,,,,,,,,,,,,,,,,,,,,,,,,,,,,,,,
2019,general,delaware,DEL,9,Del 009,Buffalo DEL 9,,,,355.0,,,,,,,,,,,,,,,,,,,,,,,,,,,,,,,,,,,,,,,,,,,303.0,,,,,,,,,,,,,,,,,52.0,,,,,,,,,,,,,,,,,,,,,,,,,,,,,,,,,,,,,,,,,
2019,general,delaware,DEL,10,Del 010,Buffalo DEL 10,,,,123.0,,,,,,,,,,,,,,,,,,,,,,,,,,,,,,,,,,,,,,,,,,,104.0,,,,,,,,,,,,,,,,,19.0,,,,,,,,,,,,,,,,,,,,,,,,,,,,,,,,,,,,,,,,,
2019,general,delaware,DEL,11,Del 011,Buffalo DEL 11,,,,220.0,,,,,,,,,,,,,,,,,,,,,,,,,,,,,,,,,,,,,,,,,,,191.0,,,,,,,,,,,,,,,,,29.0,,,,,,,,,,,,,,,,,,,,,,,,,,,,,,,,,,,,,,,,,
2019,general,delaware,DEL,12,Del 012,Buffalo DEL 12,,,,229.0,,,,,,,,,,,,,,,,,,,,,,,,,,,,,,,,,,,,,,,,,,,197.0,,,,,,,,,,,,,,,,,32.0,,,,,,,,,,,,,,,,,,,,,,,,,,,,,,,,,,,,,,,,,
2019,general,delaware,DEL,13,Del 013,Buffalo DEL 13,,,,120.0,,,,,,,,,,,,,,,,,,,,,,,,,,,,,,,,,,,,,,,,,,,104.0,,,,,,,,,,,,,,,,,16.0,,,,,,,,,,,,,,,,,,,,,,,,,,,,,,,,,,,,,,,,,
2019,general,delaware,DEL,14,Del 014,Buffalo DEL 14,,,,169.0,,,,,,,,,,,,,,,,,,,,,,,,,,,,,,,,,,,,,,,,,,,134.0,,,,,,,,,,,,,,,,,35.0,,,,,,,,,,,,,,,,,,,,,,,,,,,,,,,,,,,,,,,,,
2019,general,delaware,DEL,15,Del 015,Buffalo DEL 15,,,,157.0,,,,,,,,,,,,,,,,,,,,,,,,,,,,,,,,,,,,,,,,,,,132.0,,,,,,,,,,,,,,,,,25.0,,,,,,,,,,,,,,,,,,,,,,,,,,,,,,,,,,,,,,,,,
2019,general,delaware,DEL,16,Del 016,Buffalo DEL 16,,,,345.0,,,,,,,,,,,,,,,,,,,,,,,,,,,,,,,,,,,,,,,,,,,296.0,,,,,,,,,,,,,,,,,49.0,,,,,,,,,,,,,,,,,,,,,,,,,,,,,,,,,,,,,,,,,
2019,general,delaware,DEL,17,Del 017,Buffalo DEL 17,,,,237.0,,,,,,,,,,,,,,,,,,,,,,,,,,,,,,,,,,,,,,,,,,,205.0,,,,,,,,,,,,,,,,,32.0,,,,,,,,,,,,,,,,,,,,,,,,,,,,,,,,,,,,,,,,,
2019,general,delaware,DEL,18,Del 018,Buffalo DEL 18,,,,115.0,,,,,,,,,,,,,,,,,,,,,,,,,,,,,,,,,,,,,,,,,,,88.0,,,,,,,,,,,,,,,,,27.0,,,,,,,,,,,,,,,,,,,,,,,,,,,,,,,,,,,,,,,,,
2019,general,delaware,DEL,19,Del 019,Buffalo DEL 19,,,,204.0,,,,,,,,,,,,,,,,,,,,,,,,,,,,,,,,,,,,,,,,,,,169.0,,,,,,,,,,,,,,,,,35.0,,,,,,,,,,,,,,,,,,,,,,,,,,,,,,,,,,,,,,,,,
2019,general,delaware,DEL,20,Del 020,Buffalo DEL 20,,,,173.0,,,,,,,,,,,,,,,,,,,,,,,,,,,,,,,,,,,,,,,,,,,142.0,,,,,,,,,,,,,,,,,31.0,,,,,,,,,,,,,,,,,,,,,,,,,,,,,,,,,,,,,,,,,
2019,general,delaware,DEL,21,Del 021,Buffalo DEL 21,,,,265.0,,,,,,,,,,,,,,,,,,,,,,,,,,,,,,,,,,,,,,,,,,,215.0,,,,,,,,,,,,,,,,,50.0,,,,,,,,,,,,,,,,,,,,,,,,,,,,,,,,,,,,,,,,,
2019,general,delaware,DEL,22,Del 022,Buffalo DEL 22,,,,139.0,,,,,,,,,,,,,,,,,,,,,,,,,,,,,,,,,,,,,,,,,,,116.0,,,,,,,,,,,,,,,,,23.0,,,,,,,,,,,,,,,,,,,,,,,,,,,,,,,,,,,,,,,,,
2019,general,delaware,DEL,23,Del 023,Buffalo DEL 23,,,,258.0,,,,,,,,,,,,,,,,,,,,,,,,,,,,,,,,,,,,,,,,,,,203.0,,,,,,,,,,,,,,,,,55.0,,,,,,,,,,,,,,,,,,,,,,,,,,,,,,,,,,,,,,,,,
2019,general,delaware,DEL,24,Del 024,Buffalo DEL 24,,,,185.0,,,,,,,,,,,,,,,,,,,,,,,,,,,,,,,,,,,,,,,,,,,155.0,,,,,,,,,,,,,,,,,30.0,,,,,,,,,,,,,,,,,,,,,,,,,,,,,,,,,,,,,,,,,
2019,general,delaware,DEL,25,Del 025,Buffalo DEL 25,,,,267.0,,,,,,,,,,,,,,,,,,,,,,,,,,,,,,,,,,,,,,,,,,,218.0,,,,,,,,,,,,,,,,,49.0,,,,,,,,,,,,,,,,,,,,,,,,,,,,,,,,,,,,,,,,,
2019,general,delaware,DEL,26,Del 026,Buffalo DEL 26,,,,242.0,,,,,,,,,,,,,,,,,,,,,,,,,,,,,,,,,,,,,,,,,,,209.0,,,,,,,,,,,,,,,,,33.0,,,,,,,,,,,,,,,,,,,,,,,,,,,,,,,,,,,,,,,,,
2019,general,delaware,DEL,27,Del 027,Buffalo DEL 27,,,,101.0,,,,,,,,,,,,,,,,,,,,,,,,,,,,,,,,,,,,,,,,,,,75.0,,,,,,,,,,,,,,,,,26.0,,,,,,,,,,,,,,,,,,,,,,,,,,,,,,,,,,,,,,,,,
2019,general,delaware,DEL,28,Del 028,Buffalo DEL 28,,,,162.0,,,,,,,,,,,,,,,,,,,,,,,,,,,,,,,,,,,,,,,,,,,129.0,,,,,,,,,,,,,,,,,33.0,,,,,,,,,,,,,,,,,,,,,,,,,,,,,,,,,,,,,,,,,
2019,general,delaware,DEL,29,Del 029,Buffalo DEL 29,,,,252.0,,,,,,,,,,,,,,,,,,,,,,,,,,,,,,,,,,,,,,,,,,,215.0,,,,,,,,,,,,,,,,,37.0,,,,,,,,,,,,,,,,,,,,,,,,,,,,,,,,,,,,,,,,,
2019,general,delaware,DEL,30,Del 030,Buffalo DEL 30,,,,319.0,,,,,,,,,,,,,,,,,,,,,,,,,,,,,,,,,,,,,,,,,,,268.0,,,,,,,,,,,,,,,,,51.0,,,,,,,,,,,,,,,,,,,,,,,,,,,,,,,,,,,,,,,,,
2019,general,delaware,DEL,31,Del 031,Buffalo DEL 31,,,,362.0,,,,,,,,,,,,,,,,,,,,,,,,,,,,,,,,,,,,,,,,,,,309.0,,,,,,,,,,,,,,,,,53.0,,,,,,,,,,,,,,,,,,,,,,,,,,,,,,,,,,,,,,,,,
2019,general,delaware,DEL,32,Del 032,Buffalo DEL 32,,,,351.0,,,,,,,,,,,,,,,,,,,,,,,,,,,,,,,,,,,,,,,,,,,267.0,,,,,,,,,,,,,,,,,84.0,,,,,,,,,,,,,,,,,,,,,,,,,,,,,,,,,,,,,,,,,
2019,general,delaware,DEL,33,Del 033,Buffalo DEL 33,,,,206.0,,,,,,,,,,,,,,,,,,,,,,,,,,,,,,,,,,,,,,,,,,,164.0,,,,,,,,,,,,,,,,,42.0,,,,,,,,,,,,,,,,,,,,,,,,,,,,,,,,,,,,,,,,,
2019,general,delaware,DEL,34,Del 034,Buffalo DEL 34,,,,249.0,,,,,,,,,,,,,,,,,,,,,,,,,,,,,,,,,,,,,,,,,,,202.0,,,,,,,,,,,,,,,,,47.0,,,,,,,,,,,,,,,,,,,,,,,,,,,,,,,,,,,,,,,,,
2019,general,ellicott,ELL,1,Ell 001,Buffalo ELL 1,,,,388.0,,,,,,,,,,,,,,,,,,,,,,,,,,,,,,,,,,,,,311.0,,,,,,,,,,,,,,,,,,,,,,,77.0,,,,,,,,,,,,,,,,,,,,,,,,,,,,,,,,,,,,,,,,,
2019,general,ellicott,ELL,2,Ell 002,Buffalo ELL 2,,,,96.0,,,,,,,,,,,,,,,,,,,,,,,,,,,,,,,,,,,,,73.0,,,,,,,,,,,,,,,,,,,,,,,23.0,,,,,,,,,,,,,,,,,,,,,,,,,,,,,,,,,,,,,,,,,
2019,general,ellicott,ELL,3,Ell 003,Buffalo ELL 3,,,,207.0,,,,,,,,,,,,,,,,,,,,,,,,,,,,,,,,,,,,,167.0,,,,,,,,,,,,,,,,,,,,,,,40.0,,,,,,,,,,,,,,,,,,,,,,,,,,,,,,,,,,,,,,,,,
2019,general,ellicott,ELL,4,Ell 004,Buffalo ELL 4,,,,61.0,,,,,,,,,,,,,,,,,,,,,,,,,,,,,,,,,,,,,49.0,,,,,,,,,,,,,,,,,,,,,,,12.0,,,,,,,,,,,,,,,,,,,,,,,,,,,,,,,,,,,,,,,,,
2019,general,ellicott,ELL,5,Ell 005,Buffalo ELL 5,,,,43.0,,,,,,,,,,,,,,,,,,,,,,,,,,,,,,,,,,,,,34.0,,,,,,,,,,,,,,,,,,,,,,,9.0,,,,,,,,,,,,,,,,,,,,,,,,,,,,,,,,,,,,,,,,,
2019,general,ellicott,ELL,6,Ell 006,Buffalo ELL 6,,,,90.0,,,,,,,,,,,,,,,,,,,,,,,,,,,,,,,,,,,,,73.0,,,,,,,,,,,,,,,,,,,,,,,17.0,,,,,,,,,,,,,,,,,,,,,,,,,,,,,,,,,,,,,,,,,
2019,general,ellicott,ELL,7,Ell 007,Buffalo ELL 7,,,,72.0,,,,,,,,,,,,,,,,,,,,,,,,,,,,,,,,,,,,,66.0,,,,,,,,,,,,,,,,,,,,,,,6.0,,,,,,,,,,,,,,,,,,,,,,,,,,,,,,,,,,,,,,,,,
2019,general,ellicott,ELL,8,Ell 008,Buffalo ELL 8,,,,40.0,,,,,,,,,,,,,,,,,,,,,,,,,,,,,,,,,,,,,35.0,,,,,,,,,,,,,,,,,,,,,,,5.0,,,,,,,,,,,,,,,,,,,,,,,,,,,,,,,,,,,,,,,,,
2019,general,ellicott,ELL,9,Ell 009,Buffalo ELL 9,,,,46.0,,,,,,,,,,,,,,,,,,,,,,,,,,,,,,,,,,,,,39.0,,,,,,,,,,,,,,,,,,,,,,,7.0,,,,,,,,,,,,,,,,,,,,,,,,,,,,,,,,,,,,,,,,,
2019,general,ellicott,ELL,10,Ell 010,Buffalo ELL 10,,,,78.0,,,,,,,,,,,,,,,,,,,,,,,,,,,,,,,,,,,,,68.0,,,,,,,,,,,,,,,,,,,,,,,10.0,,,,,,,,,,,,,,,,,,,,,,,,,,,,,,,,,,,,,,,,,
2019,general,ellicott,ELL,11,Ell 011,Buffalo ELL 11,,,,92.0,,,,,,,,,,,,,,,,,,,,,,,,,,,,,,,,,,,,,85.0,,,,,,,,,,,,,,,,,,,,,,,7.0,,,,,,,,,,,,,,,,,,,,,,,,,,,,,,,,,,,,,,,,,
2019,general,ellicott,ELL,12,Ell 012,Buffalo ELL 12,,,,129.0,,,,,,,,,,,,,,,,,,,,,,,,,,,,,,,,,,,,,114.0,,,,,,,,,,,,,,,,,,,,,,,15.0,,,,,,,,,,,,,,,,,,,,,,,,,,,,,,,,,,,,,,,,,
2019,general,ellicott,ELL,13,Ell 013,Buffalo ELL 13,,,,116.0,,,,,,,,,,,,,,,,,,,,,,,,,,,,,,,,,,,,,100.0,,,,,,,,,,,,,,,,,,,,,,,16.0,,,,,,,,,,,,,,,,,,,,,,,,,,,,,,,,,,,,,,,,,
2019,general,ellicott,ELL,14,Ell 014,Buffalo ELL 14,,,,71.0,,,,,,,,,,,,,,,,,,,,,,,,,,,,,,,,,,,,,57.0,,,,,,,,,,,,,,,,,,,,,,,14.0,,,,,,,,,,,,,,,,,,,,,,,,,,,,,,,,,,,,,,,,,
2019,general,ellicott,ELL,15,Ell 015,Buffalo ELL 15,,,,105.0,,,,,,,,,,,,,,,,,,,,,,,,,,,,,,,,,,,,,70.0,,,,,,,,,,,,,,,,,,,,,,,35.0,,,,,,,,,,,,,,,,,,,,,,,,,,,,,,,,,,,,,,,,,
2019,general,ellicott,ELL,16,Ell 016,Buffalo ELL 16,,,,146.0,,,,,,,,,,,,,,,,,,,,,,,,,,,,,,,,,,,,,120.0,,,,,,,,,,,,,,,,,,,,,,,26.0,,,,,,,,,,,,,,,,,,,,,,,,,,,,,,,,,,,,,,,,,
2019,general,ellicott,ELL,17,Ell 017,Buffalo ELL 17,,,,63.0,,,,,,,,,,,,,,,,,,,,,,,,,,,,,,,,,,,,,60.0,,,,,,,,,,,,,,,,,,,,,,,3.0,,,,,,,,,,,,,,,,,,,,,,,,,,,,,,,,,,,,,,,,,
2019,general,ellicott,ELL,18,Ell 018,Buffalo ELL 18,,,,54.0,,,,,,,,,,,,,,,,,,,,,,,,,,,,,,,,,,,,,46.0,,,,,,,,,,,,,,,,,,,,,,,8.0,,,,,,,,,,,,,,,,,,,,,,,,,,,,,,,,,,,,,,,,,
2019,general,ellicott,ELL,19,Ell 019,Buffalo ELL 19,,,,176.0,,,,,,,,,,,,,,,,,,,,,,,,,,,,,,,,,,,,,166.0,,,,,,,,,,,,,,,,,,,,,,,10.0,,,,,,,,,,,,,,,,,,,,,,,,,,,,,,,,,,,,,,,,,
2019,general,ellicott,ELL,20,Ell 020,Buffalo ELL 20,,,,77.0,,,,,,,,,,,,,,,,,,,,,,,,,,,,,,,,,,,,,68.0,,,,,,,,,,,,,,,,,,,,,,,9.0,,,,,,,,,,,,,,,,,,,,,,,,,,,,,,,,,,,,,,,,,
2019,general,ellicott,ELL,21,Ell 021,Buffalo ELL 21,,,,115.0,,,,,,,,,,,,,,,,,,,,,,,,,,,,,,,,,,,,,100.0,,,,,,,,,,,,,,,,,,,,,,,15.0,,,,,,,,,,,,,,,,,,,,,,,,,,,,,,,,,,,,,,,,,
2019,general,ellicott,ELL,22,Ell 022,Buffalo ELL 22,,,,138.0,,,,,,,,,,,,,,,,,,,,,,,,,,,,,,,,,,,,,118.0,,,,,,,,,,,,,,,,,,,,,,,20.0,,,,,,,,,,,,,,,,,,,,,,,,,,,,,,,,,,,,,,,,,
2019,general,ellicott,ELL,23,Ell 023,Buffalo ELL 23,,,,88.0,,,,,,,,,,,,,,,,,,,,,,,,,,,,,,,,,,,,,78.0,,,,,,,,,,,,,,,,,,,,,,,10.0,,,,,,,,,,,,,,,,,,,,,,,,,,,,,,,,,,,,,,,,,
2019,general,ellicott,ELL,24,Ell 024,Buffalo ELL 24,,,,38.0,,,,,,,,,,,,,,,,,,,,,,,,,,,,,,,,,,,,,27.0,,,,,,,,,,,,,,,,,,,,,,,11.0,,,,,,,,,,,,,,,,,,,,,,,,,,,,,,,,,,,,,,,,,
2019,general,ellicott,ELL,25,Ell 025,Buffalo ELL 25,,,,97.0,,,,,,,,,,,,,,,,,,,,,,,,,,,,,,,,,,,,,81.0,,,,,,,,,,,,,,,,,,,,,,,16.0,,,,,,,,,,,,,,,,,,,,,,,,,,,,,,,,,,,,,,,,,
2019,general,ellicott,ELL,26,Ell 026,Buffalo ELL 26,,,,213.0,,,,,,,,,,,,,,,,,,,,,,,,,,,,,,,,,,,,,195.0,,,,,,,,,,,,,,,,,,,,,,,18.0,,,,,,,,,,,,,,,,,,,,,,,,,,,,,,,,,,,,,,,,,
2019,general,ellicott,ELL,27,Ell 027,Buffalo ELL 27,,,,104.0,,,,,,,,,,,,,,,,,,,,,,,,,,,,,,,,,,,,,92.0,,,,,,,,,,,,,,,,,,,,,,,12.0,,,,,,,,,,,,,,,,,,,,,,,,,,,,,,,,,,,,,,,,,
2019,general,ellicott,ELL,28,Ell 028,Buffalo ELL 28,,,,100.0,,,,,,,,,,,,,,,,,,,,,,,,,,,,,,,,,,,,,88.0,,,,,,,,,,,,,,,,,,,,,,,12.0,,,,,,,,,,,,,,,,,,,,,,,,,,,,,,,,,,,,,,,,,
2019,general,ellicott,ELL,29,Ell 029,Buffalo ELL 29,,,,221.0,,,,,,,,,,,,,,,,,,,,,,,,,,,,,,,,,,,,,200.0,,,,,,,,,,,,,,,,,,,,,,,21.0,,,,,,,,,,,,,,,,,,,,,,,,,,,,,,,,,,,,,,,,,
2019,general,ellicott,ELL,30,Ell 030,Buffalo ELL 30,,,,50.0,,,,,,,,,,,,,,,,,,,,,,,,,,,,,,,,,,,,,41.0,,,,,,,,,,,,,,,,,,,,,,,9.0,,,,,,,,,,,,,,,,,,,,,,,,,,,,,,,,,,,,,,,,,
2019,general,ellicott,ELL,31,Ell 031,Buffalo ELL 31,,,,183.0,,,,,,,,,,,,,,,,,,,,,,,,,,,,,,,,,,,,,169.0,,,,,,,,,,,,,,,,,,,,,,,14.0,,,,,,,,,,,,,,,,,,,,,,,,,,,,,,,,,,,,,,,,,
2019,general,ellicott,ELL,32,Ell 032,Buffalo ELL 32,,,,60.0,,,,,,,,,,,,,,,,,,,,,,,,,,,,,,,,,,,,,52.0,,,,,,,,,,,,,,,,,,,,,,,8.0,,,,,,,,,,,,,,,,,,,,,,,,,,,,,,,,,,,,,,,,,
2019,general,ellicott,ELL,33,Ell 033,Buffalo ELL 33,,,,103.0,,,,,,,,,,,,,,,,,,,,,,,,,,,,,,,,,,,,,78.0,,,,,,,,,,,,,,,,,,,,,,,25.0,,,,,,,,,,,,,,,,,,,,,,,,,,,,,,,,,,,,,,,,,
2019,general,ellicott,ELL,34,Ell 034,Buffalo ELL 34,,,,54.0,,,,,,,,,,,,,,,,,,,,,,,,,,,,,,,,,,,,,43.0,,,,,,,,,,,,,,,,,,,,,,,11.0,,,,,,,,,,,,,,,,,,,,,,,,,,,,,,,,,,,,,,,,,
2019,general,ellicott,ELL,35,Ell 035,Buffalo ELL 35,,,,142.0,,,,,,,,,,,,,,,,,,,,,,,,,,,,,,,,,,,,,108.0,,,,,,,,,,,,,,,,,,,,,,,34.0,,,,,,,,,,,,,,,,,,,,,,,,,,,,,,,,,,,,,,,,,
2019,general,ellicott,ELL,36,Ell 036,Buffalo ELL 36,,,,54.0,,,,,,,,,,,,,,,,,,,,,,,,,,,,,,,,,,,,,35.0,,,,,,,,,,,,,,,,,,,,,,,19.0,,,,,,,,,,,,,,,,,,,,,,,,,,,,,,,,,,,,,,,,,
2019,general,fillmore,FIL,1,Fil 001,Buffalo FIL 1,,,,201.0,,,,,,,,,,,,,,,,,,,,,,,,,,,,,,,,,,,,,,,,,,,,,,,,,,,,,,,,,,,,16.0,161.0,12.0,11.0,1.0,0.0,,,,,,,,,,,,,,,,,,,,,,,,,,,,,,,,,,,,
2019,general,fillmore,FIL,2,Fil 002,Buffalo FIL 2,,,,160.0,,,,,,,,,,,,,,,,,,,,,,,,,,,,,,,,,,,,,,,,,,,,,,,,,,,,,,,,,,,,5.0,136.0,10.0,9.0,0.0,0.0,,,,,,,,,,,,,,,,,,,,,,,,,,,,,,,,,,,,
2019,general,fillmore,FIL,3,Fil 003,Buffalo FIL 3,,,,135.0,,,,,,,,,,,,,,,,,,,,,,,,,,,,,,,,,,,,,,,,,,,,,,,,,,,,,,,,,,,,5.0,107.0,12.0,9.0,2.0,0.0,,,,,,,,,,,,,,,,,,,,,,,,,,,,,,,,,,,,
2019,general,fillmore,FIL,4,Fil 004,Buffalo FIL 4,,,,75.0,,,,,,,,,,,,,,,,,,,,,,,,,,,,,,,,,,,,,,,,,,,,,,,,,,,,,,,,,,,,5.0,59.0,9.0,2.0,0.0,0.0,,,,,,,,,,,,,,,,,,,,,,,,,,,,,,,,,,,,
2019,general,fillmore,FIL,5,Fil 005,Buffalo FIL 5,,,,136.0,,,,,,,,,,,,,,,,,,,,,,,,,,,,,,,,,,,,,,,,,,,,,,,,,,,,,,,,,,,,13.0,100.0,14.0,7.0,2.0,0.0,,,,,,,,,,,,,,,,,,,,,,,,,,,,,,,,,,,,
2019,general,fillmore,FIL,6,Fil 006,Buffalo FIL 6,,,,49.0,,,,,,,,,,,,,,,,,,,,,,,,,,,,,,,,,,,,,,,,,,,,,,,,,,,,,,,,,,,,1.0,41.0,7.0,0.0,0.0,0.0,,,,,,,,,,,,,,,,,,,,,,,,,,,,,,,,,,,,
2019,general,fillmore,FIL,7,Fil 007,Buffalo FIL 7,,,,97.0,,,,,,,,,,,,,,,,,,,,,,,,,,,,,,,,,,,,,,,,,,,,,,,,,,,,,,,,,,,,6.0,78.0,8.0,2.0,3.0,0.0,,,,,,,,,,,,,,,,,,,,,,,,,,,,,,,,,,,,
2019,general,fillmore,FIL,8,Fil 008,Buffalo FIL 8,,,,275.0,,,,,,,,,,,,,,,,,,,,,,,,,,,,,,,,,,,,,,,,,,,,,,,,,,,,,,,,,,,,20.0,199.0,41.0,9.0,6.0,0.0,,,,,,,,,,,,,,,,,,,,,,,,,,,,,,,,,,,,
2019,general,fillmore,FIL,9,Fil 009,Buffalo FIL 9,,,,51.0,,,,,,,,,,,,,,,,,,,,,,,,,,,,,,,,,,,,,,,,,,,,,,,,,,,,,,,,,,,,6.0,25.0,14.0,6.0,0.0,0.0,,,,,,,,,,,,,,,,,,,,,,,,,,,,,,,,,,,,
2019,general,fillmore,FIL,10,Fil 010,Buffalo FIL 10,,,,173.0,,,,,,,,,,,,,,,,,,,,,,,,,,,,,,,,,,,,,,,,,,,,,,,,,,,,,,,,,,,,20.0,100.0,46.0,5.0,2.0,0.0,,,,,,,,,,,,,,,,,,,,,,,,,,,,,,,,,,,,
2019,general,fillmore,FIL,11,Fil 011,Buffalo FIL 11,,,,221.0,,,,,,,,,,,,,,,,,,,,,,,,,,,,,,,,,,,,,,,,,,,,,,,,,,,,,,,,,,,,35.0,99.0,58.0,26.0,3.0,0.0,,,,,,,,,,,,,,,,,,,,,,,,,,,,,,,,,,,,
2019,general,fillmore,FIL,12,Fil 012,Buffalo FIL 12,,,,11.0,,,,,,,,,,,,,,,,,,,,,,,,,,,,,,,,,,,,,,,,,,,,,,,,,,,,,,,,,,,,0.0,11.0,0.0,0.0,0.0,0.0,,,,,,,,,,,,,,,,,,,,,,,,,,,,,,,,,,,,
2019,general,fillmore,FIL,13,Fil 013,Buffalo FIL 13,,,,265.0,,,,,,,,,,,,,,,,,,,,,,,,,,,,,,,,,,,,,,,,,,,,,,,,,,,,,,,,,,,,22.0,190.0,49.0,3.0,1.0,0.0,,,,,,,,,,,,,,,,,,,,,,,,,,,,,,,,,,,,
2019,general,fillmore,FIL,14,Fil 014,Buffalo FIL 14,,,,151.0,,,,,,,,,,,,,,,,,,,,,,,,,,,,,,,,,,,,,,,,,,,,,,,,,,,,,,,,,,,,18.0,103.0,23.0,3.0,4.0,0.0,,,,,,,,,,,,,,,,,,,,,,,,,,,,,,,,,,,,
2019,general,fillmore,FIL,15,Fil 015,Buffalo FIL 15,,,,99.0,,,,,,,,,,,,,,,,,,,,,,,,,,,,,,,,,,,,,,,,,,,,,,,,,,,,,,,,,,,,23.0,62.0,10.0,3.0,1.0,0.0,,,,,,,,,,,,,,,,,,,,,,,,,,,,,,,,,,,,
2019,general,fillmore,FIL,16,Fil 016,Buffalo FIL 16,,,,27.0,,,,,,,,,,,,,,,,,,,,,,,,,,,,,,,,,,,,,,,,,,,,,,,,,,,,,,,,,,,,5.0,18.0,2.0,1.0,1.0,0.0,,,,,,,,,,,,,,,,,,,,,,,,,,,,,,,,,,,,
2019,general,fillmore,FIL,17,Fil 017,Buffalo FIL 17,,,,28.0,,,,,,,,,,,,,,,,,,,,,,,,,,,,,,,,,,,,,,,,,,,,,,,,,,,,,,,,,,,,2.0,20.0,6.0,0.0,0.0,0.0,,,,,,,,,,,,,,,,,,,,,,,,,,,,,,,,,,,,
2019,general,fillmore,FIL,18,Fil 018,Buffalo FIL 18,,,,140.0,,,,,,,,,,,,,,,,,,,,,,,,,,,,,,,,,,,,,,,,,,,,,,,,,,,,,,,,,,,,14.0,81.0,26.0,15.0,3.0,1.0,,,,,,,,,,,,,,,,,,,,,,,,,,,,,,,,,,,,
2019,general,fillmore,FIL,19,Fil 019,Buffalo FIL 19,,,,143.0,,,,,,,,,,,,,,,,,,,,,,,,,,,,,,,,,,,,,,,,,,,,,,,,,,,,,,,,,,,,12.0,66.0,43.0,3.0,19.0,0.0,,,,,,,,,,,,,,,,,,,,,,,,,,,,,,,,,,,,
2019,general,fillmore,FIL,20,Fil 020,Buffalo FIL 20,,,,134.0,,,,,,,,,,,,,,,,,,,,,,,,,,,,,,,,,,,,,,,,,,,,,,,,,,,,,,,,,,,,12.0,63.0,50.0,4.0,5.0,0.0,,,,,,,,,,,,,,,,,,,,,,,,,,,,,,,,,,,,
2019,general,fillmore,FIL,21,Fil 021,Buffalo FIL 21,,,,61.0,,,,,,,,,,,,,,,,,,,,,,,,,,,,,,,,,,,,,,,,,,,,,,,,,,,,,,,,,,,,12.0,32.0,5.0,10.0,2.0,0.0,,,,,,,,,,,,,,,,,,,,,,,,,,,,,,,,,,,,
2019,general,fillmore,FIL,22,Fil 022,Buffalo FIL 22,,,,28.0,,,,,,,,,,,,,,,,,,,,,,,,,,,,,,,,,,,,,,,,,,,,,,,,,,,,,,,,,,,,5.0,17.0,4.0,0.0,2.0,0.0,,,,,,,,,,,,,,,,,,,,,,,,,,,,,,,,,,,,
2019,general,fillmore,FIL,23,Fil 023,Buffalo FIL 23,,,,36.0,,,,,,,,,,,,,,,,,,,,,,,,,,,,,,,,,,,,,,,,,,,,,,,,,,,,,,,,,,,,4.0,19.0,5.0,5.0,3.0,0.0,,,,,,,,,,,,,,,,,,,,,,,,,,,,,,,,,,,,
2019,general,fillmore,FIL,24,Fil 024,Buffalo FIL 24,,,,62.0,,,,,,,,,,,,,,,,,,,,,,,,,,,,,,,,,,,,,,,,,,,,,,,,,,,,,,,,,,,,6.0,22.0,7.0,25.0,2.0,0.0,,,,,,,,,,,,,,,,,,,,,,,,,,,,,,,,,,,,
2019,general,fillmore,FIL,25,Fil 025,Buffalo FIL 25,,,,113.0,,,,,,,,,,,,,,,,,,,,,,,,,,,,,,,,,,,,,,,,,,,,,,,,,,,,,,,,,,,,6.0,42.0,18.0,47.0,0.0,0.0,,,,,,,,,,,,,,,,,,,,,,,,,,,,,,,,,,,,
2019,general,fillmore,FIL,26,Fil 026,Buffalo FIL 26,,,,91.0,,,,,,,,,,,,,,,,,,,,,,,,,,,,,,,,,,,,,,,,,,,,,,,,,,,,,,,,,,,,9.0,29.0,6.0,44.0,3.0,0.0,,,,,,,,,,,,,,,,,,,,,,,,,,,,,,,,,,,,
2019,general,fillmore,FIL,27,Fil 027,Buffalo FIL 27,,,,171.0,,,,,,,,,,,,,,,,,,,,,,,,,,,,,,,,,,,,,,,,,,,,,,,,,,,,,,,,,,,,8.0,40.0,8.0,114.0,1.0,0.0,,,,,,,,,,,,,,,,,,,,,,,,,,,,,,,,,,,,
2019,general,fillmore,FIL,28,Fil 028,Buffalo FIL 28,,,,87.0,,,,,,,,,,,,,,,,,,,,,,,,,,,,,,,,,,,,,,,,,,,,,,,,,,,,,,,,,,,,7.0,35.0,26.0,19.0,0.0,0.0,,,,,,,,,,,,,,,,,,,,,,,,,,,,,,,,,,,,
2019,general,fillmore,FIL,29,Fil 029,Buffalo FIL 29,,,,98.0,,,,,,,,,,,,,,,,,,,,,,,,,,,,,,,,,,,,,,,,,,,,,,,,,,,,,,,,,,,,24.0,46.0,4.0,19.0,3.0,2.0,,,,,,,,,,,,,,,,,,,,,,,,,,,,,,,,,,,,
2019,general,fillmore,FIL,30,Fil 030,Buffalo FIL 30,,,,125.0,,,,,,,,,,,,,,,,,,,,,,,,,,,,,,,,,,,,,,,,,,,,,,,,,,,,,,,,,,,,23.0,49.0,6.0,45.0,2.0,0.0,,,,,,,,,,,,,,,,,,,,,,,,,,,,,,,,,,,,
2019,general,fillmore,FIL,31,Fil 031,Buffalo FIL 31,,,,118.0,,,,,,,,,,,,,,,,,,,,,,,,,,,,,,,,,,,,,,,,,,,,,,,,,,,,,,,,,,,,13.0,20.0,10.0,75.0,0.0,0.0,,,,,,,,,,,,,,,,,,,,,,,,,,,,,,,,,,,,
2019,general,fillmore,FIL,32,Fil 032,Buffalo FIL 32,,,,63.0,,,,,,,,,,,,,,,,,,,,,,,,,,,,,,,,,,,,,,,,,,,,,,,,,,,,,,,,,,,,4.0,39.0,8.0,10.0,2.0,0.0,,,,,,,,,,,,,,,,,,,,,,,,,,,,,,,,,,,,
2019,general,fillmore,FIL,33,Fil 033,Buffalo FIL 33,,,,89.0,,,,,,,,,,,,,,,,,,,,,,,,,,,,,,,,,,,,,,,,,,,,,,,,,,,,,,,,,,,,8.0,49.0,8.0,24.0,0.0,0.0,,,,,,,,,,,,,,,,,,,,,,,,,,,,,,,,,,,,
2019,general,fillmore,FIL,34,Fil 034,Buffalo FIL 34,,,,70.0,,,,,,,,,,,,,,,,,,,,,,,,,,,,,,,,,,,,,,,,,,,,,,,,,,,,,,,,,,,,10.0,24.0,22.0,13.0,1.0,0.0,,,,,,,,,,,,,,,,,,,,,,,,,,,,,,,,,,,,
2019,general,fillmore,FIL,35,Fil 035,Buffalo FIL 35,,,,76.0,,,,,,,,,,,,,,,,,,,,,,,,,,,,,,,,,,,,,,,,,,,,,,,,,,,,,,,,,,,,9.0,46.0,15.0,5.0,1.0,0.0,,,,,,,,,,,,,,,,,,,,,,,,,,,,,,,,,,,,
2019,general,lovejoy,LOV,1,Lov 001,Buffalo LOV 1,,,,53.0,,,,,,,,,,,,,,,,,,,,,,,,,,,,,,,,,,,,,,,,,,,,,,,,,,,,,,,,,,,,7.0,,,,,,35.0,11.0,,,,,,,,,,,,,,,,,,,,,,,,,,,,,,,,,,
2019,general,lovejoy,LOV,2,Lov 002,Buffalo LOV 2,,,,17.0,,,,,,,,,,,,,,,,,,,,,,,,,,,,,,,,,,,,,,,,,,,,,,,,,,,,,,,,,,,,0.0,,,,,,12.0,5.0,,,,,,,,,,,,,,,,,,,,,,,,,,,,,,,,,,
2019,general,lovejoy,LOV,3,Lov 003,Buffalo LOV 3,,,,120.0,,,,,,,,,,,,,,,,,,,,,,,,,,,,,,,,,,,,,,,,,,,,,,,,,,,,,,,,,,,,18.0,,,,,,73.0,29.0,,,,,,,,,,,,,,,,,,,,,,,,,,,,,,,,,,
2019,general,lovejoy,LOV,4,Lov 004,Buffalo LOV 4,,,,94.0,,,,,,,,,,,,,,,,,,,,,,,,,,,,,,,,,,,,,,,,,,,,,,,,,,,,,,,,,,,,18.0,,,,,,60.0,16.0,,,,,,,,,,,,,,,,,,,,,,,,,,,,,,,,,,
2019,general,lovejoy,LOV,5,Lov 005,Buffalo LOV 5,,,,92.0,,,,,,,,,,,,,,,,,,,,,,,,,,,,,,,,,,,,,,,,,,,,,,,,,,,,,,,,,,,,8.0,,,,,,64.0,20.0,,,,,,,,,,,,,,,,,,,,,,,,,,,,,,,,,,
2019,general,lovejoy,LOV,6,Lov 006,Buffalo LOV 6,,,,142.0,,,,,,,,,,,,,,,,,,,,,,,,,,,,,,,,,,,,,,,,,,,,,,,,,,,,,,,,,,,,17.0,,,,,,102.0,23.0,,,,,,,,,,,,,,,,,,,,,,,,,,,,,,,,,,
2019,general,lovejoy,LOV,7,Lov 007,Buffalo LOV 7,,,,42.0,,,,,,,,,,,,,,,,,,,,,,,,,,,,,,,,,,,,,,,,,,,,,,,,,,,,,,,,,,,,8.0,,,,,,22.0,12.0,,,,,,,,,,,,,,,,,,,,,,,,,,,,,,,,,,
2019,general,lovejoy,LOV,8,Lov 008,Buffalo LOV 8,,,,28.0,,,,,,,,,,,,,,,,,,,,,,,,,,,,,,,,,,,,,,,,,,,,,,,,,,,,,,,,,,,,4.0,,,,,,18.0,6.0,,,,,,,,,,,,,,,,,,,,,,,,,,,,,,,,,,
2019,general,lovejoy,LOV,9,Lov 009,Buffalo LOV 9,,,,94.0,,,,,,,,,,,,,,,,,,,,,,,,,,,,,,,,,,,,,,,,,,,,,,,,,,,,,,,,,,,,7.0,,,,,,71.0,16.0,,,,,,,,,,,,,,,,,,,,,,,,,,,,,,,,,,
2019,general,lovejoy,LOV,10,Lov 010,Buffalo LOV 10,,,,98.0,,,,,,,,,,,,,,,,,,,,,,,,,,,,,,,,,,,,,,,,,,,,,,,,,,,,,,,,,,,,17.0,,,,,,58.0,23.0,,,,,,,,,,,,,,,,,,,,,,,,,,,,,,,,,,
2019,general,lovejoy,LOV,11,Lov 011,Buffalo LOV 11,,,,47.0,,,,,,,,,,,,,,,,,,,,,,,,,,,,,,,,,,,,,,,,,,,,,,,,,,,,,,,,,,,,8.0,,,,,,22.0,17.0,,,,,,,,,,,,,,,,,,,,,,,,,,,,,,,,,,
2019,general,lovejoy,LOV,12,Lov 012,Buffalo LOV 12,,,,114.0,,,,,,,,,,,,,,,,,,,,,,,,,,,,,,,,,,,,,,,,,,,,,,,,,,,,,,,,,,,,5.0,,,,,,83.0,26.0,,,,,,,,,,,,,,,,,,,,,,,,,,,,,,,,,,
2019,general,lovejoy,LOV,13,Lov 013,Buffalo LOV 13,,,,122.0,,,,,,,,,,,,,,,,,,,,,,,,,,,,,,,,,,,,,,,,,,,,,,,,,,,,,,,,,,,,20.0,,,,,,83.0,19.0,,,,,,,,,,,,,,,,,,,,,,,,,,,,,,,,,,
2019,general,lovejoy,LOV,14,Lov 014,Buffalo LOV 14,,,,198.0,,,,,,,,,,,,,,,,,,,,,,,,,,,,,,,,,,,,,,,,,,,,,,,,,,,,,,,,,,,,27.0,,,,,,129.0,42.0,,,,,,,,,,,,,,,,,,,,,,,,,,,,,,,,,,
2019,general,lovejoy,LOV,15,Lov 015,Buffalo LOV 15,,,,56.0,,,,,,,,,,,,,,,,,,,,,,,,,,,,,,,,,,,,,,,,,,,,,,,,,,,,,,,,,,,,9.0,,,,,,42.0,5.0,,,,,,,,,,,,,,,,,,,,,,,,,,,,,,,,,,
2019,general,lovejoy,LOV,16,Lov 016,Buffalo LOV 16,,,,147.0,,,,,,,,,,,,,,,,,,,,,,,,,,,,,,,,,,,,,,,,,,,,,,,,,,,,,,,,,,,,11.0,,,,,,107.0,29.0,,,,,,,,,,,,,,,,,,,,,,,,,,,,,,,,,,
2019,general,lovejoy,LOV,17,Lov 017,Buffalo LOV 17,,,,136.0,,,,,,,,,,,,,,,,,,,,,,,,,,,,,,,,,,,,,,,,,,,,,,,,,,,,,,,,,,,,7.0,,,,,,113.0,16.0,,,,,,,,,,,,,,,,,,,,,,,,,,,,,,,,,,
2019,general,lovejoy,LOV,18,Lov 018,Buffalo LOV 18,,,,119.0,,,,,,,,,,,,,,,,,,,,,,,,,,,,,,,,,,,,,,,,,,,,,,,,,,,,,,,,,,,,9.0,,,,,,93.0,17.0,,,,,,,,,,,,,,,,,,,,,,,,,,,,,,,,,,
2019,general,lovejoy,LOV,19,Lov 019,Buffalo LOV 19,,,,66.0,,,,,,,,,,,,,,,,,,,,,,,,,,,,,,,,,,,,,,,,,,,,,,,,,,,,,,,,,,,,8.0,,,,,,45.0,13.0,,,,,,,,,,,,,,,,,,,,,,,,,,,,,,,,,,
2019,general,lovejoy,LOV,20,Lov 020,Buffalo LOV 20,,,,66.0,,,,,,,,,,,,,,,,,,,,,,,,,,,,,,,,,,,,,,,,,,,,,,,,,,,,,,,,,,,,1.0,,,,,,56.0,9.0,,,,,,,,,,,,,,,,,,,,,,,,,,,,,,,,,,
2019,general,lovejoy,LOV,21,Lov 021,Buffalo LOV 21,,,,57.0,,,,,,,,,,,,,,,,,,,,,,,,,,,,,,,,,,,,,,,,,,,,,,,,,,,,,,,,,,,,5.0,,,,,,49.0,3.0,,,,,,,,,,,,,,,,,,,,,,,,,,,,,,,,,,
2019,general,lovejoy,LOV,22,Lov 022,Buffalo LOV 22,,,,29.0,,,,,,,,,,,,,,,,,,,,,,,,,,,,,,,,,,,,,,,,,,,,,,,,,,,,,,,,,,,,6.0,,,,,,20.0,3.0,,,,,,,,,,,,,,,,,,,,,,,,,,,,,,,,,,
2019,general,lovejoy,LOV,23,Lov 023,Buffalo LOV 23,,,,86.0,,,,,,,,,,,,,,,,,,,,,,,,,,,,,,,,,,,,,,,,,,,,,,,,,,,,,,,,,,,,7.0,,,,,,70.0,9.0,,,,,,,,,,,,,,,,,,,,,,,,,,,,,,,,,,
2019,general,lovejoy,LOV,24,Lov 024,Buffalo LOV 24,,,,189.0,,,,,,,,,,,,,,,,,,,,,,,,,,,,,,,,,,,,,,,,,,,,,,,,,,,,,,,,,,,,19.0,,,,,,144.0,26.0,,,,,,,,,,,,,,,,,,,,,,,,,,,,,,,,,,
2019,general,lovejoy,LOV,25,Lov 025,Buffalo LOV 25,,,,2.0,,,,,,,,,,,,,,,,,,,,,,,,,,,,,,,,,,,,,,,,,,,,,,,,,,,,,,,,,,,,1.0,,,,,,1.0,0.0,,,,,,,,,,,,,,,,,,,,,,,,,,,,,,,,,,
2019,general,lovejoy,LOV,26,Lov 026,Buffalo LOV 26,,,,52.0,,,,,,,,,,,,,,,,,,,,,,,,,,,,,,,,,,,,,,,,,,,,,,,,,,,,,,,,,,,,9.0,,,,,,38.0,5.0,,,,,,,,,,,,,,,,,,,,,,,,,,,,,,,,,,
2019,general,lovejoy,LOV,27,Lov 027,Buffalo LOV 27,,,,16.0,,,,,,,,,,,,,,,,,,,,,,,,,,,,,,,,,,,,,,,,,,,,,,,,,,,,,,,,,,,,2.0,,,,,,14.0,0.0,,,,,,,,,,,,,,,,,,,,,,,,,,,,,,,,,,
2019,general,lovejoy,LOV,28,Lov 028,Buffalo LOV 28,,,,194.0,,,,,,,,,,,,,,,,,,,,,,,,,,,,,,,,,,,,,,,,,,,,,,,,,,,,,,,,,,,,24.0,,,,,,149.0,21.0,,,,,,,,,,,,,,,,,,,,,,,,,,,,,,,,,,
2019,general,lovejoy,LOV,29,Lov 029,Buffalo LOV 29,,,,192.0,,,,,,,,,,,,,,,,,,,,,,,,,,,,,,,,,,,,,,,,,,,,,,,,,,,,,,,,,,,,19.0,,,,,,156.0,17.0,,,,,,,,,,,,,,,,,,,,,,,,,,,,,,,,,,
2019,general,lovejoy,LOV,30,Lov 030,Buffalo LOV 30,,,,209.0,,,,,,,,,,,,,,,,,,,,,,,,,,,,,,,,,,,,,,,,,,,,,,,,,,,,,,,,,,,,14.0,,,,,,183.0,12.0,,,,,,,,,,,,,,,,,,,,,,,,,,,,,,,,,,
2019,general,lovejoy,LOV,31,Lov 031,Buffalo LOV 31,,,,171.0,,,,,,,,,,,,,,,,,,,,,,,,,,,,,,,,,,,,,,,,,,,,,,,,,,,,,,,,,,,,18.0,,,,,,127.0,26.0,,,,,,,,,,,,,,,,,,,,,,,,,,,,,,,,,,
2019,general,lovejoy,LOV,32,Lov 032,Buffalo LOV 32,,,,41.0,,,,,,,,,,,,,,,,,,,,,,,,,,,,,,,,,,,,,,,,,,,,,,,,,,,,,,,,,,,,9.0,,,,,,31.0,1.0,,,,,,,,,,,,,,,,,,,,,,,,,,,,,,,,,,
2019,general,masten,MAS,1,Mas 001,Buffalo MAS 1,,,,122.0,,,,,,,,,,,,,,,,,,,,,,,,,,,,,,,,,,,,,,,,,,,,,,,,,,,,,,,,,,,,13.0,,,,,,,,93.0,15.0,1.0,,,,,,,,,,,,,,,,,,,,,,,,,,,,,,,
2019,general,masten,MAS,2,Mas 002,Buffalo MAS 2,,,,80.0,,,,,,,,,,,,,,,,,,,,,,,,,,,,,,,,,,,,,,,,,,,,,,,,,,,,,,,,,,,,10.0,,,,,,,,31.0,38.0,1.0,,,,,,,,,,,,,,,,,,,,,,,,,,,,,,,
2019,general,masten,MAS,3,Mas 003,Buffalo MAS 3,,,,161.0,,,,,,,,,,,,,,,,,,,,,,,,,,,,,,,,,,,,,,,,,,,,,,,,,,,,,,,,,,,,14.0,,,,,,,,135.0,9.0,3.0,,,,,,,,,,,,,,,,,,,,,,,,,,,,,,,
2019,general,masten,MAS,4,Mas 004,Buffalo MAS 4,,,,114.0,,,,,,,,,,,,,,,,,,,,,,,,,,,,,,,,,,,,,,,,,,,,,,,,,,,,,,,,,,,,10.0,,,,,,,,89.0,8.0,7.0,,,,,,,,,,,,,,,,,,,,,,,,,,,,,,,
2019,general,masten,MAS,5,Mas 005,Buffalo MAS 5,,,,12.0,,,,,,,,,,,,,,,,,,,,,,,,,,,,,,,,,,,,,,,,,,,,,,,,,,,,,,,,,,,,1.0,,,,,,,,9.0,0.0,2.0,,,,,,,,,,,,,,,,,,,,,,,,,,,,,,,
2019,general,masten,MAS,6,Mas 006,Buffalo MAS 6,,,,53.0,,,,,,,,,,,,,,,,,,,,,,,,,,,,,,,,,,,,,,,,,,,,,,,,,,,,,,,,,,,,7.0,,,,,,,,40.0,2.0,4.0,,,,,,,,,,,,,,,,,,,,,,,,,,,,,,,
2019,general,masten,MAS,7,Mas 007,Buffalo MAS 7,,,,138.0,,,,,,,,,,,,,,,,,,,,,,,,,,,,,,,,,,,,,,,,,,,,,,,,,,,,,,,,,,,,12.0,,,,,,,,102.0,24.0,0.0,,,,,,,,,,,,,,,,,,,,,,,,,,,,,,,
2019,general,masten,MAS,8,Mas 008,Buffalo MAS 8,,,,76.0,,,,,,,,,,,,,,,,,,,,,,,,,,,,,,,,,,,,,,,,,,,,,,,,,,,,,,,,,,,,10.0,,,,,,,,52.0,13.0,1.0,,,,,,,,,,,,,,,,,,,,,,,,,,,,,,,
2019,general,masten,MAS,9,Mas 009,Buffalo MAS 9,,,,64.0,,,,,,,,,,,,,,,,,,,,,,,,,,,,,,,,,,,,,,,,,,,,,,,,,,,,,,,,,,,,6.0,,,,,,,,51.0,4.0,3.0,,,,,,,,,,,,,,,,,,,,,,,,,,,,,,,
2019,general,masten,MAS,10,Mas 010,Buffalo MAS 10,,,,66.0,,,,,,,,,,,,,,,,,,,,,,,,,,,,,,,,,,,,,,,,,,,,,,,,,,,,,,,,,,,,8.0,,,,,,,,49.0,8.0,1.0,,,,,,,,,,,,,,,,,,,,,,,,,,,,,,,
2019,general,masten,MAS,11,Mas 011,Buffalo MAS 11,,,,141.0,,,,,,,,,,,,,,,,,,,,,,,,,,,,,,,,,,,,,,,,,,,,,,,,,,,,,,,,,,,,10.0,,,,,,,,108.0,17.0,6.0,,,,,,,,,,,,,,,,,,,,,,,,,,,,,,,
2019,general,masten,MAS,12,Mas 012,Buffalo MAS 12,,,,143.0,,,,,,,,,,,,,,,,,,,,,,,,,,,,,,,,,,,,,,,,,,,,,,,,,,,,,,,,,,,,14.0,,,,,,,,109.0,14.0,6.0,,,,,,,,,,,,,,,,,,,,,,,,,,,,,,,
2019,general,masten,MAS,13,Mas 013,Buffalo MAS 13,,,,101.0,,,,,,,,,,,,,,,,,,,,,,,,,,,,,,,,,,,,,,,,,,,,,,,,,,,,,,,,,,,,11.0,,,,,,,,81.0,9.0,0.0,,,,,,,,,,,,,,,,,,,,,,,,,,,,,,,
2019,general,masten,MAS,14,Mas 014,Buffalo MAS 14,,,,76.0,,,,,,,,,,,,,,,,,,,,,,,,,,,,,,,,,,,,,,,,,,,,,,,,,,,,,,,,,,,,5.0,,,,,,,,50.0,18.0,3.0,,,,,,,,,,,,,,,,,,,,,,,,,,,,,,,
2019,general,masten,MAS,15,Mas 015,Buffalo MAS 15,,,,75.0,,,,,,,,,,,,,,,,,,,,,,,,,,,,,,,,,,,,,,,,,,,,,,,,,,,,,,,,,,,,9.0,,,,,,,,60.0,5.0,1.0,,,,,,,,,,,,,,,,,,,,,,,,,,,,,,,
2019,general,masten,MAS,16,Mas 016,Buffalo MAS 16,,,,51.0,,,,,,,,,,,,,,,,,,,,,,,,,,,,,,,,,,,,,,,,,,,,,,,,,,,,,,,,,,,,12.0,,,,,,,,34.0,4.0,1.0,,,,,,,,,,,,,,,,,,,,,,,,,,,,,,,
2019,general,masten,MAS,17,Mas 017,Buffalo MAS 17,,,,114.0,,,,,,,,,,,,,,,,,,,,,,,,,,,,,,,,,,,,,,,,,,,,,,,,,,,,,,,,,,,,19.0,,,,,,,,69.0,24.0,2.0,,,,,,,,,,,,,,,,,,,,,,,,,,,,,,,
2019,general,masten,MAS,18,Mas 018,Buffalo MAS 18,,,,70.0,,,,,,,,,,,,,,,,,,,,,,,,,,,,,,,,,,,,,,,,,,,,,,,,,,,,,,,,,,,,4.0,,,,,,,,52.0,8.0,6.0,,,,,,,,,,,,,,,,,,,,,,,,,,,,,,,
2019,general,masten,MAS,19,Mas 019,Buffalo MAS 19,,,,91.0,,,,,,,,,,,,,,,,,,,,,,,,,,,,,,,,,,,,,,,,,,,,,,,,,,,,,,,,,,,,13.0,,,,,,,,54.0,23.0,1.0,,,,,,,,,,,,,,,,,,,,,,,,,,,,,,,
2019,general,masten,MAS,20,Mas 020,Buffalo MAS 20,,,,140.0,,,,,,,,,,,,,,,,,,,,,,,,,,,,,,,,,,,,,,,,,,,,,,,,,,,,,,,,,,,,23.0,,,,,,,,104.0,11.0,2.0,,,,,,,,,,,,,,,,,,,,,,,,,,,,,,,
2019,general,masten,MAS,21,Mas 021,Buffalo MAS 21,,,,90.0,,,,,,,,,,,,,,,,,,,,,,,,,,,,,,,,,,,,,,,,,,,,,,,,,,,,,,,,,,,,11.0,,,,,,,,66.0,12.0,1.0,,,,,,,,,,,,,,,,,,,,,,,,,,,,,,,
2019,general,masten,MAS,22,Mas 022,Buffalo MAS 22,,,,83.0,,,,,,,,,,,,,,,,,,,,,,,,,,,,,,,,,,,,,,,,,,,,,,,,,,,,,,,,,,,,11.0,,,,,,,,54.0,15.0,3.0,,,,,,,,,,,,,,,,,,,,,,,,,,,,,,,
2019,general,masten,MAS,23,Mas 023,Buffalo MAS 23,,,,209.0,,,,,,,,,,,,,,,,,,,,,,,,,,,,,,,,,,,,,,,,,,,,,,,,,,,,,,,,,,,,22.0,,,,,,,,126.0,50.0,11.0,,,,,,,,,,,,,,,,,,,,,,,,,,,,,,,
2019,general,masten,MAS,24,Mas 024,Buffalo MAS 24,,,,203.0,,,,,,,,,,,,,,,,,,,,,,,,,,,,,,,,,,,,,,,,,,,,,,,,,,,,,,,,,,,,20.0,,,,,,,,123.0,51.0,9.0,,,,,,,,,,,,,,,,,,,,,,,,,,,,,,,
2019,general,masten,MAS,25,Mas 025,Buffalo MAS 25,,,,83.0,,,,,,,,,,,,,,,,,,,,,,,,,,,,,,,,,,,,,,,,,,,,,,,,,,,,,,,,,,,,12.0,,,,,,,,50.0,12.0,9.0,,,,,,,,,,,,,,,,,,,,,,,,,,,,,,,
2019,general,masten,MAS,26,Mas 026,Buffalo MAS 26,,,,62.0,,,,,,,,,,,,,,,,,,,,,,,,,,,,,,,,,,,,,,,,,,,,,,,,,,,,,,,,,,,,8.0,,,,,,,,43.0,8.0,3.0,,,,,,,,,,,,,,,,,,,,,,,,,,,,,,,
2019,general,masten,MAS,27,Mas 027,Buffalo MAS 27,,,,173.0,,,,,,,,,,,,,,,,,,,,,,,,,,,,,,,,,,,,,,,,,,,,,,,,,,,,,,,,,,,,30.0,,,,,,,,107.0,25.0,11.0,,,,,,,,,,,,,,,,,,,,,,,,,,,,,,,
2019,general,masten,MAS,28,Mas 028,Buffalo MAS 28,,,,102.0,,,,,,,,,,,,,,,,,,,,,,,,,,,,,,,,,,,,,,,,,,,,,,,,,,,,,,,,,,,,14.0,,,,,,,,64.0,21.0,3.0,,,,,,,,,,,,,,,,,,,,,,,,,,,,,,,
2019,general,masten,MAS,29,Mas 029,Buffalo MAS 29,,,,109.0,,,,,,,,,,,,,,,,,,,,,,,,,,,,,,,,,,,,,,,,,,,,,,,,,,,,,,,,,,,,9.0,,,,,,,,77.0,19.0,4.0,,,,,,,,,,,,,,,,,,,,,,,,,,,,,,,
2019,general,masten,MAS,30,Mas 030,Buffalo MAS 30,,,,74.0,,,,,,,,,,,,,,,,,,,,,,,,,,,,,,,,,,,,,,,,,,,,,,,,,,,,,,,,,,,,19.0,,,,,,,,41.0,12.0,2.0,,,,,,,,,,,,,,,,,,,,,,,,,,,,,,,
2019,general,masten,MAS,31,Mas 031,Buffalo MAS 31,,,,32.0,,,,,,,,,,,,,,,,,,,,,,,,,,,,,,,,,,,,,,,,,,,,,,,,,,,,,,,,,,,,3.0,,,,,,,,26.0,2.0,1.0,,,,,,,,,,,,,,,,,,,,,,,,,,,,,,,
2019,general,masten,MAS,32,Mas 032,Buffalo MAS 32,,,,98.0,,,,,,,,,,,,,,,,,,,,,,,,,,,,,,,,,,,,,,,,,,,,,,,,,,,,,,,,,,,,20.0,,,,,,,,74.0,3.0,1.0,,,,,,,,,,,,,,,,,,,,,,,,,,,,,,,
2019,general,masten,MAS,33,Mas 033,Buffalo MAS 33,,,,152.0,,,,,,,,,,,,,,,,,,,,,,,,,,,,,,,,,,,,,,,,,,,,,,,,,,,,,,,,,,,,22.0,,,,,,,,108.0,16.0,6.0,,,,,,,,,,,,,,,,,,,,,,,,,,,,,,,
2019,general,masten,MAS,34,Mas 034,Buffalo MAS 34,,,,39.0,,,,,,,,,,,,,,,,,,,,,,,,,,,,,,,,,,,,,,,,,,,,,,,,,,,,,,,,,,,,7.0,,,,,,,,24.0,6.0,2.0,,,,,,,,,,,,,,,,,,,,,,,,,,,,,,,
2019,general,masten,MAS,35,Mas 035,Buffalo MAS 35,,,,79.0,,,,,,,,,,,,,,,,,,,,,,,,,,,,,,,,,,,,,,,,,,,,,,,,,,,,,,,,,,,,14.0,,,,,,,,56.0,7.0,2.0,,,,,,,,,,,,,,,,,,,,,,,,,,,,,,,
2019,general,masten,MAS,36,Mas 036,Buffalo MAS 36,,,,63.0,,,,,,,,,,,,,,,,,,,,,,,,,,,,,,,,,,,,,,,,,,,,,,,,,,,,,,,,,,,,8.0,,,,,,,,46.0,8.0,1.0,,,,,,,,,,,,,,,,,,,,,,,,,,,,,,,
2019,general,masten,MAS,37,Mas 037,Buffalo MAS 37,,,,19.0,,,,,,,,,,,,,,,,,,,,,,,,,,,,,,,,,,,,,,,,,,,,,,,,,,,,,,,,,,,,1.0,,,,,,,,15.0,2.0,1.0,,,,,,,,,,,,,,,,,,,,,,,,,,,,,,,
2019,general,masten,MAS,38,Mas 038,Buffalo MAS 38,,,,97.0,,,,,,,,,,,,,,,,,,,,,,,,,,,,,,,,,,,,,,,,,,,,,,,,,,,,,,,,,,,,6.0,,,,,,,,80.0,10.0,1.0,,,,,,,,,,,,,,,,,,,,,,,,,,,,,,,
2019,general,masten,MAS,39,Mas 039,Buffalo MAS 39,,,,19.0,,,,,,,,,,,,,,,,,,,,,,,,,,,,,,,,,,,,,,,,,,,,,,,,,,,,,,,,,,,,2.0,,,,,,,,15.0,2.0,0.0,,,,,,,,,,,,,,,,,,,,,,,,,,,,,,,
2019,general,masten,MAS,40,Mas 040,Buffalo MAS 40,,,,72.0,,,,,,,,,,,,,,,,,,,,,,,,,,,,,,,,,,,,,,,,,,,,,,,,,,,,,,,,,,,,10.0,,,,,,,,49.0,10.0,3.0,,,,,,,,,,,,,,,,,,,,,,,,,,,,,,,
2019,general,masten,MAS,41,Mas 041,Buffalo MAS 41,,,,35.0,,,,,,,,,,,,,,,,,,,,,,,,,,,,,,,,,,,,,,,,,,,,,,,,,,,,,,,,,,,,7.0,,,,,,,,25.0,1.0,2.0,,,,,,,,,,,,,,,,,,,,,,,,,,,,,,,
2019,general,masten,MAS,42,Mas 042,Buffalo MAS 42,,,,103.0,,,,,,,,,,,,,,,,,,,,,,,,,,,,,,,,,,,,,,,,,,,,,,,,,,,,,,,,,,,,13.0,,,,,,,,67.0,15.0,8.0,,,,,,,,,,,,,,,,,,,,,,,,,,,,,,,
2019,general,niagara,NIA,1,Nia 001,Buffalo NIA 1,,,,87.0,,,,,,,,,,,,,,,,,,,,,,,,,61.0,,,,,,,,,,,,,,,,,,,,,,,,,3.0,,,,,,,,,,2.0,,,,,,,,,,,21.0,,,,,,,,,,,,,,,,,,,,,,,,,,,,,,
2019,general,niagara,NIA,2,Nia 002,Buffalo NIA 2,,,,194.0,,,,,,,,,,,,,,,,,,,,,,,,,132.0,,,,,,,,,,,,,,,,,,,,,,,,,17.0,,,,,,,,,,6.0,,,,,,,,,,,39.0,,,,,,,,,,,,,,,,,,,,,,,,,,,,,,
2019,general,niagara,NIA,3,Nia 003,Buffalo NIA 3,,,,55.0,,,,,,,,,,,,,,,,,,,,,,,,,31.0,,,,,,,,,,,,,,,,,,,,,,,,,5.0,,,,,,,,,,1.0,,,,,,,,,,,18.0,,,,,,,,,,,,,,,,,,,,,,,,,,,,,,
2019,general,niagara,NIA,4,Nia 004,Buffalo NIA 4,,,,27.0,,,,,,,,,,,,,,,,,,,,,,,,,22.0,,,,,,,,,,,,,,,,,,,,,,,,,2.0,,,,,,,,,,1.0,,,,,,,,,,,2.0,,,,,,,,,,,,,,,,,,,,,,,,,,,,,,
2019,general,niagara,NIA,5,Nia 005,Buffalo NIA 5,,,,209.0,,,,,,,,,,,,,,,,,,,,,,,,,144.0,,,,,,,,,,,,,,,,,,,,,,,,,18.0,,,,,,,,,,16.0,,,,,,,,,,,31.0,,,,,,,,,,,,,,,,,,,,,,,,,,,,,,
2019,general,niagara,NIA,6,Nia 006,Buffalo NIA 6,,,,173.0,,,,,,,,,,,,,,,,,,,,,,,,,124.0,,,,,,,,,,,,,,,,,,,,,,,,,9.0,,,,,,,,,,1.0,,,,,,,,,,,39.0,,,,,,,,,,,,,,,,,,,,,,,,,,,,,,
2019,general,niagara,NIA,7,Nia 007,Buffalo NIA 7,,,,100.0,,,,,,,,,,,,,,,,,,,,,,,,,86.0,,,,,,,,,,,,,,,,,,,,,,,,,3.0,,,,,,,,,,1.0,,,,,,,,,,,10.0,,,,,,,,,,,,,,,,,,,,,,,,,,,,,,
2019,general,niagara,NIA,8,Nia 008,Buffalo NIA 8,,,,163.0,,,,,,,,,,,,,,,,,,,,,,,,,138.0,,,,,,,,,,,,,,,,,,,,,,,,,4.0,,,,,,,,,,10.0,,,,,,,,,,,11.0,,,,,,,,,,,,,,,,,,,,,,,,,,,,,,
2019,general,niagara,NIA,9,Nia 009,Buffalo NIA 9,,,,264.0,,,,,,,,,,,,,,,,,,,,,,,,,213.0,,,,,,,,,,,,,,,,,,,,,,,,,10.0,,,,,,,,,,4.0,,,,,,,,,,,37.0,,,,,,,,,,,,,,,,,,,,,,,,,,,,,,
2019,general,niagara,NIA,10,Nia 010,Buffalo NIA 10,,,,75.0,,,,,,,,,,,,,,,,,,,,,,,,,58.0,,,,,,,,,,,,,,,,,,,,,,,,,1.0,,,,,,,,,,6.0,,,,,,,,,,,10.0,,,,,,,,,,,,,,,,,,,,,,,,,,,,,,
2019,general,niagara,NIA,11,Nia 011,Buffalo NIA 11,,,,85.0,,,,,,,,,,,,,,,,,,,,,,,,,66.0,,,,,,,,,,,,,,,,,,,,,,,,,4.0,,,,,,,,,,4.0,,,,,,,,,,,11.0,,,,,,,,,,,,,,,,,,,,,,,,,,,,,,
2019,general,niagara,NIA,12,Nia 012,Buffalo NIA 12,,,,120.0,,,,,,,,,,,,,,,,,,,,,,,,,92.0,,,,,,,,,,,,,,,,,,,,,,,,,1.0,,,,,,,,,,1.0,,,,,,,,,,,26.0,,,,,,,,,,,,,,,,,,,,,,,,,,,,,,
2019,general,niagara,NIA,13,Nia 013,Buffalo NIA 13,,,,94.0,,,,,,,,,,,,,,,,,,,,,,,,,77.0,,,,,,,,,,,,,,,,,,,,,,,,,4.0,,,,,,,,,,3.0,,,,,,,,,,,10.0,,,,,,,,,,,,,,,,,,,,,,,,,,,,,,
2019,general,niagara,NIA,14,Nia 014,Buffalo NIA 14,,,,183.0,,,,,,,,,,,,,,,,,,,,,,,,,131.0,,,,,,,,,,,,,,,,,,,,,,,,,9.0,,,,,,,,,,5.0,,,,,,,,,,,38.0,,,,,,,,,,,,,,,,,,,,,,,,,,,,,,
2019,general,niagara,NIA,15,Nia 015,Buffalo NIA 15,,,,69.0,,,,,,,,,,,,,,,,,,,,,,,,,52.0,,,,,,,,,,,,,,,,,,,,,,,,,2.0,,,,,,,,,,3.0,,,,,,,,,,,12.0,,,,,,,,,,,,,,,,,,,,,,,,,,,,,,
2019,general,niagara,NIA,16,Nia 016,Buffalo NIA 16,,,,155.0,,,,,,,,,,,,,,,,,,,,,,,,,121.0,,,,,,,,,,,,,,,,,,,,,,,,,3.0,,,,,,,,,,10.0,,,,,,,,,,,21.0,,,,,,,,,,,,,,,,,,,,,,,,,,,,,,
2019,general,niagara,NIA,17,Nia 017,Buffalo NIA 17,,,,56.0,,,,,,,,,,,,,,,,,,,,,,,,,45.0,,,,,,,,,,,,,,,,,,,,,,,,,4.0,,,,,,,,,,2.0,,,,,,,,,,,5.0,,,,,,,,,,,,,,,,,,,,,,,,,,,,,,
2019,general,niagara,NIA,18,Nia 018,Buffalo NIA 18,,,,286.0,,,,,,,,,,,,,,,,,,,,,,,,,215.0,,,,,,,,,,,,,,,,,,,,,,,,,14.0,,,,,,,,,,9.0,,,,,,,,,,,48.0,,,,,,,,,,,,,,,,,,,,,,,,,,,,,,
2019,general,niagara,NIA,19,Nia 019,Buffalo NIA 19,,,,429.0,,,,,,,,,,,,,,,,,,,,,,,,,276.0,,,,,,,,,,,,,,,,,,,,,,,,,14.0,,,,,,,,,,12.0,,,,,,,,,,,127.0,,,,,,,,,,,,,,,,,,,,,,,,,,,,,,
2019,general,niagara,NIA,20,Nia 020,Buffalo NIA 20,,,,33.0,,,,,,,,,,,,,,,,,,,,,,,,,22.0,,,,,,,,,,,,,,,,,,,,,,,,,3.0,,,,,,,,,,1.0,,,,,,,,,,,7.0,,,,,,,,,,,,,,,,,,,,,,,,,,,,,,
2019,general,niagara,NIA,21,Nia 021,Buffalo NIA 21,,,,214.0,,,,,,,,,,,,,,,,,,,,,,,,,146.0,,,,,,,,,,,,,,,,,,,,,,,,,11.0,,,,,,,,,,8.0,,,,,,,,,,,49.0,,,,,,,,,,,,,,,,,,,,,,,,,,,,,,
2019,general,niagara,NIA,22,Nia 022,Buffalo NIA 22,,,,72.0,,,,,,,,,,,,,,,,,,,,,,,,,56.0,,,,,,,,,,,,,,,,,,,,,,,,,4.0,,,,,,,,,,1.0,,,,,,,,,,,11.0,,,,,,,,,,,,,,,,,,,,,,,,,,,,,,
2019,general,niagara,NIA,23,Nia 023,Buffalo NIA 23,,,,98.0,,,,,,,,,,,,,,,,,,,,,,,,,79.0,,,,,,,,,,,,,,,,,,,,,,,,,3.0,,,,,,,,,,0.0,,,,,,,,,,,16.0,,,,,,,,,,,,,,,,,,,,,,,,,,,,,,
2019,general,niagara,NIA,24,Nia 024,Buffalo NIA 24,,,,195.0,,,,,,,,,,,,,,,,,,,,,,,,,155.0,,,,,,,,,,,,,,,,,,,,,,,,,14.0,,,,,,,,,,3.0,,,,,,,,,,,23.0,,,,,,,,,,,,,,,,,,,,,,,,,,,,,,
2019,general,niagara,NIA,25,Nia 025,Buffalo NIA 25,,,,273.0,,,,,,,,,,,,,,,,,,,,,,,,,213.0,,,,,,,,,,,,,,,,,,,,,,,,,6.0,,,,,,,,,,10.0,,,,,,,,,,,44.0,,,,,,,,,,,,,,,,,,,,,,,,,,,,,,
2019,general,niagara,NIA,26,Nia 026,Buffalo NIA 26,,,,120.0,,,,,,,,,,,,,,,,,,,,,,,,,80.0,,,,,,,,,,,,,,,,,,,,,,,,,5.0,,,,,,,,,,10.0,,,,,,,,,,,25.0,,,,,,,,,,,,,,,,,,,,,,,,,,,,,,
2019,general,niagara,NIA,27,Nia 027,Buffalo NIA 27,,,,59.0,,,,,,,,,,,,,,,,,,,,,,,,,40.0,,,,,,,,,,,,,,,,,,,,,,,,,4.0,,,,,,,,,,4.0,,,,,,,,,,,11.0,,,,,,,,,,,,,,,,,,,,,,,,,,,,,,
2019,general,niagara,NIA,28,Nia 028,Buffalo NIA 28,,,,145.0,,,,,,,,,,,,,,,,,,,,,,,,,92.0,,,,,,,,,,,,,,,,,,,,,,,,,8.0,,,,,,,,,,7.0,,,,,,,,,,,38.0,,,,,,,,,,,,,,,,,,,,,,,,,,,,,,
2019,general,north,NOR,1,Nor 001,Buffalo NOR 1,,,,132.0,,,,,,,,,,113.0,,,,,,,,,,,,,,,,,,,,,,,,,,,,,,,,,,,,,,,,,,,,,,,,,,19.0,,,,,,,,,,,,,,,,,,,,,,,,,,,,,,,,,,,,,,,,,
2019,general,north,NOR,2,Nor 002,Buffalo NOR 2,,,,142.0,,,,,,,,,,124.0,,,,,,,,,,,,,,,,,,,,,,,,,,,,,,,,,,,,,,,,,,,,,,,,,,18.0,,,,,,,,,,,,,,,,,,,,,,,,,,,,,,,,,,,,,,,,,
2019,general,north,NOR,3,Nor 003,Buffalo NOR 3,,,,63.0,,,,,,,,,,53.0,,,,,,,,,,,,,,,,,,,,,,,,,,,,,,,,,,,,,,,,,,,,,,,,,,10.0,,,,,,,,,,,,,,,,,,,,,,,,,,,,,,,,,,,,,,,,,
2019,general,north,NOR,4,Nor 004,Buffalo NOR 4,,,,106.0,,,,,,,,,,86.0,,,,,,,,,,,,,,,,,,,,,,,,,,,,,,,,,,,,,,,,,,,,,,,,,,20.0,,,,,,,,,,,,,,,,,,,,,,,,,,,,,,,,,,,,,,,,,
2019,general,north,NOR,5,Nor 005,Buffalo NOR 5,,,,106.0,,,,,,,,,,94.0,,,,,,,,,,,,,,,,,,,,,,,,,,,,,,,,,,,,,,,,,,,,,,,,,,12.0,,,,,,,,,,,,,,,,,,,,,,,,,,,,,,,,,,,,,,,,,
2019,general,north,NOR,6,Nor 006,Buffalo NOR 6,,,,91.0,,,,,,,,,,75.0,,,,,,,,,,,,,,,,,,,,,,,,,,,,,,,,,,,,,,,,,,,,,,,,,,16.0,,,,,,,,,,,,,,,,,,,,,,,,,,,,,,,,,,,,,,,,,
2019,general,north,NOR,7,Nor 007,Buffalo NOR 7,,,,74.0,,,,,,,,,,61.0,,,,,,,,,,,,,,,,,,,,,,,,,,,,,,,,,,,,,,,,,,,,,,,,,,13.0,,,,,,,,,,,,,,,,,,,,,,,,,,,,,,,,,,,,,,,,,
2019,general,north,NOR,8,Nor 008,Buffalo NOR 8,,,,17.0,,,,,,,,,,15.0,,,,,,,,,,,,,,,,,,,,,,,,,,,,,,,,,,,,,,,,,,,,,,,,,,2.0,,,,,,,,,,,,,,,,,,,,,,,,,,,,,,,,,,,,,,,,,
2019,general,north,NOR,9,Nor 009,Buffalo NOR 9,,,,138.0,,,,,,,,,,118.0,,,,,,,,,,,,,,,,,,,,,,,,,,,,,,,,,,,,,,,,,,,,,,,,,,20.0,,,,,,,,,,,,,,,,,,,,,,,,,,,,,,,,,,,,,,,,,
2019,general,north,NOR,10,Nor 010,Buffalo NOR 10,,,,96.0,,,,,,,,,,84.0,,,,,,,,,,,,,,,,,,,,,,,,,,,,,,,,,,,,,,,,,,,,,,,,,,12.0,,,,,,,,,,,,,,,,,,,,,,,,,,,,,,,,,,,,,,,,,
2019,general,north,NOR,11,Nor 011,Buffalo NOR 11,,,,154.0,,,,,,,,,,138.0,,,,,,,,,,,,,,,,,,,,,,,,,,,,,,,,,,,,,,,,,,,,,,,,,,16.0,,,,,,,,,,,,,,,,,,,,,,,,,,,,,,,,,,,,,,,,,
2019,general,north,NOR,12,Nor 012,Buffalo NOR 12,,,,148.0,,,,,,,,,,127.0,,,,,,,,,,,,,,,,,,,,,,,,,,,,,,,,,,,,,,,,,,,,,,,,,,21.0,,,,,,,,,,,,,,,,,,,,,,,,,,,,,,,,,,,,,,,,,
2019,general,north,NOR,13,Nor 013,Buffalo NOR 13,,,,100.0,,,,,,,,,,88.0,,,,,,,,,,,,,,,,,,,,,,,,,,,,,,,,,,,,,,,,,,,,,,,,,,12.0,,,,,,,,,,,,,,,,,,,,,,,,,,,,,,,,,,,,,,,,,
2019,general,north,NOR,14,Nor 014,Buffalo NOR 14,,,,51.0,,,,,,,,,,41.0,,,,,,,,,,,,,,,,,,,,,,,,,,,,,,,,,,,,,,,,,,,,,,,,,,10.0,,,,,,,,,,,,,,,,,,,,,,,,,,,,,,,,,,,,,,,,,
2019,general,north,NOR,15,Nor 015,Buffalo NOR 15,,,,30.0,,,,,,,,,,22.0,,,,,,,,,,,,,,,,,,,,,,,,,,,,,,,,,,,,,,,,,,,,,,,,,,8.0,,,,,,,,,,,,,,,,,,,,,,,,,,,,,,,,,,,,,,,,,
2019,general,north,NOR,16,Nor 016,Buffalo NOR 16,,,,95.0,,,,,,,,,,77.0,,,,,,,,,,,,,,,,,,,,,,,,,,,,,,,,,,,,,,,,,,,,,,,,,,18.0,,,,,,,,,,,,,,,,,,,,,,,,,,,,,,,,,,,,,,,,,
2019,general,north,NOR,17,Nor 017,Buffalo NOR 17,,,,107.0,,,,,,,,,,95.0,,,,,,,,,,,,,,,,,,,,,,,,,,,,,,,,,,,,,,,,,,,,,,,,,,12.0,,,,,,,,,,,,,,,,,,,,,,,,,,,,,,,,,,,,,,,,,
2019,general,north,NOR,18,Nor 018,Buffalo NOR 18,,,,121.0,,,,,,,,,,105.0,,,,,,,,,,,,,,,,,,,,,,,,,,,,,,,,,,,,,,,,,,,,,,,,,,16.0,,,,,,,,,,,,,,,,,,,,,,,,,,,,,,,,,,,,,,,,,
2019,general,north,NOR,19,Nor 019,Buffalo NOR 19,,,,98.0,,,,,,,,,,86.0,,,,,,,,,,,,,,,,,,,,,,,,,,,,,,,,,,,,,,,,,,,,,,,,,,12.0,,,,,,,,,,,,,,,,,,,,,,,,,,,,,,,,,,,,,,,,,
2019,general,north,NOR,20,Nor 020,Buffalo NOR 20,,,,300.0,,,,,,,,,,257.0,,,,,,,,,,,,,,,,,,,,,,,,,,,,,,,,,,,,,,,,,,,,,,,,,,43.0,,,,,,,,,,,,,,,,,,,,,,,,,,,,,,,,,,,,,,,,,
2019,general,north,NOR,21,Nor 021,Buffalo NOR 21,,,,104.0,,,,,,,,,,87.0,,,,,,,,,,,,,,,,,,,,,,,,,,,,,,,,,,,,,,,,,,,,,,,,,,17.0,,,,,,,,,,,,,,,,,,,,,,,,,,,,,,,,,,,,,,,,,
2019,general,north,NOR,22,Nor 022,Buffalo NOR 22,,,,57.0,,,,,,,,,,49.0,,,,,,,,,,,,,,,,,,,,,,,,,,,,,,,,,,,,,,,,,,,,,,,,,,8.0,,,,,,,,,,,,,,,,,,,,,,,,,,,,,,,,,,,,,,,,,
2019,general,north,NOR,23,Nor 023,Buffalo NOR 23,,,,274.0,,,,,,,,,,236.0,,,,,,,,,,,,,,,,,,,,,,,,,,,,,,,,,,,,,,,,,,,,,,,,,,38.0,,,,,,,,,,,,,,,,,,,,,,,,,,,,,,,,,,,,,,,,,
2019,general,north,NOR,24,Nor 024,Buffalo NOR 24,,,,195.0,,,,,,,,,,177.0,,,,,,,,,,,,,,,,,,,,,,,,,,,,,,,,,,,,,,,,,,,,,,,,,,18.0,,,,,,,,,,,,,,,,,,,,,,,,,,,,,,,,,,,,,,,,,
2019,general,north,NOR,25,Nor 025,Buffalo NOR 25,,,,52.0,,,,,,,,,,46.0,,,,,,,,,,,,,,,,,,,,,,,,,,,,,,,,,,,,,,,,,,,,,,,,,,6.0,,,,,,,,,,,,,,,,,,,,,,,,,,,,,,,,,,,,,,,,,
2019,general,north,NOR,26,Nor 026,Buffalo NOR 26,,,,27.0,,,,,,,,,,20.0,,,,,,,,,,,,,,,,,,,,,,,,,,,,,,,,,,,,,,,,,,,,,,,,,,7.0,,,,,,,,,,,,,,,,,,,,,,,,,,,,,,,,,,,,,,,,,
2019,general,north,NOR,27,Nor 027,Buffalo NOR 27,,,,37.0,,,,,,,,,,30.0,,,,,,,,,,,,,,,,,,,,,,,,,,,,,,,,,,,,,,,,,,,,,,,,,,7.0,,,,,,,,,,,,,,,,,,,,,,,,,,,,,,,,,,,,,,,,,
2019,general,south,SOU,1,Sou 001,Buffalo SOU 1,,,,51.0,,,,,,,,,,,,,,,,,,,,,,,,,,,,,,,,,,,,,,,,,,,,,,,,,,,31.0,,,,,,,,,20.0,,,,,,,,,,,,,,,,,,,,,,,,,,,,,,,,,,,,,,,,,
2019,general,south,SOU,2,Sou 002,Buffalo SOU 2,,,,277.0,,,,,,,,,,,,,,,,,,,,,,,,,,,,,,,,,,,,,,,,,,,,,,,,,,,224.0,,,,,,,,,53.0,,,,,,,,,,,,,,,,,,,,,,,,,,,,,,,,,,,,,,,,,
2019,general,south,SOU,3,Sou 003,Buffalo SOU 3,,,,134.0,,,,,,,,,,,,,,,,,,,,,,,,,,,,,,,,,,,,,,,,,,,,,,,,,,,110.0,,,,,,,,,24.0,,,,,,,,,,,,,,,,,,,,,,,,,,,,,,,,,,,,,,,,,
2019,general,south,SOU,4,Sou 004,Buffalo SOU 4,,,,138.0,,,,,,,,,,,,,,,,,,,,,,,,,,,,,,,,,,,,,,,,,,,,,,,,,,,119.0,,,,,,,,,19.0,,,,,,,,,,,,,,,,,,,,,,,,,,,,,,,,,,,,,,,,,
2019,general,south,SOU,5,Sou 005,Buffalo SOU 5,,,,229.0,,,,,,,,,,,,,,,,,,,,,,,,,,,,,,,,,,,,,,,,,,,,,,,,,,,175.0,,,,,,,,,54.0,,,,,,,,,,,,,,,,,,,,,,,,,,,,,,,,,,,,,,,,,
2019,general,south,SOU,6,Sou 006,Buffalo SOU 6,,,,126.0,,,,,,,,,,,,,,,,,,,,,,,,,,,,,,,,,,,,,,,,,,,,,,,,,,,102.0,,,,,,,,,24.0,,,,,,,,,,,,,,,,,,,,,,,,,,,,,,,,,,,,,,,,,
2019,general,south,SOU,7,Sou 007,Buffalo SOU 7,,,,98.0,,,,,,,,,,,,,,,,,,,,,,,,,,,,,,,,,,,,,,,,,,,,,,,,,,,88.0,,,,,,,,,10.0,,,,,,,,,,,,,,,,,,,,,,,,,,,,,,,,,,,,,,,,,
2019,general,south,SOU,8,Sou 008,Buffalo SOU 8,,,,142.0,,,,,,,,,,,,,,,,,,,,,,,,,,,,,,,,,,,,,,,,,,,,,,,,,,,114.0,,,,,,,,,28.0,,,,,,,,,,,,,,,,,,,,,,,,,,,,,,,,,,,,,,,,,
2019,general,south,SOU,9,Sou 009,Buffalo SOU 9,,,,164.0,,,,,,,,,,,,,,,,,,,,,,,,,,,,,,,,,,,,,,,,,,,,,,,,,,,126.0,,,,,,,,,38.0,,,,,,,,,,,,,,,,,,,,,,,,,,,,,,,,,,,,,,,,,
2019,general,south,SOU,10,Sou 010,Buffalo SOU 10,,,,121.0,,,,,,,,,,,,,,,,,,,,,,,,,,,,,,,,,,,,,,,,,,,,,,,,,,,98.0,,,,,,,,,23.0,,,,,,,,,,,,,,,,,,,,,,,,,,,,,,,,,,,,,,,,,
2019,general,south,SOU,11,Sou 011,Buffalo SOU 11,,,,328.0,,,,,,,,,,,,,,,,,,,,,,,,,,,,,,,,,,,,,,,,,,,,,,,,,,,258.0,,,,,,,,,70.0,,,,,,,,,,,,,,,,,,,,,,,,,,,,,,,,,,,,,,,,,
2019,general,south,SOU,12,Sou 012,Buffalo SOU 12,,,,175.0,,,,,,,,,,,,,,,,,,,,,,,,,,,,,,,,,,,,,,,,,,,,,,,,,,,145.0,,,,,,,,,30.0,,,,,,,,,,,,,,,,,,,,,,,,,,,,,,,,,,,,,,,,,
2019,general,south,SOU,13,Sou 013,Buffalo SOU 13,,,,137.0,,,,,,,,,,,,,,,,,,,,,,,,,,,,,,,,,,,,,,,,,,,,,,,,,,,110.0,,,,,,,,,27.0,,,,,,,,,,,,,,,,,,,,,,,,,,,,,,,,,,,,,,,,,
2019,general,south,SOU,14,Sou 014,Buffalo SOU 14,,,,158.0,,,,,,,,,,,,,,,,,,,,,,,,,,,,,,,,,,,,,,,,,,,,,,,,,,,147.0,,,,,,,,,11.0,,,,,,,,,,,,,,,,,,,,,,,,,,,,,,,,,,,,,,,,,
2019,general,south,SOU,15,Sou 015,Buffalo SOU 15,,,,112.0,,,,,,,,,,,,,,,,,,,,,,,,,,,,,,,,,,,,,,,,,,,,,,,,,,,100.0,,,,,,,,,12.0,,,,,,,,,,,,,,,,,,,,,,,,,,,,,,,,,,,,,,,,,
2019,general,south,SOU,16,Sou 016,Buffalo SOU 16,,,,215.0,,,,,,,,,,,,,,,,,,,,,,,,,,,,,,,,,,,,,,,,,,,,,,,,,,,162.0,,,,,,,,,53.0,,,,,,,,,,,,,,,,,,,,,,,,,,,,,,,,,,,,,,,,,
2019,general,south,SOU,17,Sou 017,Buffalo SOU 17,,,,252.0,,,,,,,,,,,,,,,,,,,,,,,,,,,,,,,,,,,,,,,,,,,,,,,,,,,222.0,,,,,,,,,30.0,,,,,,,,,,,,,,,,,,,,,,,,,,,,,,,,,,,,,,,,,
2019,general,south,SOU,18,Sou 018,Buffalo SOU 18,,,,256.0,,,,,,,,,,,,,,,,,,,,,,,,,,,,,,,,,,,,,,,,,,,,,,,,,,,220.0,,,,,,,,,36.0,,,,,,,,,,,,,,,,,,,,,,,,,,,,,,,,,,,,,,,,,
2019,general,south,SOU,19,Sou 019,Buffalo SOU 19,,,,69.0,,,,,,,,,,,,,,,,,,,,,,,,,,,,,,,,,,,,,,,,,,,,,,,,,,,47.0,,,,,,,,,22.0,,,,,,,,,,,,,,,,,,,,,,,,,,,,,,,,,,,,,,,,,
2019,general,south,SOU,20,Sou 020,Buffalo SOU 20,,,,103.0,,,,,,,,,,,,,,,,,,,,,,,,,,,,,,,,,,,,,,,,,,,,,,,,,,,78.0,,,,,,,,,25.0,,,,,,,,,,,,,,,,,,,,,,,,,,,,,,,,,,,,,,,,,
2019,general,south,SOU,21,Sou 021,Buffalo SOU 21,,,,100.0,,,,,,,,,,,,,,,,,,,,,,,,,,,,,,,,,,,,,,,,,,,,,,,,,,,90.0,,,,,,,,,10.0,,,,,,,,,,,,,,,,,,,,,,,,,,,,,,,,,,,,,,,,,
2019,general,south,SOU,22,Sou 022,Buffalo SOU 22,,,,154.0,,,,,,,,,,,,,,,,,,,,,,,,,,,,,,,,,,,,,,,,,,,,,,,,,,,121.0,,,,,,,,,33.0,,,,,,,,,,,,,,,,,,,,,,,,,,,,,,,,,,,,,,,,,
2019,general,south,SOU,23,Sou 023,Buffalo SOU 23,,,,217.0,,,,,,,,,,,,,,,,,,,,,,,,,,,,,,,,,,,,,,,,,,,,,,,,,,,180.0,,,,,,,,,37.0,,,,,,,,,,,,,,,,,,,,,,,,,,,,,,,,,,,,,,,,,
2019,general,south,SOU,24,Sou 024,Buffalo SOU 24,,,,278.0,,,,,,,,,,,,,,,,,,,,,,,,,,,,,,,,,,,,,,,,,,,,,,,,,,,221.0,,,,,,,,,57.0,,,,,,,,,,,,,,,,,,,,,,,,,,,,,,,,,,,,,,,,,
2019,general,south,SOU,25,Sou 025,Buffalo SOU 25,,,,388.0,,,,,,,,,,,,,,,,,,,,,,,,,,,,,,,,,,,,,,,,,,,,,,,,,,,326.0,,,,,,,,,62.0,,,,,,,,,,,,,,,,,,,,,,,,,,,,,,,,,,,,,,,,,
2019,general,south,SOU,26,Sou 026,Buffalo SOU 26,,,,155.0,,,,,,,,,,,,,,,,,,,,,,,,,,,,,,,,,,,,,,,,,,,,,,,,,,,120.0,,,,,,,,,35.0,,,,,,,,,,,,,,,,,,,,,,,,,,,,,,,,,,,,,,,,,
2019,general,south,SOU,27,Sou 027,Buffalo SOU 27,,,,169.0,,,,,,,,,,,,,,,,,,,,,,,,,,,,,,,,,,,,,,,,,,,,,,,,,,,129.0,,,,,,,,,40.0,,,,,,,,,,,,,,,,,,,,,,,,,,,,,,,,,,,,,,,,,
2019,general,south,SOU,28,Sou 028,Buffalo SOU 28,,,,357.0,,,,,,,,,,,,,,,,,,,,,,,,,,,,,,,,,,,,,,,,,,,,,,,,,,,300.0,,,,,,,,,57.0,,,,,,,,,,,,,,,,,,,,,,,,,,,,,,,,,,,,,,,,,
2019,general,south,SOU,29,Sou 029,Buffalo SOU 29,,,,122.0,,,,,,,,,,,,,,,,,,,,,,,,,,,,,,,,,,,,,,,,,,,,,,,,,,,94.0,,,,,,,,,28.0,,,,,,,,,,,,,,,,,,,,,,,,,,,,,,,,,,,,,,,,,
2019,general,south,SOU,30,Sou 030,Buffalo SOU 30,,,,279.0,,,,,,,,,,,,,,,,,,,,,,,,,,,,,,,,,,,,,,,,,,,,,,,,,,,233.0,,,,,,,,,46.0,,,,,,,,,,,,,,,,,,,,,,,,,,,,,,,,,,,,,,,,,
2019,general,university,UNI,1,Uni 001,Buffalo UNI 1,,,,101.0,,,,,,,,,,,,,,,,,,,,,,,,,,,,,,,,,,,,,,,,,,,,,,,,,,,,,,,,,,,,16.0,,,,,,,,,,,,71.0,14.0,,,,,,,,,,,,,,,,,,,,,,,,,,,,
2019,general,university,UNI,2,Uni 002,Buffalo UNI 2,,,,214.0,,,,,,,,,,,,,,,,,,,,,,,,,,,,,,,,,,,,,,,,,,,,,,,,,,,,,,,,,,,,19.0,,,,,,,,,,,,151.0,44.0,,,,,,,,,,,,,,,,,,,,,,,,,,,,
2019,general,university,UNI,3,Uni 003,Buffalo UNI 3,,,,265.0,,,,,,,,,,,,,,,,,,,,,,,,,,,,,,,,,,,,,,,,,,,,,,,,,,,,,,,,,,,,33.0,,,,,,,,,,,,174.0,58.0,,,,,,,,,,,,,,,,,,,,,,,,,,,,
2019,general,university,UNI,4,Uni 004,Buffalo UNI 4,,,,128.0,,,,,,,,,,,,,,,,,,,,,,,,,,,,,,,,,,,,,,,,,,,,,,,,,,,,,,,,,,,,9.0,,,,,,,,,,,,100.0,19.0,,,,,,,,,,,,,,,,,,,,,,,,,,,,
2019,general,university,UNI,5,Uni 005,Buffalo UNI 5,,,,183.0,,,,,,,,,,,,,,,,,,,,,,,,,,,,,,,,,,,,,,,,,,,,,,,,,,,,,,,,,,,,23.0,,,,,,,,,,,,125.0,35.0,,,,,,,,,,,,,,,,,,,,,,,,,,,,
2019,general,university,UNI,6,Uni 006,Buffalo UNI 6,,,,67.0,,,,,,,,,,,,,,,,,,,,,,,,,,,,,,,,,,,,,,,,,,,,,,,,,,,,,,,,,,,,7.0,,,,,,,,,,,,42.0,18.0,,,,,,,,,,,,,,,,,,,,,,,,,,,,
2019,general,university,UNI,7,Uni 007,Buffalo UNI 7,,,,329.0,,,,,,,,,,,,,,,,,,,,,,,,,,,,,,,,,,,,,,,,,,,,,,,,,,,,,,,,,,,,48.0,,,,,,,,,,,,229.0,52.0,,,,,,,,,,,,,,,,,,,,,,,,,,,,
2019,general,university,UNI,8,Uni 008,Buffalo UNI 8,,,,52.0,,,,,,,,,,,,,,,,,,,,,,,,,,,,,,,,,,,,,,,,,,,,,,,,,,,,,,,,,,,,5.0,,,,,,,,,,,,36.0,11.0,,,,,,,,,,,,,,,,,,,,,,,,,,,,
2019,general,university,UNI,9,Uni 009,Buffalo UNI 9,,,,51.0,,,,,,,,,,,,,,,,,,,,,,,,,,,,,,,,,,,,,,,,,,,,,,,,,,,,,,,,,,,,4.0,,,,,,,,,,,,38.0,9.0,,,,,,,,,,,,,,,,,,,,,,,,,,,,
2019,general,university,UNI,10,Uni 010,Buffalo UNI 10,,,,261.0,,,,,,,,,,,,,,,,,,,,,,,,,,,,,,,,,,,,,,,,,,,,,,,,,,,,,,,,,,,,18.0,,,,,,,,,,,,221.0,22.0,,,,,,,,,,,,,,,,,,,,,,,,,,,,
2019,general,university,UNI,11,Uni 011,Buffalo UNI 11,,,,136.0,,,,,,,,,,,,,,,,,,,,,,,,,,,,,,,,,,,,,,,,,,,,,,,,,,,,,,,,,,,,21.0,,,,,,,,,,,,109.0,6.0,,,,,,,,,,,,,,,,,,,,,,,,,,,,
2019,general,university,UNI,12,Uni 012,Buffalo UNI 12,,,,267.0,,,,,,,,,,,,,,,,,,,,,,,,,,,,,,,,,,,,,,,,,,,,,,,,,,,,,,,,,,,,22.0,,,,,,,,,,,,231.0,14.0,,,,,,,,,,,,,,,,,,,,,,,,,,,,
2019,general,university,UNI,13,Uni 013,Buffalo UNI 13,,,,213.0,,,,,,,,,,,,,,,,,,,,,,,,,,,,,,,,,,,,,,,,,,,,,,,,,,,,,,,,,,,,22.0,,,,,,,,,,,,176.0,15.0,,,,,,,,,,,,,,,,,,,,,,,,,,,,
2019,general,university,UNI,14,Uni 014,Buffalo UNI 14,,,,132.0,,,,,,,,,,,,,,,,,,,,,,,,,,,,,,,,,,,,,,,,,,,,,,,,,,,,,,,,,,,,19.0,,,,,,,,,,,,105.0,8.0,,,,,,,,,,,,,,,,,,,,,,,,,,,,
2019,general,university,UNI,15,Uni 015,Buffalo UNI 15,,,,150.0,,,,,,,,,,,,,,,,,,,,,,,,,,,,,,,,,,,,,,,,,,,,,,,,,,,,,,,,,,,,11.0,,,,,,,,,,,,133.0,6.0,,,,,,,,,,,,,,,,,,,,,,,,,,,,
2019,general,university,UNI,16,Uni 016,Buffalo UNI 16,,,,158.0,,,,,,,,,,,,,,,,,,,,,,,,,,,,,,,,,,,,,,,,,,,,,,,,,,,,,,,,,,,,16.0,,,,,,,,,,,,130.0,12.0,,,,,,,,,,,,,,,,,,,,,,,,,,,,
2019,general,university,UNI,17,Uni 017,Buffalo UNI 17,,,,133.0,,,,,,,,,,,,,,,,,,,,,,,,,,,,,,,,,,,,,,,,,,,,,,,,,,,,,,,,,,,,19.0,,,,,,,,,,,,107.0,7.0,,,,,,,,,,,,,,,,,,,,,,,,,,,,
2019,general,university,UNI,18,Uni 018,Buffalo UNI 18,,,,54.0,,,,,,,,,,,,,,,,,,,,,,,,,,,,,,,,,,,,,,,,,,,,,,,,,,,,,,,,,,,,5.0,,,,,,,,,,,,46.0,3.0,,,,,,,,,,,,,,,,,,,,,,,,,,,,
2019,general,university,UNI,19,Uni 019,Buffalo UNI 19,,,,133.0,,,,,,,,,,,,,,,,,,,,,,,,,,,,,,,,,,,,,,,,,,,,,,,,,,,,,,,,,,,,12.0,,,,,,,,,,,,113.0,8.0,,,,,,,,,,,,,,,,,,,,,,,,,,,,
2019,general,university,UNI,20,Uni 020,Buffalo UNI 20,,,,123.0,,,,,,,,,,,,,,,,,,,,,,,,,,,,,,,,,,,,,,,,,,,,,,,,,,,,,,,,,,,,14.0,,,,,,,,,,,,105.0,4.0,,,,,,,,,,,,,,,,,,,,,,,,,,,,
2019,general,university,UNI,21,Uni 021,Buffalo UNI 21,,,,174.0,,,,,,,,,,,,,,,,,,,,,,,,,,,,,,,,,,,,,,,,,,,,,,,,,,,,,,,,,,,,7.0,,,,,,,,,,,,158.0,9.0,,,,,,,,,,,,,,,,,,,,,,,,,,,,
2019,general,university,UNI,22,Uni 022,Buffalo UNI 22,,,,130.0,,,,,,,,,,,,,,,,,,,,,,,,,,,,,,,,,,,,,,,,,,,,,,,,,,,,,,,,,,,,11.0,,,,,,,,,,,,111.0,8.0,,,,,,,,,,,,,,,,,,,,,,,,,,,,
2019,general,university,UNI,23,Uni 023,Buffalo UNI 23,,,,111.0,,,,,,,,,,,,,,,,,,,,,,,,,,,,,,,,,,,,,,,,,,,,,,,,,,,,,,,,,,,,16.0,,,,,,,,,,,,92.0,3.0,,,,,,,,,,,,,,,,,,,,,,,,,,,,
2019,general,university,UNI,24,Uni 024,Buffalo UNI 24,,,,170.0,,,,,,,,,,,,,,,,,,,,,,,,,,,,,,,,,,,,,,,,,,,,,,,,,,,,,,,,,,,,18.0,,,,,,,,,,,,149.0,3.0,,,,,,,,,,,,,,,,,,,,,,,,,,,,
2019,general,university,UNI,25,Uni 025,Buffalo UNI 25,,,,227.0,,,,,,,,,,,,,,,,,,,,,,,,,,,,,,,,,,,,,,,,,,,,,,,,,,,,,,,,,,,,20.0,,,,,,,,,,,,191.0,16.0,,,,,,,,,,,,,,,,,,,,,,,,,,,,
2019,general,university,UNI,26,Uni 026,Buffalo UNI 26,,,,132.0,,,,,,,,,,,,,,,,,,,,,,,,,,,,,,,,,,,,,,,,,,,,,,,,,,,,,,,,,,,,17.0,,,,,,,,,,,,108.0,7.0,,,,,,,,,,,,,,,,,,,,,,,,,,,,
2019,general,university,UNI,27,Uni 027,Buffalo UNI 27,,,,70.0,,,,,,,,,,,,,,,,,,,,,,,,,,,,,,,,,,,,,,,,,,,,,,,,,,,,,,,,,,,,4.0,,,,,,,,,,,,62.0,4.0,,,,,,,,,,,,,,,,,,,,,,,,,,,,
2019,primary,fillmore,FIL,1,FIL 1,Buffalo FIL 1,,,0.0,,,,,,,,,,,,,,,,,,,,,,,,,,,,,,,,,,,,,,,,,,,,,,,,,,,,,,,,,,,,,,54.0,,,,,,,,,,,,,34.0,10.0,1.0,99.0,,,,,,,,,,,,,,,,,,,,,,,,
2019,primary,fillmore,FIL,2,"FIL 2 (4 ,6, 7)",Buffalo FIL 2,,,2.0,,,,,,,,,,,,,,,,,,,,,,,,,,,,,,,,,,,,,,,,,,,,,,,,,,,,,,,,,,,,,,90.0,,,,,,,,,,,,,61.0,32.0,5.0,190.0,,,,,,,,,,,,,,,,,,,,,,,,
2019,primary,fillmore,FIL,3,FIL 3,Buffalo FIL 3,,,0.0,,,,,,,,,,,,,,,,,,,,,,,,,,,,,,,,,,,,,,,,,,,,,,,,,,,,,,,,,,,,,,32.0,,,,,,,,,,,,,9.0,9.0,0.0,50.0,,,,,,,,,,,,,,,,,,,,,,,,
2019,primary,fillmore,FIL,5,FIL 5,Buffalo FIL 5,,,0.0,,,,,,,,,,,,,,,,,,,,,,,,,,,,,,,,,,,,,,,,,,,,,,,,,,,,,,,,,,,,,,48.0,,,,,,,,,,,,,19.0,11.0,5.0,83.0,,,,,,,,,,,,,,,,,,,,,,,,
2019,primary,fillmore,FIL,8,FIL 8,Buffalo FIL 8,,,2.0,,,,,,,,,,,,,,,,,,,,,,,,,,,,,,,,,,,,,,,,,,,,,,,,,,,,,,,,,,,,,,69.0,,,,,,,,,,,,,56.0,17.0,14.0,158.0,,,,,,,,,,,,,,,,,,,,,,,,
2019,primary,fillmore,FIL,9,FIL 9,Buffalo FIL 9,,,0.0,,,,,,,,,,,,,,,,,,,,,,,,,,,,,,,,,,,,,,,,,,,,,,,,,,,,,,,,,,,,,,3.0,,,,,,,,,,,,,0.0,12.0,26.0,41.0,,,,,,,,,,,,,,,,,,,,,,,,
2019,primary,fillmore,FIL,10,FIL 10,Buffalo FIL 10,,,4.0,,,,,,,,,,,,,,,,,,,,,,,,,,,,,,,,,,,,,,,,,,,,,,,,,,,,,,,,,,,,,,11.0,,,,,,,,,,,,,10.0,24.0,38.0,87.0,,,,,,,,,,,,,,,,,,,,,,,,
2019,primary,fillmore,FIL,11,FIL 11 (35),Buffalo FIL 11,,,4.0,,,,,,,,,,,,,,,,,,,,,,,,,,,,,,,,,,,,,,,,,,,,,,,,,,,,,,,,,,,,,,16.0,,,,,,,,,,,,,22.0,96.0,54.0,192.0,,,,,,,,,,,,,,,,,,,,,,,,
2019,primary,fillmore,FIL,12,FIL 12 (13),Buffalo FIL 12,,,0.0,,,,,,,,,,,,,,,,,,,,,,,,,,,,,,,,,,,,,,,,,,,,,,,,,,,,,,,,,,,,,,115.0,,,,,,,,,,,,,33.0,3.0,7.0,158.0,,,,,,,,,,,,,,,,,,,,,,,,
2019,primary,fillmore,FIL,14,FIL 14,Buffalo FIL 14,,,0.0,,,,,,,,,,,,,,,,,,,,,,,,,,,,,,,,,,,,,,,,,,,,,,,,,,,,,,,,,,,,,,30.0,,,,,,,,,,,,,62.0,2.0,1.0,95.0,,,,,,,,,,,,,,,,,,,,,,,,
2019,primary,fillmore,FIL,15,FIL 15 (18),Buffalo FIL 15,,,1.0,,,,,,,,,,,,,,,,,,,,,,,,,,,,,,,,,,,,,,,,,,,,,,,,,,,,,,,,,,,,,,31.0,,,,,,,,,,,,,40.0,30.0,9.0,111.0,,,,,,,,,,,,,,,,,,,,,,,,
2019,primary,fillmore,FIL,16,FIL 16,Buffalo FIL 16,,,0.0,,,,,,,,,,,,,,,,,,,,,,,,,,,,,,,,,,,,,,,,,,,,,,,,,,,,,,,,,,,,,,3.0,,,,,,,,,,,,,13.0,1.0,1.0,18.0,,,,,,,,,,,,,,,,,,,,,,,,
2019,primary,fillmore,FIL,17,FIL 17,Buffalo FIL 17,,,1.0,,,,,,,,,,,,,,,,,,,,,,,,,,,,,,,,,,,,,,,,,,,,,,,,,,,,,,,,,,,,,,2.0,,,,,,,,,,,,,2.0,0.0,0.0,5.0,,,,,,,,,,,,,,,,,,,,,,,,
2019,primary,fillmore,FIL,19,FIL 19,Buffalo FIL 19,,,4.0,,,,,,,,,,,,,,,,,,,,,,,,,,,,,,,,,,,,,,,,,,,,,,,,,,,,,,,,,,,,,,17.0,,,,,,,,,,,,,59.0,1.0,0.0,81.0,,,,,,,,,,,,,,,,,,,,,,,,
2019,primary,fillmore,FIL,20,"FIL 20 (22, 34)",Buffalo FIL 20,,,1.0,,,,,,,,,,,,,,,,,,,,,,,,,,,,,,,,,,,,,,,,,,,,,,,,,,,,,,,,,,,,,,37.0,,,,,,,,,,,,,13.0,63.0,15.0,129.0,,,,,,,,,,,,,,,,,,,,,,,,
2019,primary,fillmore,FIL,21,FIL 21 (24),Buffalo FIL 21,,,0.0,,,,,,,,,,,,,,,,,,,,,,,,,,,,,,,,,,,,,,,,,,,,,,,,,,,,,,,,,,,,,,14.0,,,,,,,,,,,,,11.0,11.0,3.0,39.0,,,,,,,,,,,,,,,,,,,,,,,,
2019,primary,fillmore,FIL,23,"FIL 23 (26, 27)",Buffalo FIL 23,,,6.0,,,,,,,,,,,,,,,,,,,,,,,,,,,,,,,,,,,,,,,,,,,,,,,,,,,,,,,,,,,,,,47.0,,,,,,,,,,,,,16.0,33.0,7.0,109.0,,,,,,,,,,,,,,,,,,,,,,,,
2019,primary,fillmore,FIL,25,FIL 25 (28),Buffalo FIL 25,,,0.0,,,,,,,,,,,,,,,,,,,,,,,,,,,,,,,,,,,,,,,,,,,,,,,,,,,,,,,,,,,,,,22.0,,,,,,,,,,,,,15.0,17.0,7.0,61.0,,,,,,,,,,,,,,,,,,,,,,,,
2019,primary,fillmore,FIL,29,FIL 29 (30),Buffalo FIL 29,,,11.0,,,,,,,,,,,,,,,,,,,,,,,,,,,,,,,,,,,,,,,,,,,,,,,,,,,,,,,,,,,,,,27.0,,,,,,,,,,,,,12.0,43.0,44.0,137.0,,,,,,,,,,,,,,,,,,,,,,,,
2019,primary,fillmore,FIL,31,FIL 31,Buffalo FIL 31,,,3.0,,,,,,,,,,,,,,,,,,,,,,,,,,,,,,,,,,,,,,,,,,,,,,,,,,,,,,,,,,,,,,11.0,,,,,,,,,,,,,8.0,20.0,3.0,45.0,,,,,,,,,,,,,,,,,,,,,,,,
2019,primary,fillmore,FIL,32,FIL 32 (33),Buffalo FIL 32,,,2.0,,,,,,,,,,,,,,,,,,,,,,,,,,,,,,,,,,,,,,,,,,,,,,,,,,,,,,,,,,,,,,13.0,,,,,,,,,,,,,7.0,26.0,10.0,58.0,,,,,,,,,,,,,,,,,,,,,,,,
2019,primary,lovejoy,LOV,1,"LOV 1 (2, 3)",Buffalo LOV 1,,,11.0,,,,,,,,,,,,,,,,,,,,,,,,,,,,,,,,,,,,,,,,,,,,,,,,,,,,,,,,,,,,,,,,,,,32.0,,,,,,,,,,,124.0,81.0,,,,,,,,,,,,,,,,,,,,,,,
2019,primary,lovejoy,LOV,4,LOV 4 (5),Buffalo LOV 4,,,7.0,,,,,,,,,,,,,,,,,,,,,,,,,,,,,,,,,,,,,,,,,,,,,,,,,,,,,,,,,,,,,,,,,,,40.0,,,,,,,,,,,127.0,80.0,,,,,,,,,,,,,,,,,,,,,,,
2019,primary,lovejoy,LOV,6,"LOV 6 (7, 8, 9, 10)",Buffalo LOV 6,,,11.0,,,,,,,,,,,,,,,,,,,,,,,,,,,,,,,,,,,,,,,,,,,,,,,,,,,,,,,,,,,,,,,,,,,100.0,,,,,,,,,,,220.0,109.0,,,,,,,,,,,,,,,,,,,,,,,
2019,primary,lovejoy,LOV,11,"LOV 11 (12, 13, 14)",Buffalo LOV 11,,,8.0,,,,,,,,,,,,,,,,,,,,,,,,,,,,,,,,,,,,,,,,,,,,,,,,,,,,,,,,,,,,,,,,,,,127.0,,,,,,,,,,,251.0,116.0,,,,,,,,,,,,,,,,,,,,,,,
2019,primary,lovejoy,LOV,15,"LOV 15 (16, 17, 18, 19)",Buffalo LOV 15,,,4.0,,,,,,,,,,,,,,,,,,,,,,,,,,,,,,,,,,,,,,,,,,,,,,,,,,,,,,,,,,,,,,,,,,,133.0,,,,,,,,,,,179.0,42.0,,,,,,,,,,,,,,,,,,,,,,,
2019,primary,lovejoy,LOV,20,LOV 20 (21),Buffalo LOV 20,,,1.0,,,,,,,,,,,,,,,,,,,,,,,,,,,,,,,,,,,,,,,,,,,,,,,,,,,,,,,,,,,,,,,,,,,51.0,,,,,,,,,,,59.0,7.0,,,,,,,,,,,,,,,,,,,,,,,
2019,primary,lovejoy,LOV,22,LOV 22,Buffalo LOV 22,,,0.0,,,,,,,,,,,,,,,,,,,,,,,,,,,,,,,,,,,,,,,,,,,,,,,,,,,,,,,,,,,,,,,,,,,9.0,,,,,,,,,,,9.0,0.0,,,,,,,,,,,,,,,,,,,,,,,
2019,primary,lovejoy,LOV,23,LOV 23,Buffalo LOV 23,,,0.0,,,,,,,,,,,,,,,,,,,,,,,,,,,,,,,,,,,,,,,,,,,,,,,,,,,,,,,,,,,,,,,,,,,23.0,,,,,,,,,,,23.0,0.0,,,,,,,,,,,,,,,,,,,,,,,
2019,primary,lovejoy,LOV,24,LOV 24 (28),Buffalo LOV 24,,,2.0,,,,,,,,,,,,,,,,,,,,,,,,,,,,,,,,,,,,,,,,,,,,,,,,,,,,,,,,,,,,,,,,,,,102.0,,,,,,,,,,,122.0,18.0,,,,,,,,,,,,,,,,,,,,,,,
2019,primary,lovejoy,LOV,25,LOV 25,Buffalo LOV 25,,,0.0,,,,,,,,,,,,,,,,,,,,,,,,,,,,,,,,,,,,,,,,,,,,,,,,,,,,,,,,,,,,,,,,,,,1.0,,,,,,,,,,,1.0,0.0,,,,,,,,,,,,,,,,,,,,,,,
2019,primary,lovejoy,LOV,26,LOV 26,Buffalo LOV 26,,,0.0,,,,,,,,,,,,,,,,,,,,,,,,,,,,,,,,,,,,,,,,,,,,,,,,,,,,,,,,,,,,,,,,,,,13.0,,,,,,,,,,,16.0,3.0,,,,,,,,,,,,,,,,,,,,,,,
2019,primary,lovejoy,LOV,27,LOV 27 (31),Buffalo LOV 27,,,1.0,,,,,,,,,,,,,,,,,,,,,,,,,,,,,,,,,,,,,,,,,,,,,,,,,,,,,,,,,,,,,,,,,,,48.0,,,,,,,,,,,55.0,6.0,,,,,,,,,,,,,,,,,,,,,,,
2019,primary,lovejoy,LOV,29,"LOV 29 (30, 32)",Buffalo LOV 29,,,1.0,,,,,,,,,,,,,,,,,,,,,,,,,,,,,,,,,,,,,,,,,,,,,,,,,,,,,,,,,,,,,,,,,,,148.0,,,,,,,,,,,157.0,8.0,,,,,,,,,,,,,,,,,,,,,,,
2019,primary,masten,MAS,1,"MAS 1 (3, 8, 9, 10)",Buffalo MAS 1,,,24.0,,,,,,,,,,,,,,,,,,,,,,,,,,,,,,,,,,,,,,,,,,,,,,,,,,,,,,,,,,,,,,,,,,,,,188.0,12.0,,,,,,,,333.0,,63.0,46.0,,,,,,,,,,,,,,,,,,,,,
2019,primary,masten,MAS,2,MAS 2,Buffalo MAS 2,,,1.0,,,,,,,,,,,,,,,,,,,,,,,,,,,,,,,,,,,,,,,,,,,,,,,,,,,,,,,,,,,,,,,,,,,,,4.0,18.0,,,,,,,,36.0,,7.0,6.0,,,,,,,,,,,,,,,,,,,,,
2019,primary,masten,MAS,4,MAS 4 (11),Buffalo MAS 4,,,10.0,,,,,,,,,,,,,,,,,,,,,,,,,,,,,,,,,,,,,,,,,,,,,,,,,,,,,,,,,,,,,,,,,,,,,89.0,8.0,,,,,,,,169.0,,49.0,13.0,,,,,,,,,,,,,,,,,,,,,
2019,primary,masten,MAS,5,"MAS 5 (6, 7)",Buffalo MAS 5,,,8.0,,,,,,,,,,,,,,,,,,,,,,,,,,,,,,,,,,,,,,,,,,,,,,,,,,,,,,,,,,,,,,,,,,,,,57.0,7.0,,,,,,,,134.0,,50.0,12.0,,,,,,,,,,,,,,,,,,,,,
2019,primary,masten,MAS,12,"MAS 12 (17, 18)",Buffalo MAS 12,,,13.0,,,,,,,,,,,,,,,,,,,,,,,,,,,,,,,,,,,,,,,,,,,,,,,,,,,,,,,,,,,,,,,,,,,,,115.0,23.0,,,,,,,,229.0,,58.0,20.0,,,,,,,,,,,,,,,,,,,,,
2019,primary,masten,MAS,13,MAS 13 (20),Buffalo MAS 13,,,10.0,,,,,,,,,,,,,,,,,,,,,,,,,,,,,,,,,,,,,,,,,,,,,,,,,,,,,,,,,,,,,,,,,,,,,97.0,20.0,,,,,,,,182.0,,38.0,17.0,,,,,,,,,,,,,,,,,,,,,
2019,primary,masten,MAS,14,"MAS 14 (15, 21, 22)",Buffalo MAS 14,,,7.0,,,,,,,,,,,,,,,,,,,,,,,,,,,,,,,,,,,,,,,,,,,,,,,,,,,,,,,,,,,,,,,,,,,,,97.0,21.0,,,,,,,,217.0,,48.0,44.0,,,,,,,,,,,,,,,,,,,,,
2019,primary,masten,MAS,16,MAS 16 (24),Buffalo MAS 16,,,12.0,,,,,,,,,,,,,,,,,,,,,,,,,,,,,,,,,,,,,,,,,,,,,,,,,,,,,,,,,,,,,,,,,,,,,72.0,42.0,,,,,,,,174.0,,36.0,12.0,,,,,,,,,,,,,,,,,,,,,
2019,primary,masten,MAS,19,"MAS 19 (23, 25, 26)",Buffalo MAS 19,,,21.0,,,,,,,,,,,,,,,,,,,,,,,,,,,,,,,,,,,,,,,,,,,,,,,,,,,,,,,,,,,,,,,,,,,,,112.0,47.0,,,,,,,,298.0,,93.0,25.0,,,,,,,,,,,,,,,,,,,,,
2019,primary,masten,MAS,27,MAS 27 (34),Buffalo MAS 27,,,13.0,,,,,,,,,,,,,,,,,,,,,,,,,,,,,,,,,,,,,,,,,,,,,,,,,,,,,,,,,,,,,,,,,,,,,56.0,13.0,,,,,,,,161.0,,60.0,19.0,,,,,,,,,,,,,,,,,,,,,
2019,primary,masten,MAS,28,MAS 28 (29),Buffalo MAS 28,,,10.0,,,,,,,,,,,,,,,,,,,,,,,,,,,,,,,,,,,,,,,,,,,,,,,,,,,,,,,,,,,,,,,,,,,,,63.0,36.0,,,,,,,,171.0,,46.0,16.0,,,,,,,,,,,,,,,,,,,,,
2019,primary,masten,MAS,30,"MAS 30 (39, 40)",Buffalo MAS 30,,,4.0,,,,,,,,,,,,,,,,,,,,,,,,,,,,,,,,,,,,,,,,,,,,,,,,,,,,,,,,,,,,,,,,,,,,,47.0,8.0,,,,,,,,101.0,,30.0,12.0,,,,,,,,,,,,,,,,,,,,,
2019,primary,masten,MAS,31,MAS 31 (32),Buffalo MAS 31,,,2.0,,,,,,,,,,,,,,,,,,,,,,,,,,,,,,,,,,,,,,,,,,,,,,,,,,,,,,,,,,,,,,,,,,,,,43.0,7.0,,,,,,,,96.0,,36.0,8.0,,,,,,,,,,,,,,,,,,,,,
2019,primary,masten,MAS,33,MAS 33,Buffalo MAS 33,,,7.0,,,,,,,,,,,,,,,,,,,,,,,,,,,,,,,,,,,,,,,,,,,,,,,,,,,,,,,,,,,,,,,,,,,,,40.0,8.0,,,,,,,,88.0,,24.0,9.0,,,,,,,,,,,,,,,,,,,,,
2019,primary,masten,MAS,35,"MAS 35 (36, 37, 38)",Buffalo MAS 35,,,14.0,,,,,,,,,,,,,,,,,,,,,,,,,,,,,,,,,,,,,,,,,,,,,,,,,,,,,,,,,,,,,,,,,,,,,104.0,14.0,,,,,,,,202.0,,54.0,16.0,,,,,,,,,,,,,,,,,,,,,
2019,primary,masten,MAS,41,MAS 41 (42),Buffalo MAS 41,,,8.0,,,,,,,,,,,,,,,,,,,,,,,,,,,,,,,,,,,,,,,,,,,,,,,,,,,,,,,,,,,,,,,,,,,,,47.0,6.0,,,,,,,,95.0,,21.0,13.0,,,,,,,,,,,,,,,,,,,,,
2019,primary,university,UNI,1,"UNI 1 (5, 7)",Buffalo UNI 1,,,6.0,,,,,,,,,,,,,,,,,,,,,,,,,,,,,,,,,,,,,,,,,,,,,,,,,,,,,,,,,,,,,,,,,,,,,,,,,70.0,,,,,203.0,,,,127.0,,,,,,,,,,,,,,,,,,,,
2019,primary,university,UNI,2,UNI 2 (3),Buffalo UNI 2,,,1.0,,,,,,,,,,,,,,,,,,,,,,,,,,,,,,,,,,,,,,,,,,,,,,,,,,,,,,,,,,,,,,,,,,,,,,,,,59.0,,,,,184.0,,,,124.0,,,,,,,,,,,,,,,,,,,,
2019,primary,university,UNI,4,"UNI 4 (6, 8)",Buffalo UNI 4,,,1.0,,,,,,,,,,,,,,,,,,,,,,,,,,,,,,,,,,,,,,,,,,,,,,,,,,,,,,,,,,,,,,,,,,,,,,,,,68.0,,,,,124.0,,,,55.0,,,,,,,,,,,,,,,,,,,,
2019,primary,university,UNI,9,UNI 9,Buffalo UNI 9,,,1.0,,,,,,,,,,,,,,,,,,,,,,,,,,,,,,,,,,,,,,,,,,,,,,,,,,,,,,,,,,,,,,,,,,,,,,,,,13.0,,,,,29.0,,,,15.0,,,,,,,,,,,,,,,,,,,,
2019,primary,university,UNI,10,"UNI 10 (11, 13)",Buffalo UNI 10,,,12.0,,,,,,,,,,,,,,,,,,,,,,,,,,,,,,,,,,,,,,,,,,,,,,,,,,,,,,,,,,,,,,,,,,,,,,,,,227.0,,,,,357.0,,,,118.0,,,,,,,,,,,,,,,,,,,,
2019,primary,university,UNI,12,"UNI 12 (14, 17, 20)",Buffalo UNI 12,,,8.0,,,,,,,,,,,,,,,,,,,,,,,,,,,,,,,,,,,,,,,,,,,,,,,,,,,,,,,,,,,,,,,,,,,,,,,,,281.0,,,,,381.0,,,,92.0,,,,,,,,,,,,,,,,,,,,
2019,primary,university,UNI,15,UNI 15 (18),Buffalo UNI 15,,,4.0,,,,,,,,,,,,,,,,,,,,,,,,,,,,,,,,,,,,,,,,,,,,,,,,,,,,,,,,,,,,,,,,,,,,,,,,,94.0,,,,,125.0,,,,27.0,,,,,,,,,,,,,,,,,,,,
2019,primary,university,UNI,16,"UNI 16 (19, 21)",Buffalo UNI 16,,,7.0,,,,,,,,,,,,,,,,,,,,,,,,,,,,,,,,,,,,,,,,,,,,,,,,,,,,,,,,,,,,,,,,,,,,,,,,,208.0,,,,,263.0,,,,48.0,,,,,,,,,,,,,,,,,,,,
2019,primary,university,UNI,22,UNI 22 (23),Buffalo UNI 22,,,4.0,,,,,,,,,,,,,,,,,,,,,,,,,,,,,,,,,,,,,,,,,,,,,,,,,,,,,,,,,,,,,,,,,,,,,,,,,125.0,,,,,159.0,,,,30.0,,,,,,,,,,,,,,,,,,,,
2019,primary,university,UNI,24,UNI 24,Buffalo UNI 24,,,3.0,,,,,,,,,,,,,,,,,,,,,,,,,,,,,,,,,,,,,,,,,,,,,,,,,,,,,,,,,,,,,,,,,,,,,,,,,95.0,,,,,112.0,,,,14.0,,,,,,,,,,,,,,,,,,,,
2019,primary,university,UNI,25,"UNI 25 (26, 27)",Buffalo UNI 25,,,10.0,,,,,,,,,,,,,,,,,,,,,,,,,,,,,,,,,,,,,,,,,,,,,,,,,,,,,,,,,,,,,,,,,,,,,,,,,209.0,,,,,272.0,,,,53.0,,,,,,,,,,,,,,,,,,,,
2023,general,delaware,DEL,1,Del 001,Buffalo DEL 1,,,,14.0,,,,,,,,,,,,,,,,,,,,,,,,,,,,,,,,,,,,,,,,,,,,,,,,,,,,,,,,,,,,,,,,,,,,,,,,,,,,,,,,,,13.0,1.0,0.0,0.0,,,,,,,,,,,,,,,,
2023,general,delaware,DEL,2,Del 002,Buffalo DEL 2,,,,215.0,,,,,,,,,,,,,,,,,,,,,,,,,,,,,,,,,,,,,,,,,,,,,,,,,,,,,,,,,,,,,,,,,,,,,,,,,,,,,,,,,,178.0,33.0,0.0,4.0,,,,,,,,,,,,,,,,
2023,general,delaware,DEL,3,Del 003,Buffalo DEL 3,,,,333.0,,,,,,,,,,,,,,,,,,,,,,,,,,,,,,,,,,,,,,,,,,,,,,,,,,,,,,,,,,,,,,,,,,,,,,,,,,,,,,,,,,253.0,74.0,0.0,6.0,,,,,,,,,,,,,,,,
2023,general,delaware,DEL,4,Del 004,Buffalo DEL 4,,,,107.0,,,,,,,,,,,,,,,,,,,,,,,,,,,,,,,,,,,,,,,,,,,,,,,,,,,,,,,,,,,,,,,,,,,,,,,,,,,,,,,,,,82.0,23.0,0.0,2.0,,,,,,,,,,,,,,,,
2023,general,delaware,DEL,5,Del 005,Buffalo DEL 5,,,,135.0,,,,,,,,,,,,,,,,,,,,,,,,,,,,,,,,,,,,,,,,,,,,,,,,,,,,,,,,,,,,,,,,,,,,,,,,,,,,,,,,,,110.0,25.0,0.0,0.0,,,,,,,,,,,,,,,,
2023,general,delaware,DEL,6,Del 006,Buffalo DEL 6,,,,206.0,,,,,,,,,,,,,,,,,,,,,,,,,,,,,,,,,,,,,,,,,,,,,,,,,,,,,,,,,,,,,,,,,,,,,,,,,,,,,,,,,,161.0,39.0,0.0,6.0,,,,,,,,,,,,,,,,
2023,general,delaware,DEL,7,Del 007,Buffalo DEL 7,,,,282.0,,,,,,,,,,,,,,,,,,,,,,,,,,,,,,,,,,,,,,,,,,,,,,,,,,,,,,,,,,,,,,,,,,,,,,,,,,,,,,,,,,229.0,50.0,0.0,3.0,,,,,,,,,,,,,,,,
2023,general,delaware,DEL,8,Del 008,Buffalo DEL 8,,,,326.0,,,,,,,,,,,,,,,,,,,,,,,,,,,,,,,,,,,,,,,,,,,,,,,,,,,,,,,,,,,,,,,,,,,,,,,,,,,,,,,,,,254.0,63.0,0.0,9.0,,,,,,,,,,,,,,,,
2023,general,delaware,DEL,9,Del 009,Buffalo DEL 9,,,,348.0,,,,,,,,,,,,,,,,,,,,,,,,,,,,,,,,,,,,,,,,,,,,,,,,,,,,,,,,,,,,,,,,,,,,,,,,,,,,,,,,,,291.0,48.0,0.0,9.0,,,,,,,,,,,,,,,,
2023,general,delaware,DEL,10,Del 010,Buffalo DEL 10,,,,315.0,,,,,,,,,,,,,,,,,,,,,,,,,,,,,,,,,,,,,,,,,,,,,,,,,,,,,,,,,,,,,,,,,,,,,,,,,,,,,,,,,,263.0,51.0,0.0,1.0,,,,,,,,,,,,,,,,
2023,general,delaware,DEL,11,Del 011,Buffalo DEL 11,,,,171.0,,,,,,,,,,,,,,,,,,,,,,,,,,,,,,,,,,,,,,,,,,,,,,,,,,,,,,,,,,,,,,,,,,,,,,,,,,,,,,,,,,141.0,26.0,0.0,4.0,,,,,,,,,,,,,,,,
2023,general,delaware,DEL,12,Del 012,Buffalo DEL 12,,,,127.0,,,,,,,,,,,,,,,,,,,,,,,,,,,,,,,,,,,,,,,,,,,,,,,,,,,,,,,,,,,,,,,,,,,,,,,,,,,,,,,,,,104.0,20.0,0.0,3.0,,,,,,,,,,,,,,,,
2023,general,delaware,DEL,13,Del 013,Buffalo DEL 13,,,,118.0,,,,,,,,,,,,,,,,,,,,,,,,,,,,,,,,,,,,,,,,,,,,,,,,,,,,,,,,,,,,,,,,,,,,,,,,,,,,,,,,,,96.0,19.0,2.0,1.0,,,,,,,,,,,,,,,,
2023,general,delaware,DEL,14,Del 014,Buffalo DEL 14,,,,166.0,,,,,,,,,,,,,,,,,,,,,,,,,,,,,,,,,,,,,,,,,,,,,,,,,,,,,,,,,,,,,,,,,,,,,,,,,,,,,,,,,,145.0,19.0,0.0,2.0,,,,,,,,,,,,,,,,
2023,general,delaware,DEL,15,Del 015,Buffalo DEL 15,,,,124.0,,,,,,,,,,,,,,,,,,,,,,,,,,,,,,,,,,,,,,,,,,,,,,,,,,,,,,,,,,,,,,,,,,,,,,,,,,,,,,,,,,98.0,24.0,0.0,2.0,,,,,,,,,,,,,,,,
2023,general,delaware,DEL,16,Del 016,Buffalo DEL 16,,,,305.0,,,,,,,,,,,,,,,,,,,,,,,,,,,,,,,,,,,,,,,,,,,,,,,,,,,,,,,,,,,,,,,,,,,,,,,,,,,,,,,,,,246.0,52.0,0.0,7.0,,,,,,,,,,,,,,,,
2023,general,delaware,DEL,17,Del 017,Buffalo DEL 17,,,,241.0,,,,,,,,,,,,,,,,,,,,,,,,,,,,,,,,,,,,,,,,,,,,,,,,,,,,,,,,,,,,,,,,,,,,,,,,,,,,,,,,,,195.0,44.0,0.0,2.0,,,,,,,,,,,,,,,,
2023,general,delaware,DEL,18,Del 018,Buffalo DEL 18,,,,104.0,,,,,,,,,,,,,,,,,,,,,,,,,,,,,,,,,,,,,,,,,,,,,,,,,,,,,,,,,,,,,,,,,,,,,,,,,,,,,,,,,,84.0,19.0,0.0,1.0,,,,,,,,,,,,,,,,
2023,general,delaware,DEL,19,Del 019,Buffalo DEL 19,,,,213.0,,,,,,,,,,,,,,,,,,,,,,,,,,,,,,,,,,,,,,,,,,,,,,,,,,,,,,,,,,,,,,,,,,,,,,,,,,,,,,,,,,180.0,30.0,0.0,3.0,,,,,,,,,,,,,,,,
2023,general,delaware,DEL,20,Del 020,Buffalo DEL 20,,,,159.0,,,,,,,,,,,,,,,,,,,,,,,,,,,,,,,,,,,,,,,,,,,,,,,,,,,,,,,,,,,,,,,,,,,,,,,,,,,,,,,,,,132.0,24.0,0.0,3.0,,,,,,,,,,,,,,,,
2023,general,delaware,DEL,21,Del 021,Buffalo DEL 21,,,,254.0,,,,,,,,,,,,,,,,,,,,,,,,,,,,,,,,,,,,,,,,,,,,,,,,,,,,,,,,,,,,,,,,,,,,,,,,,,,,,,,,,,200.0,47.0,0.0,7.0,,,,,,,,,,,,,,,,
2023,general,delaware,DEL,22,Del 022,Buffalo DEL 22,,,,141.0,,,,,,,,,,,,,,,,,,,,,,,,,,,,,,,,,,,,,,,,,,,,,,,,,,,,,,,,,,,,,,,,,,,,,,,,,,,,,,,,,,115.0,24.0,0.0,2.0,,,,,,,,,,,,,,,,
2023,general,delaware,DEL,23,Del 023,Buffalo DEL 23,,,,243.0,,,,,,,,,,,,,,,,,,,,,,,,,,,,,,,,,,,,,,,,,,,,,,,,,,,,,,,,,,,,,,,,,,,,,,,,,,,,,,,,,,195.0,39.0,0.0,9.0,,,,,,,,,,,,,,,,
2023,general,delaware,DEL,24,Del 024,Buffalo DEL 24,,,,179.0,,,,,,,,,,,,,,,,,,,,,,,,,,,,,,,,,,,,,,,,,,,,,,,,,,,,,,,,,,,,,,,,,,,,,,,,,,,,,,,,,,158.0,19.0,0.0,2.0,,,,,,,,,,,,,,,,
2023,general,delaware,DEL,25,Del 025,Buffalo DEL 25,,,,269.0,,,,,,,,,,,,,,,,,,,,,,,,,,,,,,,,,,,,,,,,,,,,,,,,,,,,,,,,,,,,,,,,,,,,,,,,,,,,,,,,,,222.0,42.0,0.0,5.0,,,,,,,,,,,,,,,,
2023,general,delaware,DEL,26,Del 026,Buffalo DEL 26,,,,232.0,,,,,,,,,,,,,,,,,,,,,,,,,,,,,,,,,,,,,,,,,,,,,,,,,,,,,,,,,,,,,,,,,,,,,,,,,,,,,,,,,,194.0,35.0,0.0,3.0,,,,,,,,,,,,,,,,
2023,general,delaware,DEL,27,Del 027,Buffalo DEL 27,,,,81.0,,,,,,,,,,,,,,,,,,,,,,,,,,,,,,,,,,,,,,,,,,,,,,,,,,,,,,,,,,,,,,,,,,,,,,,,,,,,,,,,,,63.0,18.0,0.0,0.0,,,,,,,,,,,,,,,,
2023,general,delaware,DEL,28,Del 028,Buffalo DEL 28,,,,147.0,,,,,,,,,,,,,,,,,,,,,,,,,,,,,,,,,,,,,,,,,,,,,,,,,,,,,,,,,,,,,,,,,,,,,,,,,,,,,,,,,,118.0,26.0,0.0,3.0,,,,,,,,,,,,,,,,
2023,general,delaware,DEL,29,Del 029,Buffalo DEL 29,,,,405.0,,,,,,,,,,,,,,,,,,,,,,,,,,,,,,,,,,,,,,,,,,,,,,,,,,,,,,,,,,,,,,,,,,,,,,,,,,,,,,,,,,330.0,68.0,0.0,7.0,,,,,,,,,,,,,,,,
2023,general,delaware,DEL,30,Del 030,Buffalo DEL 30,,,,515.0,,,,,,,,,,,,,,,,,,,,,,,,,,,,,,,,,,,,,,,,,,,,,,,,,,,,,,,,,,,,,,,,,,,,,,,,,,,,,,,,,,424.0,77.0,0.0,14.0,,,,,,,,,,,,,,,,
2023,general,delaware,DEL,31,Del 031,Buffalo DEL 31,,,,16.0,,,,,,,,,,,,,,,,,,,,,,,,,,,,,,,,,,,,,,,,,,,,,,,,,,,,,,,,,,,,,,,,,,,,,,,,,,,,,,,,,,10.0,5.0,1.0,0.0,,,,,,,,,,,,,,,,
2023,general,delaware,DEL,32,Del 032,Buffalo DEL 32,,,,32.0,,,,,,,,,,,,,,,,,,,,,,,,,,,,,,,,,,,,,,,,,,,,,,,,,,,,,,,,,,,,,,,,,,,,,,,,,,,,,,,,,,22.0,10.0,0.0,0.0,,,,,,,,,,,,,,,,
2023,general,delaware,DEL,33,Del 033,Buffalo DEL 33,,,,80.0,,,,,,,,,,,,,,,,,,,,,,,,,,,,,,,,,,,,,,,,,,,,,,,,,,,,,,,,,,,,,,,,,,,,,,,,,,,,,,,,,,58.0,17.0,0.0,5.0,,,,,,,,,,,,,,,,
2023,general,ellicott,ELL,1,Ell 001,Buffalo ELL 1,,,,371.0,,,,,,,,,,,,,,,,,,,,,,,,,,,,,,,,,,,,,,,,,,,,,,,,,,,,,,,,,,,,,,,,,,,,,,,,,,,,,,,,,,,29.0,2.0,5.0,206.0,22.0,107.0,,,,,,,,,,,,,
2023,general,ellicott,ELL,2,Ell 002,Buffalo ELL 2,,,,0.0,,,,,,,,,,,,,,,,,,,,,,,,,,,,,,,,,,,,,,,,,,,,,,,,,,,,,,,,,,,,,,,,,,,,,,,,,,,,,,,,,,,0.0,0.0,0.0,0.0,0.0,0.0,,,,,,,,,,,,,
2023,general,ellicott,ELL,3,Ell 003,Buffalo ELL 3,,,,207.0,,,,,,,,,,,,,,,,,,,,,,,,,,,,,,,,,,,,,,,,,,,,,,,,,,,,,,,,,,,,,,,,,,,,,,,,,,,,,,,,,,,27.0,0.0,4.0,114.0,25.0,37.0,,,,,,,,,,,,,
2023,general,ellicott,ELL,4,Ell 004,Buffalo ELL 4,,,,54.0,,,,,,,,,,,,,,,,,,,,,,,,,,,,,,,,,,,,,,,,,,,,,,,,,,,,,,,,,,,,,,,,,,,,,,,,,,,,,,,,,,,5.0,0.0,0.0,38.0,2.0,9.0,,,,,,,,,,,,,
2023,general,ellicott,ELL,5,Ell 005,Buffalo ELL 5,,,,49.0,,,,,,,,,,,,,,,,,,,,,,,,,,,,,,,,,,,,,,,,,,,,,,,,,,,,,,,,,,,,,,,,,,,,,,,,,,,,,,,,,,,3.0,0.0,1.0,25.0,2.0,18.0,,,,,,,,,,,,,
2023,general,ellicott,ELL,6,Ell 006,Buffalo ELL 6,,,,80.0,,,,,,,,,,,,,,,,,,,,,,,,,,,,,,,,,,,,,,,,,,,,,,,,,,,,,,,,,,,,,,,,,,,,,,,,,,,,,,,,,,,7.0,0.0,0.0,55.0,1.0,17.0,,,,,,,,,,,,,
2023,general,ellicott,ELL,7,Ell 007,Buffalo ELL 7,,,,35.0,,,,,,,,,,,,,,,,,,,,,,,,,,,,,,,,,,,,,,,,,,,,,,,,,,,,,,,,,,,,,,,,,,,,,,,,,,,,,,,,,,,3.0,0.0,1.0,23.0,0.0,8.0,,,,,,,,,,,,,
2023,general,ellicott,ELL,8,Ell 008,Buffalo ELL 8,,,,117.0,,,,,,,,,,,,,,,,,,,,,,,,,,,,,,,,,,,,,,,,,,,,,,,,,,,,,,,,,,,,,,,,,,,,,,,,,,,,,,,,,,,11.0,1.0,0.0,79.0,10.0,16.0,,,,,,,,,,,,,
2023,general,ellicott,ELL,9,Ell 009,Buffalo ELL 9,,,,14.0,,,,,,,,,,,,,,,,,,,,,,,,,,,,,,,,,,,,,,,,,,,,,,,,,,,,,,,,,,,,,,,,,,,,,,,,,,,,,,,,,,,1.0,0.0,0.0,10.0,0.0,3.0,,,,,,,,,,,,,
2023,general,ellicott,ELL,10,Ell 010,Buffalo ELL 10,,,,60.0,,,,,,,,,,,,,,,,,,,,,,,,,,,,,,,,,,,,,,,,,,,,,,,,,,,,,,,,,,,,,,,,,,,,,,,,,,,,,,,,,,,3.0,0.0,2.0,38.0,2.0,15.0,,,,,,,,,,,,,
2023,general,ellicott,ELL,11,Ell 011,Buffalo ELL 11,,,,93.0,,,,,,,,,,,,,,,,,,,,,,,,,,,,,,,,,,,,,,,,,,,,,,,,,,,,,,,,,,,,,,,,,,,,,,,,,,,,,,,,,,,5.0,1.0,1.0,55.0,4.0,27.0,,,,,,,,,,,,,
2023,general,ellicott,ELL,12,Ell 012,Buffalo ELL 12,,,,98.0,,,,,,,,,,,,,,,,,,,,,,,,,,,,,,,,,,,,,,,,,,,,,,,,,,,,,,,,,,,,,,,,,,,,,,,,,,,,,,,,,,,8.0,2.0,0.0,58.0,2.0,28.0,,,,,,,,,,,,,
2023,general,ellicott,ELL,13,Ell 013,Buffalo ELL 13,,,,119.0,,,,,,,,,,,,,,,,,,,,,,,,,,,,,,,,,,,,,,,,,,,,,,,,,,,,,,,,,,,,,,,,,,,,,,,,,,,,,,,,,,,8.0,4.0,3.0,71.0,1.0,32.0,,,,,,,,,,,,,
2023,general,ellicott,ELL,14,Ell 014,Buffalo ELL 14,,,,173.0,,,,,,,,,,,,,,,,,,,,,,,,,,,,,,,,,,,,,,,,,,,,,,,,,,,,,,,,,,,,,,,,,,,,,,,,,,,,,,,,,,,14.0,0.0,0.0,111.0,3.0,45.0,,,,,,,,,,,,,
2023,general,ellicott,ELL,15,Ell 015,Buffalo ELL 15,,,,35.0,,,,,,,,,,,,,,,,,,,,,,,,,,,,,,,,,,,,,,,,,,,,,,,,,,,,,,,,,,,,,,,,,,,,,,,,,,,,,,,,,,,8.0,2.0,1.0,19.0,0.0,5.0,,,,,,,,,,,,,
2023,general,ellicott,ELL,16,Ell 016,Buffalo ELL 16,,,,67.0,,,,,,,,,,,,,,,,,,,,,,,,,,,,,,,,,,,,,,,,,,,,,,,,,,,,,,,,,,,,,,,,,,,,,,,,,,,,,,,,,,,4.0,2.0,0.0,47.0,4.0,10.0,,,,,,,,,,,,,
2023,general,ellicott,ELL,17,Ell 017,Buffalo ELL 17,,,,85.0,,,,,,,,,,,,,,,,,,,,,,,,,,,,,,,,,,,,,,,,,,,,,,,,,,,,,,,,,,,,,,,,,,,,,,,,,,,,,,,,,,,5.0,2.0,0.0,57.0,5.0,16.0,,,,,,,,,,,,,
2023,general,ellicott,ELL,18,Ell 018,Buffalo ELL 18,,,,48.0,,,,,,,,,,,,,,,,,,,,,,,,,,,,,,,,,,,,,,,,,,,,,,,,,,,,,,,,,,,,,,,,,,,,,,,,,,,,,,,,,,,2.0,3.0,0.0,29.0,0.0,14.0,,,,,,,,,,,,,
2023,general,ellicott,ELL,19,Ell 019,Buffalo ELL 19,,,,140.0,,,,,,,,,,,,,,,,,,,,,,,,,,,,,,,,,,,,,,,,,,,,,,,,,,,,,,,,,,,,,,,,,,,,,,,,,,,,,,,,,,,10.0,0.0,0.0,101.0,4.0,25.0,,,,,,,,,,,,,
2023,general,ellicott,ELL,20,Ell 020,Buffalo ELL 20,,,,63.0,,,,,,,,,,,,,,,,,,,,,,,,,,,,,,,,,,,,,,,,,,,,,,,,,,,,,,,,,,,,,,,,,,,,,,,,,,,,,,,,,,,3.0,0.0,1.0,48.0,1.0,10.0,,,,,,,,,,,,,
2023,general,ellicott,ELL,21,Ell 021,Buffalo ELL 21,,,,116.0,,,,,,,,,,,,,,,,,,,,,,,,,,,,,,,,,,,,,,,,,,,,,,,,,,,,,,,,,,,,,,,,,,,,,,,,,,,,,,,,,,,9.0,0.0,0.0,81.0,2.0,24.0,,,,,,,,,,,,,
2023,general,ellicott,ELL,22,Ell 022,Buffalo ELL 22,,,,125.0,,,,,,,,,,,,,,,,,,,,,,,,,,,,,,,,,,,,,,,,,,,,,,,,,,,,,,,,,,,,,,,,,,,,,,,,,,,,,,,,,,,7.0,3.0,1.0,85.0,1.0,28.0,,,,,,,,,,,,,
2023,general,ellicott,ELL,23,Ell 023,Buffalo ELL 23,,,,92.0,,,,,,,,,,,,,,,,,,,,,,,,,,,,,,,,,,,,,,,,,,,,,,,,,,,,,,,,,,,,,,,,,,,,,,,,,,,,,,,,,,,5.0,1.0,1.0,66.0,2.0,17.0,,,,,,,,,,,,,
2023,general,ellicott,ELL,24,Ell 024,Buffalo ELL 24,,,,68.0,,,,,,,,,,,,,,,,,,,,,,,,,,,,,,,,,,,,,,,,,,,,,,,,,,,,,,,,,,,,,,,,,,,,,,,,,,,,,,,,,,,8.0,1.0,0.0,54.0,1.0,4.0,,,,,,,,,,,,,
2023,general,ellicott,ELL,25,Ell 025,Buffalo ELL 25,,,,33.0,,,,,,,,,,,,,,,,,,,,,,,,,,,,,,,,,,,,,,,,,,,,,,,,,,,,,,,,,,,,,,,,,,,,,,,,,,,,,,,,,,,5.0,0.0,0.0,20.0,2.0,6.0,,,,,,,,,,,,,
2023,general,ellicott,ELL,26,Ell 026,Buffalo ELL 26,,,,211.0,,,,,,,,,,,,,,,,,,,,,,,,,,,,,,,,,,,,,,,,,,,,,,,,,,,,,,,,,,,,,,,,,,,,,,,,,,,,,,,,,,,3.0,2.0,5.0,163.0,2.0,36.0,,,,,,,,,,,,,
2023,general,ellicott,ELL,27,Ell 027,Buffalo ELL 27,,,,91.0,,,,,,,,,,,,,,,,,,,,,,,,,,,,,,,,,,,,,,,,,,,,,,,,,,,,,,,,,,,,,,,,,,,,,,,,,,,,,,,,,,,8.0,0.0,0.0,69.0,1.0,13.0,,,,,,,,,,,,,
2023,general,ellicott,ELL,28,Ell 028,Buffalo ELL 28,,,,84.0,,,,,,,,,,,,,,,,,,,,,,,,,,,,,,,,,,,,,,,,,,,,,,,,,,,,,,,,,,,,,,,,,,,,,,,,,,,,,,,,,,,13.0,0.0,2.0,51.0,4.0,14.0,,,,,,,,,,,,,
2023,general,ellicott,ELL,29,Ell 029,Buffalo ELL 29,,,,185.0,,,,,,,,,,,,,,,,,,,,,,,,,,,,,,,,,,,,,,,,,,,,,,,,,,,,,,,,,,,,,,,,,,,,,,,,,,,,,,,,,,,17.0,0.0,2.0,130.0,10.0,26.0,,,,,,,,,,,,,
2023,general,ellicott,ELL,30,Ell 030,Buffalo ELL 30,,,,41.0,,,,,,,,,,,,,,,,,,,,,,,,,,,,,,,,,,,,,,,,,,,,,,,,,,,,,,,,,,,,,,,,,,,,,,,,,,,,,,,,,,,7.0,0.0,0.0,27.0,0.0,7.0,,,,,,,,,,,,,
2023,general,ellicott,ELL,31,Ell 031,Buffalo ELL 31,,,,154.0,,,,,,,,,,,,,,,,,,,,,,,,,,,,,,,,,,,,,,,,,,,,,,,,,,,,,,,,,,,,,,,,,,,,,,,,,,,,,,,,,,,17.0,3.0,2.0,99.0,9.0,24.0,,,,,,,,,,,,,
2023,general,ellicott,ELL,32,Ell 032,Buffalo ELL 32,,,,60.0,,,,,,,,,,,,,,,,,,,,,,,,,,,,,,,,,,,,,,,,,,,,,,,,,,,,,,,,,,,,,,,,,,,,,,,,,,,,,,,,,,,4.0,0.0,0.0,45.0,1.0,10.0,,,,,,,,,,,,,
2023,general,ellicott,ELL,33,Ell 033,Buffalo ELL 33,,,,582.0,,,,,,,,,,,,,,,,,,,,,,,,,,,,,,,,,,,,,,,,,,,,,,,,,,,,,,,,,,,,,,,,,,,,,,,,,,,,,,,,,,,56.0,0.0,5.0,364.0,62.0,95.0,,,,,,,,,,,,,
2023,general,ellicott,ELL,34,Ell 034,Buffalo ELL 34,,,,491.0,,,,,,,,,,,,,,,,,,,,,,,,,,,,,,,,,,,,,,,,,,,,,,,,,,,,,,,,,,,,,,,,,,,,,,,,,,,,,,,,,,,44.0,1.0,4.0,315.0,60.0,67.0,,,,,,,,,,,,,
2023,general,ellicott,ELL,35,Ell 035,Buffalo ELL 35,,,,259.0,,,,,,,,,,,,,,,,,,,,,,,,,,,,,,,,,,,,,,,,,,,,,,,,,,,,,,,,,,,,,,,,,,,,,,,,,,,,,,,,,,,40.0,0.0,6.0,136.0,34.0,43.0,,,,,,,,,,,,,
2023,general,ellicott,ELL,36,Ell 036,Buffalo ELL 36,,,,37.0,,,,,,,,,,,,,,,,,,,,,,,,,,,,,,,,,,,,,,,,,,,,,,,,,,,,,,,,,,,,,,,,,,,,,,,,,,,,,,,,,,,2.0,0.0,0.0,25.0,1.0,9.0,,,,,,,,,,,,,
2023,general,fillmore,FIL,1,Fil 001,Buffalo FIL 1,,,,56.0,,,,,,,,,,,,,,,,,,,,,,,,,,,,,,,,,0.0,,,,,,,,,,,,,,,,,,,,,,,,,,,,,,,,,,,,,,,,,,,,,,,,,,12.0,0.0,0.0,,,,44.0,,,,,,,,,,,,
2023,general,fillmore,FIL,2,Fil 002,Buffalo FIL 2,,,,282.0,,,,,,,,,,,,,,,,,,,,,,,,,,,,,,,,,0.0,,,,,,,,,,,,,,,,,,,,,,,,,,,,,,,,,,,,,,,,,,,,,,,,,,43.0,1.0,8.0,,,,230.0,,,,,,,,,,,,
2023,general,fillmore,FIL,3,Fil 003,Buffalo FIL 3,,,,157.0,,,,,,,,,,,,,,,,,,,,,,,,,,,,,,,,,0.0,,,,,,,,,,,,,,,,,,,,,,,,,,,,,,,,,,,,,,,,,,,,,,,,,,25.0,0.0,3.0,,,,129.0,,,,,,,,,,,,
2023,general,fillmore,FIL,4,Fil 004,Buffalo FIL 4,,,,31.0,,,,,,,,,,,,,,,,,,,,,,,,,,,,,,,,,0.0,,,,,,,,,,,,,,,,,,,,,,,,,,,,,,,,,,,,,,,,,,,,,,,,,,5.0,0.0,1.0,,,,25.0,,,,,,,,,,,,
2023,general,fillmore,FIL,5,Fil 005,Buffalo FIL 5,,,,47.0,,,,,,,,,,,,,,,,,,,,,,,,,,,,,,,,,0.0,,,,,,,,,,,,,,,,,,,,,,,,,,,,,,,,,,,,,,,,,,,,,,,,,,5.0,0.0,3.0,,,,39.0,,,,,,,,,,,,
2023,general,fillmore,FIL,6,Fil 006,Buffalo FIL 6,,,,53.0,,,,,,,,,,,,,,,,,,,,,,,,,,,,,,,,,0.0,,,,,,,,,,,,,,,,,,,,,,,,,,,,,,,,,,,,,,,,,,,,,,,,,,3.0,0.0,0.0,,,,50.0,,,,,,,,,,,,
2023,general,fillmore,FIL,7,Fil 007,Buffalo FIL 7,,,,108.0,,,,,,,,,,,,,,,,,,,,,,,,,,,,,,,,,0.0,,,,,,,,,,,,,,,,,,,,,,,,,,,,,,,,,,,,,,,,,,,,,,,,,,18.0,0.0,0.0,,,,90.0,,,,,,,,,,,,
2023,general,fillmore,FIL,8,Fil 008,Buffalo FIL 8,,,,307.0,,,,,,,,,,,,,,,,,,,,,,,,,,,,,,,,,5.0,,,,,,,,,,,,,,,,,,,,,,,,,,,,,,,,,,,,,,,,,,,,,,,,,,58.0,0.0,9.0,,,,235.0,,,,,,,,,,,,
2023,general,fillmore,FIL,9,Fil 009,Buffalo FIL 9,,,,1.0,,,,,,,,,,,,,,,,,,,,,,,,,,,,,,,,,0.0,,,,,,,,,,,,,,,,,,,,,,,,,,,,,,,,,,,,,,,,,,,,,,,,,,0.0,0.0,0.0,,,,1.0,,,,,,,,,,,,
2023,general,fillmore,FIL,10,Fil 010,Buffalo FIL 10,,,,103.0,,,,,,,,,,,,,,,,,,,,,,,,,,,,,,,,,0.0,,,,,,,,,,,,,,,,,,,,,,,,,,,,,,,,,,,,,,,,,,,,,,,,,,18.0,0.0,3.0,,,,82.0,,,,,,,,,,,,
2023,general,fillmore,FIL,11,Fil 011,Buffalo FIL 11,,,,56.0,,,,,,,,,,,,,,,,,,,,,,,,,,,,,,,,,0.0,,,,,,,,,,,,,,,,,,,,,,,,,,,,,,,,,,,,,,,,,,,,,,,,,,17.0,0.0,2.0,,,,37.0,,,,,,,,,,,,
2023,general,fillmore,FIL,12,Fil 012,Buffalo FIL 12,,,,0.0,,,,,,,,,,,,,,,,,,,,,,,,,,,,,,,,,0.0,,,,,,,,,,,,,,,,,,,,,,,,,,,,,,,,,,,,,,,,,,,,,,,,,,0.0,0.0,0.0,,,,0.0,,,,,,,,,,,,
2023,general,fillmore,FIL,13,Fil 013,Buffalo FIL 13,,,,231.0,,,,,,,,,,,,,,,,,,,,,,,,,,,,,,,,,0.0,,,,,,,,,,,,,,,,,,,,,,,,,,,,,,,,,,,,,,,,,,,,,,,,,,82.0,0.0,8.0,,,,141.0,,,,,,,,,,,,
2023,general,fillmore,FIL,14,Fil 014,Buffalo FIL 14,,,,9.0,,,,,,,,,,,,,,,,,,,,,,,,,,,,,,,,,0.0,,,,,,,,,,,,,,,,,,,,,,,,,,,,,,,,,,,,,,,,,,,,,,,,,,2.0,0.0,2.0,,,,5.0,,,,,,,,,,,,
2023,general,fillmore,FIL,15,Fil 015,Buffalo FIL 15,,,,41.0,,,,,,,,,,,,,,,,,,,,,,,,,,,,,,,,,1.0,,,,,,,,,,,,,,,,,,,,,,,,,,,,,,,,,,,,,,,,,,,,,,,,,,12.0,0.0,1.0,,,,27.0,,,,,,,,,,,,
2023,general,fillmore,FIL,16,Fil 016,Buffalo FIL 16,,,,31.0,,,,,,,,,,,,,,,,,,,,,,,,,,,,,,,,,1.0,,,,,,,,,,,,,,,,,,,,,,,,,,,,,,,,,,,,,,,,,,,,,,,,,,4.0,0.0,3.0,,,,23.0,,,,,,,,,,,,
2023,general,fillmore,FIL,17,Fil 017,Buffalo FIL 17,,,,26.0,,,,,,,,,,,,,,,,,,,,,,,,,,,,,,,,,0.0,,,,,,,,,,,,,,,,,,,,,,,,,,,,,,,,,,,,,,,,,,,,,,,,,,8.0,0.0,2.0,,,,16.0,,,,,,,,,,,,
2023,general,fillmore,FIL,18,Fil 018,Buffalo FIL 18,,,,88.0,,,,,,,,,,,,,,,,,,,,,,,,,,,,,,,,,1.0,,,,,,,,,,,,,,,,,,,,,,,,,,,,,,,,,,,,,,,,,,,,,,,,,,18.0,0.0,2.0,,,,67.0,,,,,,,,,,,,
2023,general,fillmore,FIL,19,Fil 019,Buffalo FIL 19,,,,115.0,,,,,,,,,,,,,,,,,,,,,,,,,,,,,,,,,0.0,,,,,,,,,,,,,,,,,,,,,,,,,,,,,,,,,,,,,,,,,,,,,,,,,,33.0,0.0,5.0,,,,77.0,,,,,,,,,,,,
2023,general,fillmore,FIL,20,Fil 020,Buffalo FIL 20,,,,78.0,,,,,,,,,,,,,,,,,,,,,,,,,,,,,,,,,1.0,,,,,,,,,,,,,,,,,,,,,,,,,,,,,,,,,,,,,,,,,,,,,,,,,,15.0,0.0,2.0,,,,60.0,,,,,,,,,,,,
2023,general,fillmore,FIL,21,Fil 021,Buffalo FIL 21,,,,40.0,,,,,,,,,,,,,,,,,,,,,,,,,,,,,,,,,0.0,,,,,,,,,,,,,,,,,,,,,,,,,,,,,,,,,,,,,,,,,,,,,,,,,,13.0,0.0,1.0,,,,26.0,,,,,,,,,,,,
2023,general,fillmore,FIL,22,Fil 022,Buffalo FIL 22,,,,25.0,,,,,,,,,,,,,,,,,,,,,,,,,,,,,,,,,1.0,,,,,,,,,,,,,,,,,,,,,,,,,,,,,,,,,,,,,,,,,,,,,,,,,,1.0,0.0,1.0,,,,22.0,,,,,,,,,,,,
2023,general,fillmore,FIL,23,Fil 023,Buffalo FIL 23,,,,13.0,,,,,,,,,,,,,,,,,,,,,,,,,,,,,,,,,0.0,,,,,,,,,,,,,,,,,,,,,,,,,,,,,,,,,,,,,,,,,,,,,,,,,,4.0,0.0,0.0,,,,9.0,,,,,,,,,,,,
2023,general,fillmore,FIL,24,Fil 024,Buffalo FIL 24,,,,30.0,,,,,,,,,,,,,,,,,,,,,,,,,,,,,,,,,0.0,,,,,,,,,,,,,,,,,,,,,,,,,,,,,,,,,,,,,,,,,,,,,,,,,,6.0,0.0,2.0,,,,22.0,,,,,,,,,,,,
2023,general,fillmore,FIL,25,Fil 025,Buffalo FIL 25,,,,68.0,,,,,,,,,,,,,,,,,,,,,,,,,,,,,,,,,0.0,,,,,,,,,,,,,,,,,,,,,,,,,,,,,,,,,,,,,,,,,,,,,,,,,,17.0,0.0,0.0,,,,51.0,,,,,,,,,,,,
2023,general,fillmore,FIL,26,Fil 026,Buffalo FIL 26,,,,5.0,,,,,,,,,,,,,,,,,,,,,,,,,,,,,,,,,0.0,,,,,,,,,,,,,,,,,,,,,,,,,,,,,,,,,,,,,,,,,,,,,,,,,,3.0,0.0,0.0,,,,2.0,,,,,,,,,,,,
2023,general,fillmore,FIL,27,Fil 027,Buffalo FIL 27,,,,44.0,,,,,,,,,,,,,,,,,,,,,,,,,,,,,,,,,0.0,,,,,,,,,,,,,,,,,,,,,,,,,,,,,,,,,,,,,,,,,,,,,,,,,,10.0,0.0,1.0,,,,33.0,,,,,,,,,,,,
2023,general,fillmore,FIL,28,Fil 028,Buffalo FIL 28,,,,55.0,,,,,,,,,,,,,,,,,,,,,,,,,,,,,,,,,1.0,,,,,,,,,,,,,,,,,,,,,,,,,,,,,,,,,,,,,,,,,,,,,,,,,,16.0,0.0,1.0,,,,37.0,,,,,,,,,,,,
2023,general,fillmore,FIL,29,Fil 029,Buffalo FIL 29,,,,84.0,,,,,,,,,,,,,,,,,,,,,,,,,,,,,,,,,0.0,,,,,,,,,,,,,,,,,,,,,,,,,,,,,,,,,,,,,,,,,,,,,,,,,,22.0,0.0,1.0,,,,61.0,,,,,,,,,,,,
2023,general,fillmore,FIL,30,Fil 030,Buffalo FIL 30,,,,41.0,,,,,,,,,,,,,,,,,,,,,,,,,,,,,,,,,0.0,,,,,,,,,,,,,,,,,,,,,,,,,,,,,,,,,,,,,,,,,,,,,,,,,,7.0,0.0,2.0,,,,32.0,,,,,,,,,,,,
2023,general,fillmore,FIL,31,Fil 031,Buffalo FIL 31,,,,93.0,,,,,,,,,,,,,,,,,,,,,,,,,,,,,,,,,1.0,,,,,,,,,,,,,,,,,,,,,,,,,,,,,,,,,,,,,,,,,,,,,,,,,,14.0,0.0,3.0,,,,75.0,,,,,,,,,,,,
2023,general,fillmore,FIL,32,Fil 032,Buffalo FIL 32,,,,60.0,,,,,,,,,,,,,,,,,,,,,,,,,,,,,,,,,0.0,,,,,,,,,,,,,,,,,,,,,,,,,,,,,,,,,,,,,,,,,,,,,,,,,,9.0,0.0,2.0,,,,49.0,,,,,,,,,,,,
2023,general,fillmore,FIL,33,Fil 033,Buffalo FIL 33,,,,267.0,,,,,,,,,,,,,,,,,,,,,,,,,,,,,,,,,0.0,,,,,,,,,,,,,,,,,,,,,,,,,,,,,,,,,,,,,,,,,,,,,,,,,,53.0,0.0,8.0,,,,206.0,,,,,,,,,,,,
2023,general,fillmore,FIL,34,Fil 034,Buffalo FIL 34,,,,32.0,,,,,,,,,,,,,,,,,,,,,,,,,,,,,,,,,1.0,,,,,,,,,,,,,,,,,,,,,,,,,,,,,,,,,,,,,,,,,,,,,,,,,,9.0,0.0,0.0,,,,22.0,,,,,,,,,,,,
2023,general,fillmore,FIL,35,Fil 035,Buffalo FIL 35,,,,102.0,,,,,,,,,,,,,,,,,,,,,,,,,,,,,,,,,0.0,,,,,,,,,,,,,,,,,,,,,,,,,,,,,,,,,,,,,,,,,,,,,,,,,,21.0,0.0,0.0,,,,81.0,,,,,,,,,,,,
2023,general,fillmore,FIL,36,Fil 036,Buffalo FIL 36,,,,36.0,,,,,,,,,,,,,,,,,,,,,,,,,,,,,,,,,0.0,,,,,,,,,,,,,,,,,,,,,,,,,,,,,,,,,,,,,,,,,,,,,,,,,,3.0,0.0,1.0,,,,32.0,,,,,,,,,,,,
2023,general,fillmore,FIL,37,Fil 037,Buffalo FIL 37,,,,17.0,,,,,,,,,,,,,,,,,,,,,,,,,,,,,,,,,0.0,,,,,,,,,,,,,,,,,,,,,,,,,,,,,,,,,,,,,,,,,,,,,,,,,,5.0,0.0,0.0,,,,12.0,,,,,,,,,,,,
2023,general,fillmore,FIL,38,Fil 038,Buffalo FIL 38,,,,8.0,,,,,,,,,,,,,,,,,,,,,,,,,,,,,,,,,0.0,,,,,,,,,,,,,,,,,,,,,,,,,,,,,,,,,,,,,,,,,,,,,,,,,,2.0,0.0,0.0,,,,6.0,,,,,,,,,,,,
2023,general,fillmore,FIL,39,Fil 039,Buffalo FIL 39,,,,23.0,,,,,,,,,,,,,,,,,,,,,,,,,,,,,,,,,0.0,,,,,,,,,,,,,,,,,,,,,,,,,,,,,,,,,,,,,,,,,,,,,,,,,,6.0,0.0,1.0,,,,16.0,,,,,,,,,,,,
2023,general,lovejoy,LOV,1,Lov 001,Buffalo LOV 1,,,,37.0,,,,,,,,,,,,,,,,,,,,,,,,,,,,,,,,,,,,,,,,,,,,,,,,,,,,,,,,,,,,,,,,,,34.0,,,,,,,,,,,,,,,,,3.0,0.0,0.0,,,,,0.0,,,,,,,,,,,
2023,general,lovejoy,LOV,2,Lov 002,Buffalo LOV 2,,,,6.0,,,,,,,,,,,,,,,,,,,,,,,,,,,,,,,,,,,,,,,,,,,,,,,,,,,,,,,,,,,,,,,,,,2.0,,,,,,,,,,,,,,,,,3.0,0.0,0.0,,,,,1.0,,,,,,,,,,,
2023,general,lovejoy,LOV,3,Lov 003,Buffalo LOV 3,,,,118.0,,,,,,,,,,,,,,,,,,,,,,,,,,,,,,,,,,,,,,,,,,,,,,,,,,,,,,,,,,,,,,,,,,96.0,,,,,,,,,,,,,,,,,12.0,0.0,5.0,,,,,5.0,,,,,,,,,,,
2023,general,lovejoy,LOV,4,Lov 004,Buffalo LOV 4,,,,89.0,,,,,,,,,,,,,,,,,,,,,,,,,,,,,,,,,,,,,,,,,,,,,,,,,,,,,,,,,,,,,,,,,,85.0,,,,,,,,,,,,,,,,,4.0,0.0,0.0,,,,,0.0,,,,,,,,,,,
2023,general,lovejoy,LOV,5,Lov 005,Buffalo LOV 5,,,,83.0,,,,,,,,,,,,,,,,,,,,,,,,,,,,,,,,,,,,,,,,,,,,,,,,,,,,,,,,,,,,,,,,,,68.0,,,,,,,,,,,,,,,,,7.0,0.0,1.0,,,,,7.0,,,,,,,,,,,
2023,general,lovejoy,LOV,6,Lov 006,Buffalo LOV 6,,,,108.0,,,,,,,,,,,,,,,,,,,,,,,,,,,,,,,,,,,,,,,,,,,,,,,,,,,,,,,,,,,,,,,,,,89.0,,,,,,,,,,,,,,,,,10.0,0.0,5.0,,,,,4.0,,,,,,,,,,,
2023,general,lovejoy,LOV,7,Lov 007,Buffalo LOV 7,,,,43.0,,,,,,,,,,,,,,,,,,,,,,,,,,,,,,,,,,,,,,,,,,,,,,,,,,,,,,,,,,,,,,,,,,33.0,,,,,,,,,,,,,,,,,5.0,0.0,0.0,,,,,5.0,,,,,,,,,,,
2023,general,lovejoy,LOV,8,Lov 008,Buffalo LOV 8,,,,25.0,,,,,,,,,,,,,,,,,,,,,,,,,,,,,,,,,,,,,,,,,,,,,,,,,,,,,,,,,,,,,,,,,,23.0,,,,,,,,,,,,,,,,,0.0,0.0,0.0,,,,,2.0,,,,,,,,,,,
2023,general,lovejoy,LOV,9,Lov 009,Buffalo LOV 9,,,,55.0,,,,,,,,,,,,,,,,,,,,,,,,,,,,,,,,,,,,,,,,,,,,,,,,,,,,,,,,,,,,,,,,,,49.0,,,,,,,,,,,,,,,,,2.0,2.0,2.0,,,,,0.0,,,,,,,,,,,
2023,general,lovejoy,LOV,10,Lov 010,Buffalo LOV 10,,,,80.0,,,,,,,,,,,,,,,,,,,,,,,,,,,,,,,,,,,,,,,,,,,,,,,,,,,,,,,,,,,,,,,,,,55.0,,,,,,,,,,,,,,,,,12.0,1.0,4.0,,,,,8.0,,,,,,,,,,,
2023,general,lovejoy,LOV,11,Lov 011,Buffalo LOV 11,,,,33.0,,,,,,,,,,,,,,,,,,,,,,,,,,,,,,,,,,,,,,,,,,,,,,,,,,,,,,,,,,,,,,,,,,28.0,,,,,,,,,,,,,,,,,1.0,0.0,1.0,,,,,3.0,,,,,,,,,,,
2023,general,lovejoy,LOV,12,Lov 012,Buffalo LOV 12,,,,103.0,,,,,,,,,,,,,,,,,,,,,,,,,,,,,,,,,,,,,,,,,,,,,,,,,,,,,,,,,,,,,,,,,,77.0,,,,,,,,,,,,,,,,,4.0,1.0,3.0,,,,,18.0,,,,,,,,,,,
2023,general,lovejoy,LOV,13,Lov 013,Buffalo LOV 13,,,,90.0,,,,,,,,,,,,,,,,,,,,,,,,,,,,,,,,,,,,,,,,,,,,,,,,,,,,,,,,,,,,,,,,,,81.0,,,,,,,,,,,,,,,,,1.0,0.0,1.0,,,,,7.0,,,,,,,,,,,
2023,general,lovejoy,LOV,14,Lov 014,Buffalo LOV 14,,,,184.0,,,,,,,,,,,,,,,,,,,,,,,,,,,,,,,,,,,,,,,,,,,,,,,,,,,,,,,,,,,,,,,,,,156.0,,,,,,,,,,,,,,,,,9.0,0.0,1.0,,,,,18.0,,,,,,,,,,,
2023,general,lovejoy,LOV,15,Lov 015,Buffalo LOV 15,,,,77.0,,,,,,,,,,,,,,,,,,,,,,,,,,,,,,,,,,,,,,,,,,,,,,,,,,,,,,,,,,,,,,,,,,48.0,,,,,,,,,,,,,,,,,3.0,0.0,1.0,,,,,25.0,,,,,,,,,,,
2023,general,lovejoy,LOV,16,Lov 016,Buffalo LOV 16,,,,120.0,,,,,,,,,,,,,,,,,,,,,,,,,,,,,,,,,,,,,,,,,,,,,,,,,,,,,,,,,,,,,,,,,,77.0,,,,,,,,,,,,,,,,,7.0,2.0,0.0,,,,,34.0,,,,,,,,,,,
2023,general,lovejoy,LOV,17,Lov 017,Buffalo LOV 17,,,,126.0,,,,,,,,,,,,,,,,,,,,,,,,,,,,,,,,,,,,,,,,,,,,,,,,,,,,,,,,,,,,,,,,,,80.0,,,,,,,,,,,,,,,,,7.0,1.0,3.0,,,,,35.0,,,,,,,,,,,
2023,general,lovejoy,LOV,18,Lov 018,Buffalo LOV 18,,,,111.0,,,,,,,,,,,,,,,,,,,,,,,,,,,,,,,,,,,,,,,,,,,,,,,,,,,,,,,,,,,,,,,,,,70.0,,,,,,,,,,,,,,,,,2.0,0.0,0.0,,,,,39.0,,,,,,,,,,,
2023,general,lovejoy,LOV,19,Lov 019,Buffalo LOV 19,,,,37.0,,,,,,,,,,,,,,,,,,,,,,,,,,,,,,,,,,,,,,,,,,,,,,,,,,,,,,,,,,,,,,,,,,22.0,,,,,,,,,,,,,,,,,2.0,0.0,0.0,,,,,13.0,,,,,,,,,,,
2023,general,lovejoy,LOV,20,Lov 020,Buffalo LOV 20,,,,62.0,,,,,,,,,,,,,,,,,,,,,,,,,,,,,,,,,,,,,,,,,,,,,,,,,,,,,,,,,,,,,,,,,,33.0,,,,,,,,,,,,,,,,,3.0,1.0,0.0,,,,,25.0,,,,,,,,,,,
2023,general,lovejoy,LOV,21,Lov 021,Buffalo LOV 21,,,,50.0,,,,,,,,,,,,,,,,,,,,,,,,,,,,,,,,,,,,,,,,,,,,,,,,,,,,,,,,,,,,,,,,,,32.0,,,,,,,,,,,,,,,,,2.0,0.0,0.0,,,,,16.0,,,,,,,,,,,
2023,general,lovejoy,LOV,22,Lov 022,Buffalo LOV 22,,,,24.0,,,,,,,,,,,,,,,,,,,,,,,,,,,,,,,,,,,,,,,,,,,,,,,,,,,,,,,,,,,,,,,,,,14.0,,,,,,,,,,,,,,,,,1.0,0.0,0.0,,,,,9.0,,,,,,,,,,,
2023,general,lovejoy,LOV,23,Lov 023,Buffalo LOV 23,,,,67.0,,,,,,,,,,,,,,,,,,,,,,,,,,,,,,,,,,,,,,,,,,,,,,,,,,,,,,,,,,,,,,,,,,44.0,,,,,,,,,,,,,,,,,2.0,0.0,0.0,,,,,21.0,,,,,,,,,,,
2023,general,lovejoy,LOV,24,Lov 024,Buffalo LOV 24,,,,183.0,,,,,,,,,,,,,,,,,,,,,,,,,,,,,,,,,,,,,,,,,,,,,,,,,,,,,,,,,,,,,,,,,,116.0,,,,,,,,,,,,,,,,,4.0,0.0,1.0,,,,,62.0,,,,,,,,,,,
2023,general,lovejoy,LOV,25,Lov 025,Buffalo LOV 25,,,,119.0,,,,,,,,,,,,,,,,,,,,,,,,,,,,,,,,,,,,,,,,,,,,,,,,,,,,,,,,,,,,,,,,,,75.0,,,,,,,,,,,,,,,,,7.0,0.0,1.0,,,,,36.0,,,,,,,,,,,
2023,general,lovejoy,LOV,26,Lov 026,Buffalo LOV 26,,,,50.0,,,,,,,,,,,,,,,,,,,,,,,,,,,,,,,,,,,,,,,,,,,,,,,,,,,,,,,,,,,,,,,,,,39.0,,,,,,,,,,,,,,,,,1.0,0.0,0.0,,,,,10.0,,,,,,,,,,,
2023,general,lovejoy,LOV,27,Lov 027,Buffalo LOV 27,,,,21.0,,,,,,,,,,,,,,,,,,,,,,,,,,,,,,,,,,,,,,,,,,,,,,,,,,,,,,,,,,,,,,,,,,14.0,,,,,,,,,,,,,,,,,0.0,0.0,0.0,,,,,7.0,,,,,,,,,,,
2023,general,lovejoy,LOV,28,Lov 028,Buffalo LOV 28,,,,166.0,,,,,,,,,,,,,,,,,,,,,,,,,,,,,,,,,,,,,,,,,,,,,,,,,,,,,,,,,,,,,,,,,,102.0,,,,,,,,,,,,,,,,,4.0,0.0,2.0,,,,,58.0,,,,,,,,,,,
2023,general,lovejoy,LOV,29,Lov 029,Buffalo LOV 29,,,,165.0,,,,,,,,,,,,,,,,,,,,,,,,,,,,,,,,,,,,,,,,,,,,,,,,,,,,,,,,,,,,,,,,,,92.0,,,,,,,,,,,,,,,,,9.0,0.0,1.0,,,,,63.0,,,,,,,,,,,
2023,general,lovejoy,LOV,30,Lov 030,Buffalo LOV 30,,,,206.0,,,,,,,,,,,,,,,,,,,,,,,,,,,,,,,,,,,,,,,,,,,,,,,,,,,,,,,,,,,,,,,,,,128.0,,,,,,,,,,,,,,,,,10.0,0.0,0.0,,,,,68.0,,,,,,,,,,,
2023,general,lovejoy,LOV,31,Lov 031,Buffalo LOV 31,,,,75.0,,,,,,,,,,,,,,,,,,,,,,,,,,,,,,,,,,,,,,,,,,,,,,,,,,,,,,,,,,,,,,,,,,40.0,,,,,,,,,,,,,,,,,4.0,0.0,0.0,,,,,31.0,,,,,,,,,,,
2023,general,lovejoy,LOV,32,Lov 032,Buffalo LOV 32,,,,51.0,,,,,,,,,,,,,,,,,,,,,,,,,,,,,,,,,,,,,,,,,,,,,,,,,,,,,,,,,,,,,,,,,,31.0,,,,,,,,,,,,,,,,,2.0,0.0,0.0,,,,,18.0,,,,,,,,,,,
2023,general,lovejoy,LOV,33,Lov 033,Buffalo LOV 33,,,,26.0,,,,,,,,,,,,,,,,,,,,,,,,,,,,,,,,,,,,,,,,,,,,,,,,,,,,,,,,,,,,,,,,,,21.0,,,,,,,,,,,,,,,,,2.0,0.0,2.0,,,,,1.0,,,,,,,,,,,
2023,general,lovejoy,LOV,34,Lov 034,Buffalo LOV 34,,,,21.0,,,,,,,,,,,,,,,,,,,,,,,,,,,,,,,,,,,,,,,,,,,,,,,,,,,,,,,,,,,,,,,,,,10.0,,,,,,,,,,,,,,,,,2.0,0.0,0.0,,,,,9.0,,,,,,,,,,,
2023,general,masten,MAS,1,Mas 001,Buffalo MAS 1,,,,114.0,,,,,,,,,,,,,,,,,,,,,,,,,,,,,,,,,,,,,,,,,,,,,,,,,,,,,,,,,,,,,,,,,,,,,,,,,,,,,,,,,,,3.0,0.0,1.0,,,,,,102.0,8.0,0.0,,,,,,,,
2023,general,masten,MAS,2,Mas 002,Buffalo MAS 2,,,,15.0,,,,,,,,,,,,,,,,,,,,,,,,,,,,,,,,,,,,,,,,,,,,,,,,,,,,,,,,,,,,,,,,,,,,,,,,,,,,,,,,,,,6.0,1.0,0.0,,,,,,8.0,0.0,0.0,,,,,,,,
2023,general,masten,MAS,3,Mas 003,Buffalo MAS 3,,,,140.0,,,,,,,,,,,,,,,,,,,,,,,,,,,,,,,,,,,,,,,,,,,,,,,,,,,,,,,,,,,,,,,,,,,,,,,,,,,,,,,,,,,10.0,0.0,2.0,,,,,,112.0,15.0,1.0,,,,,,,,
2023,general,masten,MAS,4,Mas 004,Buffalo MAS 4,,,,143.0,,,,,,,,,,,,,,,,,,,,,,,,,,,,,,,,,,,,,,,,,,,,,,,,,,,,,,,,,,,,,,,,,,,,,,,,,,,,,,,,,,,12.0,2.0,2.0,,,,,,111.0,14.0,2.0,,,,,,,,
2023,general,masten,MAS,5,Mas 005,Buffalo MAS 5,,,,8.0,,,,,,,,,,,,,,,,,,,,,,,,,,,,,,,,,,,,,,,,,,,,,,,,,,,,,,,,,,,,,,,,,,,,,,,,,,,,,,,,,,,0.0,0.0,0.0,,,,,,8.0,0.0,0.0,,,,,,,,
2023,general,masten,MAS,6,Mas 006,Buffalo MAS 6,,,,36.0,,,,,,,,,,,,,,,,,,,,,,,,,,,,,,,,,,,,,,,,,,,,,,,,,,,,,,,,,,,,,,,,,,,,,,,,,,,,,,,,,,,1.0,0.0,0.0,,,,,,31.0,4.0,0.0,,,,,,,,
2023,general,masten,MAS,7,Mas 007,Buffalo MAS 7,,,,127.0,,,,,,,,,,,,,,,,,,,,,,,,,,,,,,,,,,,,,,,,,,,,,,,,,,,,,,,,,,,,,,,,,,,,,,,,,,,,,,,,,,,3.0,1.0,0.0,,,,,,116.0,6.0,1.0,,,,,,,,
2023,general,masten,MAS,8,Mas 008,Buffalo MAS 8,,,,72.0,,,,,,,,,,,,,,,,,,,,,,,,,,,,,,,,,,,,,,,,,,,,,,,,,,,,,,,,,,,,,,,,,,,,,,,,,,,,,,,,,,,2.0,1.0,1.0,,,,,,62.0,5.0,1.0,,,,,,,,
2023,general,masten,MAS,9,Mas 009,Buffalo MAS 9,,,,61.0,,,,,,,,,,,,,,,,,,,,,,,,,,,,,,,,,,,,,,,,,,,,,,,,,,,,,,,,,,,,,,,,,,,,,,,,,,,,,,,,,,,1.0,0.0,0.0,,,,,,53.0,7.0,0.0,,,,,,,,
2023,general,masten,MAS,10,Mas 010,Buffalo MAS 10,,,,49.0,,,,,,,,,,,,,,,,,,,,,,,,,,,,,,,,,,,,,,,,,,,,,,,,,,,,,,,,,,,,,,,,,,,,,,,,,,,,,,,,,,,4.0,0.0,0.0,,,,,,34.0,10.0,1.0,,,,,,,,
2023,general,masten,MAS,11,Mas 011,Buffalo MAS 11,,,,123.0,,,,,,,,,,,,,,,,,,,,,,,,,,,,,,,,,,,,,,,,,,,,,,,,,,,,,,,,,,,,,,,,,,,,,,,,,,,,,,,,,,,5.0,1.0,2.0,,,,,,99.0,16.0,0.0,,,,,,,,
2023,general,masten,MAS,12,Mas 012,Buffalo MAS 12,,,,130.0,,,,,,,,,,,,,,,,,,,,,,,,,,,,,,,,,,,,,,,,,,,,,,,,,,,,,,,,,,,,,,,,,,,,,,,,,,,,,,,,,,,10.0,0.0,8.0,,,,,,97.0,14.0,1.0,,,,,,,,
2023,general,masten,MAS,13,Mas 013,Buffalo MAS 13,,,,85.0,,,,,,,,,,,,,,,,,,,,,,,,,,,,,,,,,,,,,,,,,,,,,,,,,,,,,,,,,,,,,,,,,,,,,,,,,,,,,,,,,,,4.0,0.0,2.0,,,,,,76.0,3.0,0.0,,,,,,,,
2023,general,masten,MAS,14,Mas 014,Buffalo MAS 14,,,,61.0,,,,,,,,,,,,,,,,,,,,,,,,,,,,,,,,,,,,,,,,,,,,,,,,,,,,,,,,,,,,,,,,,,,,,,,,,,,,,,,,,,,1.0,0.0,2.0,,,,,,53.0,5.0,0.0,,,,,,,,
2023,general,masten,MAS,15,Mas 015,Buffalo MAS 15,,,,64.0,,,,,,,,,,,,,,,,,,,,,,,,,,,,,,,,,,,,,,,,,,,,,,,,,,,,,,,,,,,,,,,,,,,,,,,,,,,,,,,,,,,1.0,0.0,0.0,,,,,,59.0,4.0,0.0,,,,,,,,
2023,general,masten,MAS,16,Mas 016,Buffalo MAS 16,,,,44.0,,,,,,,,,,,,,,,,,,,,,,,,,,,,,,,,,,,,,,,,,,,,,,,,,,,,,,,,,,,,,,,,,,,,,,,,,,,,,,,,,,,7.0,0.0,0.0,,,,,,34.0,3.0,0.0,,,,,,,,
2023,general,masten,MAS,17,Mas 017,Buffalo MAS 17,,,,83.0,,,,,,,,,,,,,,,,,,,,,,,,,,,,,,,,,,,,,,,,,,,,,,,,,,,,,,,,,,,,,,,,,,,,,,,,,,,,,,,,,,,8.0,0.0,0.0,,,,,,56.0,19.0,0.0,,,,,,,,
2023,general,masten,MAS,18,Mas 018,Buffalo MAS 18,,,,63.0,,,,,,,,,,,,,,,,,,,,,,,,,,,,,,,,,,,,,,,,,,,,,,,,,,,,,,,,,,,,,,,,,,,,,,,,,,,,,,,,,,,2.0,0.0,0.0,,,,,,50.0,9.0,2.0,,,,,,,,
2023,general,masten,MAS,19,Mas 019,Buffalo MAS 19,,,,74.0,,,,,,,,,,,,,,,,,,,,,,,,,,,,,,,,,,,,,,,,,,,,,,,,,,,,,,,,,,,,,,,,,,,,,,,,,,,,,,,,,,,2.0,0.0,0.0,,,,,,53.0,18.0,1.0,,,,,,,,
2023,general,masten,MAS,20,Mas 020,Buffalo MAS 20,,,,118.0,,,,,,,,,,,,,,,,,,,,,,,,,,,,,,,,,,,,,,,,,,,,,,,,,,,,,,,,,,,,,,,,,,,,,,,,,,,,,,,,,,,7.0,0.0,0.0,,,,,,105.0,6.0,0.0,,,,,,,,
2023,general,masten,MAS,21,Mas 021,Buffalo MAS 21,,,,81.0,,,,,,,,,,,,,,,,,,,,,,,,,,,,,,,,,,,,,,,,,,,,,,,,,,,,,,,,,,,,,,,,,,,,,,,,,,,,,,,,,,,1.0,0.0,1.0,,,,,,77.0,2.0,0.0,,,,,,,,
2023,general,masten,MAS,22,Mas 022,Buffalo MAS 22,,,,63.0,,,,,,,,,,,,,,,,,,,,,,,,,,,,,,,,,,,,,,,,,,,,,,,,,,,,,,,,,,,,,,,,,,,,,,,,,,,,,,,,,,,1.0,0.0,0.0,,,,,,54.0,8.0,0.0,,,,,,,,
2023,general,masten,MAS,23,Mas 023,Buffalo MAS 23,,,,178.0,,,,,,,,,,,,,,,,,,,,,,,,,,,,,,,,,,,,,,,,,,,,,,,,,,,,,,,,,,,,,,,,,,,,,,,,,,,,,,,,,,,13.0,1.0,2.0,,,,,,116.0,45.0,1.0,,,,,,,,
2023,general,masten,MAS,24,Mas 024,Buffalo MAS 24,,,,175.0,,,,,,,,,,,,,,,,,,,,,,,,,,,,,,,,,,,,,,,,,,,,,,,,,,,,,,,,,,,,,,,,,,,,,,,,,,,,,,,,,,,11.0,0.0,2.0,,,,,,150.0,12.0,0.0,,,,,,,,
2023,general,masten,MAS,25,Mas 025,Buffalo MAS 25,,,,84.0,,,,,,,,,,,,,,,,,,,,,,,,,,,,,,,,,,,,,,,,,,,,,,,,,,,,,,,,,,,,,,,,,,,,,,,,,,,,,,,,,,,5.0,0.0,4.0,,,,,,59.0,16.0,0.0,,,,,,,,
2023,general,masten,MAS,26,Mas 026,Buffalo MAS 26,,,,49.0,,,,,,,,,,,,,,,,,,,,,,,,,,,,,,,,,,,,,,,,,,,,,,,,,,,,,,,,,,,,,,,,,,,,,,,,,,,,,,,,,,,0.0,0.0,0.0,,,,,,41.0,8.0,0.0,,,,,,,,
2023,general,masten,MAS,27,Mas 027,Buffalo MAS 27,,,,158.0,,,,,,,,,,,,,,,,,,,,,,,,,,,,,,,,,,,,,,,,,,,,,,,,,,,,,,,,,,,,,,,,,,,,,,,,,,,,,,,,,,,10.0,0.0,2.0,,,,,,133.0,13.0,0.0,,,,,,,,
2023,general,masten,MAS,28,Mas 028,Buffalo MAS 28,,,,117.0,,,,,,,,,,,,,,,,,,,,,,,,,,,,,,,,,,,,,,,,,,,,,,,,,,,,,,,,,,,,,,,,,,,,,,,,,,,,,,,,,,,5.0,0.0,0.0,,,,,,100.0,12.0,0.0,,,,,,,,
2023,general,masten,MAS,29,Mas 029,Buffalo MAS 29,,,,89.0,,,,,,,,,,,,,,,,,,,,,,,,,,,,,,,,,,,,,,,,,,,,,,,,,,,,,,,,,,,,,,,,,,,,,,,,,,,,,,,,,,,4.0,0.0,0.0,,,,,,77.0,8.0,0.0,,,,,,,,
2023,general,masten,MAS,30,Mas 030,Buffalo MAS 30,,,,75.0,,,,,,,,,,,,,,,,,,,,,,,,,,,,,,,,,,,,,,,,,,,,,,,,,,,,,,,,,,,,,,,,,,,,,,,,,,,,,,,,,,,5.0,0.0,1.0,,,,,,66.0,3.0,0.0,,,,,,,,
2023,general,masten,MAS,31,Mas 031,Buffalo MAS 31,,,,35.0,,,,,,,,,,,,,,,,,,,,,,,,,,,,,,,,,,,,,,,,,,,,,,,,,,,,,,,,,,,,,,,,,,,,,,,,,,,,,,,,,,,2.0,0.0,0.0,,,,,,27.0,6.0,0.0,,,,,,,,
2023,general,masten,MAS,32,Mas 032,Buffalo MAS 32,,,,102.0,,,,,,,,,,,,,,,,,,,,,,,,,,,,,,,,,,,,,,,,,,,,,,,,,,,,,,,,,,,,,,,,,,,,,,,,,,,,,,,,,,,6.0,0.0,0.0,,,,,,88.0,8.0,0.0,,,,,,,,
2023,general,masten,MAS,33,Mas 033,Buffalo MAS 33,,,,115.0,,,,,,,,,,,,,,,,,,,,,,,,,,,,,,,,,,,,,,,,,,,,,,,,,,,,,,,,,,,,,,,,,,,,,,,,,,,,,,,,,,,15.0,0.0,0.0,,,,,,83.0,15.0,2.0,,,,,,,,
2023,general,masten,MAS,34,Mas 034,Buffalo MAS 34,,,,11.0,,,,,,,,,,,,,,,,,,,,,,,,,,,,,,,,,,,,,,,,,,,,,,,,,,,,,,,,,,,,,,,,,,,,,,,,,,,,,,,,,,,1.0,0.0,0.0,,,,,,9.0,1.0,0.0,,,,,,,,
2023,general,masten,MAS,35,Mas 035,Buffalo MAS 35,,,,54.0,,,,,,,,,,,,,,,,,,,,,,,,,,,,,,,,,,,,,,,,,,,,,,,,,,,,,,,,,,,,,,,,,,,,,,,,,,,,,,,,,,,4.0,1.0,0.0,,,,,,44.0,4.0,1.0,,,,,,,,
2023,general,masten,MAS,36,Mas 036,Buffalo MAS 36,,,,71.0,,,,,,,,,,,,,,,,,,,,,,,,,,,,,,,,,,,,,,,,,,,,,,,,,,,,,,,,,,,,,,,,,,,,,,,,,,,,,,,,,,,3.0,0.0,1.0,,,,,,58.0,9.0,0.0,,,,,,,,
2023,general,masten,MAS,37,Mas 037,Buffalo MAS 37,,,,19.0,,,,,,,,,,,,,,,,,,,,,,,,,,,,,,,,,,,,,,,,,,,,,,,,,,,,,,,,,,,,,,,,,,,,,,,,,,,,,,,,,,,3.0,0.0,0.0,,,,,,15.0,1.0,0.0,,,,,,,,
2023,general,masten,MAS,38,Mas 038,Buffalo MAS 38,,,,85.0,,,,,,,,,,,,,,,,,,,,,,,,,,,,,,,,,,,,,,,,,,,,,,,,,,,,,,,,,,,,,,,,,,,,,,,,,,,,,,,,,,,7.0,0.0,1.0,,,,,,71.0,6.0,0.0,,,,,,,,
2023,general,masten,MAS,39,Mas 039,Buffalo MAS 39,,,,1.0,,,,,,,,,,,,,,,,,,,,,,,,,,,,,,,,,,,,,,,,,,,,,,,,,,,,,,,,,,,,,,,,,,,,,,,,,,,,,,,,,,,0.0,0.0,0.0,,,,,,1.0,0.0,0.0,,,,,,,,
2023,general,masten,MAS,40,Mas 040,Buffalo MAS 40,,,,101.0,,,,,,,,,,,,,,,,,,,,,,,,,,,,,,,,,,,,,,,,,,,,,,,,,,,,,,,,,,,,,,,,,,,,,,,,,,,,,,,,,,,11.0,0.0,1.0,,,,,,83.0,6.0,0.0,,,,,,,,
2023,general,masten,MAS,41,Mas 041,Buffalo MAS 41,,,,38.0,,,,,,,,,,,,,,,,,,,,,,,,,,,,,,,,,,,,,,,,,,,,,,,,,,,,,,,,,,,,,,,,,,,,,,,,,,,,,,,,,,,3.0,0.0,0.0,,,,,,30.0,4.0,1.0,,,,,,,,
2023,general,masten,MAS,42,Mas 042,Buffalo MAS 42,,,,81.0,,,,,,,,,,,,,,,,,,,,,,,,,,,,,,,,,,,,,,,,,,,,,,,,,,,,,,,,,,,,,,,,,,,,,,,,,,,,,,,,,,,8.0,0.0,1.0,,,,,,63.0,3.0,6.0,,,,,,,,
2023,general,masten,MAS,43,Mas 043,Buffalo MAS 43,,,,15.0,,,,,,,,,,,,,,,,,,,,,,,,,,,,,,,,,,,,,,,,,,,,,,,,,,,,,,,,,,,,,,,,,,,,,,,,,,,,,,,,,,,1.0,0.0,2.0,,,,,,12.0,0.0,0.0,,,,,,,,
2023,general,masten,MAS,44,Mas 044,Buffalo MAS 44,,,,1.0,,,,,,,,,,,,,,,,,,,,,,,,,,,,,,,,,,,,,,,,,,,,,,,,,,,,,,,,,,,,,,,,,,,,,,,,,,,,,,,,,,,0.0,0.0,0.0,,,,,,1.0,0.0,0.0,,,,,,,,
2023,general,niagara,NIA,1,Nia 001,Buffalo NIA 1,,,,81.0,,,,,,,,,,,,,,,,,,,,,,,,,65.0,,,,,,,,,,,,,,,,,,,,,,,,,,,,,,,,,,,,,,,,,,,,,,,,,,,,,,,,,,14.0,0.0,2.0,,,,,,,,,,,,,,,,
2023,general,niagara,NIA,2,Nia 002,Buffalo NIA 2,,,,124.0,,,,,,,,,,,,,,,,,,,,,,,,,106.0,,,,,,,,,,,,,,,,,,,,,,,,,,,,,,,,,,,,,,,,,,,,,,,,,,,,,,,,,,15.0,0.0,3.0,,,,,,,,,,,,,,,,
2023,general,niagara,NIA,3,Nia 003,Buffalo NIA 3,,,,54.0,,,,,,,,,,,,,,,,,,,,,,,,,47.0,,,,,,,,,,,,,,,,,,,,,,,,,,,,,,,,,,,,,,,,,,,,,,,,,,,,,,,,,,3.0,0.0,4.0,,,,,,,,,,,,,,,,
2023,general,niagara,NIA,4,Nia 004,Buffalo NIA 4,,,,21.0,,,,,,,,,,,,,,,,,,,,,,,,,19.0,,,,,,,,,,,,,,,,,,,,,,,,,,,,,,,,,,,,,,,,,,,,,,,,,,,,,,,,,,1.0,0.0,1.0,,,,,,,,,,,,,,,,
2023,general,niagara,NIA,5,Nia 005,Buffalo NIA 5,,,,147.0,,,,,,,,,,,,,,,,,,,,,,,,,129.0,,,,,,,,,,,,,,,,,,,,,,,,,,,,,,,,,,,,,,,,,,,,,,,,,,,,,,,,,,15.0,0.0,3.0,,,,,,,,,,,,,,,,
2023,general,niagara,NIA,6,Nia 006,Buffalo NIA 6,,,,180.0,,,,,,,,,,,,,,,,,,,,,,,,,160.0,,,,,,,,,,,,,,,,,,,,,,,,,,,,,,,,,,,,,,,,,,,,,,,,,,,,,,,,,,17.0,0.0,3.0,,,,,,,,,,,,,,,,
2023,general,niagara,NIA,7,Nia 007,Buffalo NIA 7,,,,96.0,,,,,,,,,,,,,,,,,,,,,,,,,86.0,,,,,,,,,,,,,,,,,,,,,,,,,,,,,,,,,,,,,,,,,,,,,,,,,,,,,,,,,,10.0,0.0,0.0,,,,,,,,,,,,,,,,
2023,general,niagara,NIA,8,Nia 008,Buffalo NIA 8,,,,145.0,,,,,,,,,,,,,,,,,,,,,,,,,129.0,,,,,,,,,,,,,,,,,,,,,,,,,,,,,,,,,,,,,,,,,,,,,,,,,,,,,,,,,,12.0,0.0,4.0,,,,,,,,,,,,,,,,
2023,general,niagara,NIA,9,Nia 009,Buffalo NIA 9,,,,214.0,,,,,,,,,,,,,,,,,,,,,,,,,186.0,,,,,,,,,,,,,,,,,,,,,,,,,,,,,,,,,,,,,,,,,,,,,,,,,,,,,,,,,,24.0,0.0,4.0,,,,,,,,,,,,,,,,
2023,general,niagara,NIA,10,Nia 010,Buffalo NIA 10,,,,65.0,,,,,,,,,,,,,,,,,,,,,,,,,51.0,,,,,,,,,,,,,,,,,,,,,,,,,,,,,,,,,,,,,,,,,,,,,,,,,,,,,,,,,,12.0,0.0,2.0,,,,,,,,,,,,,,,,
2023,general,niagara,NIA,11,Nia 011,Buffalo NIA 11,,,,84.0,,,,,,,,,,,,,,,,,,,,,,,,,75.0,,,,,,,,,,,,,,,,,,,,,,,,,,,,,,,,,,,,,,,,,,,,,,,,,,,,,,,,,,7.0,0.0,2.0,,,,,,,,,,,,,,,,
2023,general,niagara,NIA,12,Nia 012,Buffalo NIA 12,,,,92.0,,,,,,,,,,,,,,,,,,,,,,,,,74.0,,,,,,,,,,,,,,,,,,,,,,,,,,,,,,,,,,,,,,,,,,,,,,,,,,,,,,,,,,15.0,0.0,3.0,,,,,,,,,,,,,,,,
2023,general,niagara,NIA,13,Nia 013,Buffalo NIA 13,,,,80.0,,,,,,,,,,,,,,,,,,,,,,,,,71.0,,,,,,,,,,,,,,,,,,,,,,,,,,,,,,,,,,,,,,,,,,,,,,,,,,,,,,,,,,7.0,0.0,2.0,,,,,,,,,,,,,,,,
2023,general,niagara,NIA,14,Nia 014,Buffalo NIA 14,,,,187.0,,,,,,,,,,,,,,,,,,,,,,,,,161.0,,,,,,,,,,,,,,,,,,,,,,,,,,,,,,,,,,,,,,,,,,,,,,,,,,,,,,,,,,23.0,0.0,3.0,,,,,,,,,,,,,,,,
2023,general,niagara,NIA,15,Nia 015,Buffalo NIA 15,,,,13.0,,,,,,,,,,,,,,,,,,,,,,,,,12.0,,,,,,,,,,,,,,,,,,,,,,,,,,,,,,,,,,,,,,,,,,,,,,,,,,,,,,,,,,1.0,0.0,0.0,,,,,,,,,,,,,,,,
2023,general,niagara,NIA,16,Nia 016,Buffalo NIA 16,,,,93.0,,,,,,,,,,,,,,,,,,,,,,,,,83.0,,,,,,,,,,,,,,,,,,,,,,,,,,,,,,,,,,,,,,,,,,,,,,,,,,,,,,,,,,8.0,0.0,2.0,,,,,,,,,,,,,,,,
2023,general,niagara,NIA,17,Nia 017,Buffalo NIA 17,,,,37.0,,,,,,,,,,,,,,,,,,,,,,,,,27.0,,,,,,,,,,,,,,,,,,,,,,,,,,,,,,,,,,,,,,,,,,,,,,,,,,,,,,,,,,8.0,0.0,2.0,,,,,,,,,,,,,,,,
2023,general,niagara,NIA,18,Nia 018,Buffalo NIA 18,,,,226.0,,,,,,,,,,,,,,,,,,,,,,,,,202.0,,,,,,,,,,,,,,,,,,,,,,,,,,,,,,,,,,,,,,,,,,,,,,,,,,,,,,,,,,19.0,0.0,5.0,,,,,,,,,,,,,,,,
2023,general,niagara,NIA,19,Nia 019,Buffalo NIA 19,,,,56.0,,,,,,,,,,,,,,,,,,,,,,,,,46.0,,,,,,,,,,,,,,,,,,,,,,,,,,,,,,,,,,,,,,,,,,,,,,,,,,,,,,,,,,10.0,0.0,0.0,,,,,,,,,,,,,,,,
2023,general,niagara,NIA,20,Nia 020,Buffalo NIA 20,,,,36.0,,,,,,,,,,,,,,,,,,,,,,,,,30.0,,,,,,,,,,,,,,,,,,,,,,,,,,,,,,,,,,,,,,,,,,,,,,,,,,,,,,,,,,6.0,0.0,0.0,,,,,,,,,,,,,,,,
2023,general,niagara,NIA,21,Nia 021,Buffalo NIA 21,,,,165.0,,,,,,,,,,,,,,,,,,,,,,,,,134.0,,,,,,,,,,,,,,,,,,,,,,,,,,,,,,,,,,,,,,,,,,,,,,,,,,,,,,,,,,29.0,0.0,2.0,,,,,,,,,,,,,,,,
2023,general,niagara,NIA,22,Nia 022,Buffalo NIA 22,,,,49.0,,,,,,,,,,,,,,,,,,,,,,,,,44.0,,,,,,,,,,,,,,,,,,,,,,,,,,,,,,,,,,,,,,,,,,,,,,,,,,,,,,,,,,4.0,0.0,1.0,,,,,,,,,,,,,,,,
2023,general,niagara,NIA,23,Nia 023,Buffalo NIA 23,,,,70.0,,,,,,,,,,,,,,,,,,,,,,,,,59.0,,,,,,,,,,,,,,,,,,,,,,,,,,,,,,,,,,,,,,,,,,,,,,,,,,,,,,,,,,11.0,0.0,0.0,,,,,,,,,,,,,,,,
2023,general,niagara,NIA,24,Nia 024,Buffalo NIA 24,,,,165.0,,,,,,,,,,,,,,,,,,,,,,,,,144.0,,,,,,,,,,,,,,,,,,,,,,,,,,,,,,,,,,,,,,,,,,,,,,,,,,,,,,,,,,20.0,0.0,1.0,,,,,,,,,,,,,,,,
2023,general,niagara,NIA,25,Nia 025,Buffalo NIA 25,,,,41.0,,,,,,,,,,,,,,,,,,,,,,,,,35.0,,,,,,,,,,,,,,,,,,,,,,,,,,,,,,,,,,,,,,,,,,,,,,,,,,,,,,,,,,3.0,0.0,3.0,,,,,,,,,,,,,,,,
2023,general,niagara,NIA,26,Nia 026,Buffalo NIA 26,,,,199.0,,,,,,,,,,,,,,,,,,,,,,,,,174.0,,,,,,,,,,,,,,,,,,,,,,,,,,,,,,,,,,,,,,,,,,,,,,,,,,,,,,,,,,22.0,0.0,3.0,,,,,,,,,,,,,,,,
2023,general,niagara,NIA,27,Nia 027,Buffalo NIA 27,,,,110.0,,,,,,,,,,,,,,,,,,,,,,,,,92.0,,,,,,,,,,,,,,,,,,,,,,,,,,,,,,,,,,,,,,,,,,,,,,,,,,,,,,,,,,16.0,0.0,2.0,,,,,,,,,,,,,,,,
2023,general,niagara,NIA,28,Nia 028,Buffalo NIA 28,,,,110.0,,,,,,,,,,,,,,,,,,,,,,,,,92.0,,,,,,,,,,,,,,,,,,,,,,,,,,,,,,,,,,,,,,,,,,,,,,,,,,,,,,,,,,15.0,0.0,3.0,,,,,,,,,,,,,,,,
2023,general,north,NOR,1,Nor 001,Buffalo NOR 1,,,,131.0,,,,,,,,,,,,,,,,,,,,,,,,,,,,,,109.0,,,,,,,,,,,,,,,,,,,,,,,,,,,,,,,,,,,,,,,,,,,,,,,,,,,,,19.0,0.0,3.0,,,,,,,,,,,,,,,,
2023,general,north,NOR,2,Nor 002,Buffalo NOR 2,,,,70.0,,,,,,,,,,,,,,,,,,,,,,,,,,,,,,62.0,,,,,,,,,,,,,,,,,,,,,,,,,,,,,,,,,,,,,,,,,,,,,,,,,,,,,6.0,0.0,2.0,,,,,,,,,,,,,,,,
2023,general,north,NOR,3,Nor 003,Buffalo NOR 3,,,,42.0,,,,,,,,,,,,,,,,,,,,,,,,,,,,,,33.0,,,,,,,,,,,,,,,,,,,,,,,,,,,,,,,,,,,,,,,,,,,,,,,,,,,,,8.0,0.0,1.0,,,,,,,,,,,,,,,,
2023,general,north,NOR,4,Nor 004,Buffalo NOR 4,,,,118.0,,,,,,,,,,,,,,,,,,,,,,,,,,,,,,100.0,,,,,,,,,,,,,,,,,,,,,,,,,,,,,,,,,,,,,,,,,,,,,,,,,,,,,18.0,0.0,0.0,,,,,,,,,,,,,,,,
2023,general,north,NOR,5,Nor 005,Buffalo NOR 5,,,,84.0,,,,,,,,,,,,,,,,,,,,,,,,,,,,,,72.0,,,,,,,,,,,,,,,,,,,,,,,,,,,,,,,,,,,,,,,,,,,,,,,,,,,,,10.0,0.0,2.0,,,,,,,,,,,,,,,,
2023,general,north,NOR,6,Nor 006,Buffalo NOR 6,,,,95.0,,,,,,,,,,,,,,,,,,,,,,,,,,,,,,77.0,,,,,,,,,,,,,,,,,,,,,,,,,,,,,,,,,,,,,,,,,,,,,,,,,,,,,17.0,0.0,1.0,,,,,,,,,,,,,,,,
2023,general,north,NOR,7,Nor 007,Buffalo NOR 7,,,,59.0,,,,,,,,,,,,,,,,,,,,,,,,,,,,,,56.0,,,,,,,,,,,,,,,,,,,,,,,,,,,,,,,,,,,,,,,,,,,,,,,,,,,,,2.0,0.0,1.0,,,,,,,,,,,,,,,,
2023,general,north,NOR,8,Nor 008,Buffalo NOR 8,,,,16.0,,,,,,,,,,,,,,,,,,,,,,,,,,,,,,16.0,,,,,,,,,,,,,,,,,,,,,,,,,,,,,,,,,,,,,,,,,,,,,,,,,,,,,0.0,0.0,0.0,,,,,,,,,,,,,,,,
2023,general,north,NOR,9,Nor 009,Buffalo NOR 9,,,,114.0,,,,,,,,,,,,,,,,,,,,,,,,,,,,,,97.0,,,,,,,,,,,,,,,,,,,,,,,,,,,,,,,,,,,,,,,,,,,,,,,,,,,,,16.0,0.0,1.0,,,,,,,,,,,,,,,,
2023,general,north,NOR,10,Nor 010,Buffalo NOR 10,,,,113.0,,,,,,,,,,,,,,,,,,,,,,,,,,,,,,94.0,,,,,,,,,,,,,,,,,,,,,,,,,,,,,,,,,,,,,,,,,,,,,,,,,,,,,17.0,0.0,2.0,,,,,,,,,,,,,,,,
2023,general,north,NOR,11,Nor 011,Buffalo NOR 11,,,,149.0,,,,,,,,,,,,,,,,,,,,,,,,,,,,,,127.0,,,,,,,,,,,,,,,,,,,,,,,,,,,,,,,,,,,,,,,,,,,,,,,,,,,,,20.0,0.0,2.0,,,,,,,,,,,,,,,,
2023,general,north,NOR,12,Nor 012,Buffalo NOR 12,,,,133.0,,,,,,,,,,,,,,,,,,,,,,,,,,,,,,123.0,,,,,,,,,,,,,,,,,,,,,,,,,,,,,,,,,,,,,,,,,,,,,,,,,,,,,8.0,0.0,2.0,,,,,,,,,,,,,,,,
2023,general,north,NOR,13,Nor 013,Buffalo NOR 13,,,,102.0,,,,,,,,,,,,,,,,,,,,,,,,,,,,,,89.0,,,,,,,,,,,,,,,,,,,,,,,,,,,,,,,,,,,,,,,,,,,,,,,,,,,,,10.0,0.0,3.0,,,,,,,,,,,,,,,,
2023,general,north,NOR,14,Nor 014,Buffalo NOR 14,,,,48.0,,,,,,,,,,,,,,,,,,,,,,,,,,,,,,43.0,,,,,,,,,,,,,,,,,,,,,,,,,,,,,,,,,,,,,,,,,,,,,,,,,,,,,5.0,0.0,0.0,,,,,,,,,,,,,,,,
2023,general,north,NOR,15,Nor 015,Buffalo NOR 15,,,,10.0,,,,,,,,,,,,,,,,,,,,,,,,,,,,,,7.0,,,,,,,,,,,,,,,,,,,,,,,,,,,,,,,,,,,,,,,,,,,,,,,,,,,,,3.0,0.0,0.0,,,,,,,,,,,,,,,,
2023,general,north,NOR,16,Nor 016,Buffalo NOR 16,,,,88.0,,,,,,,,,,,,,,,,,,,,,,,,,,,,,,72.0,,,,,,,,,,,,,,,,,,,,,,,,,,,,,,,,,,,,,,,,,,,,,,,,,,,,,14.0,0.0,2.0,,,,,,,,,,,,,,,,
2023,general,north,NOR,17,Nor 017,Buffalo NOR 17,,,,65.0,,,,,,,,,,,,,,,,,,,,,,,,,,,,,,55.0,,,,,,,,,,,,,,,,,,,,,,,,,,,,,,,,,,,,,,,,,,,,,,,,,,,,,9.0,0.0,1.0,,,,,,,,,,,,,,,,
2023,general,north,NOR,18,Nor 018,Buffalo NOR 18,,,,126.0,,,,,,,,,,,,,,,,,,,,,,,,,,,,,,111.0,,,,,,,,,,,,,,,,,,,,,,,,,,,,,,,,,,,,,,,,,,,,,,,,,,,,,13.0,0.0,2.0,,,,,,,,,,,,,,,,
2023,general,north,NOR,19,Nor 019,Buffalo NOR 19,,,,82.0,,,,,,,,,,,,,,,,,,,,,,,,,,,,,,68.0,,,,,,,,,,,,,,,,,,,,,,,,,,,,,,,,,,,,,,,,,,,,,,,,,,,,,10.0,0.0,4.0,,,,,,,,,,,,,,,,
2023,general,north,NOR,20,Nor 020,Buffalo NOR 20,,,,293.0,,,,,,,,,,,,,,,,,,,,,,,,,,,,,,259.0,,,,,,,,,,,,,,,,,,,,,,,,,,,,,,,,,,,,,,,,,,,,,,,,,,,,,20.0,0.0,14.0,,,,,,,,,,,,,,,,
2023,general,north,NOR,21,Nor 021,Buffalo NOR 21,,,,88.0,,,,,,,,,,,,,,,,,,,,,,,,,,,,,,73.0,,,,,,,,,,,,,,,,,,,,,,,,,,,,,,,,,,,,,,,,,,,,,,,,,,,,,11.0,0.0,4.0,,,,,,,,,,,,,,,,
2023,general,north,NOR,22,Nor 022,Buffalo NOR 22,,,,48.0,,,,,,,,,,,,,,,,,,,,,,,,,,,,,,41.0,,,,,,,,,,,,,,,,,,,,,,,,,,,,,,,,,,,,,,,,,,,,,,,,,,,,,4.0,0.0,3.0,,,,,,,,,,,,,,,,
2023,general,north,NOR,23,Nor 023,Buffalo NOR 23,,,,231.0,,,,,,,,,,,,,,,,,,,,,,,,,,,,,,199.0,,,,,,,,,,,,,,,,,,,,,,,,,,,,,,,,,,,,,,,,,,,,,,,,,,,,,25.0,0.0,7.0,,,,,,,,,,,,,,,,
2023,general,north,NOR,24,Nor 024,Buffalo NOR 24,,,,188.0,,,,,,,,,,,,,,,,,,,,,,,,,,,,,,169.0,,,,,,,,,,,,,,,,,,,,,,,,,,,,,,,,,,,,,,,,,,,,,,,,,,,,,18.0,0.0,1.0,,,,,,,,,,,,,,,,
2023,general,north,NOR,25,Nor 025,Buffalo NOR 25,,,,49.0,,,,,,,,,,,,,,,,,,,,,,,,,,,,,,45.0,,,,,,,,,,,,,,,,,,,,,,,,,,,,,,,,,,,,,,,,,,,,,,,,,,,,,4.0,0.0,0.0,,,,,,,,,,,,,,,,
2023,general,north,NOR,26,Nor 026,Buffalo NOR 26,,,,39.0,,,,,,,,,,,,,,,,,,,,,,,,,,,,,,34.0,,,,,,,,,,,,,,,,,,,,,,,,,,,,,,,,,,,,,,,,,,,,,,,,,,,,,5.0,0.0,0.0,,,,,,,,,,,,,,,,
2023,general,north,NOR,27,Nor 027,Buffalo NOR 27,,,,13.0,,,,,,,,,,,,,,,,,,,,,,,,,,,,,,12.0,,,,,,,,,,,,,,,,,,,,,,,,,,,,,,,,,,,,,,,,,,,,,,,,,,,,,1.0,0.0,0.0,,,,,,,,,,,,,,,,
2023,general,south,SOU,1,Sou 001,Buffalo SOU 1,,,,63.0,,,,,,,,,,,,,,,,,,,,,,,,,,,,,,,,,,,,,,,,,,,,,,,,,,,47.0,,,,,,,,,,,,,,,,,,,,,,,,,,,,,,,,15.0,0.0,1.0,,,,,,,,,,,,,,,,
2023,general,south,SOU,2,Sou 002,Buffalo SOU 2,,,,305.0,,,,,,,,,,,,,,,,,,,,,,,,,,,,,,,,,,,,,,,,,,,,,,,,,,,244.0,,,,,,,,,,,,,,,,,,,,,,,,,,,,,,,,58.0,0.0,3.0,,,,,,,,,,,,,,,,
2023,general,south,SOU,3,Sou 003,Buffalo SOU 3,,,,124.0,,,,,,,,,,,,,,,,,,,,,,,,,,,,,,,,,,,,,,,,,,,,,,,,,,,93.0,,,,,,,,,,,,,,,,,,,,,,,,,,,,,,,,28.0,0.0,3.0,,,,,,,,,,,,,,,,
2023,general,south,SOU,4,Sou 004,Buffalo SOU 4,,,,157.0,,,,,,,,,,,,,,,,,,,,,,,,,,,,,,,,,,,,,,,,,,,,,,,,,,,127.0,,,,,,,,,,,,,,,,,,,,,,,,,,,,,,,,30.0,0.0,0.0,,,,,,,,,,,,,,,,
2023,general,south,SOU,5,Sou 005,Buffalo SOU 5,,,,210.0,,,,,,,,,,,,,,,,,,,,,,,,,,,,,,,,,,,,,,,,,,,,,,,,,,,154.0,,,,,,,,,,,,,,,,,,,,,,,,,,,,,,,,53.0,0.0,3.0,,,,,,,,,,,,,,,,
2023,general,south,SOU,6,Sou 006,Buffalo SOU 6,,,,129.0,,,,,,,,,,,,,,,,,,,,,,,,,,,,,,,,,,,,,,,,,,,,,,,,,,,89.0,,,,,,,,,,,,,,,,,,,,,,,,,,,,,,,,35.0,0.0,5.0,,,,,,,,,,,,,,,,
2023,general,south,SOU,7,Sou 007,Buffalo SOU 7,,,,106.0,,,,,,,,,,,,,,,,,,,,,,,,,,,,,,,,,,,,,,,,,,,,,,,,,,,89.0,,,,,,,,,,,,,,,,,,,,,,,,,,,,,,,,15.0,0.0,2.0,,,,,,,,,,,,,,,,
2023,general,south,SOU,8,Sou 008,Buffalo SOU 8,,,,124.0,,,,,,,,,,,,,,,,,,,,,,,,,,,,,,,,,,,,,,,,,,,,,,,,,,,98.0,,,,,,,,,,,,,,,,,,,,,,,,,,,,,,,,21.0,0.0,5.0,,,,,,,,,,,,,,,,
2023,general,south,SOU,9,Sou 009,Buffalo SOU 9,,,,163.0,,,,,,,,,,,,,,,,,,,,,,,,,,,,,,,,,,,,,,,,,,,,,,,,,,,133.0,,,,,,,,,,,,,,,,,,,,,,,,,,,,,,,,28.0,0.0,2.0,,,,,,,,,,,,,,,,
2023,general,south,SOU,10,Sou 010,Buffalo SOU 10,,,,117.0,,,,,,,,,,,,,,,,,,,,,,,,,,,,,,,,,,,,,,,,,,,,,,,,,,,91.0,,,,,,,,,,,,,,,,,,,,,,,,,,,,,,,,26.0,0.0,0.0,,,,,,,,,,,,,,,,
2023,general,south,SOU,11,Sou 011,Buffalo SOU 11,,,,309.0,,,,,,,,,,,,,,,,,,,,,,,,,,,,,,,,,,,,,,,,,,,,,,,,,,,247.0,,,,,,,,,,,,,,,,,,,,,,,,,,,,,,,,60.0,0.0,2.0,,,,,,,,,,,,,,,,
2023,general,south,SOU,12,Sou 012,Buffalo SOU 12,,,,168.0,,,,,,,,,,,,,,,,,,,,,,,,,,,,,,,,,,,,,,,,,,,,,,,,,,,126.0,,,,,,,,,,,,,,,,,,,,,,,,,,,,,,,,39.0,0.0,3.0,,,,,,,,,,,,,,,,
2023,general,south,SOU,13,Sou 013,Buffalo SOU 13,,,,138.0,,,,,,,,,,,,,,,,,,,,,,,,,,,,,,,,,,,,,,,,,,,,,,,,,,,110.0,,,,,,,,,,,,,,,,,,,,,,,,,,,,,,,,25.0,0.0,3.0,,,,,,,,,,,,,,,,
2023,general,south,SOU,14,Sou 014,Buffalo SOU 14,,,,151.0,,,,,,,,,,,,,,,,,,,,,,,,,,,,,,,,,,,,,,,,,,,,,,,,,,,124.0,,,,,,,,,,,,,,,,,,,,,,,,,,,,,,,,27.0,0.0,0.0,,,,,,,,,,,,,,,,
2023,general,south,SOU,15,Sou 015,Buffalo SOU 15,,,,108.0,,,,,,,,,,,,,,,,,,,,,,,,,,,,,,,,,,,,,,,,,,,,,,,,,,,95.0,,,,,,,,,,,,,,,,,,,,,,,,,,,,,,,,13.0,0.0,0.0,,,,,,,,,,,,,,,,
2023,general,south,SOU,16,Sou 016,Buffalo SOU 16,,,,173.0,,,,,,,,,,,,,,,,,,,,,,,,,,,,,,,,,,,,,,,,,,,,,,,,,,,119.0,,,,,,,,,,,,,,,,,,,,,,,,,,,,,,,,48.0,0.0,6.0,,,,,,,,,,,,,,,,
2023,general,south,SOU,17,Sou 017,Buffalo SOU 17,,,,216.0,,,,,,,,,,,,,,,,,,,,,,,,,,,,,,,,,,,,,,,,,,,,,,,,,,,173.0,,,,,,,,,,,,,,,,,,,,,,,,,,,,,,,,41.0,0.0,2.0,,,,,,,,,,,,,,,,
2023,general,south,SOU,18,Sou 018,Buffalo SOU 18,,,,322.0,,,,,,,,,,,,,,,,,,,,,,,,,,,,,,,,,,,,,,,,,,,,,,,,,,,269.0,,,,,,,,,,,,,,,,,,,,,,,,,,,,,,,,47.0,0.0,6.0,,,,,,,,,,,,,,,,
2023,general,south,SOU,19,Sou 019,Buffalo SOU 19,,,,102.0,,,,,,,,,,,,,,,,,,,,,,,,,,,,,,,,,,,,,,,,,,,,,,,,,,,78.0,,,,,,,,,,,,,,,,,,,,,,,,,,,,,,,,23.0,0.0,1.0,,,,,,,,,,,,,,,,
2023,general,south,SOU,20,Sou 020,Buffalo SOU 20,,,,108.0,,,,,,,,,,,,,,,,,,,,,,,,,,,,,,,,,,,,,,,,,,,,,,,,,,,75.0,,,,,,,,,,,,,,,,,,,,,,,,,,,,,,,,30.0,0.0,3.0,,,,,,,,,,,,,,,,
2023,general,south,SOU,21,Sou 021,Buffalo SOU 21,,,,271.0,,,,,,,,,,,,,,,,,,,,,,,,,,,,,,,,,,,,,,,,,,,,,,,,,,,211.0,,,,,,,,,,,,,,,,,,,,,,,,,,,,,,,,55.0,0.0,5.0,,,,,,,,,,,,,,,,
2023,general,south,SOU,22,Sou 022,Buffalo SOU 22,,,,113.0,,,,,,,,,,,,,,,,,,,,,,,,,,,,,,,,,,,,,,,,,,,,,,,,,,,82.0,,,,,,,,,,,,,,,,,,,,,,,,,,,,,,,,29.0,0.0,2.0,,,,,,,,,,,,,,,,
2023,general,south,SOU,23,Sou 023,Buffalo SOU 23,,,,213.0,,,,,,,,,,,,,,,,,,,,,,,,,,,,,,,,,,,,,,,,,,,,,,,,,,,169.0,,,,,,,,,,,,,,,,,,,,,,,,,,,,,,,,44.0,0.0,0.0,,,,,,,,,,,,,,,,
2023,general,south,SOU,24,Sou 024,Buffalo SOU 24,,,,286.0,,,,,,,,,,,,,,,,,,,,,,,,,,,,,,,,,,,,,,,,,,,,,,,,,,,233.0,,,,,,,,,,,,,,,,,,,,,,,,,,,,,,,,49.0,0.0,4.0,,,,,,,,,,,,,,,,
2023,general,south,SOU,25,Sou 025,Buffalo SOU 25,,,,381.0,,,,,,,,,,,,,,,,,,,,,,,,,,,,,,,,,,,,,,,,,,,,,,,,,,,323.0,,,,,,,,,,,,,,,,,,,,,,,,,,,,,,,,52.0,0.0,6.0,,,,,,,,,,,,,,,,
2023,general,south,SOU,26,Sou 026,Buffalo SOU 26,,,,155.0,,,,,,,,,,,,,,,,,,,,,,,,,,,,,,,,,,,,,,,,,,,,,,,,,,,113.0,,,,,,,,,,,,,,,,,,,,,,,,,,,,,,,,34.0,0.0,8.0,,,,,,,,,,,,,,,,
2023,general,south,SOU,27,Sou 027,Buffalo SOU 27,,,,165.0,,,,,,,,,,,,,,,,,,,,,,,,,,,,,,,,,,,,,,,,,,,,,,,,,,,120.0,,,,,,,,,,,,,,,,,,,,,,,,,,,,,,,,40.0,0.0,5.0,,,,,,,,,,,,,,,,
2023,general,south,SOU,28,Sou 028,Buffalo SOU 28,,,,346.0,,,,,,,,,,,,,,,,,,,,,,,,,,,,,,,,,,,,,,,,,,,,,,,,,,,284.0,,,,,,,,,,,,,,,,,,,,,,,,,,,,,,,,58.0,0.0,4.0,,,,,,,,,,,,,,,,
2023,general,south,SOU,29,Sou 029,Buffalo SOU 29,,,,119.0,,,,,,,,,,,,,,,,,,,,,,,,,,,,,,,,,,,,,,,,,,,,,,,,,,,93.0,,,,,,,,,,,,,,,,,,,,,,,,,,,,,,,,22.0,0.0,4.0,,,,,,,,,,,,,,,,
2023,general,university,UNI,1,Uni 001,Buffalo UNI 1,,,,62.0,,,,,,,,,,,,,,,,,,,,,,,,,,,,,,,,,,,,,,,,,,,,,,,,,,,,,,,,,,,,,,,,,,,,,,,,32.0,,,,,,,,,,,9.0,0.0,0.0,,,,,,,,,21.0,,,,,,,
2023,general,university,UNI,2,Uni 002,Buffalo UNI 2,,,,212.0,,,,,,,,,,,,,,,,,,,,,,,,,,,,,,,,,,,,,,,,,,,,,,,,,,,,,,,,,,,,,,,,,,,,,,,,134.0,,,,,,,,,,,16.0,0.0,0.0,,,,,,,,,62.0,,,,,,,
2023,general,university,UNI,3,Uni 003,Buffalo UNI 3,,,,270.0,,,,,,,,,,,,,,,,,,,,,,,,,,,,,,,,,,,,,,,,,,,,,,,,,,,,,,,,,,,,,,,,,,,,,,,,152.0,,,,,,,,,,,17.0,0.0,4.0,,,,,,,,,97.0,,,,,,,
2023,general,university,UNI,4,Uni 004,Buffalo UNI 4,,,,137.0,,,,,,,,,,,,,,,,,,,,,,,,,,,,,,,,,,,,,,,,,,,,,,,,,,,,,,,,,,,,,,,,,,,,,,,,89.0,,,,,,,,,,,9.0,0.0,0.0,,,,,,,,,39.0,,,,,,,
2023,general,university,UNI,5,Uni 005,Buffalo UNI 5,,,,141.0,,,,,,,,,,,,,,,,,,,,,,,,,,,,,,,,,,,,,,,,,,,,,,,,,,,,,,,,,,,,,,,,,,,,,,,,91.0,,,,,,,,,,,12.0,0.0,0.0,,,,,,,,,38.0,,,,,,,
2023,general,university,UNI,6,Uni 006,Buffalo UNI 6,,,,65.0,,,,,,,,,,,,,,,,,,,,,,,,,,,,,,,,,,,,,,,,,,,,,,,,,,,,,,,,,,,,,,,,,,,,,,,,35.0,,,,,,,,,,,5.0,0.0,0.0,,,,,,,,,25.0,,,,,,,
2023,general,university,UNI,7,Uni 007,Buffalo UNI 7,,,,197.0,,,,,,,,,,,,,,,,,,,,,,,,,,,,,,,,,,,,,,,,,,,,,,,,,,,,,,,,,,,,,,,,,,,,,,,,127.0,,,,,,,,,,,17.0,1.0,4.0,,,,,,,,,48.0,,,,,,,
2023,general,university,UNI,8,Uni 008,Buffalo UNI 8,,,,48.0,,,,,,,,,,,,,,,,,,,,,,,,,,,,,,,,,,,,,,,,,,,,,,,,,,,,,,,,,,,,,,,,,,,,,,,,31.0,,,,,,,,,,,2.0,0.0,0.0,,,,,,,,,15.0,,,,,,,
2023,general,university,UNI,9,Uni 009,Buffalo UNI 9,,,,48.0,,,,,,,,,,,,,,,,,,,,,,,,,,,,,,,,,,,,,,,,,,,,,,,,,,,,,,,,,,,,,,,,,,,,,,,,35.0,,,,,,,,,,,0.0,0.0,0.0,,,,,,,,,13.0,,,,,,,
2023,general,university,UNI,10,Uni 010,Buffalo UNI 10,,,,225.0,,,,,,,,,,,,,,,,,,,,,,,,,,,,,,,,,,,,,,,,,,,,,,,,,,,,,,,,,,,,,,,,,,,,,,,,172.0,,,,,,,,,,,18.0,0.0,5.0,,,,,,,,,30.0,,,,,,,
2023,general,university,UNI,11,Uni 011,Buffalo UNI 11,,,,112.0,,,,,,,,,,,,,,,,,,,,,,,,,,,,,,,,,,,,,,,,,,,,,,,,,,,,,,,,,,,,,,,,,,,,,,,,95.0,,,,,,,,,,,4.0,0.0,0.0,,,,,,,,,13.0,,,,,,,
2023,general,university,UNI,12,Uni 012,Buffalo UNI 12,,,,243.0,,,,,,,,,,,,,,,,,,,,,,,,,,,,,,,,,,,,,,,,,,,,,,,,,,,,,,,,,,,,,,,,,,,,,,,,187.0,,,,,,,,,,,21.0,0.0,1.0,,,,,,,,,34.0,,,,,,,
2023,general,university,UNI,13,Uni 013,Buffalo UNI 13,,,,184.0,,,,,,,,,,,,,,,,,,,,,,,,,,,,,,,,,,,,,,,,,,,,,,,,,,,,,,,,,,,,,,,,,,,,,,,,146.0,,,,,,,,,,,6.0,0.0,0.0,,,,,,,,,32.0,,,,,,,
2023,general,university,UNI,14,Uni 014,Buffalo UNI 14,,,,118.0,,,,,,,,,,,,,,,,,,,,,,,,,,,,,,,,,,,,,,,,,,,,,,,,,,,,,,,,,,,,,,,,,,,,,,,,90.0,,,,,,,,,,,9.0,0.0,1.0,,,,,,,,,18.0,,,,,,,
2023,general,university,UNI,15,Uni 015,Buffalo UNI 15,,,,138.0,,,,,,,,,,,,,,,,,,,,,,,,,,,,,,,,,,,,,,,,,,,,,,,,,,,,,,,,,,,,,,,,,,,,,,,,121.0,,,,,,,,,,,4.0,1.0,2.0,,,,,,,,,10.0,,,,,,,
2023,general,university,UNI,16,Uni 016,Buffalo UNI 16,,,,143.0,,,,,,,,,,,,,,,,,,,,,,,,,,,,,,,,,,,,,,,,,,,,,,,,,,,,,,,,,,,,,,,,,,,,,,,,126.0,,,,,,,,,,,4.0,1.0,0.0,,,,,,,,,12.0,,,,,,,
2023,general,university,UNI,17,Uni 017,Buffalo UNI 17,,,,142.0,,,,,,,,,,,,,,,,,,,,,,,,,,,,,,,,,,,,,,,,,,,,,,,,,,,,,,,,,,,,,,,,,,,,,,,,127.0,,,,,,,,,,,5.0,0.0,0.0,,,,,,,,,10.0,,,,,,,
2023,general,university,UNI,18,Uni 018,Buffalo UNI 18,,,,19.0,,,,,,,,,,,,,,,,,,,,,,,,,,,,,,,,,,,,,,,,,,,,,,,,,,,,,,,,,,,,,,,,,,,,,,,,13.0,,,,,,,,,,,1.0,0.0,0.0,,,,,,,,,5.0,,,,,,,
2023,general,university,UNI,19,Uni 019,Buffalo UNI 19,,,,113.0,,,,,,,,,,,,,,,,,,,,,,,,,,,,,,,,,,,,,,,,,,,,,,,,,,,,,,,,,,,,,,,,,,,,,,,,99.0,,,,,,,,,,,4.0,0.0,0.0,,,,,,,,,10.0,,,,,,,
2023,general,university,UNI,20,Uni 020,Buffalo UNI 20,,,,115.0,,,,,,,,,,,,,,,,,,,,,,,,,,,,,,,,,,,,,,,,,,,,,,,,,,,,,,,,,,,,,,,,,,,,,,,,110.0,,,,,,,,,,,1.0,0.0,0.0,,,,,,,,,4.0,,,,,,,
2023,general,university,UNI,21,Uni 021,Buffalo UNI 21,,,,180.0,,,,,,,,,,,,,,,,,,,,,,,,,,,,,,,,,,,,,,,,,,,,,,,,,,,,,,,,,,,,,,,,,,,,,,,,162.0,,,,,,,,,,,5.0,0.0,3.0,,,,,,,,,10.0,,,,,,,
2023,general,university,UNI,22,Uni 022,Buffalo UNI 22,,,,112.0,,,,,,,,,,,,,,,,,,,,,,,,,,,,,,,,,,,,,,,,,,,,,,,,,,,,,,,,,,,,,,,,,,,,,,,,97.0,,,,,,,,,,,8.0,0.0,1.0,,,,,,,,,6.0,,,,,,,
2023,general,university,UNI,23,Uni 023,Buffalo UNI 23,,,,97.0,,,,,,,,,,,,,,,,,,,,,,,,,,,,,,,,,,,,,,,,,,,,,,,,,,,,,,,,,,,,,,,,,,,,,,,,89.0,,,,,,,,,,,5.0,0.0,0.0,,,,,,,,,3.0,,,,,,,
2023,general,university,UNI,24,Uni 024,Buffalo UNI 24,,,,144.0,,,,,,,,,,,,,,,,,,,,,,,,,,,,,,,,,,,,,,,,,,,,,,,,,,,,,,,,,,,,,,,,,,,,,,,,130.0,,,,,,,,,,,9.0,0.0,0.0,,,,,,,,,5.0,,,,,,,
2023,general,university,UNI,25,Uni 025,Buffalo UNI 25,,,,207.0,,,,,,,,,,,,,,,,,,,,,,,,,,,,,,,,,,,,,,,,,,,,,,,,,,,,,,,,,,,,,,,,,,,,,,,,180.0,,,,,,,,,,,6.0,0.0,3.0,,,,,,,,,18.0,,,,,,,
2023,general,university,UNI,26,Uni 026,Buffalo UNI 26,,,,110.0,,,,,,,,,,,,,,,,,,,,,,,,,,,,,,,,,,,,,,,,,,,,,,,,,,,,,,,,,,,,,,,,,,,,,,,,97.0,,,,,,,,,,,5.0,0.0,0.0,,,,,,,,,8.0,,,,,,,
2023,general,university,UNI,27,Uni 027,Buffalo UNI 27,,,,68.0,,,,,,,,,,,,,,,,,,,,,,,,,,,,,,,,,,,,,,,,,,,,,,,,,,,,,,,,,,,,,,,,,,,,,,,,62.0,,,,,,,,,,,4.0,0.0,0.0,,,,,,,,,2.0,,,,,,,
2023,primary,ellicott,ELL,1,ELL 1 (2),Buffalo ELL 1,,,,218.0,,,,,,,,,,,,,,,,,,,,,,,,,,,,,,,,,,,,,,,,,,,,,,,,,,,,,,,,,,,,,,,,,,,,,,,,,,,,,,,,,,,0.0,0.0,3.0,,62.0,,,,,,,,34.0,47.0,72.0,,,,
2023,primary,ellicott,ELL,3,ELL 3,Buffalo ELL 3,,,,121.0,,,,,,,,,,,,,,,,,,,,,,,,,,,,,,,,,,,,,,,,,,,,,,,,,,,,,,,,,,,,,,,,,,,,,,,,,,,,,,,,,,,1.0,1.0,0.0,,48.0,,,,,,,,15.0,24.0,32.0,,,,
2023,primary,ellicott,ELL,4,"ELL 4 (5, 6, 10)",Buffalo ELL 4,,,,156.0,,,,,,,,,,,,,,,,,,,,,,,,,,,,,,,,,,,,,,,,,,,,,,,,,,,,,,,,,,,,,,,,,,,,,,,,,,,,,,,,,,,1.0,0.0,0.0,,64.0,,,,,,,,22.0,17.0,52.0,,,,
2023,primary,ellicott,ELL,7,ELL 7,Buffalo ELL 7,,,,23.0,,,,,,,,,,,,,,,,,,,,,,,,,,,,,,,,,,,,,,,,,,,,,,,,,,,,,,,,,,,,,,,,,,,,,,,,,,,,,,,,,,,0.0,0.0,0.0,,11.0,,,,,,,,1.0,0.0,11.0,,,,
2023,primary,ellicott,ELL,8,ELL 8 (36),Buffalo ELL 8,,,,58.0,,,,,,,,,,,,,,,,,,,,,,,,,,,,,,,,,,,,,,,,,,,,,,,,,,,,,,,,,,,,,,,,,,,,,,,,,,,,,,,,,,,0.0,0.0,1.0,,23.0,,,,,,,,2.0,15.0,17.0,,,,
2023,primary,ellicott,ELL,9,ELL 9,Buffalo ELL 9,,,,7.0,,,,,,,,,,,,,,,,,,,,,,,,,,,,,,,,,,,,,,,,,,,,,,,,,,,,,,,,,,,,,,,,,,,,,,,,,,,,,,,,,,,1.0,1.0,0.0,,2.0,,,,,,,,2.0,0.0,1.0,,,,
2023,primary,ellicott,ELL,11,"ELL 11 (12, 13, 17)",Buffalo ELL 11,,,,259.0,,,,,,,,,,,,,,,,,,,,,,,,,,,,,,,,,,,,,,,,,,,,,,,,,,,,,,,,,,,,,,,,,,,,,,,,,,,,,,,,,,,2.0,3.0,5.0,,137.0,,,,,,,,23.0,13.0,76.0,,,,
2023,primary,ellicott,ELL,14,ELL 14,Buffalo ELL 14,,,,93.0,,,,,,,,,,,,,,,,,,,,,,,,,,,,,,,,,,,,,,,,,,,,,,,,,,,,,,,,,,,,,,,,,,,,,,,,,,,,,,,,,,,0.0,2.0,2.0,,49.0,,,,,,,,7.0,4.0,29.0,,,,
2023,primary,ellicott,ELL,15,ELL 15,Buffalo ELL 15,,,,26.0,,,,,,,,,,,,,,,,,,,,,,,,,,,,,,,,,,,,,,,,,,,,,,,,,,,,,,,,,,,,,,,,,,,,,,,,,,,,,,,,,,,0.0,0.0,0.0,,12.0,,,,,,,,10.0,2.0,2.0,,,,
2023,primary,ellicott,ELL,16,ELL 16 (24),Buffalo ELL 16,,,,83.0,,,,,,,,,,,,,,,,,,,,,,,,,,,,,,,,,,,,,,,,,,,,,,,,,,,,,,,,,,,,,,,,,,,,,,,,,,,,,,,,,,,0.0,1.0,3.0,,44.0,,,,,,,,12.0,1.0,22.0,,,,
2023,primary,ellicott,ELL,18,ELL 18,Buffalo ELL 18,,,,30.0,,,,,,,,,,,,,,,,,,,,,,,,,,,,,,,,,,,,,,,,,,,,,,,,,,,,,,,,,,,,,,,,,,,,,,,,,,,,,,,,,,,0.0,0.0,1.0,,13.0,,,,,,,,5.0,5.0,6.0,,,,
2023,primary,ellicott,ELL,19,ELL 19 (20),Buffalo ELL 19,,,,142.0,,,,,,,,,,,,,,,,,,,,,,,,,,,,,,,,,,,,,,,,,,,,,,,,,,,,,,,,,,,,,,,,,,,,,,,,,,,,,,,,,,,1.0,2.0,2.0,,75.0,,,,,,,,11.0,4.0,47.0,,,,
2023,primary,ellicott,ELL,21,ELL 21,Buffalo ELL 21,,,,73.0,,,,,,,,,,,,,,,,,,,,,,,,,,,,,,,,,,,,,,,,,,,,,,,,,,,,,,,,,,,,,,,,,,,,,,,,,,,,,,,,,,,0.0,0.0,0.0,,49.0,,,,,,,,8.0,4.0,12.0,,,,
2023,primary,ellicott,ELL,22,ELL 22 (23),Buffalo ELL 22,,,,117.0,,,,,,,,,,,,,,,,,,,,,,,,,,,,,,,,,,,,,,,,,,,,,,,,,,,,,,,,,,,,,,,,,,,,,,,,,,,,,,,,,,,0.0,2.0,1.0,,68.0,,,,,,,,6.0,6.0,34.0,,,,
2023,primary,ellicott,ELL,25,ELL 25 (26),Buffalo ELL 25,,,,125.0,,,,,,,,,,,,,,,,,,,,,,,,,,,,,,,,,,,,,,,,,,,,,,,,,,,,,,,,,,,,,,,,,,,,,,,,,,,,,,,,,,,0.0,0.0,2.0,,70.0,,,,,,,,6.0,8.0,39.0,,,,
2023,primary,ellicott,ELL,27,ELL 27,Buffalo ELL 27,,,,55.0,,,,,,,,,,,,,,,,,,,,,,,,,,,,,,,,,,,,,,,,,,,,,,,,,,,,,,,,,,,,,,,,,,,,,,,,,,,,,,,,,,,2.0,0.0,0.0,,33.0,,,,,,,,3.0,0.0,17.0,,,,
2023,primary,ellicott,ELL,28,ELL 28 (32),Buffalo ELL 28,,,,84.0,,,,,,,,,,,,,,,,,,,,,,,,,,,,,,,,,,,,,,,,,,,,,,,,,,,,,,,,,,,,,,,,,,,,,,,,,,,,,,,,,,,0.0,0.0,1.0,,52.0,,,,,,,,4.0,3.0,24.0,,,,
2023,primary,ellicott,ELL,29,"ELL 29 (30, 31)",Buffalo ELL 29,,,,227.0,,,,,,,,,,,,,,,,,,,,,,,,,,,,,,,,,,,,,,,,,,,,,,,,,,,,,,,,,,,,,,,,,,,,,,,,,,,,,,,,,,,0.0,4.0,1.0,,126.0,,,,,,,,11.0,11.0,74.0,,,,
2023,primary,ellicott,ELL,33,ELL 33,Buffalo ELL 33,,,,248.0,,,,,,,,,,,,,,,,,,,,,,,,,,,,,,,,,,,,,,,,,,,,,,,,,,,,,,,,,,,,,,,,,,,,,,,,,,,,,,,,,,,0.0,0.0,0.0,,80.0,,,,,,,,21.0,96.0,51.0,,,,
2023,primary,ellicott,ELL,34,ELL 34,Buffalo ELL 34,,,,211.0,,,,,,,,,,,,,,,,,,,,,,,,,,,,,,,,,,,,,,,,,,,,,,,,,,,,,,,,,,,,,,,,,,,,,,,,,,,,,,,,,,,0.0,0.0,1.0,,79.0,,,,,,,,14.0,86.0,31.0,,,,
2023,primary,ellicott,ELL,35,ELL 35,Buffalo ELL 35,,,,126.0,,,,,,,,,,,,,,,,,,,,,,,,,,,,,,,,,,,,,,,,,,,,,,,,,,,,,,,,,,,,,,,,,,,,,,,,,,,,,,,,,,,0.0,1.0,0.0,,36.0,,,,,,,,12.0,65.0,12.0,,,,
2023,primary,lovejoy,LOV,1,"LOV 1 (2, 3)",Buffalo LOV 1,,,,98.0,,,,,,,,,,,,,,,,,,,,,,,,,,,,,,,,,,,,,,,,,,,,,,,,,,,,,,,,,,,,,,,,,,46.0,,,,,,,,,,,,,,,,,0.0,0.0,0.0,,,,,,,,,,,,,52.0,,,
2023,primary,lovejoy,LOV,4,LOV 4 (5),Buffalo LOV 4,,,,115.0,,,,,,,,,,,,,,,,,,,,,,,,,,,,,,,,,,,,,,,,,,,,,,,,,,,,,,,,,,,,,,,,,,80.0,,,,,,,,,,,,,,,,,0.0,3.0,0.0,,,,,,,,,,,,,32.0,,,
2023,primary,lovejoy,LOV,6,"LOV 6 (7, 8, 9, 10, 33)",Buffalo LOV 6,,,,247.0,,,,,,,,,,,,,,,,,,,,,,,,,,,,,,,,,,,,,,,,,,,,,,,,,,,,,,,,,,,,,,,,,,131.0,,,,,,,,,,,,,,,,,0.0,2.0,2.0,,,,,,,,,,,,,112.0,,,
2023,primary,lovejoy,LOV,11,"LOV 11 (12, 13, 14)",Buffalo LOV 11,,,,332.0,,,,,,,,,,,,,,,,,,,,,,,,,,,,,,,,,,,,,,,,,,,,,,,,,,,,,,,,,,,,,,,,,,204.0,,,,,,,,,,,,,,,,,1.0,2.0,0.0,,,,,,,,,,,,,125.0,,,
2023,primary,lovejoy,LOV,15,"LOV 15 (16, 17, 18, 19, 34)",Buffalo LOV 15,,,,245.0,,,,,,,,,,,,,,,,,,,,,,,,,,,,,,,,,,,,,,,,,,,,,,,,,,,,,,,,,,,,,,,,,,165.0,,,,,,,,,,,,,,,,,0.0,2.0,0.0,,,,,,,,,,,,,78.0,,,
2023,primary,lovejoy,LOV,20,"LOV 20 (21, 22)",Buffalo LOV 20,,,,73.0,,,,,,,,,,,,,,,,,,,,,,,,,,,,,,,,,,,,,,,,,,,,,,,,,,,,,,,,,,,,,,,,,,58.0,,,,,,,,,,,,,,,,,0.0,0.0,0.0,,,,,,,,,,,,,15.0,,,
2023,primary,lovejoy,LOV,23,"LOV 23 (24, 28)",Buffalo LOV 23,,,,147.0,,,,,,,,,,,,,,,,,,,,,,,,,,,,,,,,,,,,,,,,,,,,,,,,,,,,,,,,,,,,,,,,,,128.0,,,,,,,,,,,,,,,,,0.0,0.0,1.0,,,,,,,,,,,,,18.0,,,
2023,primary,lovejoy,LOV,25,LOV 25 (26),Buffalo LOV 25,,,,54.0,,,,,,,,,,,,,,,,,,,,,,,,,,,,,,,,,,,,,,,,,,,,,,,,,,,,,,,,,,,,,,,,,,48.0,,,,,,,,,,,,,,,,,0.0,0.0,0.0,,,,,,,,,,,,,6.0,,,
2023,primary,lovejoy,LOV,27,LOV 27 (31),Buffalo LOV 27,,,,26.0,,,,,,,,,,,,,,,,,,,,,,,,,,,,,,,,,,,,,,,,,,,,,,,,,,,,,,,,,,,,,,,,,,23.0,,,,,,,,,,,,,,,,,0.0,0.0,0.0,,,,,,,,,,,,,3.0,,,
2023,primary,lovejoy,LOV,29,"LOV 29 (30, 32)",Buffalo LOV 29,,,,142.0,,,,,,,,,,,,,,,,,,,,,,,,,,,,,,,,,,,,,,,,,,,,,,,,,,,,,,,,,,,,,,,,,,133.0,,,,,,,,,,,,,,,,,0.0,0.0,1.0,,,,,,,,,,,,,8.0,,,
2023,primary,masten,MAS,1,"MAS 1 (3, 8, 9, 10)",Buffalo MAS 1,,,,313.0,,,,,,,,,,,,,,,,,,,,,,,,,,,,,,,,,,,,,,,,,,,,,,,,,,,,,,,,,,,,,,,,,,,,,,,,,,,,,,,,,,,0.0,0.0,8.0,,,,,,221.0,,,,,,,,84.0,,
2023,primary,masten,MAS,2,"MAS 2 (27, 34, 39, 43, 44)",Buffalo MAS 2,,,,138.0,,,,,,,,,,,,,,,,,,,,,,,,,,,,,,,,,,,,,,,,,,,,,,,,,,,,,,,,,,,,,,,,,,,,,,,,,,,,,,,,,,,0.0,0.0,1.0,,,,,,71.0,,,,,,,,66.0,,
2023,primary,masten,MAS,4,"MAS 4 (11, 12, 17, 18)",Buffalo MAS 4,,,,350.0,,,,,,,,,,,,,,,,,,,,,,,,,,,,,,,,,,,,,,,,,,,,,,,,,,,,,,,,,,,,,,,,,,,,,,,,,,,,,,,,,,,0.0,1.0,1.0,,,,,,237.0,,,,,,,,111.0,,
2023,primary,masten,MAS,5,"MAS 5 (6, 7)",Buffalo MAS 5,,,,123.0,,,,,,,,,,,,,,,,,,,,,,,,,,,,,,,,,,,,,,,,,,,,,,,,,,,,,,,,,,,,,,,,,,,,,,,,,,,,,,,,,,,0.0,0.0,0.0,,,,,,84.0,,,,,,,,39.0,,
2023,primary,masten,MAS,13,MAS 13 (20),Buffalo MAS 13,,,,142.0,,,,,,,,,,,,,,,,,,,,,,,,,,,,,,,,,,,,,,,,,,,,,,,,,,,,,,,,,,,,,,,,,,,,,,,,,,,,,,,,,,,0.0,0.0,1.0,,,,,,101.0,,,,,,,,40.0,,
2023,primary,masten,MAS,14,"MAS 14 (15, 21, 22)",Buffalo MAS 14,,,,184.0,,,,,,,,,,,,,,,,,,,,,,,,,,,,,,,,,,,,,,,,,,,,,,,,,,,,,,,,,,,,,,,,,,,,,,,,,,,,,,,,,,,0.0,0.0,0.0,,,,,,124.0,,,,,,,,60.0,,
2023,primary,masten,MAS,16,"MAS 16 (24, 28, 29)",Buffalo MAS 16,,,,314.0,,,,,,,,,,,,,,,,,,,,,,,,,,,,,,,,,,,,,,,,,,,,,,,,,,,,,,,,,,,,,,,,,,,,,,,,,,,,,,,,,,,0.0,0.0,2.0,,,,,,216.0,,,,,,,,96.0,,
2023,primary,masten,MAS,19,"MAS 19 (23, 25, 26)",Buffalo MAS 19,,,,284.0,,,,,,,,,,,,,,,,,,,,,,,,,,,,,,,,,,,,,,,,,,,,,,,,,,,,,,,,,,,,,,,,,,,,,,,,,,,,,,,,,,,0.0,1.0,1.0,,,,,,171.0,,,,,,,,111.0,,
2023,primary,masten,MAS,30,MAS 30 (40),Buffalo MAS 30,,,,112.0,,,,,,,,,,,,,,,,,,,,,,,,,,,,,,,,,,,,,,,,,,,,,,,,,,,,,,,,,,,,,,,,,,,,,,,,,,,,,,,,,,,0.0,0.0,1.0,,,,,,69.0,,,,,,,,42.0,,
2023,primary,masten,MAS,31,MAS 31 (32),Buffalo MAS 31,,,,87.0,,,,,,,,,,,,,,,,,,,,,,,,,,,,,,,,,,,,,,,,,,,,,,,,,,,,,,,,,,,,,,,,,,,,,,,,,,,,,,,,,,,1.0,0.0,3.0,,,,,,55.0,,,,,,,,28.0,,
2023,primary,masten,MAS,33,MAS 33,Buffalo MAS 33,,,,72.0,,,,,,,,,,,,,,,,,,,,,,,,,,,,,,,,,,,,,,,,,,,,,,,,,,,,,,,,,,,,,,,,,,,,,,,,,,,,,,,,,,,0.0,1.0,1.0,,,,,,40.0,,,,,,,,30.0,,
2023,primary,masten,MAS,35,"MAS 35 (36, 37, 38)",Buffalo MAS 35,,,,152.0,,,,,,,,,,,,,,,,,,,,,,,,,,,,,,,,,,,,,,,,,,,,,,,,,,,,,,,,,,,,,,,,,,,,,,,,,,,,,,,,,,,1.0,0.0,1.0,,,,,,112.0,,,,,,,,38.0,,
2023,primary,masten,MAS,41,MAS 41 (42),Buffalo MAS 41,,,,84.0,,,,,,,,,,,,,,,,,,,,,,,,,,,,,,,,,,,,,,,,,,,,,,,,,,,,,,,,,,,,,,,,,,,,,,,,,,,,,,,,,,,0.0,1.0,2.0,,,,,,50.0,,,,,,,,31.0,,
2023,primary,north,NOR,1,"NOR 1 (5, 25, 27)",Buffalo NOR 1,,,,221.0,,,,,,,,,,193.0,,,,,,,,,,,,,,,,,,,,,,,,,,,,,,,,,,,,,,,,,,,,,,,,,,,,,,,,,,,,,,,,,,,,,,,,,2.0,0.0,1.0,,,,,,,,,,,,,,,25.0,
2023,primary,north,NOR,2,NOR 2 (6),Buffalo NOR 2,,,,124.0,,,,,,,,,,105.0,,,,,,,,,,,,,,,,,,,,,,,,,,,,,,,,,,,,,,,,,,,,,,,,,,,,,,,,,,,,,,,,,,,,,,,,,0.0,0.0,0.0,,,,,,,,,,,,,,,19.0,
2023,primary,north,NOR,3,NOR 3,Buffalo NOR 3,,,,21.0,,,,,,,,,,13.0,,,,,,,,,,,,,,,,,,,,,,,,,,,,,,,,,,,,,,,,,,,,,,,,,,,,,,,,,,,,,,,,,,,,,,,,,0.0,0.0,0.0,,,,,,,,,,,,,,,8.0,
2023,primary,north,NOR,4,NOR 4,Buffalo NOR 4,,,,41.0,,,,,,,,,,12.0,,,,,,,,,,,,,,,,,,,,,,,,,,,,,,,,,,,,,,,,,,,,,,,,,,,,,,,,,,,,,,,,,,,,,,,,,2.0,0.0,0.0,,,,,,,,,,,,,,,27.0,
2023,primary,north,NOR,7,NOR 7 (13),Buffalo NOR 7,,,,103.0,,,,,,,,,,87.0,,,,,,,,,,,,,,,,,,,,,,,,,,,,,,,,,,,,,,,,,,,,,,,,,,,,,,,,,,,,,,,,,,,,,,,,,0.0,0.0,0.0,,,,,,,,,,,,,,,16.0,
2023,primary,north,NOR,8,NOR 8,Buffalo NOR 8,,,,11.0,,,,,,,,,,6.0,,,,,,,,,,,,,,,,,,,,,,,,,,,,,,,,,,,,,,,,,,,,,,,,,,,,,,,,,,,,,,,,,,,,,,,,,0.0,0.0,0.0,,,,,,,,,,,,,,,5.0,
2023,primary,north,NOR,9,"NOR 9 (15, 16, 19)",Buffalo NOR 9,,,,182.0,,,,,,,,,,123.0,,,,,,,,,,,,,,,,,,,,,,,,,,,,,,,,,,,,,,,,,,,,,,,,,,,,,,,,,,,,,,,,,,,,,,,,,0.0,0.0,0.0,,,,,,,,,,,,,,,59.0,
2023,primary,north,NOR,10,NOR 10 (11),Buffalo NOR 10,,,,117.0,,,,,,,,,,73.0,,,,,,,,,,,,,,,,,,,,,,,,,,,,,,,,,,,,,,,,,,,,,,,,,,,,,,,,,,,,,,,,,,,,,,,,,0.0,0.0,0.0,,,,,,,,,,,,,,,44.0,
2023,primary,north,NOR,12,NOR 12 (14),Buffalo NOR 12,,,,137.0,,,,,,,,,,103.0,,,,,,,,,,,,,,,,,,,,,,,,,,,,,,,,,,,,,,,,,,,,,,,,,,,,,,,,,,,,,,,,,,,,,,,,,0.0,0.0,0.0,,,,,,,,,,,,,,,34.0,
2023,primary,north,NOR,17,NOR 17,Buffalo NOR 17,,,,41.0,,,,,,,,,,22.0,,,,,,,,,,,,,,,,,,,,,,,,,,,,,,,,,,,,,,,,,,,,,,,,,,,,,,,,,,,,,,,,,,,,,,,,,0.0,0.0,0.0,,,,,,,,,,,,,,,19.0,
2023,primary,north,NOR,18,NOR 18 (21),Buffalo NOR 18,,,,155.0,,,,,,,,,,121.0,,,,,,,,,,,,,,,,,,,,,,,,,,,,,,,,,,,,,,,,,,,,,,,,,,,,,,,,,,,,,,,,,,,,,,,,,0.0,0.0,1.0,,,,,,,,,,,,,,,33.0,
2023,primary,north,NOR,20,NOR 20 (24),Buffalo NOR 20,,,,199.0,,,,,,,,,,121.0,,,,,,,,,,,,,,,,,,,,,,,,,,,,,,,,,,,,,,,,,,,,,,,,,,,,,,,,,,,,,,,,,,,,,,,,,0.0,0.0,0.0,,,,,,,,,,,,,,,78.0,
2023,primary,north,NOR,22,NOR 22,Buffalo NOR 22,,,,31.0,,,,,,,,,,13.0,,,,,,,,,,,,,,,,,,,,,,,,,,,,,,,,,,,,,,,,,,,,,,,,,,,,,,,,,,,,,,,,,,,,,,,,,0.0,0.0,0.0,,,,,,,,,,,,,,,18.0,
2023,primary,north,NOR,23,NOR 23 (26),Buffalo NOR 23,,,,155.0,,,,,,,,,,86.0,,,,,,,,,,,,,,,,,,,,,,,,,,,,,,,,,,,,,,,,,,,,,,,,,,,,,,,,,,,,,,,,,,,,,,,,,1.0,0.0,0.0,,,,,,,,,,,,,,,68.0,
2023,primary,university,UNI,1,"UNI 1 (5, 7, 18)",Buffalo UNI 1,,,,143.0,,,,,,,,,,,,,,,,,,,,,,,,,,,,,,,,,,,,,,,,,,,,,,,,,,,,,,,,,,,,,,,,,,,,,,,,56.0,,,,,,,,,,,0.0,0.0,1.0,,,,,,,,,,,,,,,,86.0
2023,primary,university,UNI,2,UNI 2 (3),Buffalo UNI 2,,,,182.0,,,,,,,,,,,,,,,,,,,,,,,,,,,,,,,,,,,,,,,,,,,,,,,,,,,,,,,,,,,,,,,,,,,,,,,,72.0,,,,,,,,,,,0.0,2.0,0.0,,,,,,,,,,,,,,,,108.0
2023,primary,university,UNI,4,"UNI 4 (6, 8)",Buffalo UNI 4,,,,127.0,,,,,,,,,,,,,,,,,,,,,,,,,,,,,,,,,,,,,,,,,,,,,,,,,,,,,,,,,,,,,,,,,,,,,,,,49.0,,,,,,,,,,,0.0,0.0,0.0,,,,,,,,,,,,,,,,78.0
2023,primary,university,UNI,9,UNI 9,Buffalo UNI 9,,,,23.0,,,,,,,,,,,,,,,,,,,,,,,,,,,,,,,,,,,,,,,,,,,,,,,,,,,,,,,,,,,,,,,,,,,,,,,,12.0,,,,,,,,,,,0.0,0.0,0.0,,,,,,,,,,,,,,,,11.0
2023,primary,university,UNI,10,"UNI 10 (11, 13)",Buffalo UNI 10,,,,304.0,,,,,,,,,,,,,,,,,,,,,,,,,,,,,,,,,,,,,,,,,,,,,,,,,,,,,,,,,,,,,,,,,,,,,,,,196.0,,,,,,,,,,,0.0,2.0,0.0,,,,,,,,,,,,,,,,106.0
2023,primary,university,UNI,12,"UNI 12 (14, 17, 20)",Buffalo UNI 12,,,,318.0,,,,,,,,,,,,,,,,,,,,,,,,,,,,,,,,,,,,,,,,,,,,,,,,,,,,,,,,,,,,,,,,,,,,,,,,239.0,,,,,,,,,,,0.0,2.0,1.0,,,,,,,,,,,,,,,,76.0
2023,primary,university,UNI,15,UNI 15,Buffalo UNI 15,,,,76.0,,,,,,,,,,,,,,,,,,,,,,,,,,,,,,,,,,,,,,,,,,,,,,,,,,,,,,,,,,,,,,,,,,,,,,,,50.0,,,,,,,,,,,1.0,0.0,0.0,,,,,,,,,,,,,,,,25.0
2023,primary,university,UNI,16,"UNI 16 (19, 21)",Buffalo UNI 16,,,,252.0,,,,,,,,,,,,,,,,,,,,,,,,,,,,,,,,,,,,,,,,,,,,,,,,,,,,,,,,,,,,,,,,,,,,,,,,185.0,,,,,,,,,,,1.0,1.0,0.0,,,,,,,,,,,,,,,,65.0
2023,primary,university,UNI,22,UNI 22 (23),Buffalo UNI 22,,,,124.0,,,,,,,,,,,,,,,,,,,,,,,,,,,,,,,,,,,,,,,,,,,,,,,,,,,,,,,,,,,,,,,,,,,,,,,,100.0,,,,,,,,,,,0.0,0.0,0.0,,,,,,,,,,,,,,,,24.0
2023,primary,university,UNI,24,UNI 24,Buffalo UNI 24,,,,95.0,,,,,,,,,,,,,,,,,,,,,,,,,,,,,,,,,,,,,,,,,,,,,,,,,,,,,,,,,,,,,,,,,,,,,,,,75.0,,,,,,,,,,,0.0,0.0,2.0,,,,,,,,,,,,,,,,18.0
2023,primary,university,UNI,25,"UNI 25 (26, 27)",Buffalo UNI 25,,,,227.0,,,,,,,,,,,,,,,,,,,,,,,,,,,,,,,,,,,,,,,,,,,,,,,,,,,,,,,,,,,,,,,,,,,,,,,,186.0,,,,,,,,,,,0.0,3.0,1.0,,,,,,,,,,,,,,,,37.0
