year,election_type,ward,ed_num,ed_label,shapefile_key,Mark J F Schroeder,Byron W Brown,Betty Jean Grant,Taniqua Simmons,Beverly A. Gray,Anthony M. Masiello,"Blank, Void & Scattering",TOTAL,Judith Einach Write In,Steven A. Calvaneso,Byron W. Brown,Kevin P. Gaughan,Kevin J. Helfer,Charles J. Flynn,Judith S. Einach,Michael P. Kearns,Bernie Tolbert,Sergio R. Rodriguez,Anita L Howard,Terrence A Robinson,total,India B. Walton,Le'Candice M. Durham,Blank,Void,Scattering,Total,Byron Brown,Ben Carlisle,Jaz Miles,William O'Dell,"Blank, Void, and Scattering",Christopher P. Scanlon,Anthony J.P. Tyson-Thompson,Rasheed N.C. Wyatt,Garnell Whitfield Jr.,Sean M. Ryan,Michael Gainer,James R. Gardner,Michael Gainer Restore Buffalo,Kevin Gay,Charles A. Notaro
2017,primary,DEL,1,Del 001,Buffalo DEL 1,90.0,122.0,26.0,0.0,,,,,,,,,,,,,,,,,,,,,,,,,,,,,,,,,,,,,,
2017,primary,DEL,3,Del 003,Buffalo DEL 3,103.0,112.0,16.0,0.0,,,,,,,,,,,,,,,,,,,,,,,,,,,,,,,,,,,,,,
2017,primary,DEL,4,Del 004,Buffalo DEL 4,64.0,121.0,24.0,0.0,,,,,,,,,,,,,,,,,,,,,,,,,,,,,,,,,,,,,,
2017,primary,DEL,8,Del 008,Buffalo DEL 8,108.0,111.0,9.0,0.0,,,,,,,,,,,,,,,,,,,,,,,,,,,,,,,,,,,,,,
2017,primary,DEL,9,Del 009,Buffalo DEL 9,109.0,128.0,15.0,0.0,,,,,,,,,,,,,,,,,,,,,,,,,,,,,,,,,,,,,,
2017,primary,DEL,11,Del 011,Buffalo DEL 11,68.0,131.0,22.0,0.0,,,,,,,,,,,,,,,,,,,,,,,,,,,,,,,,,,,,,,
2017,primary,DEL,13,Del 013,Buffalo DEL 13,62.0,83.0,17.0,0.0,,,,,,,,,,,,,,,,,,,,,,,,,,,,,,,,,,,,,,
2017,primary,DEL,16,Del 016,Buffalo DEL 16,126.0,140.0,23.0,1.0,,,,,,,,,,,,,,,,,,,,,,,,,,,,,,,,,,,,,,
2017,primary,DEL,18,Del 018,Buffalo DEL 18,64.0,108.0,12.0,0.0,,,,,,,,,,,,,,,,,,,,,,,,,,,,,,,,,,,,,,
2017,primary,DEL,19,Del 019,Buffalo DEL 19,163.0,168.0,28.0,0.0,,,,,,,,,,,,,,,,,,,,,,,,,,,,,,,,,,,,,,
2017,primary,DEL,20,Del 020,Buffalo DEL 20,123.0,132.0,25.0,0.0,,,,,,,,,,,,,,,,,,,,,,,,,,,,,,,,,,,,,,
2017,primary,DEL,25,Del 025,Buffalo DEL 25,84.0,134.0,18.0,0.0,,,,,,,,,,,,,,,,,,,,,,,,,,,,,,,,,,,,,,
2017,primary,DEL,27,Del 027,Buffalo DEL 27,22.0,50.0,17.0,0.0,,,,,,,,,,,,,,,,,,,,,,,,,,,,,,,,,,,,,,
2017,primary,DEL,29,Del 029,Buffalo DEL 29,93.0,100.0,33.0,0.0,,,,,,,,,,,,,,,,,,,,,,,,,,,,,,,,,,,,,,
2017,primary,DEL,30,Del 030,Buffalo DEL 30,58.0,88.0,18.0,0.0,,,,,,,,,,,,,,,,,,,,,,,,,,,,,,,,,,,,,,
2017,primary,DEL,31,Del 031,Buffalo DEL 31,100.0,106.0,13.0,0.0,,,,,,,,,,,,,,,,,,,,,,,,,,,,,,,,,,,,,,
2017,primary,DEL,32,Del 032,Buffalo DEL 32,133.0,127.0,23.0,1.0,,,,,,,,,,,,,,,,,,,,,,,,,,,,,,,,,,,,,,
2017,primary,DEL,34,Del 034,Buffalo DEL 34,66.0,89.0,15.0,0.0,,,,,,,,,,,,,,,,,,,,,,,,,,,,,,,,,,,,,,
2017,primary,ELL,1,Ell 001,Buffalo ELL 1,64.0,167.0,41.0,0.0,,,,,,,,,,,,,,,,,,,,,,,,,,,,,,,,,,,,,,
2017,primary,ELL,2,Ell 002,Buffalo ELL 2,48.0,74.0,14.0,1.0,,,,,,,,,,,,,,,,,,,,,,,,,,,,,,,,,,,,,,
2017,primary,ELL,3,Ell 003,Buffalo ELL 3,52.0,113.0,26.0,0.0,,,,,,,,,,,,,,,,,,,,,,,,,,,,,,,,,,,,,,
2017,primary,ELL,4,Ell 004,Buffalo ELL 4,21.0,187.0,54.0,3.0,,,,,,,,,,,,,,,,,,,,,,,,,,,,,,,,,,,,,,
2017,primary,ELL,7,Ell 007,Buffalo ELL 7,22.0,206.0,54.0,7.0,,,,,,,,,,,,,,,,,,,,,,,,,,,,,,,,,,,,,,
2017,primary,ELL,11,Ell 011,Buffalo ELL 11,33.0,126.0,50.0,0.0,,,,,,,,,,,,,,,,,,,,,,,,,,,,,,,,,,,,,,
2017,primary,ELL,13,Ell 013,Buffalo ELL 13,30.0,130.0,32.0,0.0,,,,,,,,,,,,,,,,,,,,,,,,,,,,,,,,,,,,,,
2017,primary,ELL,14,Ell 014,Buffalo ELL 14,20.0,19.0,4.0,0.0,,,,,,,,,,,,,,,,,,,,,,,,,,,,,,,,,,,,,,
2017,primary,ELL,15,Ell 015,Buffalo ELL 15,49.0,85.0,22.0,0.0,,,,,,,,,,,,,,,,,,,,,,,,,,,,,,,,,,,,,,
2017,primary,ELL,16,Ell 016,Buffalo ELL 16,13.0,65.0,15.0,0.0,,,,,,,,,,,,,,,,,,,,,,,,,,,,,,,,,,,,,,
2017,primary,ELL,18,Ell 018,Buffalo ELL 18,33.0,69.0,24.0,0.0,,,,,,,,,,,,,,,,,,,,,,,,,,,,,,,,,,,,,,
2017,primary,ELL,19,Ell 019,Buffalo ELL 19,52.0,179.0,41.0,2.0,,,,,,,,,,,,,,,,,,,,,,,,,,,,,,,,,,,,,,
2017,primary,ELL,21,Ell 021,Buffalo ELL 21,20.0,82.0,22.0,0.0,,,,,,,,,,,,,,,,,,,,,,,,,,,,,,,,,,,,,,
2017,primary,ELL,22,Ell 022,Buffalo ELL 22,22.0,158.0,37.0,0.0,,,,,,,,,,,,,,,,,,,,,,,,,,,,,,,,,,,,,,
2017,primary,ELL,24,Ell 024,Buffalo ELL 24,21.0,56.0,13.0,2.0,,,,,,,,,,,,,,,,,,,,,,,,,,,,,,,,,,,,,,
2017,primary,ELL,25,Ell 025,Buffalo ELL 25,38.0,177.0,37.0,1.0,,,,,,,,,,,,,,,,,,,,,,,,,,,,,,,,,,,,,,
2017,primary,ELL,27,Ell 027,Buffalo ELL 27,3.0,57.0,31.0,0.0,,,,,,,,,,,,,,,,,,,,,,,,,,,,,,,,,,,,,,
2017,primary,ELL,28,Ell 028,Buffalo ELL 28,18.0,106.0,34.0,2.0,,,,,,,,,,,,,,,,,,,,,,,,,,,,,,,,,,,,,,
2017,primary,ELL,29,Ell 029,Buffalo ELL 29,46.0,174.0,47.0,0.0,,,,,,,,,,,,,,,,,,,,,,,,,,,,,,,,,,,,,,
2017,primary,ELL,31,Ell 031,Buffalo ELL 31,31.0,130.0,44.0,0.0,,,,,,,,,,,,,,,,,,,,,,,,,,,,,,,,,,,,,,
2017,primary,ELL,33,Ell 033,Buffalo ELL 33,110.0,114.0,12.0,1.0,,,,,,,,,,,,,,,,,,,,,,,,,,,,,,,,,,,,,,
2017,primary,ELL,34,Ell 034,Buffalo ELL 34,17.0,55.0,9.0,0.0,,,,,,,,,,,,,,,,,,,,,,,,,,,,,,,,,,,,,,
2017,primary,ELL,35,Ell 035,Buffalo ELL 35,13.0,107.0,3.0,1.0,,,,,,,,,,,,,,,,,,,,,,,,,,,,,,,,,,,,,,
2017,primary,FIL,2,Fil 002,Buffalo FIL 2,49.0,63.0,21.0,1.0,,,,,,,,,,,,,,,,,,,,,,,,,,,,,,,,,,,,,,
2017,primary,FIL,9,Fil 009,Buffalo FIL 9,36.0,110.0,63.0,2.0,,,,,,,,,,,,,,,,,,,,,,,,,,,,,,,,,,,,,,
2017,primary,FIL,10,Fil 010,Buffalo FIL 10,37.0,72.0,32.0,2.0,,,,,,,,,,,,,,,,,,,,,,,,,,,,,,,,,,,,,,
2017,primary,FIL,11,Fil 011,Buffalo FIL 11,19.0,192.0,73.0,2.0,,,,,,,,,,,,,,,,,,,,,,,,,,,,,,,,,,,,,,
2017,primary,FIL,12,Fil 012,Buffalo FIL 12,174.0,40.0,2.0,0.0,,,,,,,,,,,,,,,,,,,,,,,,,,,,,,,,,,,,,,
2017,primary,FIL,14,Fil 014,Buffalo FIL 14,96.0,28.0,2.0,0.0,,,,,,,,,,,,,,,,,,,,,,,,,,,,,,,,,,,,,,
2017,primary,FIL,15,Fil 015,Buffalo FIL 15,52.0,74.0,18.0,0.0,,,,,,,,,,,,,,,,,,,,,,,,,,,,,,,,,,,,,,
2017,primary,FIL,17,Fil 017,Buffalo FIL 17,40.0,11.0,1.0,0.0,,,,,,,,,,,,,,,,,,,,,,,,,,,,,,,,,,,,,,
2017,primary,FIL,19,Fil 019,Buffalo FIL 19,48.0,23.0,6.0,0.0,,,,,,,,,,,,,,,,,,,,,,,,,,,,,,,,,,,,,,
2017,primary,FIL,20,Fil 020,Buffalo FIL 20,26.0,116.0,56.0,0.0,,,,,,,,,,,,,,,,,,,,,,,,,,,,,,,,,,,,,,
2017,primary,FIL,21,Fil 021,Buffalo FIL 21,18.0,39.0,22.0,2.0,,,,,,,,,,,,,,,,,,,,,,,,,,,,,,,,,,,,,,
2017,primary,FIL,23,Fil 023,Buffalo FIL 23,32.0,67.0,21.0,0.0,,,,,,,,,,,,,,,,,,,,,,,,,,,,,,,,,,,,,,
2017,primary,FIL,25,Fil 025,Buffalo FIL 25,28.0,46.0,18.0,1.0,,,,,,,,,,,,,,,,,,,,,,,,,,,,,,,,,,,,,,
2017,primary,FIL,29,Fil 029,Buffalo FIL 29,19.0,117.0,43.0,1.0,,,,,,,,,,,,,,,,,,,,,,,,,,,,,,,,,,,,,,
2017,primary,FIL,31,Fil 031,Buffalo FIL 31,6.0,35.0,17.0,0.0,,,,,,,,,,,,,,,,,,,,,,,,,,,,,,,,,,,,,,
2017,primary,FIL,32,Fil 032,Buffalo FIL 32,24.0,63.0,20.0,0.0,,,,,,,,,,,,,,,,,,,,,,,,,,,,,,,,,,,,,,
2017,primary,LOV,1,Lov 001,Buffalo LOV 1,22.0,102.0,59.0,1.0,,,,,,,,,,,,,,,,,,,,,,,,,,,,,,,,,,,,,,
2017,primary,LOV,4,Lov 004,Buffalo LOV 4,43.0,129.0,45.0,1.0,,,,,,,,,,,,,,,,,,,,,,,,,,,,,,,,,,,,,,
2017,primary,LOV,8,Lov 008,Buffalo LOV 8,36.0,90.0,39.0,2.0,,,,,,,,,,,,,,,,,,,,,,,,,,,,,,,,,,,,,,
2017,primary,LOV,11,Lov 011,Buffalo LOV 11,20.0,64.0,36.0,0.0,,,,,,,,,,,,,,,,,,,,,,,,,,,,,,,,,,,,,,
2017,primary,LOV,13,Lov 013,Buffalo LOV 13,37.0,147.0,56.0,0.0,,,,,,,,,,,,,,,,,,,,,,,,,,,,,,,,,,,,,,
2017,primary,LOV,15,Lov 015,Buffalo LOV 15,134.0,66.0,15.0,1.0,,,,,,,,,,,,,,,,,,,,,,,,,,,,,,,,,,,,,,
2017,primary,LOV,18,Lov 018,Buffalo LOV 18,102.0,41.0,5.0,0.0,,,,,,,,,,,,,,,,,,,,,,,,,,,,,,,,,,,,,,
2017,primary,LOV,22,Lov 022,Buffalo LOV 22,4.0,0.0,2.0,0.0,,,,,,,,,,,,,,,,,,,,,,,,,,,,,,,,,,,,,,
2017,primary,LOV,24,Lov 024,Buffalo LOV 24,126.0,54.0,6.0,0.0,,,,,,,,,,,,,,,,,,,,,,,,,,,,,,,,,,,,,,
2017,primary,LOV,25,Lov 025,Buffalo LOV 25,28.0,7.0,2.0,0.0,,,,,,,,,,,,,,,,,,,,,,,,,,,,,,,,,,,,,,
2017,primary,LOV,27,Lov 027,Buffalo LOV 27,169.0,58.0,10.0,0.0,,,,,,,,,,,,,,,,,,,,,,,,,,,,,,,,,,,,,,
2017,primary,LOV,29,Lov 029,Buffalo LOV 29,216.0,53.0,7.0,0.0,,,,,,,,,,,,,,,,,,,,,,,,,,,,,,,,,,,,,,
2017,primary,MAS,1,Mas 001,Buffalo MAS 1,29.0,200.0,50.0,2.0,,,,,,,,,,,,,,,,,,,,,,,,,,,,,,,,,,,,,,
2017,primary,MAS,4,Mas 004,Buffalo MAS 4,33.0,202.0,57.0,1.0,,,,,,,,,,,,,,,,,,,,,,,,,,,,,,,,,,,,,,
2017,primary,MAS,5,Mas 005,Buffalo MAS 5,23.0,152.0,55.0,1.0,,,,,,,,,,,,,,,,,,,,,,,,,,,,,,,,,,,,,,
2017,primary,MAS,8,Mas 008,Buffalo MAS 8,31.0,128.0,37.0,2.0,,,,,,,,,,,,,,,,,,,,,,,,,,,,,,,,,,,,,,
2017,primary,MAS,12,Mas 012,Buffalo MAS 12,37.0,231.0,40.0,8.0,,,,,,,,,,,,,,,,,,,,,,,,,,,,,,,,,,,,,,
2017,primary,MAS,13,Mas 013,Buffalo MAS 13,35.0,183.0,50.0,6.0,,,,,,,,,,,,,,,,,,,,,,,,,,,,,,,,,,,,,,
2017,primary,MAS,14,Mas 014,Buffalo MAS 14,30.0,272.0,53.0,1.0,,,,,,,,,,,,,,,,,,,,,,,,,,,,,,,,,,,,,,
2017,primary,MAS,16,Mas 016,Buffalo MAS 16,33.0,180.0,44.0,1.0,,,,,,,,,,,,,,,,,,,,,,,,,,,,,,,,,,,,,,
2017,primary,MAS,19,Mas 019,Buffalo MAS 19,11.0,177.0,80.0,2.0,,,,,,,,,,,,,,,,,,,,,,,,,,,,,,,,,,,,,,
2017,primary,MAS,23,Mas 023,Buffalo MAS 23,28.0,132.0,42.0,2.0,,,,,,,,,,,,,,,,,,,,,,,,,,,,,,,,,,,,,,
2017,primary,MAS,27,Mas 027,Buffalo MAS 27,24.0,139.0,46.0,1.0,,,,,,,,,,,,,,,,,,,,,,,,,,,,,,,,,,,,,,
2017,primary,MAS,28,Mas 028,Buffalo MAS 28,25.0,155.0,41.0,3.0,,,,,,,,,,,,,,,,,,,,,,,,,,,,,,,,,,,,,,
2017,primary,MAS,31,Mas 031,Buffalo MAS 31,11.0,118.0,40.0,0.0,,,,,,,,,,,,,,,,,,,,,,,,,,,,,,,,,,,,,,
2017,primary,MAS,33,Mas 033,Buffalo MAS 33,8.0,81.0,51.0,1.0,,,,,,,,,,,,,,,,,,,,,,,,,,,,,,,,,,,,,,
2017,primary,MAS,35,Mas 035,Buffalo MAS 35,33.0,207.0,71.0,0.0,,,,,,,,,,,,,,,,,,,,,,,,,,,,,,,,,,,,,,
2017,primary,MAS,41,Mas 041,Buffalo MAS 41,13.0,93.0,33.0,1.0,,,,,,,,,,,,,,,,,,,,,,,,,,,,,,,,,,,,,,
2017,primary,NIA,1,Nia 001,Buffalo NIA 1,31.0,46.0,6.0,0.0,,,,,,,,,,,,,,,,,,,,,,,,,,,,,,,,,,,,,,
2017,primary,NIA,2,Nia 002,Buffalo NIA 2,38.0,45.0,9.0,0.0,,,,,,,,,,,,,,,,,,,,,,,,,,,,,,,,,,,,,,
2017,primary,NIA,3,Nia 003,Buffalo NIA 3,4.0,15.0,0.0,0.0,,,,,,,,,,,,,,,,,,,,,,,,,,,,,,,,,,,,,,
2017,primary,NIA,6,Nia 006,Buffalo NIA 6,86.0,118.0,22.0,0.0,,,,,,,,,,,,,,,,,,,,,,,,,,,,,,,,,,,,,,
2017,primary,NIA,7,Nia 007,Buffalo NIA 7,32.0,61.0,12.0,0.0,,,,,,,,,,,,,,,,,,,,,,,,,,,,,,,,,,,,,,
2017,primary,NIA,8,Nia 008,Buffalo NIA 8,41.0,68.0,23.0,0.0,,,,,,,,,,,,,,,,,,,,,,,,,,,,,,,,,,,,,,
2017,primary,NIA,12,Nia 012,Buffalo NIA 12,38.0,78.0,13.0,0.0,,,,,,,,,,,,,,,,,,,,,,,,,,,,,,,,,,,,,,
2017,primary,NIA,14,Nia 014,Buffalo NIA 14,44.0,44.0,14.0,0.0,,,,,,,,,,,,,,,,,,,,,,,,,,,,,,,,,,,,,,
2017,primary,NIA,16,Nia 016,Buffalo NIA 16,26.0,80.0,6.0,1.0,,,,,,,,,,,,,,,,,,,,,,,,,,,,,,,,,,,,,,
2017,primary,NIA,17,Nia 017,Buffalo NIA 17,38.0,58.0,19.0,0.0,,,,,,,,,,,,,,,,,,,,,,,,,,,,,,,,,,,,,,
2017,primary,NIA,18,Nia 018,Buffalo NIA 18,56.0,55.0,15.0,0.0,,,,,,,,,,,,,,,,,,,,,,,,,,,,,,,,,,,,,,
2017,primary,NIA,19,Nia 019,Buffalo NIA 19,75.0,94.0,21.0,0.0,,,,,,,,,,,,,,,,,,,,,,,,,,,,,,,,,,,,,,
2017,primary,NIA,22,Nia 022,Buffalo NIA 22,51.0,101.0,13.0,0.0,,,,,,,,,,,,,,,,,,,,,,,,,,,,,,,,,,,,,,
2017,primary,NIA,23,Nia 023,Buffalo NIA 23,55.0,74.0,24.0,0.0,,,,,,,,,,,,,,,,,,,,,,,,,,,,,,,,,,,,,,
2017,primary,NIA,25,Nia 025,Buffalo NIA 25,50.0,84.0,24.0,0.0,,,,,,,,,,,,,,,,,,,,,,,,,,,,,,,,,,,,,,
2017,primary,NIA,26,Nia 026,Buffalo NIA 26,18.0,36.0,3.0,0.0,,,,,,,,,,,,,,,,,,,,,,,,,,,,,,,,,,,,,,
2017,primary,NOR,1,Nor 001,Buffalo NOR 1,72.0,77.0,10.0,0.0,,,,,,,,,,,,,,,,,,,,,,,,,,,,,,,,,,,,,,
2017,primary,NOR,3,Nor 003,Buffalo NOR 3,10.0,25.0,13.0,0.0,,,,,,,,,,,,,,,,,,,,,,,,,,,,,,,,,,,,,,
2017,primary,NOR,5,Nor 005,Buffalo NOR 5,48.0,60.0,10.0,0.0,,,,,,,,,,,,,,,,,,,,,,,,,,,,,,,,,,,,,,
2017,primary,NOR,7,Nor 007,Buffalo NOR 7,40.0,46.0,16.0,0.0,,,,,,,,,,,,,,,,,,,,,,,,,,,,,,,,,,,,,,
2017,primary,NOR,8,Nor 008,Buffalo NOR 8,40.0,58.0,2.0,0.0,,,,,,,,,,,,,,,,,,,,,,,,,,,,,,,,,,,,,,
2017,primary,NOR,10,Nor 010,Buffalo NOR 10,45.0,75.0,7.0,1.0,,,,,,,,,,,,,,,,,,,,,,,,,,,,,,,,,,,,,,
2017,primary,NOR,12,Nor 012,Buffalo NOR 12,47.0,73.0,7.0,0.0,,,,,,,,,,,,,,,,,,,,,,,,,,,,,,,,,,,,,,
2017,primary,NOR,16,Nor 016,Buffalo NOR 16,42.0,45.0,12.0,0.0,,,,,,,,,,,,,,,,,,,,,,,,,,,,,,,,,,,,,,
2017,primary,NOR,17,Nor 017,Buffalo NOR 17,25.0,37.0,13.0,0.0,,,,,,,,,,,,,,,,,,,,,,,,,,,,,,,,,,,,,,
2017,primary,NOR,18,Nor 018,Buffalo NOR 18,37.0,36.0,7.0,0.0,,,,,,,,,,,,,,,,,,,,,,,,,,,,,,,,,,,,,,
2017,primary,NOR,20,Nor 020,Buffalo NOR 20,83.0,119.0,12.0,0.0,,,,,,,,,,,,,,,,,,,,,,,,,,,,,,,,,,,,,,
2017,primary,NOR,21,Nor 021,Buffalo NOR 21,20.0,45.0,2.0,0.0,,,,,,,,,,,,,,,,,,,,,,,,,,,,,,,,,,,,,,
2017,primary,NOR,22,Nor 022,Buffalo NOR 22,14.0,15.0,5.0,0.0,,,,,,,,,,,,,,,,,,,,,,,,,,,,,,,,,,,,,,
2017,primary,NOR,23,Nor 023,Buffalo NOR 23,79.0,93.0,8.0,0.0,,,,,,,,,,,,,,,,,,,,,,,,,,,,,,,,,,,,,,
2017,primary,NOR,26,Nor 026,Buffalo NOR 26,1.0,6.0,7.0,0.0,,,,,,,,,,,,,,,,,,,,,,,,,,,,,,,,,,,,,,
2017,primary,SOU,1,Sou 001,Buffalo SOU 1,96.0,28.0,3.0,0.0,,,,,,,,,,,,,,,,,,,,,,,,,,,,,,,,,,,,,,
2017,primary,SOU,2,Sou 002,Buffalo SOU 2,210.0,47.0,4.0,0.0,,,,,,,,,,,,,,,,,,,,,,,,,,,,,,,,,,,,,,
2017,primary,SOU,5,Sou 005,Buffalo SOU 5,187.0,43.0,7.0,1.0,,,,,,,,,,,,,,,,,,,,,,,,,,,,,,,,,,,,,,
2017,primary,SOU,7,Sou 007,Buffalo SOU 7,265.0,61.0,1.0,0.0,,,,,,,,,,,,,,,,,,,,,,,,,,,,,,,,,,,,,,
2017,primary,SOU,11,Sou 011,Buffalo SOU 11,164.0,51.0,5.0,0.0,,,,,,,,,,,,,,,,,,,,,,,,,,,,,,,,,,,,,,
2017,primary,SOU,12,Sou 012,Buffalo SOU 12,90.0,39.0,1.0,0.0,,,,,,,,,,,,,,,,,,,,,,,,,,,,,,,,,,,,,,
2017,primary,SOU,13,Sou 013,Buffalo SOU 13,221.0,67.0,1.0,0.0,,,,,,,,,,,,,,,,,,,,,,,,,,,,,,,,,,,,,,
2017,primary,SOU,14,Sou 014,Buffalo SOU 14,171.0,40.0,6.0,0.0,,,,,,,,,,,,,,,,,,,,,,,,,,,,,,,,,,,,,,
2017,primary,SOU,16,Sou 016,Buffalo SOU 16,170.0,62.0,5.0,0.0,,,,,,,,,,,,,,,,,,,,,,,,,,,,,,,,,,,,,,
2017,primary,SOU,18,Sou 018,Buffalo SOU 18,272.0,52.0,0.0,0.0,,,,,,,,,,,,,,,,,,,,,,,,,,,,,,,,,,,,,,
2017,primary,SOU,22,Sou 022,Buffalo SOU 22,292.0,76.0,4.0,0.0,,,,,,,,,,,,,,,,,,,,,,,,,,,,,,,,,,,,,,
2017,primary,SOU,24,Sou 024,Buffalo SOU 24,435.0,80.0,2.0,0.0,,,,,,,,,,,,,,,,,,,,,,,,,,,,,,,,,,,,,,
2017,primary,SOU,27,Sou 027,Buffalo SOU 27,180.0,50.0,1.0,0.0,,,,,,,,,,,,,,,,,,,,,,,,,,,,,,,,,,,,,,
2017,primary,SOU,28,Sou 028,Buffalo SOU 28,440.0,83.0,3.0,0.0,,,,,,,,,,,,,,,,,,,,,,,,,,,,,,,,,,,,,,
2017,primary,UNI,1,Uni 001,Buffalo UNI 1,130.0,186.0,15.0,1.0,,,,,,,,,,,,,,,,,,,,,,,,,,,,,,,,,,,,,,
2017,primary,UNI,2,Uni 002,Buffalo UNI 2,92.0,127.0,21.0,1.0,,,,,,,,,,,,,,,,,,,,,,,,,,,,,,,,,,,,,,
2017,primary,UNI,4,Uni 004,Buffalo UNI 4,43.0,90.0,29.0,2.0,,,,,,,,,,,,,,,,,,,,,,,,,,,,,,,,,,,,,,
2017,primary,UNI,9,Uni 009,Buffalo UNI 9,7.0,18.0,4.0,1.0,,,,,,,,,,,,,,,,,,,,,,,,,,,,,,,,,,,,,,
2017,primary,UNI,10,Uni 010,Buffalo UNI 10,25.0,142.0,36.0,0.0,,,,,,,,,,,,,,,,,,,,,,,,,,,,,,,,,,,,,,
2017,primary,UNI,11,Uni 011,Buffalo UNI 11,14.0,76.0,18.0,1.0,,,,,,,,,,,,,,,,,,,,,,,,,,,,,,,,,,,,,,
2017,primary,UNI,12,Uni 012,Buffalo UNI 12,65.0,223.0,44.0,2.0,,,,,,,,,,,,,,,,,,,,,,,,,,,,,,,,,,,,,,
2017,primary,UNI,13,Uni 013,Buffalo UNI 13,27.0,155.0,34.0,2.0,,,,,,,,,,,,,,,,,,,,,,,,,,,,,,,,,,,,,,
2017,primary,UNI,15,Uni 015,Buffalo UNI 15,27.0,136.0,53.0,3.0,,,,,,,,,,,,,,,,,,,,,,,,,,,,,,,,,,,,,,
2017,primary,UNI,16,Uni 016,Buffalo UNI 16,28.0,99.0,29.0,2.0,,,,,,,,,,,,,,,,,,,,,,,,,,,,,,,,,,,,,,
2017,primary,UNI,17,Uni 017,Buffalo UNI 17,25.0,154.0,49.0,0.0,,,,,,,,,,,,,,,,,,,,,,,,,,,,,,,,,,,,,,
2017,primary,UNI,19,Uni 019,Buffalo UNI 19,22.0,92.0,17.0,0.0,,,,,,,,,,,,,,,,,,,,,,,,,,,,,,,,,,,,,,
2017,primary,UNI,21,Uni 021,Buffalo UNI 21,15.0,134.0,16.0,0.0,,,,,,,,,,,,,,,,,,,,,,,,,,,,,,,,,,,,,,
2017,primary,UNI,22,Uni 022,Buffalo UNI 22,28.0,71.0,17.0,0.0,,,,,,,,,,,,,,,,,,,,,,,,,,,,,,,,,,,,,,
2017,primary,UNI,23,Uni 023,Buffalo UNI 23,11.0,84.0,54.0,0.0,,,,,,,,,,,,,,,,,,,,,,,,,,,,,,,,,,,,,,
2017,primary,UNI,24,Uni 024,Buffalo UNI 24,11.0,101.0,43.0,0.0,,,,,,,,,,,,,,,,,,,,,,,,,,,,,,,,,,,,,,
2017,primary,UNI,25,Uni 025,Buffalo UNI 25,22.0,134.0,41.0,0.0,,,,,,,,,,,,,,,,,,,,,,,,,,,,,,,,,,,,,,
2017,primary,UNI,26,Uni 026,Buffalo UNI 26,10.0,88.0,21.0,0.0,,,,,,,,,,,,,,,,,,,,,,,,,,,,,,,,,,,,,,
2001,primary,DEL,1,1st District ..........,Buffalo DEL 1,,,,,1.0,5.0,0.0,6.0,,,,,,,,,,,,,,,,,,,,,,,,,,,,,,,,,,
2001,primary,DEL,2,2nd District ..........,Buffalo DEL 2,,,,,21.0,140.0,13.0,174.0,,,,,,,,,,,,,,,,,,,,,,,,,,,,,,,,,,
2001,primary,DEL,3,3rd District ..........,Buffalo DEL 3,,,,,16.0,88.0,10.0,114.0,,,,,,,,,,,,,,,,,,,,,,,,,,,,,,,,,,
2001,primary,DEL,4,4th District ..........,Buffalo DEL 4,,,,,8.0,92.0,17.0,117.0,,,,,,,,,,,,,,,,,,,,,,,,,,,,,,,,,,
2001,primary,DEL,5,5th District ..........,Buffalo DEL 5,,,,,25.0,103.0,17.0,145.0,,,,,,,,,,,,,,,,,,,,,,,,,,,,,,,,,,
2001,primary,DEL,6,6th District ..........,Buffalo DEL 6,,,,,27.0,123.0,17.0,167.0,,,,,,,,,,,,,,,,,,,,,,,,,,,,,,,,,,
2001,primary,DEL,7,7th District ..........,Buffalo DEL 7,,,,,4.0,11.0,2.0,17.0,,,,,,,,,,,,,,,,,,,,,,,,,,,,,,,,,,
2001,primary,DEL,8,8th District ..........,Buffalo DEL 8,,,,,15.0,112.0,8.0,135.0,,,,,,,,,,,,,,,,,,,,,,,,,,,,,,,,,,
2001,primary,DEL,9,9th District ..........,Buffalo DEL 9,,,,,21.0,122.0,12.0,155.0,,,,,,,,,,,,,,,,,,,,,,,,,,,,,,,,,,
2001,primary,DEL,10,10th District ..........,Buffalo DEL 10,,,,,17.0,54.0,20.0,91.0,,,,,,,,,,,,,,,,,,,,,,,,,,,,,,,,,,
2001,primary,DEL,11,11th District ..........,Buffalo DEL 11,,,,,5.0,12.0,0.0,17.0,,,,,,,,,,,,,,,,,,,,,,,,,,,,,,,,,,
2001,primary,DEL,12,12th District ..........,Buffalo DEL 12,,,,,31.0,102.0,18.0,151.0,,,,,,,,,,,,,,,,,,,,,,,,,,,,,,,,,,
2001,primary,DEL,13,13th District ..........,Buffalo DEL 13,,,,,17.0,63.0,7.0,87.0,,,,,,,,,,,,,,,,,,,,,,,,,,,,,,,,,,
2001,primary,DEL,14,14th District ..........,Buffalo DEL 14,,,,,11.0,20.0,5.0,36.0,,,,,,,,,,,,,,,,,,,,,,,,,,,,,,,,,,
2001,primary,DEL,15,15th District ..........,Buffalo DEL 15,,,,,13.0,25.0,3.0,41.0,,,,,,,,,,,,,,,,,,,,,,,,,,,,,,,,,,
2001,primary,DEL,16,16th District ..........,Buffalo DEL 16,,,,,25.0,71.0,9.0,105.0,,,,,,,,,,,,,,,,,,,,,,,,,,,,,,,,,,
2001,primary,DEL,17,17th District ..........,Buffalo DEL 17,,,,,3.0,8.0,1.0,12.0,,,,,,,,,,,,,,,,,,,,,,,,,,,,,,,,,,
2001,primary,DEL,18,18th District ..........,Buffalo DEL 18,,,,,29.0,61.0,14.0,104.0,,,,,,,,,,,,,,,,,,,,,,,,,,,,,,,,,,
2001,primary,DEL,19,19th District ..........,Buffalo DEL 19,,,,,12.0,114.0,20.0,146.0,,,,,,,,,,,,,,,,,,,,,,,,,,,,,,,,,,
2001,primary,DEL,20,20th District ..........,Buffalo DEL 20,,,,,15.0,74.0,13.0,102.0,,,,,,,,,,,,,,,,,,,,,,,,,,,,,,,,,,
2001,primary,DEL,21,21st District ..........,Buffalo DEL 21,,,,,11.0,95.0,11.0,117.0,,,,,,,,,,,,,,,,,,,,,,,,,,,,,,,,,,
2001,primary,DEL,22,22nd District ..........,Buffalo DEL 22,,,,,23.0,65.0,8.0,96.0,,,,,,,,,,,,,,,,,,,,,,,,,,,,,,,,,,
2001,primary,DEL,23,23rd District ..........,Buffalo DEL 23,,,,,18.0,71.0,8.0,97.0,,,,,,,,,,,,,,,,,,,,,,,,,,,,,,,,,,
2001,primary,DEL,24,24th District ..........,Buffalo DEL 24,,,,,15.0,70.0,7.0,92.0,,,,,,,,,,,,,,,,,,,,,,,,,,,,,,,,,,
2001,primary,DEL,25,25th District ..........,Buffalo DEL 25,,,,,28.0,81.0,10.0,119.0,,,,,,,,,,,,,,,,,,,,,,,,,,,,,,,,,,
2001,primary,DEL,26,26th District ..........,Buffalo DEL 26,,,,,33.0,188.0,28.0,249.0,,,,,,,,,,,,,,,,,,,,,,,,,,,,,,,,,,
2001,primary,DEL,27,27th District ..........,Buffalo DEL 27,,,,,21.0,100.0,18.0,139.0,,,,,,,,,,,,,,,,,,,,,,,,,,,,,,,,,,
2001,primary,DEL,28,28th District ..........,Buffalo DEL 28,,,,,19.0,54.0,14.0,87.0,,,,,,,,,,,,,,,,,,,,,,,,,,,,,,,,,,
2001,primary,DEL,29,29th District ..........,Buffalo DEL 29,,,,,27.0,106.0,10.0,143.0,,,,,,,,,,,,,,,,,,,,,,,,,,,,,,,,,,
2001,primary,DEL,30,30th District ..........,Buffalo DEL 30,,,,,24.0,99.0,18.0,141.0,,,,,,,,,,,,,,,,,,,,,,,,,,,,,,,,,,
2001,primary,DEL,31,31st District ..........,Buffalo DEL 31,,,,,8.0,60.0,8.0,76.0,,,,,,,,,,,,,,,,,,,,,,,,,,,,,,,,,,
2001,primary,DEL,32,32nd District ..........,Buffalo DEL 32,,,,,0.0,6.0,0.0,6.0,,,,,,,,,,,,,,,,,,,,,,,,,,,,,,,,,,
2001,primary,DEL,33,33rd District ..........,Buffalo DEL 33,,,,,13.0,89.0,8.0,110.0,,,,,,,,,,,,,,,,,,,,,,,,,,,,,,,,,,
2001,primary,DEL,34,34th District ..........,Buffalo DEL 34,,,,,13.0,97.0,16.0,126.0,,,,,,,,,,,,,,,,,,,,,,,,,,,,,,,,,,
2001,primary,DEL,35,35th District ..........,Buffalo DEL 35,,,,,8.0,38.0,3.0,49.0,,,,,,,,,,,,,,,,,,,,,,,,,,,,,,,,,,
2001,primary,DEL,36,36th District ..........,Buffalo DEL 36,,,,,25.0,108.0,26.0,159.0,,,,,,,,,,,,,,,,,,,,,,,,,,,,,,,,,,
2001,primary,DEL,37,37th District ..........,Buffalo DEL 37,,,,,15.0,60.0,17.0,92.0,,,,,,,,,,,,,,,,,,,,,,,,,,,,,,,,,,
2001,primary,DEL,38,38th District ..........,Buffalo DEL 38,,,,,38.0,44.0,5.0,87.0,,,,,,,,,,,,,,,,,,,,,,,,,,,,,,,,,,
2001,primary,DEL,39,39th District ..........,Buffalo DEL 39,,,,,18.0,39.0,3.0,60.0,,,,,,,,,,,,,,,,,,,,,,,,,,,,,,,,,,
2001,primary,DEL,40,40th District ..........,Buffalo DEL 40,,,,,12.0,30.0,4.0,46.0,,,,,,,,,,,,,,,,,,,,,,,,,,,,,,,,,,
2001,primary,DEL,41,41st District ..........,Buffalo DEL 41,,,,,9.0,64.0,6.0,79.0,,,,,,,,,,,,,,,,,,,,,,,,,,,,,,,,,,
2001,primary,DEL,42,42nd District ..........,Buffalo DEL 42,,,,,14.0,49.0,8.0,71.0,,,,,,,,,,,,,,,,,,,,,,,,,,,,,,,,,,
2001,primary,DEL,43,43rd District ..........,Buffalo DEL 43,,,,,10.0,85.0,21.0,116.0,,,,,,,,,,,,,,,,,,,,,,,,,,,,,,,,,,
2001,primary,DEL,44,44th District ..........,Buffalo DEL 44,,,,,1.0,9.0,0.0,10.0,,,,,,,,,,,,,,,,,,,,,,,,,,,,,,,,,,
2001,primary,DEL,45,45th District ..........,Buffalo DEL 45,,,,,18.0,121.0,19.0,158.0,,,,,,,,,,,,,,,,,,,,,,,,,,,,,,,,,,
2001,primary,ELL,1,1st District ..........,Buffalo ELL 1,,,,,35.0,36.0,5.0,76.0,,,,,,,,,,,,,,,,,,,,,,,,,,,,,,,,,,
2001,primary,ELL,2,2nd District ..........,Buffalo ELL 2,,,,,41.0,31.0,9.0,81.0,,,,,,,,,,,,,,,,,,,,,,,,,,,,,,,,,,
2001,primary,ELL,3,3rd District ..........,Buffalo ELL 3,,,,,55.0,51.0,8.0,114.0,,,,,,,,,,,,,,,,,,,,,,,,,,,,,,,,,,
2001,primary,ELL,4,4th District ..........,Buffalo ELL 4,,,,,33.0,32.0,4.0,69.0,,,,,,,,,,,,,,,,,,,,,,,,,,,,,,,,,,
2001,primary,ELL,5,5th District ..........,Buffalo ELL 5,,,,,14.0,49.0,8.0,71.0,,,,,,,,,,,,,,,,,,,,,,,,,,,,,,,,,,
2001,primary,ELL,6,6th District ..........,Buffalo ELL 6,,,,,40.0,65.0,11.0,116.0,,,,,,,,,,,,,,,,,,,,,,,,,,,,,,,,,,
2001,primary,ELL,7,7th District ..........,Buffalo ELL 7,,,,,9.0,50.0,9.0,68.0,,,,,,,,,,,,,,,,,,,,,,,,,,,,,,,,,,
2001,primary,ELL,8,8th District ..........,Buffalo ELL 8,,,,,17.0,75.0,17.0,109.0,,,,,,,,,,,,,,,,,,,,,,,,,,,,,,,,,,
2001,primary,ELL,9,9th District ..........,Buffalo ELL 9,,,,,3.0,2.0,3.0,8.0,,,,,,,,,,,,,,,,,,,,,,,,,,,,,,,,,,
2001,primary,ELL,10,10th District ..........,Buffalo ELL 10,,,,,9.0,54.0,7.0,70.0,,,,,,,,,,,,,,,,,,,,,,,,,,,,,,,,,,
2001,primary,ELL,11,11th District ..........,Buffalo ELL 11,,,,,9.0,57.0,10.0,76.0,,,,,,,,,,,,,,,,,,,,,,,,,,,,,,,,,,
2001,primary,ELL,12,12th District ..........,Buffalo ELL 12,,,,,5.0,17.0,2.0,24.0,,,,,,,,,,,,,,,,,,,,,,,,,,,,,,,,,,
2001,primary,ELL,13,13th District ..........,Buffalo ELL 13,,,,,24.0,17.0,35.0,76.0,,,,,,,,,,,,,,,,,,,,,,,,,,,,,,,,,,
2001,primary,ELL,14,14th District ..........,Buffalo ELL 14,,,,,37.0,52.0,11.0,100.0,,,,,,,,,,,,,,,,,,,,,,,,,,,,,,,,,,
2001,primary,ELL,15,15th District ..........,Buffalo ELL 15,,,,,94.0,89.0,20.0,203.0,,,,,,,,,,,,,,,,,,,,,,,,,,,,,,,,,,
2001,primary,ELL,16,16th District ..........,Buffalo ELL 16,,,,,49.0,132.0,23.0,204.0,,,,,,,,,,,,,,,,,,,,,,,,,,,,,,,,,,
2001,primary,ELL,17,17th District ..........,Buffalo ELL 17,,,,,23.0,58.0,9.0,90.0,,,,,,,,,,,,,,,,,,,,,,,,,,,,,,,,,,
2001,primary,ELL,18,18th District ..........,Buffalo ELL 18,,,,,82.0,124.0,44.0,250.0,,,,,,,,,,,,,,,,,,,,,,,,,,,,,,,,,,
2001,primary,ELL,19,19th District ..........,Buffalo ELL 19,,,,,1.0,4.0,1.0,6.0,,,,,,,,,,,,,,,,,,,,,,,,,,,,,,,,,,
2001,primary,ELL,20,20th District ..........,Buffalo ELL 20,,,,,42.0,61.0,9.0,112.0,,,,,,,,,,,,,,,,,,,,,,,,,,,,,,,,,,
2001,primary,ELL,21,21st District ..........,Buffalo ELL 21,,,,,3.0,9.0,2.0,14.0,,,,,,,,,,,,,,,,,,,,,,,,,,,,,,,,,,
2001,primary,ELL,22,22nd District ..........,Buffalo ELL 22,,,,,3.0,16.0,1.0,20.0,,,,,,,,,,,,,,,,,,,,,,,,,,,,,,,,,,
2001,primary,ELL,23,23rd District ..........,Buffalo ELL 23,,,,,35.0,31.0,15.0,81.0,,,,,,,,,,,,,,,,,,,,,,,,,,,,,,,,,,
2001,primary,ELL,24,24th District ..........,Buffalo ELL 24,,,,,59.0,69.0,24.0,152.0,,,,,,,,,,,,,,,,,,,,,,,,,,,,,,,,,,
2001,primary,ELL,25,25th District ..........,Buffalo ELL 25,,,,,80.0,72.0,15.0,167.0,,,,,,,,,,,,,,,,,,,,,,,,,,,,,,,,,,
2001,primary,ELL,26,26th District ..........,Buffalo ELL 26,,,,,0.0,0.0,0.0,0.0,,,,,,,,,,,,,,,,,,,,,,,,,,,,,,,,,,
2001,primary,ELL,27,27th District ..........,Buffalo ELL 27,,,,,21.0,14.0,2.0,37.0,,,,,,,,,,,,,,,,,,,,,,,,,,,,,,,,,,
2001,primary,ELL,28,28th District ..........,Buffalo ELL 28,,,,,30.0,55.0,4.0,89.0,,,,,,,,,,,,,,,,,,,,,,,,,,,,,,,,,,
2001,primary,ELL,29,29th District ..........,Buffalo ELL 29,,,,,86.0,75.0,15.0,176.0,,,,,,,,,,,,,,,,,,,,,,,,,,,,,,,,,,
2001,primary,ELL,30,30th District ..........,Buffalo ELL 30,,,,,52.0,66.0,6.0,124.0,,,,,,,,,,,,,,,,,,,,,,,,,,,,,,,,,,
2001,primary,ELL,31,31st District ..........,Buffalo ELL 31,,,,,21.0,27.0,11.0,59.0,,,,,,,,,,,,,,,,,,,,,,,,,,,,,,,,,,
2001,primary,ELL,32,32nd District ..........,Buffalo ELL 32,,,,,39.0,29.0,8.0,76.0,,,,,,,,,,,,,,,,,,,,,,,,,,,,,,,,,,
2001,primary,ELL,33,33rd District ..........,Buffalo ELL 33,,,,,60.0,76.0,14.0,150.0,,,,,,,,,,,,,,,,,,,,,,,,,,,,,,,,,,
2001,primary,ELL,34,34th District ..........,Buffalo ELL 34,,,,,24.0,46.0,8.0,78.0,,,,,,,,,,,,,,,,,,,,,,,,,,,,,,,,,,
2001,primary,ELL,35,35th District ..........,Buffalo ELL 35,,,,,12.0,53.0,5.0,70.0,,,,,,,,,,,,,,,,,,,,,,,,,,,,,,,,,,
2001,primary,ELL,36,36th District ..........,Buffalo ELL 36,,,,,4.0,17.0,2.0,23.0,,,,,,,,,,,,,,,,,,,,,,,,,,,,,,,,,,
2001,primary,ELL,37,37th District ..........,Buffalo ELL 37,,,,,22.0,28.0,5.0,55.0,,,,,,,,,,,,,,,,,,,,,,,,,,,,,,,,,,
2001,primary,ELL,38,38th District ..........,Buffalo ELL 38,,,,,43.0,62.0,14.0,119.0,,,,,,,,,,,,,,,,,,,,,,,,,,,,,,,,,,
2001,primary,ELL,39,39th District ..........,Buffalo ELL 39,,,,,65.0,75.0,19.0,159.0,,,,,,,,,,,,,,,,,,,,,,,,,,,,,,,,,,
2001,primary,ELL,40,40th District ..........,Buffalo ELL 40,,,,,48.0,70.0,14.0,132.0,,,,,,,,,,,,,,,,,,,,,,,,,,,,,,,,,,
2001,primary,ELL,41,41st District ..........,Buffalo ELL 41,,,,,14.0,38.0,8.0,60.0,,,,,,,,,,,,,,,,,,,,,,,,,,,,,,,,,,
2001,primary,ELL,42,42nd District ..........,Buffalo ELL 42,,,,,7.0,48.0,13.0,68.0,,,,,,,,,,,,,,,,,,,,,,,,,,,,,,,,,,
2001,primary,FIL,1,1st District ..........,Buffalo FIL 1,,,,,12.0,53.0,11.0,76.0,,,,,,,,,,,,,,,,,,,,,,,,,,,,,,,,,,
2001,primary,FIL,2,2nd District ..........,Buffalo FIL 2,,,,,2.0,7.0,0.0,9.0,,,,,,,,,,,,,,,,,,,,,,,,,,,,,,,,,,
2001,primary,FIL,3,3rd District ..........,Buffalo FIL 3,,,,,9.0,48.0,9.0,66.0,,,,,,,,,,,,,,,,,,,,,,,,,,,,,,,,,,
2001,primary,FIL,4,4th District ..........,Buffalo FIL 4,,,,,14.0,62.0,19.0,95.0,,,,,,,,,,,,,,,,,,,,,,,,,,,,,,,,,,
2001,primary,FIL,5,5th District ..........,Buffalo FIL 5,,,,,11.0,36.0,9.0,56.0,,,,,,,,,,,,,,,,,,,,,,,,,,,,,,,,,,
2001,primary,FIL,6,6th District ..........,Buffalo FIL 6,,,,,13.0,43.0,11.0,67.0,,,,,,,,,,,,,,,,,,,,,,,,,,,,,,,,,,
2001,primary,FIL,7,7th District ..........,Buffalo FIL 7,,,,,10.0,44.0,6.0,60.0,,,,,,,,,,,,,,,,,,,,,,,,,,,,,,,,,,
2001,primary,FIL,8,8th District ..........,Buffalo FIL 8,,,,,9.0,21.0,3.0,33.0,,,,,,,,,,,,,,,,,,,,,,,,,,,,,,,,,,
2001,primary,FIL,9,9th District ..........,Buffalo FIL 9,,,,,10.0,50.0,11.0,71.0,,,,,,,,,,,,,,,,,,,,,,,,,,,,,,,,,,
2001,primary,FIL,10,10th District ..........,Buffalo FIL 10,,,,,10.0,22.0,4.0,36.0,,,,,,,,,,,,,,,,,,,,,,,,,,,,,,,,,,
2001,primary,FIL,11,11th District ..........,Buffalo FIL 11,,,,,0.0,0.0,0.0,0.0,,,,,,,,,,,,,,,,,,,,,,,,,,,,,,,,,,
2001,primary,FIL,12,12th District ..........,Buffalo FIL 12,,,,,15.0,60.0,7.0,82.0,,,,,,,,,,,,,,,,,,,,,,,,,,,,,,,,,,
2001,primary,FIL,13,13th District ..........,Buffalo FIL 13,,,,,20.0,34.0,10.0,64.0,,,,,,,,,,,,,,,,,,,,,,,,,,,,,,,,,,
2001,primary,FIL,14,14th District ..........,Buffalo FIL 14,,,,,12.0,20.0,2.0,34.0,,,,,,,,,,,,,,,,,,,,,,,,,,,,,,,,,,
2001,primary,FIL,15,15th District ..........,Buffalo FIL 15,,,,,0.0,0.0,0.0,0.0,,,,,,,,,,,,,,,,,,,,,,,,,,,,,,,,,,
2001,primary,FIL,16,16th District ..........,Buffalo FIL 16,,,,,13.0,13.0,2.0,28.0,,,,,,,,,,,,,,,,,,,,,,,,,,,,,,,,,,
2001,primary,FIL,17,17th District ..........,Buffalo FIL 17,,,,,16.0,82.0,13.0,111.0,,,,,,,,,,,,,,,,,,,,,,,,,,,,,,,,,,
2001,primary,FIL,18,18th District ..........,Buffalo FIL 18,,,,,16.0,42.0,14.0,72.0,,,,,,,,,,,,,,,,,,,,,,,,,,,,,,,,,,
2001,primary,FIL,19,19th District ..........,Buffalo FIL 19,,,,,22.0,47.0,17.0,86.0,,,,,,,,,,,,,,,,,,,,,,,,,,,,,,,,,,
2001,primary,FIL,20,20th District ..........,Buffalo FIL 20,,,,,28.0,26.0,16.0,70.0,,,,,,,,,,,,,,,,,,,,,,,,,,,,,,,,,,
2001,primary,FIL,21,21st District ..........,Buffalo FIL 21,,,,,3.0,23.0,10.0,36.0,,,,,,,,,,,,,,,,,,,,,,,,,,,,,,,,,,
2001,primary,FIL,22,22nd District ..........,Buffalo FIL 22,,,,,7.0,28.0,9.0,44.0,,,,,,,,,,,,,,,,,,,,,,,,,,,,,,,,,,
2001,primary,FIL,23,23rd District ..........,Buffalo FIL 23,,,,,12.0,34.0,4.0,50.0,,,,,,,,,,,,,,,,,,,,,,,,,,,,,,,,,,
2001,primary,FIL,24,24th District ..........,Buffalo FIL 24,,,,,11.0,93.0,20.0,124.0,,,,,,,,,,,,,,,,,,,,,,,,,,,,,,,,,,
2001,primary,FIL,25,25th District ..........,Buffalo FIL 25,,,,,37.0,65.0,8.0,110.0,,,,,,,,,,,,,,,,,,,,,,,,,,,,,,,,,,
2001,primary,FIL,26,26th District ..........,Buffalo FIL 26,,,,,6.0,12.0,6.0,24.0,,,,,,,,,,,,,,,,,,,,,,,,,,,,,,,,,,
2001,primary,FIL,27,27th District ..........,Buffalo FIL 27,,,,,35.0,75.0,10.0,120.0,,,,,,,,,,,,,,,,,,,,,,,,,,,,,,,,,,
2001,primary,FIL,28,28th District ..........,Buffalo FIL 28,,,,,0.0,0.0,0.0,0.0,,,,,,,,,,,,,,,,,,,,,,,,,,,,,,,,,,
2001,primary,FIL,29,29th District ..........,Buffalo FIL 29,,,,,0.0,2.0,1.0,3.0,,,,,,,,,,,,,,,,,,,,,,,,,,,,,,,,,,
2001,primary,FIL,30,30th District ..........,Buffalo FIL 30,,,,,1.0,10.0,1.0,12.0,,,,,,,,,,,,,,,,,,,,,,,,,,,,,,,,,,
2001,primary,FIL,31,31st District ..........,Buffalo FIL 31,,,,,2.0,40.0,11.0,53.0,,,,,,,,,,,,,,,,,,,,,,,,,,,,,,,,,,
2001,primary,FIL,32,32nd District ..........,Buffalo FIL 32,,,,,13.0,38.0,6.0,57.0,,,,,,,,,,,,,,,,,,,,,,,,,,,,,,,,,,
2001,primary,FIL,33,33rd District ..........,Buffalo FIL 33,,,,,0.0,4.0,2.0,6.0,,,,,,,,,,,,,,,,,,,,,,,,,,,,,,,,,,
2001,primary,FIL,34,34th District ..........,Buffalo FIL 34,,,,,26.0,54.0,10.0,90.0,,,,,,,,,,,,,,,,,,,,,,,,,,,,,,,,,,
2001,primary,FIL,35,35th District ..........,Buffalo FIL 35,,,,,14.0,9.0,2.0,25.0,,,,,,,,,,,,,,,,,,,,,,,,,,,,,,,,,,
2001,primary,FIL,36,36th District ..........,Buffalo FIL 36,,,,,43.0,47.0,8.0,98.0,,,,,,,,,,,,,,,,,,,,,,,,,,,,,,,,,,
2001,primary,FIL,37,37th District ..........,Buffalo FIL 37,,,,,13.0,88.0,33.0,134.0,,,,,,,,,,,,,,,,,,,,,,,,,,,,,,,,,,
2001,primary,FIL,38,38th District ..........,Buffalo FIL 38,,,,,58.0,48.0,9.0,115.0,,,,,,,,,,,,,,,,,,,,,,,,,,,,,,,,,,
2001,primary,FIL,39,39th District ..........,Buffalo FIL 39,,,,,33.0,42.0,9.0,84.0,,,,,,,,,,,,,,,,,,,,,,,,,,,,,,,,,,
2001,primary,FIL,40,40th District ..........,Buffalo FIL 40,,,,,4.0,40.0,10.0,54.0,,,,,,,,,,,,,,,,,,,,,,,,,,,,,,,,,,
2001,primary,FIL,41,41st District ..........,Buffalo FIL 41,,,,,10.0,61.0,16.0,87.0,,,,,,,,,,,,,,,,,,,,,,,,,,,,,,,,,,
2001,primary,LOV,1,1st District ..........,Buffalo LOV 1,,,,,1.0,13.0,1.0,15.0,,,,,,,,,,,,,,,,,,,,,,,,,,,,,,,,,,
2001,primary,LOV,2,2nd District ..........,Buffalo LOV 2,,,,,11.0,136.0,23.0,170.0,,,,,,,,,,,,,,,,,,,,,,,,,,,,,,,,,,
2001,primary,LOV,3,3rd District ..........,Buffalo LOV 3,,,,,10.0,128.0,19.0,157.0,,,,,,,,,,,,,,,,,,,,,,,,,,,,,,,,,,
2001,primary,LOV,4,4th District ..........,Buffalo LOV 4,,,,,38.0,47.0,4.0,89.0,,,,,,,,,,,,,,,,,,,,,,,,,,,,,,,,,,
2001,primary,LOV,5,5th District ..........,Buffalo LOV 5,,,,,8.0,41.0,4.0,53.0,,,,,,,,,,,,,,,,,,,,,,,,,,,,,,,,,,
2001,primary,LOV,6,6th District ..........,Buffalo LOV 6,,,,,12.0,70.0,18.0,100.0,,,,,,,,,,,,,,,,,,,,,,,,,,,,,,,,,,
2001,primary,LOV,7,7th District ..........,Buffalo LOV 7,,,,,6.0,82.0,10.0,98.0,,,,,,,,,,,,,,,,,,,,,,,,,,,,,,,,,,
2001,primary,LOV,8,8th District ..........,Buffalo LOV 8,,,,,12.0,128.0,18.0,158.0,,,,,,,,,,,,,,,,,,,,,,,,,,,,,,,,,,
2001,primary,LOV,9,9th District ..........,Buffalo LOV 9,,,,,21.0,109.0,13.0,143.0,,,,,,,,,,,,,,,,,,,,,,,,,,,,,,,,,,
2001,primary,LOV,10,10th District ..........,Buffalo LOV 10,,,,,17.0,34.0,2.0,53.0,,,,,,,,,,,,,,,,,,,,,,,,,,,,,,,,,,
2001,primary,LOV,11,11th District ..........,Buffalo LOV 11,,,,,13.0,133.0,22.0,168.0,,,,,,,,,,,,,,,,,,,,,,,,,,,,,,,,,,
2001,primary,LOV,12,12th District ..........,Buffalo LOV 12,,,,,0.0,54.0,12.0,66.0,,,,,,,,,,,,,,,,,,,,,,,,,,,,,,,,,,
2001,primary,LOV,13,13th District ..........,Buffalo LOV 13,,,,,7.0,66.0,12.0,85.0,,,,,,,,,,,,,,,,,,,,,,,,,,,,,,,,,,
2001,primary,LOV,14,14th District ..........,Buffalo LOV 14,,,,,42.0,57.0,7.0,106.0,,,,,,,,,,,,,,,,,,,,,,,,,,,,,,,,,,
2001,primary,LOV,15,15th District ..........,Buffalo LOV 15,,,,,20.0,116.0,16.0,152.0,,,,,,,,,,,,,,,,,,,,,,,,,,,,,,,,,,
2001,primary,LOV,16,16th District ..........,Buffalo LOV 16,,,,,16.0,44.0,2.0,62.0,,,,,,,,,,,,,,,,,,,,,,,,,,,,,,,,,,
2001,primary,LOV,17,17th District ..........,Buffalo LOV 17,,,,,49.0,59.0,7.0,115.0,,,,,,,,,,,,,,,,,,,,,,,,,,,,,,,,,,
2001,primary,LOV,18,18th District ..........,Buffalo LOV 18,,,,,4.0,20.0,11.0,35.0,,,,,,,,,,,,,,,,,,,,,,,,,,,,,,,,,,
2001,primary,LOV,19,19th District ..........,Buffalo LOV 19,,,,,9.0,47.0,11.0,67.0,,,,,,,,,,,,,,,,,,,,,,,,,,,,,,,,,,
2001,primary,LOV,20,20th District ..........,Buffalo LOV 20,,,,,26.0,23.0,2.0,51.0,,,,,,,,,,,,,,,,,,,,,,,,,,,,,,,,,,
2001,primary,LOV,21,21st District ..........,Buffalo LOV 21,,,,,21.0,36.0,4.0,61.0,,,,,,,,,,,,,,,,,,,,,,,,,,,,,,,,,,
2001,primary,LOV,22,22nd District ..........,Buffalo LOV 22,,,,,17.0,106.0,20.0,143.0,,,,,,,,,,,,,,,,,,,,,,,,,,,,,,,,,,
2001,primary,LOV,23,23rd District ..........,Buffalo LOV 23,,,,,63.0,87.0,7.0,157.0,,,,,,,,,,,,,,,,,,,,,,,,,,,,,,,,,,
2001,primary,LOV,24,24th District ..........,Buffalo LOV 24,,,,,16.0,65.0,7.0,88.0,,,,,,,,,,,,,,,,,,,,,,,,,,,,,,,,,,
2001,primary,LOV,25,25th District ..........,Buffalo LOV 25,,,,,2.0,12.0,4.0,18.0,,,,,,,,,,,,,,,,,,,,,,,,,,,,,,,,,,
2001,primary,LOV,26,26th District ..........,Buffalo LOV 26,,,,,27.0,26.0,9.0,62.0,,,,,,,,,,,,,,,,,,,,,,,,,,,,,,,,,,
2001,primary,LOV,27,27th District ..........,Buffalo LOV 27,,,,,36.0,96.0,10.0,142.0,,,,,,,,,,,,,,,,,,,,,,,,,,,,,,,,,,
2001,primary,LOV,28,28th District ..........,Buffalo LOV 28,,,,,26.0,119.0,22.0,167.0,,,,,,,,,,,,,,,,,,,,,,,,,,,,,,,,,,
2001,primary,LOV,29,29th District ..........,Buffalo LOV 29,,,,,27.0,45.0,11.0,83.0,,,,,,,,,,,,,,,,,,,,,,,,,,,,,,,,,,
2001,primary,LOV,30,30th District ..........,Buffalo LOV 30,,,,,33.0,43.0,4.0,80.0,,,,,,,,,,,,,,,,,,,,,,,,,,,,,,,,,,
2001,primary,LOV,31,31st District ..........,Buffalo LOV 31,,,,,30.0,52.0,9.0,91.0,,,,,,,,,,,,,,,,,,,,,,,,,,,,,,,,,,
2001,primary,LOV,32,32nd District ..........,Buffalo LOV 32,,,,,18.0,43.0,10.0,71.0,,,,,,,,,,,,,,,,,,,,,,,,,,,,,,,,,,
2001,primary,LOV,33,33rd District ..........,Buffalo LOV 33,,,,,21.0,60.0,4.0,85.0,,,,,,,,,,,,,,,,,,,,,,,,,,,,,,,,,,
2001,primary,MAS,1,1st District ..........,Buffalo MAS 1,,,,,68.0,107.0,11.0,186.0,,,,,,,,,,,,,,,,,,,,,,,,,,,,,,,,,,
2001,primary,MAS,2,2nd District ..........,Buffalo MAS 2,,,,,44.0,48.0,14.0,106.0,,,,,,,,,,,,,,,,,,,,,,,,,,,,,,,,,,
2001,primary,MAS,3,3rd District ..........,Buffalo MAS 3,,,,,69.0,58.0,9.0,136.0,,,,,,,,,,,,,,,,,,,,,,,,,,,,,,,,,,
2001,primary,MAS,4,4th District ..........,Buffalo MAS 4,,,,,40.0,66.0,19.0,125.0,,,,,,,,,,,,,,,,,,,,,,,,,,,,,,,,,,
2001,primary,MAS,5,5th District ..........,Buffalo MAS 5,,,,,38.0,47.0,15.0,100.0,,,,,,,,,,,,,,,,,,,,,,,,,,,,,,,,,,
2001,primary,MAS,6,6th District ..........,Buffalo MAS 6,,,,,25.0,22.0,7.0,54.0,,,,,,,,,,,,,,,,,,,,,,,,,,,,,,,,,,
2001,primary,MAS,7,7th District ..........,Buffalo MAS 7,,,,,43.0,43.0,16.0,102.0,,,,,,,,,,,,,,,,,,,,,,,,,,,,,,,,,,
2001,primary,MAS,8,8th District ..........,Buffalo MAS 8,,,,,15.0,25.0,2.0,42.0,,,,,,,,,,,,,,,,,,,,,,,,,,,,,,,,,,
2001,primary,MAS,9,9th District ..........,Buffalo MAS 9,,,,,84.0,60.0,14.0,158.0,,,,,,,,,,,,,,,,,,,,,,,,,,,,,,,,,,
2001,primary,MAS,10,10th District ..........,Buffalo MAS 10,,,,,25.0,21.0,11.0,57.0,,,,,,,,,,,,,,,,,,,,,,,,,,,,,,,,,,
2001,primary,MAS,11,11th District ..........,Buffalo MAS 11,,,,,23.0,39.0,8.0,70.0,,,,,,,,,,,,,,,,,,,,,,,,,,,,,,,,,,
2001,primary,MAS,12,12th District ..........,Buffalo MAS 12,,,,,33.0,47.0,10.0,90.0,,,,,,,,,,,,,,,,,,,,,,,,,,,,,,,,,,
2001,primary,MAS,13,13th District ..........,Buffalo MAS 13,,,,,59.0,40.0,14.0,113.0,,,,,,,,,,,,,,,,,,,,,,,,,,,,,,,,,,
2001,primary,MAS,14,14th District ..........,Buffalo MAS 14,,,,,58.0,69.0,11.0,138.0,,,,,,,,,,,,,,,,,,,,,,,,,,,,,,,,,,
2001,primary,MAS,15,15th District ..........,Buffalo MAS 15,,,,,39.0,37.0,7.0,83.0,,,,,,,,,,,,,,,,,,,,,,,,,,,,,,,,,,
2001,primary,MAS,16,16th District ..........,Buffalo MAS 16,,,,,57.0,56.0,10.0,123.0,,,,,,,,,,,,,,,,,,,,,,,,,,,,,,,,,,
2001,primary,MAS,17,17th District ..........,Buffalo MAS 17,,,,,53.0,90.0,14.0,157.0,,,,,,,,,,,,,,,,,,,,,,,,,,,,,,,,,,
2001,primary,MAS,18,18th District ..........,Buffalo MAS 18,,,,,69.0,61.0,15.0,145.0,,,,,,,,,,,,,,,,,,,,,,,,,,,,,,,,,,
2001,primary,MAS,19,19th District ..........,Buffalo MAS 19,,,,,60.0,51.0,12.0,123.0,,,,,,,,,,,,,,,,,,,,,,,,,,,,,,,,,,
2001,primary,MAS,20,20th District ..........,Buffalo MAS 20,,,,,63.0,47.0,22.0,132.0,,,,,,,,,,,,,,,,,,,,,,,,,,,,,,,,,,
2001,primary,MAS,21,21st District ..........,Buffalo MAS 21,,,,,44.0,53.0,8.0,105.0,,,,,,,,,,,,,,,,,,,,,,,,,,,,,,,,,,
2001,primary,MAS,22,22nd District ..........,Buffalo MAS 22,,,,,34.0,37.0,11.0,82.0,,,,,,,,,,,,,,,,,,,,,,,,,,,,,,,,,,
2001,primary,MAS,23,23rd District ..........,Buffalo MAS 23,,,,,41.0,40.0,8.0,89.0,,,,,,,,,,,,,,,,,,,,,,,,,,,,,,,,,,
2001,primary,MAS,24,24th District ..........,Buffalo MAS 24,,,,,38.0,36.0,5.0,79.0,,,,,,,,,,,,,,,,,,,,,,,,,,,,,,,,,,
2001,primary,MAS,25,25th District ..........,Buffalo MAS 25,,,,,41.0,52.0,10.0,103.0,,,,,,,,,,,,,,,,,,,,,,,,,,,,,,,,,,
2001,primary,MAS,26,26th District ..........,Buffalo MAS 26,,,,,71.0,76.0,13.0,160.0,,,,,,,,,,,,,,,,,,,,,,,,,,,,,,,,,,
2001,primary,MAS,27,27th District ..........,Buffalo MAS 27,,,,,80.0,70.0,9.0,159.0,,,,,,,,,,,,,,,,,,,,,,,,,,,,,,,,,,
2001,primary,MAS,28,28th District ..........,Buffalo MAS 28,,,,,58.0,70.0,14.0,142.0,,,,,,,,,,,,,,,,,,,,,,,,,,,,,,,,,,
2001,primary,MAS,29,29th District ..........,Buffalo MAS 29,,,,,31.0,52.0,10.0,93.0,,,,,,,,,,,,,,,,,,,,,,,,,,,,,,,,,,
2001,primary,MAS,30,30th District ..........,Buffalo MAS 30,,,,,43.0,42.0,13.0,98.0,,,,,,,,,,,,,,,,,,,,,,,,,,,,,,,,,,
2001,primary,MAS,31,31st District ..........,Buffalo MAS 31,,,,,45.0,52.0,8.0,105.0,,,,,,,,,,,,,,,,,,,,,,,,,,,,,,,,,,
2001,primary,MAS,32,32nd District ..........,Buffalo MAS 32,,,,,52.0,42.0,9.0,103.0,,,,,,,,,,,,,,,,,,,,,,,,,,,,,,,,,,
2001,primary,MAS,33,33rd District ..........,Buffalo MAS 33,,,,,67.0,108.0,18.0,193.0,,,,,,,,,,,,,,,,,,,,,,,,,,,,,,,,,,
2001,primary,MAS,34,34th District ..........,Buffalo MAS 34,,,,,38.0,58.0,9.0,105.0,,,,,,,,,,,,,,,,,,,,,,,,,,,,,,,,,,
2001,primary,MAS,35,35th District ..........,Buffalo MAS 35,,,,,84.0,72.0,9.0,165.0,,,,,,,,,,,,,,,,,,,,,,,,,,,,,,,,,,
2001,primary,MAS,36,36th District ..........,Buffalo MAS 36,,,,,42.0,53.0,6.0,101.0,,,,,,,,,,,,,,,,,,,,,,,,,,,,,,,,,,
2001,primary,MAS,37,37th District ..........,Buffalo MAS 37,,,,,47.0,57.0,11.0,115.0,,,,,,,,,,,,,,,,,,,,,,,,,,,,,,,,,,
2001,primary,MAS,38,38th District ..........,Buffalo MAS 38,,,,,36.0,54.0,8.0,98.0,,,,,,,,,,,,,,,,,,,,,,,,,,,,,,,,,,
2001,primary,MAS,39,39th District ..........,Buffalo MAS 39,,,,,17.0,19.0,2.0,38.0,,,,,,,,,,,,,,,,,,,,,,,,,,,,,,,,,,
2001,primary,MAS,40,40th District ..........,Buffalo MAS 40,,,,,44.0,63.0,11.0,118.0,,,,,,,,,,,,,,,,,,,,,,,,,,,,,,,,,,
2001,primary,MAS,41,41st District ..........,Buffalo MAS 41,,,,,40.0,40.0,8.0,88.0,,,,,,,,,,,,,,,,,,,,,,,,,,,,,,,,,,
2001,primary,MAS,42,42nd District ..........,Buffalo MAS 42,,,,,39.0,49.0,5.0,93.0,,,,,,,,,,,,,,,,,,,,,,,,,,,,,,,,,,
2001,primary,NIA,1,1st District ..........,Buffalo NIA 1,,,,,7.0,88.0,16.0,111.0,,,,,,,,,,,,,,,,,,,,,,,,,,,,,,,,,,
2001,primary,NIA,2,2nd District ..........,Buffalo NIA 2,,,,,10.0,57.0,7.0,74.0,,,,,,,,,,,,,,,,,,,,,,,,,,,,,,,,,,
2001,primary,NIA,3,3rd District ..........,Buffalo NIA 3,,,,,10.0,76.0,10.0,96.0,,,,,,,,,,,,,,,,,,,,,,,,,,,,,,,,,,
2001,primary,NIA,4,4th District ..........,Buffalo NIA 4,,,,,12.0,35.0,1.0,48.0,,,,,,,,,,,,,,,,,,,,,,,,,,,,,,,,,,
2001,primary,NIA,5,5th District ..........,Buffalo NIA 5,,,,,9.0,31.0,2.0,42.0,,,,,,,,,,,,,,,,,,,,,,,,,,,,,,,,,,
2001,primary,NIA,6,6th District ..........,Buffalo NIA 6,,,,,7.0,28.0,4.0,39.0,,,,,,,,,,,,,,,,,,,,,,,,,,,,,,,,,,
2001,primary,NIA,7,7th District ..........,Buffalo NIA 7,,,,,15.0,87.0,10.0,112.0,,,,,,,,,,,,,,,,,,,,,,,,,,,,,,,,,,
2001,primary,NIA,8,8th District ..........,Buffalo NIA 8,,,,,9.0,35.0,4.0,48.0,,,,,,,,,,,,,,,,,,,,,,,,,,,,,,,,,,
2001,primary,NIA,9,9th District ..........,Buffalo NIA 9,,,,,36.0,92.0,14.0,142.0,,,,,,,,,,,,,,,,,,,,,,,,,,,,,,,,,,
2001,primary,NIA,10,10th District ..........,Buffalo NIA 10,,,,,23.0,70.0,16.0,109.0,,,,,,,,,,,,,,,,,,,,,,,,,,,,,,,,,,
2001,primary,NIA,11,11th District ..........,Buffalo NIA 11,,,,,1.0,33.0,3.0,37.0,,,,,,,,,,,,,,,,,,,,,,,,,,,,,,,,,,
2001,primary,NIA,12,12th District ..........,Buffalo NIA 12,,,,,9.0,48.0,6.0,63.0,,,,,,,,,,,,,,,,,,,,,,,,,,,,,,,,,,
2001,primary,NIA,13,13th District ..........,Buffalo NIA 13,,,,,13.0,75.0,12.0,100.0,,,,,,,,,,,,,,,,,,,,,,,,,,,,,,,,,,
2001,primary,NIA,14,14th District ..........,Buffalo NIA 14,,,,,23.0,78.0,11.0,112.0,,,,,,,,,,,,,,,,,,,,,,,,,,,,,,,,,,
2001,primary,NIA,15,15th District ..........,Buffalo NIA 15,,,,,7.0,39.0,6.0,52.0,,,,,,,,,,,,,,,,,,,,,,,,,,,,,,,,,,
2001,primary,NIA,16,16th District ..........,Buffalo NIA 16,,,,,8.0,55.0,17.0,80.0,,,,,,,,,,,,,,,,,,,,,,,,,,,,,,,,,,
2001,primary,NIA,17,17th District ..........,Buffalo NIA 17,,,,,5.0,18.0,3.0,26.0,,,,,,,,,,,,,,,,,,,,,,,,,,,,,,,,,,
2001,primary,NIA,18,18th District ..........,Buffalo NIA 18,,,,,13.0,59.0,8.0,80.0,,,,,,,,,,,,,,,,,,,,,,,,,,,,,,,,,,
2001,primary,NIA,19,19th District ..........,Buffalo NIA 19,,,,,8.0,34.0,5.0,47.0,,,,,,,,,,,,,,,,,,,,,,,,,,,,,,,,,,
2001,primary,NIA,20,20th District ..........,Buffalo NIA 20,,,,,12.0,71.0,8.0,91.0,,,,,,,,,,,,,,,,,,,,,,,,,,,,,,,,,,
2001,primary,NIA,21,21st District ..........,Buffalo NIA 21,,,,,8.0,48.0,4.0,60.0,,,,,,,,,,,,,,,,,,,,,,,,,,,,,,,,,,
2001,primary,NIA,22,22nd District ..........,Buffalo NIA 22,,,,,10.0,63.0,5.0,78.0,,,,,,,,,,,,,,,,,,,,,,,,,,,,,,,,,,
2001,primary,NIA,23,23rd District ..........,Buffalo NIA 23,,,,,5.0,43.0,5.0,53.0,,,,,,,,,,,,,,,,,,,,,,,,,,,,,,,,,,
2001,primary,NIA,24,24th District ..........,Buffalo NIA 24,,,,,6.0,28.0,4.0,38.0,,,,,,,,,,,,,,,,,,,,,,,,,,,,,,,,,,
2001,primary,NIA,25,25th District ..........,Buffalo NIA 25,,,,,15.0,74.0,15.0,104.0,,,,,,,,,,,,,,,,,,,,,,,,,,,,,,,,,,
2001,primary,NIA,26,26th District ..........,Buffalo NIA 26,,,,,5.0,34.0,4.0,43.0,,,,,,,,,,,,,,,,,,,,,,,,,,,,,,,,,,
2001,primary,NIA,27,27th District ..........,Buffalo NIA 27,,,,,8.0,28.0,2.0,38.0,,,,,,,,,,,,,,,,,,,,,,,,,,,,,,,,,,
2001,primary,NIA,28,28th District ..........,Buffalo NIA 28,,,,,12.0,66.0,14.0,92.0,,,,,,,,,,,,,,,,,,,,,,,,,,,,,,,,,,
2001,primary,NIA,29,29th District ..........,Buffalo NIA 29,,,,,8.0,21.0,0.0,29.0,,,,,,,,,,,,,,,,,,,,,,,,,,,,,,,,,,
2001,primary,NIA,30,30th District ..........,Buffalo NIA 30,,,,,6.0,47.0,5.0,58.0,,,,,,,,,,,,,,,,,,,,,,,,,,,,,,,,,,
2001,primary,NIA,31,31st District ..........,Buffalo NIA 31,,,,,9.0,50.0,7.0,66.0,,,,,,,,,,,,,,,,,,,,,,,,,,,,,,,,,,
2001,primary,NIA,32,32nd District ..........,Buffalo NIA 32,,,,,5.0,65.0,11.0,81.0,,,,,,,,,,,,,,,,,,,,,,,,,,,,,,,,,,
2001,primary,NIA,33,33rd District ..........,Buffalo NIA 33,,,,,10.0,82.0,9.0,101.0,,,,,,,,,,,,,,,,,,,,,,,,,,,,,,,,,,
2001,primary,NOR,1,1st District ..........,Buffalo NOR 1,,,,,23.0,111.0,22.0,156.0,,,,,,,,,,,,,,,,,,,,,,,,,,,,,,,,,,
2001,primary,NOR,2,2nd District ..........,Buffalo NOR 2,,,,,1.0,11.0,1.0,13.0,,,,,,,,,,,,,,,,,,,,,,,,,,,,,,,,,,
2001,primary,NOR,3,3rd District ..........,Buffalo NOR 3,,,,,15.0,114.0,13.0,142.0,,,,,,,,,,,,,,,,,,,,,,,,,,,,,,,,,,
2001,primary,NOR,4,4th District ..........,Buffalo NOR 4,,,,,21.0,100.0,19.0,140.0,,,,,,,,,,,,,,,,,,,,,,,,,,,,,,,,,,
2001,primary,NOR,5,5th District ..........,Buffalo NOR 5,,,,,8.0,88.0,10.0,106.0,,,,,,,,,,,,,,,,,,,,,,,,,,,,,,,,,,
2001,primary,NOR,6,6th District ..........,Buffalo NOR 6,,,,,10.0,62.0,9.0,81.0,,,,,,,,,,,,,,,,,,,,,,,,,,,,,,,,,,
2001,primary,NOR,7,7th District ..........,Buffalo NOR 7,,,,,16.0,84.0,8.0,108.0,,,,,,,,,,,,,,,,,,,,,,,,,,,,,,,,,,
2001,primary,NOR,8,8th District ..........,Buffalo NOR 8,,,,,6.0,43.0,3.0,52.0,,,,,,,,,,,,,,,,,,,,,,,,,,,,,,,,,,
2001,primary,NOR,9,9th District ..........,Buffalo NOR 9,,,,,12.0,89.0,20.0,121.0,,,,,,,,,,,,,,,,,,,,,,,,,,,,,,,,,,
2001,primary,NOR,10,10th District ..........,Buffalo NOR 10,,,,,21.0,73.0,12.0,106.0,,,,,,,,,,,,,,,,,,,,,,,,,,,,,,,,,,
2001,primary,NOR,11,11th District ..........,Buffalo NOR 11,,,,,12.0,70.0,16.0,98.0,,,,,,,,,,,,,,,,,,,,,,,,,,,,,,,,,,
2001,primary,NOR,12,12th District ..........,Buffalo NOR 12,,,,,4.0,41.0,8.0,53.0,,,,,,,,,,,,,,,,,,,,,,,,,,,,,,,,,,
2001,primary,NOR,13,13th District ..........,Buffalo NOR 13,,,,,13.0,90.0,9.0,112.0,,,,,,,,,,,,,,,,,,,,,,,,,,,,,,,,,,
2001,primary,NOR,14,14th District ..........,Buffalo NOR 14,,,,,12.0,47.0,2.0,61.0,,,,,,,,,,,,,,,,,,,,,,,,,,,,,,,,,,
2001,primary,NOR,15,15th District ..........,Buffalo NOR 15,,,,,15.0,77.0,12.0,104.0,,,,,,,,,,,,,,,,,,,,,,,,,,,,,,,,,,
2001,primary,NOR,16,16th District ..........,Buffalo NOR 16,,,,,3.0,17.0,1.0,21.0,,,,,,,,,,,,,,,,,,,,,,,,,,,,,,,,,,
2001,primary,NOR,17,17th District ..........,Buffalo NOR 17,,,,,0.0,0.0,0.0,0.0,,,,,,,,,,,,,,,,,,,,,,,,,,,,,,,,,,
2001,primary,NOR,18,18th District ..........,Buffalo NOR 18,,,,,0.0,11.0,1.0,12.0,,,,,,,,,,,,,,,,,,,,,,,,,,,,,,,,,,
2001,primary,NOR,19,19th District ..........,Buffalo NOR 19,,,,,12.0,81.0,10.0,103.0,,,,,,,,,,,,,,,,,,,,,,,,,,,,,,,,,,
2001,primary,NOR,20,20th District ..........,Buffalo NOR 20,,,,,8.0,110.0,18.0,136.0,,,,,,,,,,,,,,,,,,,,,,,,,,,,,,,,,,
2001,primary,NOR,21,21st District ..........,Buffalo NOR 21,,,,,6.0,31.0,4.0,41.0,,,,,,,,,,,,,,,,,,,,,,,,,,,,,,,,,,
2001,primary,NOR,22,22nd District ..........,Buffalo NOR 22,,,,,7.0,59.0,11.0,77.0,,,,,,,,,,,,,,,,,,,,,,,,,,,,,,,,,,
2001,primary,NOR,23,23rd District ..........,Buffalo NOR 23,,,,,19.0,56.0,6.0,81.0,,,,,,,,,,,,,,,,,,,,,,,,,,,,,,,,,,
2001,primary,NOR,24,24th District ..........,Buffalo NOR 24,,,,,8.0,65.0,5.0,78.0,,,,,,,,,,,,,,,,,,,,,,,,,,,,,,,,,,
2001,primary,NOR,25,25th District ..........,Buffalo NOR 25,,,,,16.0,71.0,8.0,95.0,,,,,,,,,,,,,,,,,,,,,,,,,,,,,,,,,,
2001,primary,NOR,26,26th District ..........,Buffalo NOR 26,,,,,8.0,11.0,6.0,25.0,,,,,,,,,,,,,,,,,,,,,,,,,,,,,,,,,,
2001,primary,NOR,27,27th District ..........,Buffalo NOR 27,,,,,0.0,8.0,1.0,9.0,,,,,,,,,,,,,,,,,,,,,,,,,,,,,,,,,,
2001,primary,NOR,28,28th District ..........,Buffalo NOR 28,,,,,19.0,87.0,14.0,120.0,,,,,,,,,,,,,,,,,,,,,,,,,,,,,,,,,,
2001,primary,NOR,29,29th District ..........,Buffalo NOR 29,,,,,11.0,83.0,13.0,107.0,,,,,,,,,,,,,,,,,,,,,,,,,,,,,,,,,,
2001,primary,NOR,30,30th District ..........,Buffalo NOR 30,,,,,15.0,45.0,6.0,66.0,,,,,,,,,,,,,,,,,,,,,,,,,,,,,,,,,,
2001,primary,NOR,31,31st District ..........,Buffalo NOR 31,,,,,20.0,120.0,22.0,162.0,,,,,,,,,,,,,,,,,,,,,,,,,,,,,,,,,,
2001,primary,NOR,32,32nd District ..........,Buffalo NOR 32,,,,,9.0,92.0,5.0,106.0,,,,,,,,,,,,,,,,,,,,,,,,,,,,,,,,,,
2001,primary,NOR,33,33rd District ..........,Buffalo NOR 33,,,,,19.0,96.0,16.0,131.0,,,,,,,,,,,,,,,,,,,,,,,,,,,,,,,,,,
2001,primary,NOR,34,34th District ..........,Buffalo NOR 34,,,,,7.0,37.0,11.0,55.0,,,,,,,,,,,,,,,,,,,,,,,,,,,,,,,,,,
2001,primary,NOR,35,35th District ..........,Buffalo NOR 35,,,,,3.0,26.0,4.0,33.0,,,,,,,,,,,,,,,,,,,,,,,,,,,,,,,,,,
2001,primary,SOU,1,1st District ..........,Buffalo SOU 1,,,,,14.0,81.0,13.0,108.0,,,,,,,,,,,,,,,,,,,,,,,,,,,,,,,,,,
2001,primary,SOU,2,2nd District ..........,Buffalo SOU 2,,,,,15.0,72.0,15.0,102.0,,,,,,,,,,,,,,,,,,,,,,,,,,,,,,,,,,
2001,primary,SOU,3,3rd District ..........,Buffalo SOU 3,,,,,17.0,127.0,28.0,172.0,,,,,,,,,,,,,,,,,,,,,,,,,,,,,,,,,,
2001,primary,SOU,4,4th District ..........,Buffalo SOU 4,,,,,10.0,67.0,17.0,94.0,,,,,,,,,,,,,,,,,,,,,,,,,,,,,,,,,,
2001,primary,SOU,5,5th District ..........,Buffalo SOU 5,,,,,10.0,90.0,23.0,123.0,,,,,,,,,,,,,,,,,,,,,,,,,,,,,,,,,,
2001,primary,SOU,6,6th District ..........,Buffalo SOU 6,,,,,30.0,146.0,34.0,210.0,,,,,,,,,,,,,,,,,,,,,,,,,,,,,,,,,,
2001,primary,SOU,7,7th District ..........,Buffalo SOU 7,,,,,19.0,140.0,36.0,195.0,,,,,,,,,,,,,,,,,,,,,,,,,,,,,,,,,,
2001,primary,SOU,8,8th District ..........,Buffalo SOU 8,,,,,21.0,115.0,32.0,168.0,,,,,,,,,,,,,,,,,,,,,,,,,,,,,,,,,,
2001,primary,SOU,9,9th District ..........,Buffalo SOU 9,,,,,29.0,164.0,37.0,230.0,,,,,,,,,,,,,,,,,,,,,,,,,,,,,,,,,,
2001,primary,SOU,10,10th District ..........,Buffalo SOU 10,,,,,22.0,130.0,28.0,180.0,,,,,,,,,,,,,,,,,,,,,,,,,,,,,,,,,,
2001,primary,SOU,11,11th District ..........,Buffalo SOU 11,,,,,12.0,111.0,23.0,146.0,,,,,,,,,,,,,,,,,,,,,,,,,,,,,,,,,,
2001,primary,SOU,12,12th District ..........,Buffalo SOU 12,,,,,18.0,106.0,29.0,153.0,,,,,,,,,,,,,,,,,,,,,,,,,,,,,,,,,,
2001,primary,SOU,13,13th District ..........,Buffalo SOU 13,,,,,16.0,108.0,30.0,154.0,,,,,,,,,,,,,,,,,,,,,,,,,,,,,,,,,,
2001,primary,SOU,14,14th District ..........,Buffalo SOU 14,,,,,15.0,84.0,8.0,107.0,,,,,,,,,,,,,,,,,,,,,,,,,,,,,,,,,,
2001,primary,SOU,15,15th District ..........,Buffalo SOU 15,,,,,27.0,180.0,42.0,249.0,,,,,,,,,,,,,,,,,,,,,,,,,,,,,,,,,,
2001,primary,SOU,16,16th District ..........,Buffalo SOU 16,,,,,18.0,86.0,24.0,128.0,,,,,,,,,,,,,,,,,,,,,,,,,,,,,,,,,,
2001,primary,SOU,17,17th District ..........,Buffalo SOU 17,,,,,24.0,101.0,25.0,150.0,,,,,,,,,,,,,,,,,,,,,,,,,,,,,,,,,,
2001,primary,SOU,18,18th District ..........,Buffalo SOU 18,,,,,27.0,192.0,36.0,255.0,,,,,,,,,,,,,,,,,,,,,,,,,,,,,,,,,,
2001,primary,SOU,19,19th District ..........,Buffalo SOU 19,,,,,32.0,137.0,29.0,198.0,,,,,,,,,,,,,,,,,,,,,,,,,,,,,,,,,,
2001,primary,SOU,20,20th District ..........,Buffalo SOU 20,,,,,12.0,64.0,11.0,87.0,,,,,,,,,,,,,,,,,,,,,,,,,,,,,,,,,,
2001,primary,SOU,21,21st District ..........,Buffalo SOU 21,,,,,5.0,36.0,13.0,54.0,,,,,,,,,,,,,,,,,,,,,,,,,,,,,,,,,,
2001,primary,SOU,22,22nd District ..........,Buffalo SOU 22,,,,,31.0,62.0,19.0,112.0,,,,,,,,,,,,,,,,,,,,,,,,,,,,,,,,,,
2001,primary,SOU,23,23rd District ..........,Buffalo SOU 23,,,,,22.0,119.0,22.0,163.0,,,,,,,,,,,,,,,,,,,,,,,,,,,,,,,,,,
2001,primary,SOU,24,24th District ..........,Buffalo SOU 24,,,,,9.0,84.0,18.0,111.0,,,,,,,,,,,,,,,,,,,,,,,,,,,,,,,,,,
2001,primary,SOU,25,25th District ..........,Buffalo SOU 25,,,,,24.0,63.0,28.0,115.0,,,,,,,,,,,,,,,,,,,,,,,,,,,,,,,,,,
2001,primary,SOU,26,26th District ..........,Buffalo SOU 26,,,,,13.0,99.0,22.0,134.0,,,,,,,,,,,,,,,,,,,,,,,,,,,,,,,,,,
2001,primary,SOU,27,27th District ..........,Buffalo SOU 27,,,,,15.0,98.0,18.0,131.0,,,,,,,,,,,,,,,,,,,,,,,,,,,,,,,,,,
2001,primary,SOU,28,28th District ..........,Buffalo SOU 28,,,,,17.0,133.0,34.0,184.0,,,,,,,,,,,,,,,,,,,,,,,,,,,,,,,,,,
2001,primary,SOU,29,29th District ..........,Buffalo SOU 29,,,,,20.0,112.0,18.0,150.0,,,,,,,,,,,,,,,,,,,,,,,,,,,,,,,,,,
2001,primary,SOU,30,30th District ..........,Buffalo SOU 30,,,,,18.0,93.0,18.0,129.0,,,,,,,,,,,,,,,,,,,,,,,,,,,,,,,,,,
2001,primary,SOU,31,31st District ..........,Buffalo SOU 31,,,,,12.0,93.0,27.0,132.0,,,,,,,,,,,,,,,,,,,,,,,,,,,,,,,,,,
2001,primary,SOU,32,32nd District ..........,Buffalo SOU 32,,,,,8.0,52.0,13.0,73.0,,,,,,,,,,,,,,,,,,,,,,,,,,,,,,,,,,
2001,primary,SOU,33,33rd District ..........,Buffalo SOU 33,,,,,22.0,87.0,28.0,137.0,,,,,,,,,,,,,,,,,,,,,,,,,,,,,,,,,,
2001,primary,SOU,34,34th District ..........,Buffalo SOU 34,,,,,9.0,73.0,16.0,98.0,,,,,,,,,,,,,,,,,,,,,,,,,,,,,,,,,,
2001,primary,SOU,35,35th District ..........,Buffalo SOU 35,,,,,8.0,41.0,12.0,61.0,,,,,,,,,,,,,,,,,,,,,,,,,,,,,,,,,,
2001,primary,UNI,1,1st District ..........,Buffalo UNI 1,,,,,10.0,78.0,14.0,102.0,,,,,,,,,,,,,,,,,,,,,,,,,,,,,,,,,,
2001,primary,UNI,2,2nd District ..........,Buffalo UNI 2,,,,,17.0,96.0,14.0,127.0,,,,,,,,,,,,,,,,,,,,,,,,,,,,,,,,,,
2001,primary,UNI,3,3rd District ..........,Buffalo UNI 3,,,,,29.0,58.0,10.0,97.0,,,,,,,,,,,,,,,,,,,,,,,,,,,,,,,,,,
2001,primary,UNI,4,4th District ..........,Buffalo UNI 4,,,,,80.0,108.0,19.0,207.0,,,,,,,,,,,,,,,,,,,,,,,,,,,,,,,,,,
2001,primary,UNI,5,5th District ..........,Buffalo UNI 5,,,,,0.0,0.0,0.0,0.0,,,,,,,,,,,,,,,,,,,,,,,,,,,,,,,,,,
2001,primary,UNI,6,6th District ..........,Buffalo UNI 6,,,,,28.0,38.0,6.0,72.0,,,,,,,,,,,,,,,,,,,,,,,,,,,,,,,,,,
2001,primary,UNI,7,7th District ..........,Buffalo UNI 7,,,,,19.0,35.0,4.0,58.0,,,,,,,,,,,,,,,,,,,,,,,,,,,,,,,,,,
2001,primary,UNI,8,8th District ..........,Buffalo UNI 8,,,,,46.0,49.0,15.0,110.0,,,,,,,,,,,,,,,,,,,,,,,,,,,,,,,,,,
2001,primary,UNI,9,9th District ..........,Buffalo UNI 9,,,,,44.0,85.0,16.0,145.0,,,,,,,,,,,,,,,,,,,,,,,,,,,,,,,,,,
2001,primary,UNI,10,10th District ..........,Buffalo UNI 10,,,,,61.0,58.0,18.0,137.0,,,,,,,,,,,,,,,,,,,,,,,,,,,,,,,,,,
2001,primary,UNI,11,11th District ..........,Buffalo UNI 11,,,,,59.0,64.0,15.0,138.0,,,,,,,,,,,,,,,,,,,,,,,,,,,,,,,,,,
2001,primary,UNI,12,12th District ..........,Buffalo UNI 12,,,,,0.0,5.0,0.0,5.0,,,,,,,,,,,,,,,,,,,,,,,,,,,,,,,,,,
2001,primary,UNI,13,13th District ..........,Buffalo UNI 13,,,,,48.0,77.0,15.0,140.0,,,,,,,,,,,,,,,,,,,,,,,,,,,,,,,,,,
2001,primary,UNI,14,14th District ..........,Buffalo UNI 14,,,,,0.0,0.0,0.0,0.0,,,,,,,,,,,,,,,,,,,,,,,,,,,,,,,,,,
2001,primary,UNI,15,15th District ..........,Buffalo UNI 15,,,,,26.0,55.0,17.0,98.0,,,,,,,,,,,,,,,,,,,,,,,,,,,,,,,,,,
2001,primary,UNI,16,16th District ..........,Buffalo UNI 16,,,,,70.0,93.0,14.0,177.0,,,,,,,,,,,,,,,,,,,,,,,,,,,,,,,,,,
2001,primary,UNI,17,17th District ..........,Buffalo UNI 17,,,,,5.0,9.0,2.0,16.0,,,,,,,,,,,,,,,,,,,,,,,,,,,,,,,,,,
2001,primary,UNI,18,18th District ..........,Buffalo UNI 18,,,,,27.0,112.0,21.0,160.0,,,,,,,,,,,,,,,,,,,,,,,,,,,,,,,,,,
2001,primary,UNI,19,19th District ..........,Buffalo UNI 19,,,,,42.0,34.0,13.0,89.0,,,,,,,,,,,,,,,,,,,,,,,,,,,,,,,,,,
2001,primary,UNI,20,20th District ..........,Buffalo UNI 20,,,,,67.0,68.0,16.0,151.0,,,,,,,,,,,,,,,,,,,,,,,,,,,,,,,,,,
2001,primary,UNI,21,21st District ..........,Buffalo UNI 21,,,,,11.0,24.0,6.0,41.0,,,,,,,,,,,,,,,,,,,,,,,,,,,,,,,,,,
2001,primary,UNI,22,22nd District ..........,Buffalo UNI 22,,,,,47.0,55.0,25.0,127.0,,,,,,,,,,,,,,,,,,,,,,,,,,,,,,,,,,
2001,primary,UNI,23,23rd District ..........,Buffalo UNI 23,,,,,51.0,45.0,14.0,110.0,,,,,,,,,,,,,,,,,,,,,,,,,,,,,,,,,,
2001,primary,UNI,24,24th District ..........,Buffalo UNI 24,,,,,39.0,50.0,12.0,101.0,,,,,,,,,,,,,,,,,,,,,,,,,,,,,,,,,,
2001,primary,UNI,25,25th District ..........,Buffalo UNI 25,,,,,44.0,80.0,15.0,139.0,,,,,,,,,,,,,,,,,,,,,,,,,,,,,,,,,,
2001,primary,UNI,26,26th District ..........,Buffalo UNI 26,,,,,42.0,54.0,11.0,107.0,,,,,,,,,,,,,,,,,,,,,,,,,,,,,,,,,,
2001,primary,UNI,27,27th District ..........,Buffalo UNI 27,,,,,45.0,78.0,10.0,133.0,,,,,,,,,,,,,,,,,,,,,,,,,,,,,,,,,,
2001,primary,UNI,28,28th District ..........,Buffalo UNI 28,,,,,52.0,73.0,13.0,138.0,,,,,,,,,,,,,,,,,,,,,,,,,,,,,,,,,,
2001,primary,UNI,29,29th District ..........,Buffalo UNI 29,,,,,41.0,59.0,8.0,108.0,,,,,,,,,,,,,,,,,,,,,,,,,,,,,,,,,,
2001,primary,UNI,30,30th District ..........,Buffalo UNI 30,,,,,30.0,59.0,1.0,90.0,,,,,,,,,,,,,,,,,,,,,,,,,,,,,,,,,,
2001,primary,UNI,31,31st District ..........,Buffalo UNI 31,,,,,37.0,152.0,40.0,229.0,,,,,,,,,,,,,,,,,,,,,,,,,,,,,,,,,,
2001,primary,UNI,32,32nd District ..........,Buffalo UNI 32,,,,,17.0,79.0,11.0,107.0,,,,,,,,,,,,,,,,,,,,,,,,,,,,,,,,,,
2001,primary,UNI,33,33rd District ..........,Buffalo UNI 33,,,,,18.0,112.0,23.0,153.0,,,,,,,,,,,,,,,,,,,,,,,,,,,,,,,,,,
2001,primary,UNI,34,34th District ..........,Buffalo UNI 34,,,,,49.0,59.0,12.0,120.0,,,,,,,,,,,,,,,,,,,,,,,,,,,,,,,,,,
2001,primary,UNI,35,35th District ..........,Buffalo UNI 35,,,,,68.0,70.0,12.0,150.0,,,,,,,,,,,,,,,,,,,,,,,,,,,,,,,,,,
2001,primary,UNI,36,36th District ..........,Buffalo UNI 36,,,,,62.0,90.0,16.0,168.0,,,,,,,,,,,,,,,,,,,,,,,,,,,,,,,,,,
2001,general,DEL,1,1st District ……………,Buffalo DEL 1,,,,,,8.0,0.0,8.0,0.0,,,,,,,,,,,,,,,,,,,,,,,,,,,,,,,,,
2001,general,DEL,2,2nd District ……………,Buffalo DEL 2,,,,,,235.0,50.0,285.0,0.0,,,,,,,,,,,,,,,,,,,,,,,,,,,,,,,,,
2001,general,DEL,3,3rd District ……………,Buffalo DEL 3,,,,,,140.0,32.0,174.0,2.0,,,,,,,,,,,,,,,,,,,,,,,,,,,,,,,,,
2001,general,DEL,4,4th District ……………,Buffalo DEL 4,,,,,,209.0,57.0,267.0,1.0,,,,,,,,,,,,,,,,,,,,,,,,,,,,,,,,,
2001,general,DEL,5,5th District ……………,Buffalo DEL 5,,,,,,257.0,66.0,334.0,11.0,,,,,,,,,,,,,,,,,,,,,,,,,,,,,,,,,
2001,general,DEL,6,6th District ……………,Buffalo DEL 6,,,,,,217.0,56.0,275.0,2.0,,,,,,,,,,,,,,,,,,,,,,,,,,,,,,,,,
2001,general,DEL,7,7th District ……………,Buffalo DEL 7,,,,,,26.0,9.0,36.0,1.0,,,,,,,,,,,,,,,,,,,,,,,,,,,,,,,,,
2001,general,DEL,8,8th District ……………,Buffalo DEL 8,,,,,,289.0,70.0,360.0,1.0,,,,,,,,,,,,,,,,,,,,,,,,,,,,,,,,,
2001,general,DEL,9,9th District ……………,Buffalo DEL 9,,,,,,220.0,70.0,290.0,0.0,,,,,,,,,,,,,,,,,,,,,,,,,,,,,,,,,
2001,general,DEL,10,10th District ……………,Buffalo DEL 10,,,,,,130.0,59.0,193.0,4.0,,,,,,,,,,,,,,,,,,,,,,,,,,,,,,,,,
2001,general,DEL,11,11th District ……………,Buffalo DEL 11,,,,,,21.0,9.0,30.0,0.0,,,,,,,,,,,,,,,,,,,,,,,,,,,,,,,,,
2001,general,DEL,12,12th District ……………,Buffalo DEL 12,,,,,,190.0,70.0,265.0,5.0,,,,,,,,,,,,,,,,,,,,,,,,,,,,,,,,,
2001,general,DEL,13,13th District ……………,Buffalo DEL 13,,,,,,125.0,52.0,183.0,6.0,,,,,,,,,,,,,,,,,,,,,,,,,,,,,,,,,
2001,general,DEL,14,14th District ……………,Buffalo DEL 14,,,,,,50.0,20.0,73.0,3.0,,,,,,,,,,,,,,,,,,,,,,,,,,,,,,,,,
2001,general,DEL,15,15th District ……………,Buffalo DEL 15,,,,,,57.0,9.0,69.0,3.0,,,,,,,,,,,,,,,,,,,,,,,,,,,,,,,,,
2001,general,DEL,16,16th District ……………,Buffalo DEL 16,,,,,,155.0,46.0,206.0,5.0,,,,,,,,,,,,,,,,,,,,,,,,,,,,,,,,,
2001,general,DEL,17,17th District ……………,Buffalo DEL 17,,,,,,22.0,1.0,23.0,0.0,,,,,,,,,,,,,,,,,,,,,,,,,,,,,,,,,
2001,general,DEL,18,18th District ……………,Buffalo DEL 18,,,,,,104.0,24.0,128.0,0.0,,,,,,,,,,,,,,,,,,,,,,,,,,,,,,,,,
2001,general,DEL,19,19th District ……………,Buffalo DEL 19,,,,,,287.0,56.0,348.0,5.0,,,,,,,,,,,,,,,,,,,,,,,,,,,,,,,,,
2001,general,DEL,20,20th District ……………,Buffalo DEL 20,,,,,,143.0,53.0,208.0,12.0,,,,,,,,,,,,,,,,,,,,,,,,,,,,,,,,,
2001,general,DEL,21,21st District ……………,Buffalo DEL 21,,,,,,156.0,32.0,190.0,2.0,,,,,,,,,,,,,,,,,,,,,,,,,,,,,,,,,
2001,general,DEL,22,22nd District ……………,Buffalo DEL 22,,,,,,118.0,44.0,166.0,4.0,,,,,,,,,,,,,,,,,,,,,,,,,,,,,,,,,
2001,general,DEL,23,23rd District ……………,Buffalo DEL 23,,,,,,149.0,38.0,187.0,0.0,,,,,,,,,,,,,,,,,,,,,,,,,,,,,,,,,
2001,general,DEL,24,24th District ……………,Buffalo DEL 24,,,,,,123.0,56.0,179.0,0.0,,,,,,,,,,,,,,,,,,,,,,,,,,,,,,,,,
2001,general,DEL,25,25th District ……………,Buffalo DEL 25,,,,,,191.0,46.0,243.0,6.0,,,,,,,,,,,,,,,,,,,,,,,,,,,,,,,,,
2001,general,DEL,26,26th District ……………,Buffalo DEL 26,,,,,,305.0,102.0,426.0,19.0,,,,,,,,,,,,,,,,,,,,,,,,,,,,,,,,,
2001,general,DEL,27,27th District ……………,Buffalo DEL 27,,,,,,215.0,60.0,276.0,1.0,,,,,,,,,,,,,,,,,,,,,,,,,,,,,,,,,
2001,general,DEL,28,28th District ……………,Buffalo DEL 28,,,,,,107.0,27.0,134.0,0.0,,,,,,,,,,,,,,,,,,,,,,,,,,,,,,,,,
2001,general,DEL,29,29th District ……………,Buffalo DEL 29,,,,,,187.0,71.0,277.0,19.0,,,,,,,,,,,,,,,,,,,,,,,,,,,,,,,,,
2001,general,DEL,30,30th District ……………,Buffalo DEL 30,,,,,,218.0,78.0,308.0,12.0,,,,,,,,,,,,,,,,,,,,,,,,,,,,,,,,,
2001,general,DEL,31,31st District ……………,Buffalo DEL 31,,,,,,129.0,26.0,156.0,1.0,,,,,,,,,,,,,,,,,,,,,,,,,,,,,,,,,
2001,general,DEL,32,32nd District ……………,Buffalo DEL 32,,,,,,8.0,1.0,9.0,0.0,,,,,,,,,,,,,,,,,,,,,,,,,,,,,,,,,
2001,general,DEL,33,33rd District ……………,Buffalo DEL 33,,,,,,174.0,34.0,208.0,0.0,,,,,,,,,,,,,,,,,,,,,,,,,,,,,,,,,
2001,general,DEL,34,34th District ……………,Buffalo DEL 34,,,,,,221.0,75.0,300.0,4.0,,,,,,,,,,,,,,,,,,,,,,,,,,,,,,,,,
2001,general,DEL,35,35th District ……………,Buffalo DEL 35,,,,,,75.0,26.0,101.0,0.0,,,,,,,,,,,,,,,,,,,,,,,,,,,,,,,,,
2001,general,DEL,36,36th District ……………,Buffalo DEL 36,,,,,,291.0,91.0,393.0,11.0,,,,,,,,,,,,,,,,,,,,,,,,,,,,,,,,,
2001,general,DEL,37,37th District ……………,Buffalo DEL 37,,,,,,145.0,42.0,189.0,2.0,,,,,,,,,,,,,,,,,,,,,,,,,,,,,,,,,
2001,general,DEL,38,38th District ……………,Buffalo DEL 38,,,,,,96.0,17.0,114.0,1.0,,,,,,,,,,,,,,,,,,,,,,,,,,,,,,,,,
2001,general,DEL,39,39th District ……………,Buffalo DEL 39,,,,,,81.0,24.0,107.0,2.0,,,,,,,,,,,,,,,,,,,,,,,,,,,,,,,,,
2001,general,DEL,40,40th District ……………,Buffalo DEL 40,,,,,,68.0,25.0,96.0,3.0,,,,,,,,,,,,,,,,,,,,,,,,,,,,,,,,,
2001,general,DEL,41,41st District ……………,Buffalo DEL 41,,,,,,155.0,39.0,194.0,0.0,,,,,,,,,,,,,,,,,,,,,,,,,,,,,,,,,
2001,general,DEL,42,42nd District ……………,Buffalo DEL 42,,,,,,120.0,44.0,164.0,0.0,,,,,,,,,,,,,,,,,,,,,,,,,,,,,,,,,
2001,general,DEL,43,43rd District ……………,Buffalo DEL 43,,,,,,158.0,44.0,202.0,0.0,,,,,,,,,,,,,,,,,,,,,,,,,,,,,,,,,
2001,general,DEL,44,44th District ……………,Buffalo DEL 44,,,,,,16.0,5.0,21.0,0.0,,,,,,,,,,,,,,,,,,,,,,,,,,,,,,,,,
2001,general,DEL,45,45th District ……………,Buffalo DEL 45,,,,,,226.0,74.0,310.0,10.0,,,,,,,,,,,,,,,,,,,,,,,,,,,,,,,,,
2001,general,ELL,1,1st District ……………,Buffalo ELL 1,,,,,,65.0,29.0,94.0,0.0,,,,,,,,,,,,,,,,,,,,,,,,,,,,,,,,,
2001,general,ELL,2,2nd District ……………,Buffalo ELL 2,,,,,,66.0,16.0,82.0,0.0,,,,,,,,,,,,,,,,,,,,,,,,,,,,,,,,,
2001,general,ELL,3,3rd District ……………,Buffalo ELL 3,,,,,,95.0,22.0,118.0,1.0,,,,,,,,,,,,,,,,,,,,,,,,,,,,,,,,,
2001,general,ELL,4,4th District ……………,Buffalo ELL 4,,,,,,65.0,26.0,91.0,0.0,,,,,,,,,,,,,,,,,,,,,,,,,,,,,,,,,
2001,general,ELL,5,5th District ……………,Buffalo ELL 5,,,,,,159.0,40.0,201.0,2.0,,,,,,,,,,,,,,,,,,,,,,,,,,,,,,,,,
2001,general,ELL,6,6th District ……………,Buffalo ELL 6,,,,,,113.0,21.0,134.0,0.0,,,,,,,,,,,,,,,,,,,,,,,,,,,,,,,,,
2001,general,ELL,7,7th District ……………,Buffalo ELL 7,,,,,,95.0,24.0,120.0,1.0,,,,,,,,,,,,,,,,,,,,,,,,,,,,,,,,,
2001,general,ELL,8,8th District ……………,Buffalo ELL 8,,,,,,97.0,22.0,119.0,0.0,,,,,,,,,,,,,,,,,,,,,,,,,,,,,,,,,
2001,general,ELL,9,9th District ……………,Buffalo ELL 9,,,,,,12.0,1.0,13.0,0.0,,,,,,,,,,,,,,,,,,,,,,,,,,,,,,,,,
2001,general,ELL,10,10th District ……………,Buffalo ELL 10,,,,,,87.0,18.0,105.0,0.0,,,,,,,,,,,,,,,,,,,,,,,,,,,,,,,,,
2001,general,ELL,11,11th District ……………,Buffalo ELL 11,,,,,,121.0,19.0,142.0,2.0,,,,,,,,,,,,,,,,,,,,,,,,,,,,,,,,,
2001,general,ELL,12,12th District ……………,Buffalo ELL 12,,,,,,45.0,14.0,60.0,1.0,,,,,,,,,,,,,,,,,,,,,,,,,,,,,,,,,
2001,general,ELL,13,13th District ……………,Buffalo ELL 13,,,,,,96.0,18.0,114.0,0.0,,,,,,,,,,,,,,,,,,,,,,,,,,,,,,,,,
2001,general,ELL,14,14th District ……………,Buffalo ELL 14,,,,,,86.0,29.0,117.0,2.0,,,,,,,,,,,,,,,,,,,,,,,,,,,,,,,,,
2001,general,ELL,15,15th District ……………,Buffalo ELL 15,,,,,,175.0,36.0,211.0,0.0,,,,,,,,,,,,,,,,,,,,,,,,,,,,,,,,,
2001,general,ELL,16,16th District ……………,Buffalo ELL 16,,,,,,135.0,30.0,165.0,0.0,,,,,,,,,,,,,,,,,,,,,,,,,,,,,,,,,
2001,general,ELL,17,17th District ……………,Buffalo ELL 17,,,,,,99.0,18.0,117.0,0.0,,,,,,,,,,,,,,,,,,,,,,,,,,,,,,,,,
2001,general,ELL,18,18th District ……………,Buffalo ELL 18,,,,,,172.0,48.0,220.0,0.0,,,,,,,,,,,,,,,,,,,,,,,,,,,,,,,,,
2001,general,ELL,19,19th District ……………,Buffalo ELL 19,,,,,,12.0,2.0,14.0,0.0,,,,,,,,,,,,,,,,,,,,,,,,,,,,,,,,,
2001,general,ELL,20,20th District ……………,Buffalo ELL 20,,,,,,96.0,25.0,121.0,0.0,,,,,,,,,,,,,,,,,,,,,,,,,,,,,,,,,
2001,general,ELL,21,21st District ……………,Buffalo ELL 21,,,,,,17.0,3.0,20.0,0.0,,,,,,,,,,,,,,,,,,,,,,,,,,,,,,,,,
2001,general,ELL,22,22nd District ……………,Buffalo ELL 22,,,,,,32.0,2.0,34.0,0.0,,,,,,,,,,,,,,,,,,,,,,,,,,,,,,,,,
2001,general,ELL,23,23rd District ……………,Buffalo ELL 23,,,,,,78.0,11.0,89.0,0.0,,,,,,,,,,,,,,,,,,,,,,,,,,,,,,,,,
2001,general,ELL,24,24th District ……………,Buffalo ELL 24,,,,,,116.0,39.0,155.0,0.0,,,,,,,,,,,,,,,,,,,,,,,,,,,,,,,,,
2001,general,ELL,25,25th District ……………,Buffalo ELL 25,,,,,,116.0,45.0,161.0,0.0,,,,,,,,,,,,,,,,,,,,,,,,,,,,,,,,,
2001,general,ELL,26,26th District ……………,Buffalo ELL 26,,,,,,0.0,0.0,0.0,0.0,,,,,,,,,,,,,,,,,,,,,,,,,,,,,,,,,
2001,general,ELL,27,27th District ……………,Buffalo ELL 27,,,,,,35.0,7.0,42.0,0.0,,,,,,,,,,,,,,,,,,,,,,,,,,,,,,,,,
2001,general,ELL,28,28th District ……………,Buffalo ELL 28,,,,,,75.0,13.0,88.0,0.0,,,,,,,,,,,,,,,,,,,,,,,,,,,,,,,,,
2001,general,ELL,29,29th District ……………,Buffalo ELL 29,,,,,,148.0,32.0,180.0,0.0,,,,,,,,,,,,,,,,,,,,,,,,,,,,,,,,,
2001,general,ELL,30,30th District ……………,Buffalo ELL 30,,,,,,138.0,25.0,163.0,0.0,,,,,,,,,,,,,,,,,,,,,,,,,,,,,,,,,
2001,general,ELL,31,31st District ……………,Buffalo ELL 31,,,,,,51.0,20.0,71.0,0.0,,,,,,,,,,,,,,,,,,,,,,,,,,,,,,,,,
2001,general,ELL,32,32nd District ……………,Buffalo ELL 32,,,,,,79.0,17.0,96.0,0.0,,,,,,,,,,,,,,,,,,,,,,,,,,,,,,,,,
2001,general,ELL,33,33rd District ……………,Buffalo ELL 33,,,,,,128.0,40.0,170.0,2.0,,,,,,,,,,,,,,,,,,,,,,,,,,,,,,,,,
2001,general,ELL,34,34th District ……………,Buffalo ELL 34,,,,,,62.0,15.0,77.0,0.0,,,,,,,,,,,,,,,,,,,,,,,,,,,,,,,,,
2001,general,ELL,35,35th District ……………,Buffalo ELL 35,,,,,,105.0,13.0,124.0,6.0,,,,,,,,,,,,,,,,,,,,,,,,,,,,,,,,,
2001,general,ELL,36,36th District ……………,Buffalo ELL 36,,,,,,23.0,8.0,33.0,2.0,,,,,,,,,,,,,,,,,,,,,,,,,,,,,,,,,
2001,general,ELL,37,37th District ……………,Buffalo ELL 37,,,,,,61.0,16.0,77.0,0.0,,,,,,,,,,,,,,,,,,,,,,,,,,,,,,,,,
2001,general,ELL,38,38th District ……………,Buffalo ELL 38,,,,,,113.0,27.0,140.0,0.0,,,,,,,,,,,,,,,,,,,,,,,,,,,,,,,,,
2001,general,ELL,39,39th District ……………,Buffalo ELL 39,,,,,,137.0,42.0,179.0,0.0,,,,,,,,,,,,,,,,,,,,,,,,,,,,,,,,,
2001,general,ELL,40,40th District ……………,Buffalo ELL 40,,,,,,108.0,38.0,146.0,0.0,,,,,,,,,,,,,,,,,,,,,,,,,,,,,,,,,
2001,general,ELL,41,41st District ……………,Buffalo ELL 41,,,,,,57.0,23.0,82.0,2.0,,,,,,,,,,,,,,,,,,,,,,,,,,,,,,,,,
2001,general,ELL,42,42nd District ……………,Buffalo ELL 42,,,,,,81.0,29.0,118.0,8.0,,,,,,,,,,,,,,,,,,,,,,,,,,,,,,,,,
2001,general,FIL,1,1st District ……………,Buffalo FIL 1,,,,,,69.0,30.0,99.0,0.0,,,,,,,,,,,,,,,,,,,,,,,,,,,,,,,,,
2001,general,FIL,2,2nd District ……………,Buffalo FIL 2,,,,,,10.0,2.0,12.0,0.0,,,,,,,,,,,,,,,,,,,,,,,,,,,,,,,,,
2001,general,FIL,3,3rd District ……………,Buffalo FIL 3,,,,,,55.0,18.0,75.0,2.0,,,,,,,,,,,,,,,,,,,,,,,,,,,,,,,,,
2001,general,FIL,4,4th District ……………,Buffalo FIL 4,,,,,,87.0,33.0,120.0,0.0,,,,,,,,,,,,,,,,,,,,,,,,,,,,,,,,,
2001,general,FIL,5,5th District ……………,Buffalo FIL 5,,,,,,57.0,9.0,66.0,0.0,,,,,,,,,,,,,,,,,,,,,,,,,,,,,,,,,
2001,general,FIL,6,6th District ……………,Buffalo FIL 6,,,,,,88.0,32.0,120.0,0.0,,,,,,,,,,,,,,,,,,,,,,,,,,,,,,,,,
2001,general,FIL,7,7th District ……………,Buffalo FIL 7,,,,,,83.0,23.0,106.0,0.0,,,,,,,,,,,,,,,,,,,,,,,,,,,,,,,,,
2001,general,FIL,8,8th District ……………,Buffalo FIL 8,,,,,,47.0,11.0,59.0,1.0,,,,,,,,,,,,,,,,,,,,,,,,,,,,,,,,,
2001,general,FIL,9,9th District ……………,Buffalo FIL 9,,,,,,109.0,25.0,134.0,0.0,,,,,,,,,,,,,,,,,,,,,,,,,,,,,,,,,
2001,general,FIL,10,10th District ……………,Buffalo FIL 10,,,,,,38.0,10.0,48.0,0.0,,,,,,,,,,,,,,,,,,,,,,,,,,,,,,,,,
2001,general,FIL,11,11th District ……………,Buffalo FIL 11,,,,,,0.0,0.0,0.0,0.0,,,,,,,,,,,,,,,,,,,,,,,,,,,,,,,,,
2001,general,FIL,12,12th District ……………,Buffalo FIL 12,,,,,,103.0,28.0,131.0,0.0,,,,,,,,,,,,,,,,,,,,,,,,,,,,,,,,,
2001,general,FIL,13,13th District ……………,Buffalo FIL 13,,,,,,48.0,23.0,71.0,0.0,,,,,,,,,,,,,,,,,,,,,,,,,,,,,,,,,
2001,general,FIL,14,14th District ……………,Buffalo FIL 14,,,,,,34.0,9.0,43.0,0.0,,,,,,,,,,,,,,,,,,,,,,,,,,,,,,,,,
2001,general,FIL,15,15th District ……………,Buffalo FIL 15,,,,,,0.0,0.0,0.0,0.0,,,,,,,,,,,,,,,,,,,,,,,,,,,,,,,,,
2001,general,FIL,16,16th District ……………,Buffalo FIL 16,,,,,,26.0,5.0,31.0,0.0,,,,,,,,,,,,,,,,,,,,,,,,,,,,,,,,,
2001,general,FIL,17,17th District ……………,Buffalo FIL 17,,,,,,172.0,41.0,213.0,0.0,,,,,,,,,,,,,,,,,,,,,,,,,,,,,,,,,
2001,general,FIL,18,18th District ……………,Buffalo FIL 18,,,,,,68.0,27.0,95.0,0.0,,,,,,,,,,,,,,,,,,,,,,,,,,,,,,,,,
2001,general,FIL,19,19th District ……………,Buffalo FIL 19,,,,,,82.0,29.0,111.0,0.0,,,,,,,,,,,,,,,,,,,,,,,,,,,,,,,,,
2001,general,FIL,20,20th District ……………,Buffalo FIL 20,,,,,,52.0,31.0,83.0,0.0,,,,,,,,,,,,,,,,,,,,,,,,,,,,,,,,,
2001,general,FIL,21,21st District ……………,Buffalo FIL 21,,,,,,51.0,15.0,66.0,0.0,,,,,,,,,,,,,,,,,,,,,,,,,,,,,,,,,
2001,general,FIL,22,22nd District ……………,Buffalo FIL 22,,,,,,54.0,12.0,66.0,0.0,,,,,,,,,,,,,,,,,,,,,,,,,,,,,,,,,
2001,general,FIL,23,23rd District ……………,Buffalo FIL 23,,,,,,58.0,23.0,81.0,0.0,,,,,,,,,,,,,,,,,,,,,,,,,,,,,,,,,
2001,general,FIL,24,24th District ……………,Buffalo FIL 24,,,,,,169.0,33.0,202.0,0.0,,,,,,,,,,,,,,,,,,,,,,,,,,,,,,,,,
2001,general,FIL,25,25th District ……………,Buffalo FIL 25,,,,,,94.0,32.0,126.0,0.0,,,,,,,,,,,,,,,,,,,,,,,,,,,,,,,,,
2001,general,FIL,26,26th District ……………,Buffalo FIL 26,,,,,,28.0,11.0,39.0,0.0,,,,,,,,,,,,,,,,,,,,,,,,,,,,,,,,,
2001,general,FIL,27,27th District ……………,Buffalo FIL 27,,,,,,125.0,28.0,153.0,0.0,,,,,,,,,,,,,,,,,,,,,,,,,,,,,,,,,
2001,general,FIL,28,28th District ……………,Buffalo FIL 28,,,,,,0.0,3.0,3.0,0.0,,,,,,,,,,,,,,,,,,,,,,,,,,,,,,,,,
2001,general,FIL,29,29th District ……………,Buffalo FIL 29,,,,,,3.0,3.0,6.0,0.0,,,,,,,,,,,,,,,,,,,,,,,,,,,,,,,,,
2001,general,FIL,30,30th District ……………,Buffalo FIL 30,,,,,,16.0,4.0,20.0,0.0,,,,,,,,,,,,,,,,,,,,,,,,,,,,,,,,,
2001,general,FIL,31,31st District ……………,Buffalo FIL 31,,,,,,70.0,16.0,86.0,0.0,,,,,,,,,,,,,,,,,,,,,,,,,,,,,,,,,
2001,general,FIL,32,32nd District ……………,Buffalo FIL 32,,,,,,65.0,24.0,89.0,0.0,,,,,,,,,,,,,,,,,,,,,,,,,,,,,,,,,
2001,general,FIL,33,33rd District ……………,Buffalo FIL 33,,,,,,11.0,2.0,13.0,0.0,,,,,,,,,,,,,,,,,,,,,,,,,,,,,,,,,
2001,general,FIL,34,34th District ……………,Buffalo FIL 34,,,,,,94.0,32.0,126.0,0.0,,,,,,,,,,,,,,,,,,,,,,,,,,,,,,,,,
2001,general,FIL,35,35th District ……………,Buffalo FIL 35,,,,,,29.0,10.0,39.0,0.0,,,,,,,,,,,,,,,,,,,,,,,,,,,,,,,,,
2001,general,FIL,36,36th District ……………,Buffalo FIL 36,,,,,,96.0,29.0,125.0,0.0,,,,,,,,,,,,,,,,,,,,,,,,,,,,,,,,,
2001,general,FIL,37,37th District ……………,Buffalo FIL 37,,,,,,114.0,58.0,172.0,0.0,,,,,,,,,,,,,,,,,,,,,,,,,,,,,,,,,
2001,general,FIL,38,38th District ……………,Buffalo FIL 38,,,,,,100.0,30.0,130.0,0.0,,,,,,,,,,,,,,,,,,,,,,,,,,,,,,,,,
2001,general,FIL,39,39th District ……………,Buffalo FIL 39,,,,,,90.0,21.0,111.0,0.0,,,,,,,,,,,,,,,,,,,,,,,,,,,,,,,,,
2001,general,FIL,40,40th District ……………,Buffalo FIL 40,,,,,,71.0,25.0,96.0,0.0,,,,,,,,,,,,,,,,,,,,,,,,,,,,,,,,,
2001,general,FIL,41,41st District ……………,Buffalo FIL 41,,,,,,100.0,34.0,134.0,0.0,,,,,,,,,,,,,,,,,,,,,,,,,,,,,,,,,
2001,general,LOV,1,1st District ……………,Buffalo LOV 1,,,,,,27.0,3.0,30.0,0.0,,,,,,,,,,,,,,,,,,,,,,,,,,,,,,,,,
2001,general,LOV,2,2nd District ……………,Buffalo LOV 2,,,,,,248.0,50.0,298.0,0.0,,,,,,,,,,,,,,,,,,,,,,,,,,,,,,,,,
2001,general,LOV,3,3rd District ……………,Buffalo LOV 3,,,,,,221.0,57.0,278.0,0.0,,,,,,,,,,,,,,,,,,,,,,,,,,,,,,,,,
2001,general,LOV,4,4th District ……………,Buffalo LOV 4,,,,,,89.0,31.0,120.0,0.0,,,,,,,,,,,,,,,,,,,,,,,,,,,,,,,,,
2001,general,LOV,5,5th District ……………,Buffalo LOV 5,,,,,,80.0,19.0,100.0,1.0,,,,,,,,,,,,,,,,,,,,,,,,,,,,,,,,,
2001,general,LOV,6,6th District ……………,Buffalo LOV 6,,,,,,119.0,37.0,156.0,0.0,,,,,,,,,,,,,,,,,,,,,,,,,,,,,,,,,
2001,general,LOV,7,7th District ……………,Buffalo LOV 7,,,,,,144.0,39.0,183.0,0.0,,,,,,,,,,,,,,,,,,,,,,,,,,,,,,,,,
2001,general,LOV,8,8th District ……………,Buffalo LOV 8,,,,,,227.0,72.0,299.0,0.0,,,,,,,,,,,,,,,,,,,,,,,,,,,,,,,,,
2001,general,LOV,9,9th District ……………,Buffalo LOV 9,,,,,,186.0,47.0,233.0,0.0,,,,,,,,,,,,,,,,,,,,,,,,,,,,,,,,,
2001,general,LOV,10,10th District ……………,Buffalo LOV 10,,,,,,57.0,11.0,68.0,0.0,,,,,,,,,,,,,,,,,,,,,,,,,,,,,,,,,
2001,general,LOV,11,11th District ……………,Buffalo LOV 11,,,,,,194.0,50.0,244.0,0.0,,,,,,,,,,,,,,,,,,,,,,,,,,,,,,,,,
2001,general,LOV,12,12th District ……………,Buffalo LOV 12,,,,,,68.0,32.0,100.0,0.0,,,,,,,,,,,,,,,,,,,,,,,,,,,,,,,,,
2001,general,LOV,13,13th District ……………,Buffalo LOV 13,,,,,,119.0,43.0,162.0,0.0,,,,,,,,,,,,,,,,,,,,,,,,,,,,,,,,,
2001,general,LOV,14,14th District ……………,Buffalo LOV 14,,,,,,111.0,29.0,140.0,0.0,,,,,,,,,,,,,,,,,,,,,,,,,,,,,,,,,
2001,general,LOV,15,15th District ……………,Buffalo LOV 15,,,,,,213.0,78.0,291.0,0.0,,,,,,,,,,,,,,,,,,,,,,,,,,,,,,,,,
2001,general,LOV,16,16th District ……………,Buffalo LOV 16,,,,,,86.0,15.0,101.0,0.0,,,,,,,,,,,,,,,,,,,,,,,,,,,,,,,,,
2001,general,LOV,17,17th District ……………,Buffalo LOV 17,,,,,,128.0,24.0,152.0,0.0,,,,,,,,,,,,,,,,,,,,,,,,,,,,,,,,,
2001,general,LOV,18,18th District ……………,Buffalo LOV 18,,,,,,42.0,13.0,55.0,0.0,,,,,,,,,,,,,,,,,,,,,,,,,,,,,,,,,
2001,general,LOV,19,19th District ……………,Buffalo LOV 19,,,,,,75.0,31.0,106.0,0.0,,,,,,,,,,,,,,,,,,,,,,,,,,,,,,,,,
2001,general,LOV,20,20th District ……………,Buffalo LOV 20,,,,,,55.0,16.0,71.0,0.0,,,,,,,,,,,,,,,,,,,,,,,,,,,,,,,,,
2001,general,LOV,21,21st District ……………,Buffalo LOV 21,,,,,,79.0,18.0,97.0,0.0,,,,,,,,,,,,,,,,,,,,,,,,,,,,,,,,,
2001,general,LOV,22,22nd District ……………,Buffalo LOV 22,,,,,,140.0,52.0,195.0,3.0,,,,,,,,,,,,,,,,,,,,,,,,,,,,,,,,,
2001,general,LOV,23,23rd District ……………,Buffalo LOV 23,,,,,,148.0,42.0,190.0,0.0,,,,,,,,,,,,,,,,,,,,,,,,,,,,,,,,,
2001,general,LOV,24,24th District ……………,Buffalo LOV 24,,,,,,143.0,29.0,172.0,0.0,,,,,,,,,,,,,,,,,,,,,,,,,,,,,,,,,
2001,general,LOV,25,25th District ……………,Buffalo LOV 25,,,,,,32.0,4.0,36.0,0.0,,,,,,,,,,,,,,,,,,,,,,,,,,,,,,,,,
2001,general,LOV,26,26th District ……………,Buffalo LOV 26,,,,,,52.0,15.0,67.0,0.0,,,,,,,,,,,,,,,,,,,,,,,,,,,,,,,,,
2001,general,LOV,27,27th District ……………,Buffalo LOV 27,,,,,,201.0,37.0,238.0,0.0,,,,,,,,,,,,,,,,,,,,,,,,,,,,,,,,,
2001,general,LOV,28,28th District ……………,Buffalo LOV 28,,,,,,202.0,59.0,265.0,4.0,,,,,,,,,,,,,,,,,,,,,,,,,,,,,,,,,
2001,general,LOV,29,29th District ……………,Buffalo LOV 29,,,,,,115.0,31.0,146.0,0.0,,,,,,,,,,,,,,,,,,,,,,,,,,,,,,,,,
2001,general,LOV,30,30th District ……………,Buffalo LOV 30,,,,,,87.0,11.0,98.0,0.0,,,,,,,,,,,,,,,,,,,,,,,,,,,,,,,,,
2001,general,LOV,31,31st District ……………,Buffalo LOV 31,,,,,,102.0,17.0,119.0,0.0,,,,,,,,,,,,,,,,,,,,,,,,,,,,,,,,,
2001,general,LOV,32,32nd District ……………,Buffalo LOV 32,,,,,,88.0,30.0,119.0,1.0,,,,,,,,,,,,,,,,,,,,,,,,,,,,,,,,,
2001,general,LOV,33,33rd District ……………,Buffalo LOV 33,,,,,,111.0,13.0,124.0,0.0,,,,,,,,,,,,,,,,,,,,,,,,,,,,,,,,,
2001,general,MAS,1,1st District ……………,Buffalo MAS 1,,,,,,175.0,42.0,217.0,0.0,,,,,,,,,,,,,,,,,,,,,,,,,,,,,,,,,
2001,general,MAS,2,2nd District ……………,Buffalo MAS 2,,,,,,95.0,25.0,120.0,0.0,,,,,,,,,,,,,,,,,,,,,,,,,,,,,,,,,
2001,general,MAS,3,3rd District ……………,Buffalo MAS 3,,,,,,115.0,28.0,143.0,0.0,,,,,,,,,,,,,,,,,,,,,,,,,,,,,,,,,
2001,general,MAS,4,4th District ……………,Buffalo MAS 4,,,,,,103.0,29.0,132.0,0.0,,,,,,,,,,,,,,,,,,,,,,,,,,,,,,,,,
2001,general,MAS,5,5th District ……………,Buffalo MAS 5,,,,,,107.0,20.0,127.0,0.0,,,,,,,,,,,,,,,,,,,,,,,,,,,,,,,,,
2001,general,MAS,6,6th District ……………,Buffalo MAS 6,,,,,,49.0,13.0,62.0,0.0,,,,,,,,,,,,,,,,,,,,,,,,,,,,,,,,,
2001,general,MAS,7,7th District ……………,Buffalo MAS 7,,,,,,91.0,29.0,120.0,0.0,,,,,,,,,,,,,,,,,,,,,,,,,,,,,,,,,
2001,general,MAS,8,8th District ……………,Buffalo MAS 8,,,,,,48.0,13.0,61.0,0.0,,,,,,,,,,,,,,,,,,,,,,,,,,,,,,,,,
2001,general,MAS,9,9th District ……………,Buffalo MAS 9,,,,,,116.0,32.0,148.0,0.0,,,,,,,,,,,,,,,,,,,,,,,,,,,,,,,,,
2001,general,MAS,10,10th District ……………,Buffalo MAS 10,,,,,,47.0,15.0,62.0,0.0,,,,,,,,,,,,,,,,,,,,,,,,,,,,,,,,,
2001,general,MAS,11,11th District ……………,Buffalo MAS 11,,,,,,47.0,15.0,62.0,0.0,,,,,,,,,,,,,,,,,,,,,,,,,,,,,,,,,
2001,general,MAS,12,12th District ……………,Buffalo MAS 12,,,,,,79.0,16.0,95.0,0.0,,,,,,,,,,,,,,,,,,,,,,,,,,,,,,,,,
2001,general,MAS,13,13th District ……………,Buffalo MAS 13,,,,,,70.0,34.0,104.0,0.0,,,,,,,,,,,,,,,,,,,,,,,,,,,,,,,,,
2001,general,MAS,14,14th District ……………,Buffalo MAS 14,,,,,,126.0,42.0,168.0,0.0,,,,,,,,,,,,,,,,,,,,,,,,,,,,,,,,,
2001,general,MAS,15,15th District ……………,Buffalo MAS 15,,,,,,72.0,19.0,92.0,1.0,,,,,,,,,,,,,,,,,,,,,,,,,,,,,,,,,
2001,general,MAS,16,16th District ……………,Buffalo MAS 16,,,,,,124.0,33.0,157.0,0.0,,,,,,,,,,,,,,,,,,,,,,,,,,,,,,,,,
2001,general,MAS,17,17th District ……………,Buffalo MAS 17,,,,,,154.0,45.0,199.0,0.0,,,,,,,,,,,,,,,,,,,,,,,,,,,,,,,,,
2001,general,MAS,18,18th District ……………,Buffalo MAS 18,,,,,,123.0,41.0,164.0,0.0,,,,,,,,,,,,,,,,,,,,,,,,,,,,,,,,,
2001,general,MAS,19,19th District ……………,Buffalo MAS 19,,,,,,96.0,29.0,125.0,0.0,,,,,,,,,,,,,,,,,,,,,,,,,,,,,,,,,
2001,general,MAS,20,20th District ……………,Buffalo MAS 20,,,,,,121.0,37.0,158.0,0.0,,,,,,,,,,,,,,,,,,,,,,,,,,,,,,,,,
2001,general,MAS,21,21st District ……………,Buffalo MAS 21,,,,,,94.0,20.0,114.0,0.0,,,,,,,,,,,,,,,,,,,,,,,,,,,,,,,,,
2001,general,MAS,22,22nd District ……………,Buffalo MAS 22,,,,,,87.0,21.0,108.0,0.0,,,,,,,,,,,,,,,,,,,,,,,,,,,,,,,,,
2001,general,MAS,23,23rd District ……………,Buffalo MAS 23,,,,,,84.0,23.0,107.0,0.0,,,,,,,,,,,,,,,,,,,,,,,,,,,,,,,,,
2001,general,MAS,24,24th District ……………,Buffalo MAS 24,,,,,,68.0,23.0,91.0,0.0,,,,,,,,,,,,,,,,,,,,,,,,,,,,,,,,,
2001,general,MAS,25,25th District ……………,Buffalo MAS 25,,,,,,111.0,27.0,138.0,0.0,,,,,,,,,,,,,,,,,,,,,,,,,,,,,,,,,
2001,general,MAS,26,26th District ……………,Buffalo MAS 26,,,,,,135.0,48.0,183.0,0.0,,,,,,,,,,,,,,,,,,,,,,,,,,,,,,,,,
2001,general,MAS,27,27th District ……………,Buffalo MAS 27,,,,,,128.0,39.0,167.0,0.0,,,,,,,,,,,,,,,,,,,,,,,,,,,,,,,,,
2001,general,MAS,28,28th District ……………,Buffalo MAS 28,,,,,,125.0,40.0,165.0,0.0,,,,,,,,,,,,,,,,,,,,,,,,,,,,,,,,,
2001,general,MAS,29,29th District ……………,Buffalo MAS 29,,,,,,109.0,21.0,130.0,0.0,,,,,,,,,,,,,,,,,,,,,,,,,,,,,,,,,
2001,general,MAS,30,30th District ……………,Buffalo MAS 30,,,,,,83.0,22.0,105.0,0.0,,,,,,,,,,,,,,,,,,,,,,,,,,,,,,,,,
2001,general,MAS,31,31st District ……………,Buffalo MAS 31,,,,,,101.0,26.0,127.0,0.0,,,,,,,,,,,,,,,,,,,,,,,,,,,,,,,,,
2001,general,MAS,32,32nd District ……………,Buffalo MAS 32,,,,,,87.0,26.0,115.0,2.0,,,,,,,,,,,,,,,,,,,,,,,,,,,,,,,,,
2001,general,MAS,33,33rd District ……………,Buffalo MAS 33,,,,,,190.0,35.0,225.0,0.0,,,,,,,,,,,,,,,,,,,,,,,,,,,,,,,,,
2001,general,MAS,34,34th District ……………,Buffalo MAS 34,,,,,,105.0,19.0,124.0,0.0,,,,,,,,,,,,,,,,,,,,,,,,,,,,,,,,,
2001,general,MAS,35,35th District ……………,Buffalo MAS 35,,,,,,136.0,29.0,165.0,0.0,,,,,,,,,,,,,,,,,,,,,,,,,,,,,,,,,
2001,general,MAS,36,36th District ……………,Buffalo MAS 36,,,,,,90.0,24.0,114.0,0.0,,,,,,,,,,,,,,,,,,,,,,,,,,,,,,,,,
2001,general,MAS,37,37th District ……………,Buffalo MAS 37,,,,,,99.0,20.0,119.0,0.0,,,,,,,,,,,,,,,,,,,,,,,,,,,,,,,,,
2001,general,MAS,38,38th District ……………,Buffalo MAS 38,,,,,,99.0,21.0,120.0,0.0,,,,,,,,,,,,,,,,,,,,,,,,,,,,,,,,,
2001,general,MAS,39,39th District ……………,Buffalo MAS 39,,,,,,32.0,5.0,37.0,0.0,,,,,,,,,,,,,,,,,,,,,,,,,,,,,,,,,
2001,general,MAS,40,40th District ……………,Buffalo MAS 40,,,,,,107.0,43.0,150.0,0.0,,,,,,,,,,,,,,,,,,,,,,,,,,,,,,,,,
2001,general,MAS,41,41st District ……………,Buffalo MAS 41,,,,,,73.0,18.0,91.0,0.0,,,,,,,,,,,,,,,,,,,,,,,,,,,,,,,,,
2001,general,MAS,42,42nd District ……………,Buffalo MAS 42,,,,,,104.0,25.0,129.0,0.0,,,,,,,,,,,,,,,,,,,,,,,,,,,,,,,,,
2001,general,NIA,1,1st District ……………,Buffalo NIA 1,,,,,,134.0,47.0,215.0,34.0,,,,,,,,,,,,,,,,,,,,,,,,,,,,,,,,,
2001,general,NIA,2,2nd District ……………,Buffalo NIA 2,,,,,,87.0,20.0,110.0,3.0,,,,,,,,,,,,,,,,,,,,,,,,,,,,,,,,,
2001,general,NIA,3,3rd District ……………,Buffalo NIA 3,,,,,,143.0,27.0,174.0,4.0,,,,,,,,,,,,,,,,,,,,,,,,,,,,,,,,,
2001,general,NIA,4,4th District ……………,Buffalo NIA 4,,,,,,73.0,24.0,98.0,1.0,,,,,,,,,,,,,,,,,,,,,,,,,,,,,,,,,
2001,general,NIA,5,5th District ……………,Buffalo NIA 5,,,,,,62.0,20.0,85.0,3.0,,,,,,,,,,,,,,,,,,,,,,,,,,,,,,,,,
2001,general,NIA,6,6th District ……………,Buffalo NIA 6,,,,,,71.0,6.0,78.0,1.0,,,,,,,,,,,,,,,,,,,,,,,,,,,,,,,,,
2001,general,NIA,7,7th District ……………,Buffalo NIA 7,,,,,,117.0,40.0,188.0,31.0,,,,,,,,,,,,,,,,,,,,,,,,,,,,,,,,,
2001,general,NIA,8,8th District ……………,Buffalo NIA 8,,,,,,61.0,16.0,84.0,7.0,,,,,,,,,,,,,,,,,,,,,,,,,,,,,,,,,
2001,general,NIA,9,9th District ……………,Buffalo NIA 9,,,,,,243.0,56.0,311.0,12.0,,,,,,,,,,,,,,,,,,,,,,,,,,,,,,,,,
2001,general,NIA,10,10th District ……………,Buffalo NIA 10,,,,,,146.0,46.0,196.0,4.0,,,,,,,,,,,,,,,,,,,,,,,,,,,,,,,,,
2001,general,NIA,11,11th District ……………,Buffalo NIA 11,,,,,,66.0,12.0,78.0,0.0,,,,,,,,,,,,,,,,,,,,,,,,,,,,,,,,,
2001,general,NIA,12,12th District ……………,Buffalo NIA 12,,,,,,82.0,9.0,91.0,0.0,,,,,,,,,,,,,,,,,,,,,,,,,,,,,,,,,
2001,general,NIA,13,13th District ……………,Buffalo NIA 13,,,,,,140.0,26.0,166.0,0.0,,,,,,,,,,,,,,,,,,,,,,,,,,,,,,,,,
2001,general,NIA,14,14th District ……………,Buffalo NIA 14,,,,,,133.0,49.0,188.0,6.0,,,,,,,,,,,,,,,,,,,,,,,,,,,,,,,,,
2001,general,NIA,15,15th District ……………,Buffalo NIA 15,,,,,,63.0,14.0,98.0,21.0,,,,,,,,,,,,,,,,,,,,,,,,,,,,,,,,,
2001,general,NIA,16,16th District ……………,Buffalo NIA 16,,,,,,130.0,29.0,161.0,2.0,,,,,,,,,,,,,,,,,,,,,,,,,,,,,,,,,
2001,general,NIA,17,17th District ……………,Buffalo NIA 17,,,,,,49.0,8.0,62.0,5.0,,,,,,,,,,,,,,,,,,,,,,,,,,,,,,,,,
2001,general,NIA,18,18th District ……………,Buffalo NIA 18,,,,,,92.0,19.0,124.0,13.0,,,,,,,,,,,,,,,,,,,,,,,,,,,,,,,,,
2001,general,NIA,19,19th District ……………,Buffalo NIA 19,,,,,,70.0,23.0,98.0,5.0,,,,,,,,,,,,,,,,,,,,,,,,,,,,,,,,,
2001,general,NIA,20,20th District ……………,Buffalo NIA 20,,,,,,118.0,23.0,141.0,0.0,,,,,,,,,,,,,,,,,,,,,,,,,,,,,,,,,
2001,general,NIA,21,21st District ……………,Buffalo NIA 21,,,,,,100.0,26.0,126.0,0.0,,,,,,,,,,,,,,,,,,,,,,,,,,,,,,,,,
2001,general,NIA,22,22nd District ……………,Buffalo NIA 22,,,,,,89.0,22.0,112.0,1.0,,,,,,,,,,,,,,,,,,,,,,,,,,,,,,,,,
2001,general,NIA,23,23rd District ……………,Buffalo NIA 23,,,,,,59.0,13.0,73.0,1.0,,,,,,,,,,,,,,,,,,,,,,,,,,,,,,,,,
2001,general,NIA,24,24th District ……………,Buffalo NIA 24,,,,,,61.0,11.0,72.0,0.0,,,,,,,,,,,,,,,,,,,,,,,,,,,,,,,,,
2001,general,NIA,25,25th District ……………,Buffalo NIA 25,,,,,,130.0,43.0,173.0,0.0,,,,,,,,,,,,,,,,,,,,,,,,,,,,,,,,,
2001,general,NIA,26,26th District ……………,Buffalo NIA 26,,,,,,58.0,11.0,69.0,0.0,,,,,,,,,,,,,,,,,,,,,,,,,,,,,,,,,
2001,general,NIA,27,27th District ……………,Buffalo NIA 27,,,,,,48.0,24.0,75.0,3.0,,,,,,,,,,,,,,,,,,,,,,,,,,,,,,,,,
2001,general,NIA,28,28th District ……………,Buffalo NIA 28,,,,,,122.0,24.0,155.0,9.0,,,,,,,,,,,,,,,,,,,,,,,,,,,,,,,,,
2001,general,NIA,29,29th District ……………,Buffalo NIA 29,,,,,,51.0,14.0,65.0,0.0,,,,,,,,,,,,,,,,,,,,,,,,,,,,,,,,,
2001,general,NIA,30,30th District ……………,Buffalo NIA 30,,,,,,73.0,19.0,93.0,1.0,,,,,,,,,,,,,,,,,,,,,,,,,,,,,,,,,
2001,general,NIA,31,31st District ……………,Buffalo NIA 31,,,,,,84.0,19.0,103.0,0.0,,,,,,,,,,,,,,,,,,,,,,,,,,,,,,,,,
2001,general,NIA,32,32nd District ……………,Buffalo NIA 32,,,,,,103.0,28.0,140.0,9.0,,,,,,,,,,,,,,,,,,,,,,,,,,,,,,,,,
2001,general,NIA,33,33rd District ……………,Buffalo NIA 33,,,,,,150.0,31.0,182.0,1.0,,,,,,,,,,,,,,,,,,,,,,,,,,,,,,,,,
2001,general,NOR,1,1st District ……………,Buffalo NOR 1,,,,,,179.0,50.0,233.0,4.0,,,,,,,,,,,,,,,,,,,,,,,,,,,,,,,,,
2001,general,NOR,2,2nd District ……………,Buffalo NOR 2,,,,,,30.0,6.0,36.0,0.0,,,,,,,,,,,,,,,,,,,,,,,,,,,,,,,,,
2001,general,NOR,3,3rd District ……………,Buffalo NOR 3,,,,,,191.0,62.0,254.0,1.0,,,,,,,,,,,,,,,,,,,,,,,,,,,,,,,,,
2001,general,NOR,4,4th District ……………,Buffalo NOR 4,,,,,,148.0,41.0,190.0,1.0,,,,,,,,,,,,,,,,,,,,,,,,,,,,,,,,,
2001,general,NOR,5,5th District ……………,Buffalo NOR 5,,,,,,165.0,39.0,204.0,0.0,,,,,,,,,,,,,,,,,,,,,,,,,,,,,,,,,
2001,general,NOR,6,6th District ……………,Buffalo NOR 6,,,,,,97.0,21.0,119.0,1.0,,,,,,,,,,,,,,,,,,,,,,,,,,,,,,,,,
2001,general,NOR,7,7th District ……………,Buffalo NOR 7,,,,,,191.0,47.0,247.0,9.0,,,,,,,,,,,,,,,,,,,,,,,,,,,,,,,,,
2001,general,NOR,8,8th District ……………,Buffalo NOR 8,,,,,,69.0,17.0,86.0,0.0,,,,,,,,,,,,,,,,,,,,,,,,,,,,,,,,,
2001,general,NOR,9,9th District ……………,Buffalo NOR 9,,,,,,157.0,40.0,198.0,1.0,,,,,,,,,,,,,,,,,,,,,,,,,,,,,,,,,
2001,general,NOR,10,10th District ……………,Buffalo NOR 10,,,,,,123.0,28.0,151.0,0.0,,,,,,,,,,,,,,,,,,,,,,,,,,,,,,,,,
2001,general,NOR,11,11th District ……………,Buffalo NOR 11,,,,,,106.0,46.0,152.0,0.0,,,,,,,,,,,,,,,,,,,,,,,,,,,,,,,,,
2001,general,NOR,12,12th District ……………,Buffalo NOR 12,,,,,,60.0,12.0,72.0,0.0,,,,,,,,,,,,,,,,,,,,,,,,,,,,,,,,,
2001,general,NOR,13,13th District ……………,Buffalo NOR 13,,,,,,135.0,47.0,185.0,3.0,,,,,,,,,,,,,,,,,,,,,,,,,,,,,,,,,
2001,general,NOR,14,14th District ……………,Buffalo NOR 14,,,,,,92.0,21.0,119.0,6.0,,,,,,,,,,,,,,,,,,,,,,,,,,,,,,,,,
2001,general,NOR,15,15th District ……………,Buffalo NOR 15,,,,,,132.0,26.0,158.0,0.0,,,,,,,,,,,,,,,,,,,,,,,,,,,,,,,,,
2001,general,NOR,16,16th District ……………,Buffalo NOR 16,,,,,,28.0,2.0,30.0,0.0,,,,,,,,,,,,,,,,,,,,,,,,,,,,,,,,,
2001,general,NOR,17,17th District ……………,Buffalo NOR 17,,,,,,1.0,0.0,1.0,0.0,,,,,,,,,,,,,,,,,,,,,,,,,,,,,,,,,
2001,general,NOR,18,18th District ……………,Buffalo NOR 18,,,,,,16.0,2.0,18.0,0.0,,,,,,,,,,,,,,,,,,,,,,,,,,,,,,,,,
2001,general,NOR,19,19th District ……………,Buffalo NOR 19,,,,,,172.0,62.0,239.0,5.0,,,,,,,,,,,,,,,,,,,,,,,,,,,,,,,,,
2001,general,NOR,20,20th District ……………,Buffalo NOR 20,,,,,,187.0,46.0,234.0,1.0,,,,,,,,,,,,,,,,,,,,,,,,,,,,,,,,,
2001,general,NOR,21,21st District ……………,Buffalo NOR 21,,,,,,53.0,12.0,65.0,0.0,,,,,,,,,,,,,,,,,,,,,,,,,,,,,,,,,
2001,general,NOR,22,22nd District ……………,Buffalo NOR 22,,,,,,73.0,29.0,102.0,0.0,,,,,,,,,,,,,,,,,,,,,,,,,,,,,,,,,
2001,general,NOR,23,23rd District ……………,Buffalo NOR 23,,,,,,84.0,23.0,107.0,0.0,,,,,,,,,,,,,,,,,,,,,,,,,,,,,,,,,
2001,general,NOR,24,24th District ……………,Buffalo NOR 24,,,,,,108.0,26.0,135.0,1.0,,,,,,,,,,,,,,,,,,,,,,,,,,,,,,,,,
2001,general,NOR,25,25th District ……………,Buffalo NOR 25,,,,,,143.0,58.0,204.0,3.0,,,,,,,,,,,,,,,,,,,,,,,,,,,,,,,,,
2001,general,NOR,26,26th District ……………,Buffalo NOR 26,,,,,,40.0,16.0,58.0,2.0,,,,,,,,,,,,,,,,,,,,,,,,,,,,,,,,,
2001,general,NOR,27,27th District ……………,Buffalo NOR 27,,,,,,70.0,3.0,73.0,0.0,,,,,,,,,,,,,,,,,,,,,,,,,,,,,,,,,
2001,general,NOR,28,28th District ……………,Buffalo NOR 28,,,,,,140.0,32.0,175.0,3.0,,,,,,,,,,,,,,,,,,,,,,,,,,,,,,,,,
2001,general,NOR,29,29th District ……………,Buffalo NOR 29,,,,,,142.0,33.0,178.0,3.0,,,,,,,,,,,,,,,,,,,,,,,,,,,,,,,,,
2001,general,NOR,30,30th District ……………,Buffalo NOR 30,,,,,,58.0,18.0,76.0,0.0,,,,,,,,,,,,,,,,,,,,,,,,,,,,,,,,,
2001,general,NOR,31,31st District ……………,Buffalo NOR 31,,,,,,221.0,70.0,300.0,9.0,,,,,,,,,,,,,,,,,,,,,,,,,,,,,,,,,
2001,general,NOR,32,32nd District ……………,Buffalo NOR 32,,,,,,137.0,26.0,168.0,5.0,,,,,,,,,,,,,,,,,,,,,,,,,,,,,,,,,
2001,general,NOR,33,33rd District ……………,Buffalo NOR 33,,,,,,203.0,73.0,282.0,6.0,,,,,,,,,,,,,,,,,,,,,,,,,,,,,,,,,
2001,general,NOR,34,34th District ……………,Buffalo NOR 34,,,,,,63.0,33.0,96.0,0.0,,,,,,,,,,,,,,,,,,,,,,,,,,,,,,,,,
2001,general,NOR,35,35th District ……………,Buffalo NOR 35,,,,,,52.0,16.0,70.0,2.0,,,,,,,,,,,,,,,,,,,,,,,,,,,,,,,,,
2001,general,SOU,1,1st District ……………,Buffalo SOU 1,,,,,,115.0,53.0,169.0,1.0,,,,,,,,,,,,,,,,,,,,,,,,,,,,,,,,,
2001,general,SOU,2,2nd District ……………,Buffalo SOU 2,,,,,,133.0,39.0,172.0,0.0,,,,,,,,,,,,,,,,,,,,,,,,,,,,,,,,,
2001,general,SOU,3,3rd District ……………,Buffalo SOU 3,,,,,,149.0,68.0,219.0,2.0,,,,,,,,,,,,,,,,,,,,,,,,,,,,,,,,,
2001,general,SOU,4,4th District ……………,Buffalo SOU 4,,,,,,102.0,35.0,138.0,1.0,,,,,,,,,,,,,,,,,,,,,,,,,,,,,,,,,
2001,general,SOU,5,5th District ……………,Buffalo SOU 5,,,,,,135.0,60.0,195.0,0.0,,,,,,,,,,,,,,,,,,,,,,,,,,,,,,,,,
2001,general,SOU,6,6th District ……………,Buffalo SOU 6,,,,,,222.0,82.0,305.0,1.0,,,,,,,,,,,,,,,,,,,,,,,,,,,,,,,,,
2001,general,SOU,7,7th District ……………,Buffalo SOU 7,,,,,,168.0,59.0,230.0,3.0,,,,,,,,,,,,,,,,,,,,,,,,,,,,,,,,,
2001,general,SOU,8,8th District ……………,Buffalo SOU 8,,,,,,172.0,74.0,249.0,3.0,,,,,,,,,,,,,,,,,,,,,,,,,,,,,,,,,
2001,general,SOU,9,9th District ……………,Buffalo SOU 9,,,,,,246.0,82.0,333.0,5.0,,,,,,,,,,,,,,,,,,,,,,,,,,,,,,,,,
2001,general,SOU,10,10th District ……………,Buffalo SOU 10,,,,,,198.0,80.0,283.0,5.0,,,,,,,,,,,,,,,,,,,,,,,,,,,,,,,,,
2001,general,SOU,11,11th District ……………,Buffalo SOU 11,,,,,,157.0,68.0,228.0,3.0,,,,,,,,,,,,,,,,,,,,,,,,,,,,,,,,,
2001,general,SOU,12,12th District ……………,Buffalo SOU 12,,,,,,160.0,74.0,234.0,0.0,,,,,,,,,,,,,,,,,,,,,,,,,,,,,,,,,
2001,general,SOU,13,13th District ……………,Buffalo SOU 13,,,,,,172.0,70.0,243.0,1.0,,,,,,,,,,,,,,,,,,,,,,,,,,,,,,,,,
2001,general,SOU,14,14th District ……………,Buffalo SOU 14,,,,,,132.0,54.0,186.0,0.0,,,,,,,,,,,,,,,,,,,,,,,,,,,,,,,,,
2001,general,SOU,15,15th District ……………,Buffalo SOU 15,,,,,,219.0,95.0,317.0,3.0,,,,,,,,,,,,,,,,,,,,,,,,,,,,,,,,,
2001,general,SOU,16,16th District ……………,Buffalo SOU 16,,,,,,153.0,55.0,208.0,0.0,,,,,,,,,,,,,,,,,,,,,,,,,,,,,,,,,
2001,general,SOU,17,17th District ……………,Buffalo SOU 17,,,,,,159.0,58.0,218.0,1.0,,,,,,,,,,,,,,,,,,,,,,,,,,,,,,,,,
2001,general,SOU,18,18th District ……………,Buffalo SOU 18,,,,,,279.0,123.0,405.0,3.0,,,,,,,,,,,,,,,,,,,,,,,,,,,,,,,,,
2001,general,SOU,19,19th District ……………,Buffalo SOU 19,,,,,,186.0,96.0,284.0,2.0,,,,,,,,,,,,,,,,,,,,,,,,,,,,,,,,,
2001,general,SOU,20,20th District ……………,Buffalo SOU 20,,,,,,96.0,33.0,129.0,0.0,,,,,,,,,,,,,,,,,,,,,,,,,,,,,,,,,
2001,general,SOU,21,21st District ……………,Buffalo SOU 21,,,,,,88.0,29.0,117.0,0.0,,,,,,,,,,,,,,,,,,,,,,,,,,,,,,,,,
2001,general,SOU,22,22nd District ……………,Buffalo SOU 22,,,,,,96.0,42.0,138.0,0.0,,,,,,,,,,,,,,,,,,,,,,,,,,,,,,,,,
2001,general,SOU,23,23rd District ……………,Buffalo SOU 23,,,,,,203.0,70.0,273.0,0.0,,,,,,,,,,,,,,,,,,,,,,,,,,,,,,,,,
2001,general,SOU,24,24th District ……………,Buffalo SOU 24,,,,,,124.0,41.0,167.0,2.0,,,,,,,,,,,,,,,,,,,,,,,,,,,,,,,,,
2001,general,SOU,25,25th District ……………,Buffalo SOU 25,,,,,,103.0,50.0,153.0,0.0,,,,,,,,,,,,,,,,,,,,,,,,,,,,,,,,,
2001,general,SOU,26,26th District ……………,Buffalo SOU 26,,,,,,98.0,43.0,143.0,2.0,,,,,,,,,,,,,,,,,,,,,,,,,,,,,,,,,
2001,general,SOU,27,27th District ……………,Buffalo SOU 27,,,,,,167.0,56.0,228.0,5.0,,,,,,,,,,,,,,,,,,,,,,,,,,,,,,,,,
2001,general,SOU,28,28th District ……………,Buffalo SOU 28,,,,,,206.0,73.0,282.0,3.0,,,,,,,,,,,,,,,,,,,,,,,,,,,,,,,,,
2001,general,SOU,29,29th District ……………,Buffalo SOU 29,,,,,,159.0,46.0,205.0,0.0,,,,,,,,,,,,,,,,,,,,,,,,,,,,,,,,,
2001,general,SOU,30,30th District ……………,Buffalo SOU 30,,,,,,123.0,46.0,170.0,1.0,,,,,,,,,,,,,,,,,,,,,,,,,,,,,,,,,
2001,general,SOU,31,31st District ……………,Buffalo SOU 31,,,,,,139.0,65.0,204.0,0.0,,,,,,,,,,,,,,,,,,,,,,,,,,,,,,,,,
2001,general,SOU,32,32nd District ……………,Buffalo SOU 32,,,,,,68.0,35.0,103.0,0.0,,,,,,,,,,,,,,,,,,,,,,,,,,,,,,,,,
2001,general,SOU,33,33rd District ……………,Buffalo SOU 33,,,,,,142.0,62.0,204.0,0.0,,,,,,,,,,,,,,,,,,,,,,,,,,,,,,,,,
2001,general,SOU,34,34th District ……………,Buffalo SOU 34,,,,,,121.0,46.0,168.0,1.0,,,,,,,,,,,,,,,,,,,,,,,,,,,,,,,,,
2001,general,SOU,35,35th District ……………,Buffalo SOU 35,,,,,,73.0,21.0,94.0,0.0,,,,,,,,,,,,,,,,,,,,,,,,,,,,,,,,,
2001,general,UNI,1,1st District ……………,Buffalo UNI 1,,,,,,124.0,36.0,160.0,0.0,,,,,,,,,,,,,,,,,,,,,,,,,,,,,,,,,
2001,general,UNI,2,2nd District ……………,Buffalo UNI 2,,,,,,176.0,66.0,245.0,3.0,,,,,,,,,,,,,,,,,,,,,,,,,,,,,,,,,
2001,general,UNI,3,3rd District ……………,Buffalo UNI 3,,,,,,102.0,51.0,155.0,2.0,,,,,,,,,,,,,,,,,,,,,,,,,,,,,,,,,
2001,general,UNI,4,4th District ……………,Buffalo UNI 4,,,,,,215.0,75.0,290.0,0.0,,,,,,,,,,,,,,,,,,,,,,,,,,,,,,,,,
2001,general,UNI,5,5th District ……………,Buffalo UNI 5,,,,,,0.0,0.0,0.0,0.0,,,,,,,,,,,,,,,,,,,,,,,,,,,,,,,,,
2001,general,UNI,6,6th District ……………,Buffalo UNI 6,,,,,,65.0,11.0,76.0,0.0,,,,,,,,,,,,,,,,,,,,,,,,,,,,,,,,,
2001,general,UNI,7,7th District ……………,Buffalo UNI 7,,,,,,88.0,27.0,115.0,0.0,,,,,,,,,,,,,,,,,,,,,,,,,,,,,,,,,
2001,general,UNI,8,8th District ……………,Buffalo UNI 8,,,,,,82.0,33.0,115.0,0.0,,,,,,,,,,,,,,,,,,,,,,,,,,,,,,,,,
2001,general,UNI,9,9th District ……………,Buffalo UNI 9,,,,,,135.0,36.0,173.0,2.0,,,,,,,,,,,,,,,,,,,,,,,,,,,,,,,,,
2001,general,UNI,10,10th District ……………,Buffalo UNI 10,,,,,,124.0,37.0,161.0,0.0,,,,,,,,,,,,,,,,,,,,,,,,,,,,,,,,,
2001,general,UNI,11,11th District ……………,Buffalo UNI 11,,,,,,112.0,39.0,151.0,0.0,,,,,,,,,,,,,,,,,,,,,,,,,,,,,,,,,
2001,general,UNI,12,12th District ……………,Buffalo UNI 12,,,,,,15.0,6.0,21.0,0.0,,,,,,,,,,,,,,,,,,,,,,,,,,,,,,,,,
2001,general,UNI,13,13th District ……………,Buffalo UNI 13,,,,,,152.0,43.0,196.0,1.0,,,,,,,,,,,,,,,,,,,,,,,,,,,,,,,,,
2001,general,UNI,14,14th District ……………,Buffalo UNI 14,,,,,,0.0,1.0,1.0,0.0,,,,,,,,,,,,,,,,,,,,,,,,,,,,,,,,,
2001,general,UNI,15,15th District ……………,Buffalo UNI 15,,,,,,92.0,34.0,129.0,3.0,,,,,,,,,,,,,,,,,,,,,,,,,,,,,,,,,
2001,general,UNI,16,16th District ……………,Buffalo UNI 16,,,,,,202.0,70.0,272.0,0.0,,,,,,,,,,,,,,,,,,,,,,,,,,,,,,,,,
2001,general,UNI,17,17th District ……………,Buffalo UNI 17,,,,,,26.0,13.0,39.0,0.0,,,,,,,,,,,,,,,,,,,,,,,,,,,,,,,,,
2001,general,UNI,18,18th District ……………,Buffalo UNI 18,,,,,,182.0,74.0,257.0,1.0,,,,,,,,,,,,,,,,,,,,,,,,,,,,,,,,,
2001,general,UNI,19,19th District ……………,Buffalo UNI 19,,,,,,94.0,25.0,119.0,0.0,,,,,,,,,,,,,,,,,,,,,,,,,,,,,,,,,
2001,general,UNI,20,20th District ……………,Buffalo UNI 20,,,,,,120.0,48.0,169.0,1.0,,,,,,,,,,,,,,,,,,,,,,,,,,,,,,,,,
2001,general,UNI,21,21st District ……………,Buffalo UNI 21,,,,,,54.0,20.0,77.0,3.0,,,,,,,,,,,,,,,,,,,,,,,,,,,,,,,,,
2001,general,UNI,22,22nd District ……………,Buffalo UNI 22,,,,,,114.0,22.0,136.0,0.0,,,,,,,,,,,,,,,,,,,,,,,,,,,,,,,,,
2001,general,UNI,23,23rd District ……………,Buffalo UNI 23,,,,,,90.0,29.0,119.0,0.0,,,,,,,,,,,,,,,,,,,,,,,,,,,,,,,,,
2001,general,UNI,24,24th District ……………,Buffalo UNI 24,,,,,,92.0,33.0,125.0,0.0,,,,,,,,,,,,,,,,,,,,,,,,,,,,,,,,,
2001,general,UNI,25,25th District ……………,Buffalo UNI 25,,,,,,150.0,34.0,185.0,1.0,,,,,,,,,,,,,,,,,,,,,,,,,,,,,,,,,
2001,general,UNI,26,26th District ……………,Buffalo UNI 26,,,,,,132.0,30.0,164.0,2.0,,,,,,,,,,,,,,,,,,,,,,,,,,,,,,,,,
2001,general,UNI,27,27th District ……………,Buffalo UNI 27,,,,,,164.0,55.0,221.0,2.0,,,,,,,,,,,,,,,,,,,,,,,,,,,,,,,,,
2001,general,UNI,28,28th District ……………,Buffalo UNI 28,,,,,,136.0,39.0,175.0,0.0,,,,,,,,,,,,,,,,,,,,,,,,,,,,,,,,,
2001,general,UNI,29,29th District ……………,Buffalo UNI 29,,,,,,113.0,32.0,145.0,0.0,,,,,,,,,,,,,,,,,,,,,,,,,,,,,,,,,
2001,general,UNI,30,30th District ……………,Buffalo UNI 30,,,,,,112.0,34.0,146.0,0.0,,,,,,,,,,,,,,,,,,,,,,,,,,,,,,,,,
2001,general,UNI,31,31st District ……………,Buffalo UNI 31,,,,,,228.0,93.0,327.0,6.0,,,,,,,,,,,,,,,,,,,,,,,,,,,,,,,,,
2001,general,UNI,32,32nd District ……………,Buffalo UNI 32,,,,,,131.0,57.0,188.0,0.0,,,,,,,,,,,,,,,,,,,,,,,,,,,,,,,,,
2001,general,UNI,33,33rd District ……………,Buffalo UNI 33,,,,,,156.0,63.0,219.0,0.0,,,,,,,,,,,,,,,,,,,,,,,,,,,,,,,,,
2001,general,UNI,34,34th District ……………,Buffalo UNI 34,,,,,,104.0,35.0,140.0,1.0,,,,,,,,,,,,,,,,,,,,,,,,,,,,,,,,,
2001,general,UNI,35,35th District ……………,Buffalo UNI 35,,,,,,162.0,49.0,212.0,1.0,,,,,,,,,,,,,,,,,,,,,,,,,,,,,,,,,
2001,general,UNI,36,36th District ……………,Buffalo UNI 36,,,,,,176.0,49.0,226.0,1.0,,,,,,,,,,,,,,,,,,,,,,,,,,,,,,,,,
2005,primary,DEL,1,1st District ……………,Buffalo DEL 1,,,,,,,5.0,156.0,,8.0,90.0,53.0,,,,,,,,,,,,,,,,,,,,,,,,,,,,,,
2005,primary,DEL,2,2nd District ……………,Buffalo DEL 2,,,,,,,6.0,132.0,,9.0,53.0,64.0,,,,,,,,,,,,,,,,,,,,,,,,,,,,,,
2005,primary,DEL,3,3rd District ……………,Buffalo DEL 3,,,,,,,5.0,91.0,,12.0,46.0,28.0,,,,,,,,,,,,,,,,,,,,,,,,,,,,,,
2005,primary,DEL,4,4th District ……………,Buffalo DEL 4,,,,,,,7.0,105.0,,2.0,36.0,60.0,,,,,,,,,,,,,,,,,,,,,,,,,,,,,,
2005,primary,DEL,5,5th District ……………,Buffalo DEL 5,,,,,,,1.0,75.0,,2.0,10.0,62.0,,,,,,,,,,,,,,,,,,,,,,,,,,,,,,
2005,primary,DEL,6,6th District ……………,Buffalo DEL 6,,,,,,,7.0,142.0,,9.0,53.0,73.0,,,,,,,,,,,,,,,,,,,,,,,,,,,,,,
2005,primary,DEL,7,7th District ……………,Buffalo DEL 7,,,,,,,5.0,94.0,,4.0,50.0,35.0,,,,,,,,,,,,,,,,,,,,,,,,,,,,,,
2005,primary,DEL,8,8th District ……………,Buffalo DEL 8,,,,,,,1.0,115.0,,6.0,38.0,70.0,,,,,,,,,,,,,,,,,,,,,,,,,,,,,,
2005,primary,DEL,9,9th District ……………,Buffalo DEL 9,,,,,,,2.0,113.0,,3.0,21.0,87.0,,,,,,,,,,,,,,,,,,,,,,,,,,,,,,
2005,primary,DEL,10,10th District ……………,Buffalo DEL 10,,,,,,,4.0,110.0,,4.0,28.0,74.0,,,,,,,,,,,,,,,,,,,,,,,,,,,,,,
2005,primary,DEL,11,11th District ……………,Buffalo DEL 11,,,,,,,6.0,18.0,,1.0,7.0,4.0,,,,,,,,,,,,,,,,,,,,,,,,,,,,,,
2005,primary,DEL,12,12th District ……………,Buffalo DEL 12,,,,,,,6.0,183.0,,12.0,47.0,118.0,,,,,,,,,,,,,,,,,,,,,,,,,,,,,,
2005,primary,DEL,13,13th District ……………,Buffalo DEL 13,,,,,,,4.0,102.0,,1.0,25.0,72.0,,,,,,,,,,,,,,,,,,,,,,,,,,,,,,
2005,primary,DEL,14,14th District ……………,Buffalo DEL 14,,,,,,,0.0,34.0,,0.0,20.0,14.0,,,,,,,,,,,,,,,,,,,,,,,,,,,,,,
2005,primary,DEL,15,15th District ……………,Buffalo DEL 15,,,,,,,6.0,157.0,,6.0,59.0,86.0,,,,,,,,,,,,,,,,,,,,,,,,,,,,,,
2005,primary,DEL,16,16th District ……………,Buffalo DEL 16,,,,,,,5.0,78.0,,6.0,24.0,43.0,,,,,,,,,,,,,,,,,,,,,,,,,,,,,,
2005,primary,DEL,17,17th District ……………,Buffalo DEL 17,,,,,,,1.0,47.0,,1.0,14.0,31.0,,,,,,,,,,,,,,,,,,,,,,,,,,,,,,
2005,primary,DEL,18,18th District ……………,Buffalo DEL 18,,,,,,,15.0,99.0,,6.0,62.0,16.0,,,,,,,,,,,,,,,,,,,,,,,,,,,,,,
2005,primary,DEL,19,19th District ……………,Buffalo DEL 19,,,,,,,4.0,170.0,,6.0,35.0,125.0,,,,,,,,,,,,,,,,,,,,,,,,,,,,,,
2005,primary,DEL,20,20th District ……………,Buffalo DEL 20,,,,,,,3.0,82.0,,2.0,26.0,51.0,,,,,,,,,,,,,,,,,,,,,,,,,,,,,,
2005,primary,DEL,21,21st District ……………,Buffalo DEL 21,,,,,,,8.0,93.0,,7.0,43.0,35.0,,,,,,,,,,,,,,,,,,,,,,,,,,,,,,
2005,primary,DEL,22,22nd District ……………,Buffalo DEL 22,,,,,,,3.0,104.0,,1.0,40.0,60.0,,,,,,,,,,,,,,,,,,,,,,,,,,,,,,
2005,primary,DEL,23,23rd District ……………,Buffalo DEL 23,,,,,,,3.0,70.0,,2.0,26.0,39.0,,,,,,,,,,,,,,,,,,,,,,,,,,,,,,
2005,primary,DEL,24,24th District ……………,Buffalo DEL 24,,,,,,,2.0,117.0,,9.0,29.0,77.0,,,,,,,,,,,,,,,,,,,,,,,,,,,,,,
2005,primary,DEL,25,25th District ……………,Buffalo DEL 25,,,,,,,6.0,118.0,,5.0,28.0,79.0,,,,,,,,,,,,,,,,,,,,,,,,,,,,,,
2005,primary,DEL,26,26th District ……………,Buffalo DEL 26,,,,,,,10.0,196.0,,12.0,69.0,105.0,,,,,,,,,,,,,,,,,,,,,,,,,,,,,,
2005,primary,DEL,27,27th District ……………,Buffalo DEL 27,,,,,,,1.0,125.0,,6.0,68.0,50.0,,,,,,,,,,,,,,,,,,,,,,,,,,,,,,
2005,primary,DEL,28,28th District ……………,Buffalo DEL 28,,,,,,,0.0,77.0,,4.0,47.0,26.0,,,,,,,,,,,,,,,,,,,,,,,,,,,,,,
2005,primary,DEL,29,29th District ……………,Buffalo DEL 29,,,,,,,0.0,127.0,,5.0,28.0,94.0,,,,,,,,,,,,,,,,,,,,,,,,,,,,,,
2005,primary,DEL,30,30th District ……………,Buffalo DEL 30,,,,,,,2.0,147.0,,7.0,20.0,118.0,,,,,,,,,,,,,,,,,,,,,,,,,,,,,,
2005,primary,DEL,31,31st District ……………,Buffalo DEL 31,,,,,,,2.0,66.0,,8.0,23.0,33.0,,,,,,,,,,,,,,,,,,,,,,,,,,,,,,
2005,primary,DEL,32,32nd District ……………,Buffalo DEL 32,,,,,,,0.0,121.0,,9.0,39.0,73.0,,,,,,,,,,,,,,,,,,,,,,,,,,,,,,
2005,primary,DEL,33,33rd District ……………,Buffalo DEL 33,,,,,,,1.0,90.0,,3.0,42.0,44.0,,,,,,,,,,,,,,,,,,,,,,,,,,,,,,
2005,primary,DEL,34,34th District ……………,Buffalo DEL 34,,,,,,,3.0,91.0,,4.0,22.0,62.0,,,,,,,,,,,,,,,,,,,,,,,,,,,,,,
2005,primary,DEL,35,35th District ……………,Buffalo DEL 35,,,,,,,1.0,5.0,,0.0,3.0,1.0,,,,,,,,,,,,,,,,,,,,,,,,,,,,,,
2005,primary,DEL,36,36th District ……………,Buffalo DEL 36,,,,,,,1.0,181.0,,3.0,44.0,133.0,,,,,,,,,,,,,,,,,,,,,,,,,,,,,,
2005,primary,DEL,37,37th District ……………,Buffalo DEL 37,,,,,,,4.0,50.0,,4.0,27.0,15.0,,,,,,,,,,,,,,,,,,,,,,,,,,,,,,
2005,primary,DEL,38,38th District ……………,Buffalo DEL 38,,,,,,,6.0,86.0,,0.0,71.0,9.0,,,,,,,,,,,,,,,,,,,,,,,,,,,,,,
2005,primary,DEL,39,39th District ……………,Buffalo DEL 39,,,,,,,4.0,152.0,,5.0,66.0,77.0,,,,,,,,,,,,,,,,,,,,,,,,,,,,,,
2005,primary,ELL,1,1st District ……………,Buffalo ELL 1,,,,,,,2.0,34.0,,3.0,9.0,20.0,,,,,,,,,,,,,,,,,,,,,,,,,,,,,,
2005,primary,ELL,2,2nd District ……………,Buffalo ELL 2,,,,,,,6.0,61.0,,5.0,47.0,3.0,,,,,,,,,,,,,,,,,,,,,,,,,,,,,,
2005,primary,ELL,3,3rd District ……………,Buffalo ELL 3,,,,,,,4.0,90.0,,4.0,77.0,5.0,,,,,,,,,,,,,,,,,,,,,,,,,,,,,,
2005,primary,ELL,4,4th District ……………,Buffalo ELL 4,,,,,,,10.0,83.0,,3.0,67.0,3.0,,,,,,,,,,,,,,,,,,,,,,,,,,,,,,
2005,primary,ELL,5,5th District ……………,Buffalo ELL 5,,,,,,,1.0,66.0,,3.0,19.0,43.0,,,,,,,,,,,,,,,,,,,,,,,,,,,,,,
2005,primary,ELL,6,6th District ……………,Buffalo ELL 6,,,,,,,9.0,105.0,,1.0,93.0,2.0,,,,,,,,,,,,,,,,,,,,,,,,,,,,,,
2005,primary,ELL,7,7th District ……………,Buffalo ELL 7,,,,,,,1.0,55.0,,3.0,21.0,30.0,,,,,,,,,,,,,,,,,,,,,,,,,,,,,,
2005,primary,ELL,8,8th District ……………,Buffalo ELL 8,,,,,,,29.0,128.0,,5.0,86.0,8.0,,,,,,,,,,,,,,,,,,,,,,,,,,,,,,
2005,primary,ELL,9,9th District ……………,Buffalo ELL 9,,,,,,,6.0,92.0,,2.0,56.0,28.0,,,,,,,,,,,,,,,,,,,,,,,,,,,,,,
2005,primary,ELL,10,10th District ……………,Buffalo ELL 10,,,,,,,0.0,0.0,,0.0,0.0,0.0,,,,,,,,,,,,,,,,,,,,,,,,,,,,,,
2005,primary,ELL,11,11th District ……………,Buffalo ELL 11,,,,,,,3.0,90.0,,5.0,58.0,24.0,,,,,,,,,,,,,,,,,,,,,,,,,,,,,,
2005,primary,ELL,12,12th District ……………,Buffalo ELL 12,,,,,,,0.0,6.0,,0.0,3.0,3.0,,,,,,,,,,,,,,,,,,,,,,,,,,,,,,
2005,primary,ELL,13,13th District ……………,Buffalo ELL 13,,,,,,,5.0,100.0,,2.0,75.0,18.0,,,,,,,,,,,,,,,,,,,,,,,,,,,,,,
2005,primary,ELL,14,14th District ……………,Buffalo ELL 14,,,,,,,8.0,129.0,,5.0,102.0,14.0,,,,,,,,,,,,,,,,,,,,,,,,,,,,,,
2005,primary,ELL,15,15th District ……………,Buffalo ELL 15,,,,,,,25.0,162.0,,3.0,132.0,2.0,,,,,,,,,,,,,,,,,,,,,,,,,,,,,,
2005,primary,ELL,16,16th District ……………,Buffalo ELL 16,,,,,,,13.0,163.0,,8.0,137.0,5.0,,,,,,,,,,,,,,,,,,,,,,,,,,,,,,
2005,primary,ELL,17,17th District ……………,Buffalo ELL 17,,,,,,,2.0,65.0,,5.0,50.0,8.0,,,,,,,,,,,,,,,,,,,,,,,,,,,,,,
2005,primary,ELL,18,18th District ……………,Buffalo ELL 18,,,,,,,45.0,222.0,,5.0,164.0,8.0,,,,,,,,,,,,,,,,,,,,,,,,,,,,,,
2005,primary,ELL,19,19th District ……………,Buffalo ELL 19,,,,,,,4.0,51.0,,1.0,23.0,23.0,,,,,,,,,,,,,,,,,,,,,,,,,,,,,,
2005,primary,ELL,20,20th District ……………,Buffalo ELL 20,,,,,,,14.0,91.0,,1.0,76.0,0.0,,,,,,,,,,,,,,,,,,,,,,,,,,,,,,
2005,primary,ELL,21,21st District ……………,Buffalo ELL 21,,,,,,,0.0,12.0,,0.0,4.0,8.0,,,,,,,,,,,,,,,,,,,,,,,,,,,,,,
2005,primary,ELL,22,22nd District ……………,Buffalo ELL 22,,,,,,,1.0,31.0,,3.0,10.0,17.0,,,,,,,,,,,,,,,,,,,,,,,,,,,,,,
2005,primary,ELL,23,23rd District ……………,Buffalo ELL 23,,,,,,,34.0,126.0,,4.0,84.0,4.0,,,,,,,,,,,,,,,,,,,,,,,,,,,,,,
2005,primary,ELL,24,24th District ……………,Buffalo ELL 24,,,,,,,22.0,168.0,,5.0,141.0,0.0,,,,,,,,,,,,,,,,,,,,,,,,,,,,,,
2005,primary,ELL,25,25th District ……………,Buffalo ELL 25,,,,,,,31.0,159.0,,4.0,119.0,5.0,,,,,,,,,,,,,,,,,,,,,,,,,,,,,,
2005,primary,ELL,26,26th District ……………,Buffalo ELL 26,,,,,,,0.0,5.0,,0.0,2.0,3.0,,,,,,,,,,,,,,,,,,,,,,,,,,,,,,
2005,primary,ELL,27,27th District ……………,Buffalo ELL 27,,,,,,,22.0,204.0,,8.0,167.0,7.0,,,,,,,,,,,,,,,,,,,,,,,,,,,,,,
2005,primary,ELL,28,28th District ……………,Buffalo ELL 28,,,,,,,0.0,26.0,,1.0,14.0,11.0,,,,,,,,,,,,,,,,,,,,,,,,,,,,,,
2005,primary,ELL,29,29th District ……………,Buffalo ELL 29,,,,,,,0.0,2.0,,0.0,1.0,1.0,,,,,,,,,,,,,,,,,,,,,,,,,,,,,,
2005,primary,ELL,30,30th District ……………,Buffalo ELL 30,,,,,,,16.0,144.0,,8.0,112.0,8.0,,,,,,,,,,,,,,,,,,,,,,,,,,,,,,
2005,primary,ELL,31,31st District ……………,Buffalo ELL 31,,,,,,,16.0,71.0,,0.0,55.0,0.0,,,,,,,,,,,,,,,,,,,,,,,,,,,,,,
2005,primary,ELL,32,32nd District ……………,Buffalo ELL 32,,,,,,,8.0,70.0,,6.0,17.0,39.0,,,,,,,,,,,,,,,,,,,,,,,,,,,,,,
2005,primary,ELL,33,33rd District ……………,Buffalo ELL 33,,,,,,,24.0,124.0,,0.0,98.0,2.0,,,,,,,,,,,,,,,,,,,,,,,,,,,,,,
2005,primary,ELL,34,34th District ……………,Buffalo ELL 34,,,,,,,5.0,58.0,,4.0,47.0,2.0,,,,,,,,,,,,,,,,,,,,,,,,,,,,,,
2005,primary,ELL,35,35th District ……………,Buffalo ELL 35,,,,,,,11.0,82.0,,3.0,53.0,15.0,,,,,,,,,,,,,,,,,,,,,,,,,,,,,,
2005,primary,ELL,36,36th District ……………,Buffalo ELL 36,,,,,,,0.0,0.0,,0.0,0.0,0.0,,,,,,,,,,,,,,,,,,,,,,,,,,,,,,
2005,primary,ELL,37,37th District ……………,Buffalo ELL 37,,,,,,,0.0,7.0,,0.0,7.0,0.0,,,,,,,,,,,,,,,,,,,,,,,,,,,,,,
2005,primary,ELL,38,38th District ……………,Buffalo ELL 38,,,,,,,4.0,83.0,,6.0,41.0,32.0,,,,,,,,,,,,,,,,,,,,,,,,,,,,,,
2005,primary,ELL,39,39th District ……………,Buffalo ELL 39,,,,,,,19.0,136.0,,4.0,105.0,8.0,,,,,,,,,,,,,,,,,,,,,,,,,,,,,,
2005,primary,ELL,40,40th District ……………,Buffalo ELL 40,,,,,,,23.0,140.0,,0.0,108.0,9.0,,,,,,,,,,,,,,,,,,,,,,,,,,,,,,
2005,primary,ELL,41,41st District ……………,Buffalo ELL 41,,,,,,,4.0,42.0,,1.0,20.0,17.0,,,,,,,,,,,,,,,,,,,,,,,,,,,,,,
2005,primary,FIL,1,1st District ……………,Buffalo FIL 1,,,,,,,0.0,13.0,,2.0,1.0,10.0,,,,,,,,,,,,,,,,,,,,,,,,,,,,,,
2005,primary,FIL,2,2nd District ……………,Buffalo FIL 2,,,,,,,6.0,34.0,,1.0,23.0,4.0,,,,,,,,,,,,,,,,,,,,,,,,,,,,,,
2005,primary,FIL,3,3rd District ……………,Buffalo FIL 3,,,,,,,2.0,37.0,,1.0,21.0,13.0,,,,,,,,,,,,,,,,,,,,,,,,,,,,,,
2005,primary,FIL,4,4th District ……………,Buffalo FIL 4,,,,,,,2.0,46.0,,2.0,24.0,18.0,,,,,,,,,,,,,,,,,,,,,,,,,,,,,,
2005,primary,FIL,5,5th District ……………,Buffalo FIL 5,,,,,,,0.0,1.0,,0.0,0.0,1.0,,,,,,,,,,,,,,,,,,,,,,,,,,,,,,
2005,primary,FIL,6,6th District ……………,Buffalo FIL 6,,,,,,,8.0,48.0,,2.0,27.0,11.0,,,,,,,,,,,,,,,,,,,,,,,,,,,,,,
2005,primary,FIL,7,7th District ……………,Buffalo FIL 7,,,,,,,3.0,31.0,,3.0,12.0,13.0,,,,,,,,,,,,,,,,,,,,,,,,,,,,,,
2005,primary,FIL,8,8th District ……………,Buffalo FIL 8,,,,,,,0.0,22.0,,2.0,7.0,13.0,,,,,,,,,,,,,,,,,,,,,,,,,,,,,,
2005,primary,FIL,9,9th District ……………,Buffalo FIL 9,,,,,,,3.0,37.0,,1.0,18.0,15.0,,,,,,,,,,,,,,,,,,,,,,,,,,,,,,
2005,primary,FIL,10,10th District ……………,Buffalo FIL 10,,,,,,,6.0,34.0,,1.0,22.0,5.0,,,,,,,,,,,,,,,,,,,,,,,,,,,,,,
2005,primary,FIL,11,11th District ……………,Buffalo FIL 11,,,,,,,1.0,23.0,,2.0,12.0,8.0,,,,,,,,,,,,,,,,,,,,,,,,,,,,,,
2005,primary,FIL,12,12th District ……………,Buffalo FIL 12,,,,,,,6.0,43.0,,1.0,20.0,16.0,,,,,,,,,,,,,,,,,,,,,,,,,,,,,,
2005,primary,FIL,13,13th District ……………,Buffalo FIL 13,,,,,,,15.0,147.0,,2.0,125.0,5.0,,,,,,,,,,,,,,,,,,,,,,,,,,,,,,
2005,primary,FIL,14,14th District ……………,Buffalo FIL 14,,,,,,,4.0,27.0,,0.0,16.0,7.0,,,,,,,,,,,,,,,,,,,,,,,,,,,,,,
2005,primary,FIL,15,15th District ……………,Buffalo FIL 15,,,,,,,0.0,1.0,,0.0,1.0,0.0,,,,,,,,,,,,,,,,,,,,,,,,,,,,,,
2005,primary,FIL,16,16th District ……………,Buffalo FIL 16,,,,,,,3.0,32.0,,3.0,25.0,1.0,,,,,,,,,,,,,,,,,,,,,,,,,,,,,,
2005,primary,FIL,17,17th District ……………,Buffalo FIL 17,,,,,,,6.0,66.0,,15.0,13.0,32.0,,,,,,,,,,,,,,,,,,,,,,,,,,,,,,
2005,primary,FIL,18,18th District ……………,Buffalo FIL 18,,,,,,,7.0,45.0,,3.0,27.0,8.0,,,,,,,,,,,,,,,,,,,,,,,,,,,,,,
2005,primary,FIL,19,19th District ……………,Buffalo FIL 19,,,,,,,8.0,52.0,,3.0,31.0,10.0,,,,,,,,,,,,,,,,,,,,,,,,,,,,,,
2005,primary,FIL,20,20th District ……………,Buffalo FIL 20,,,,,,,8.0,45.0,,1.0,33.0,3.0,,,,,,,,,,,,,,,,,,,,,,,,,,,,,,
2005,primary,FIL,21,21st District ……………,Buffalo FIL 21,,,,,,,1.0,21.0,,3.0,6.0,11.0,,,,,,,,,,,,,,,,,,,,,,,,,,,,,,
2005,primary,FIL,22,22nd District ……………,Buffalo FIL 22,,,,,,,0.0,17.0,,1.0,3.0,13.0,,,,,,,,,,,,,,,,,,,,,,,,,,,,,,
2005,primary,FIL,23,23rd District ……………,Buffalo FIL 23,,,,,,,7.0,46.0,,1.0,33.0,5.0,,,,,,,,,,,,,,,,,,,,,,,,,,,,,,
2005,primary,FIL,24,24th District ……………,Buffalo FIL 24,,,,,,,6.0,178.0,,10.0,63.0,99.0,,,,,,,,,,,,,,,,,,,,,,,,,,,,,,
2005,primary,FIL,25,25th District ……………,Buffalo FIL 25,,,,,,,9.0,75.0,,1.0,62.0,3.0,,,,,,,,,,,,,,,,,,,,,,,,,,,,,,
2005,primary,FIL,26,26th District ……………,Buffalo FIL 26,,,,,,,2.0,25.0,,2.0,16.0,5.0,,,,,,,,,,,,,,,,,,,,,,,,,,,,,,
2005,primary,FIL,27,27th District ……………,Buffalo FIL 27,,,,,,,6.0,111.0,,8.0,89.0,8.0,,,,,,,,,,,,,,,,,,,,,,,,,,,,,,
2005,primary,FIL,28,28th District ……………,Buffalo FIL 28,,,,,,,0.0,0.0,,0.0,0.0,0.0,,,,,,,,,,,,,,,,,,,,,,,,,,,,,,
2005,primary,FIL,29,29th District ……………,Buffalo FIL 29,,,,,,,0.0,0.0,,0.0,0.0,0.0,,,,,,,,,,,,,,,,,,,,,,,,,,,,,,
2005,primary,FIL,30,30th District ……………,Buffalo FIL 30,,,,,,,1.0,3.0,,0.0,1.0,1.0,,,,,,,,,,,,,,,,,,,,,,,,,,,,,,
2005,primary,FIL,31,31st District ……………,Buffalo FIL 31,,,,,,,0.0,27.0,,1.0,8.0,18.0,,,,,,,,,,,,,,,,,,,,,,,,,,,,,,
2005,primary,FIL,32,32nd District ……………,Buffalo FIL 32,,,,,,,5.0,48.0,,5.0,30.0,8.0,,,,,,,,,,,,,,,,,,,,,,,,,,,,,,
2005,primary,FIL,33,33rd District ……………,Buffalo FIL 33,,,,,,,0.0,6.0,,0.0,0.0,6.0,,,,,,,,,,,,,,,,,,,,,,,,,,,,,,
2005,primary,FIL,34,34th District ……………,Buffalo FIL 34,,,,,,,3.0,61.0,,1.0,51.0,6.0,,,,,,,,,,,,,,,,,,,,,,,,,,,,,,
2005,primary,FIL,35,35th District ……………,Buffalo FIL 35,,,,,,,3.0,111.0,,4.0,102.0,2.0,,,,,,,,,,,,,,,,,,,,,,,,,,,,,,
2005,primary,FIL,36,36th District ……………,Buffalo FIL 36,,,,,,,1.0,5.0,,0.0,4.0,0.0,,,,,,,,,,,,,,,,,,,,,,,,,,,,,,
2005,primary,FIL,37,37th District ……………,Buffalo FIL 37,,,,,,,14.0,161.0,,12.0,58.0,77.0,,,,,,,,,,,,,,,,,,,,,,,,,,,,,,
2005,primary,FIL,38,38th District ……………,Buffalo FIL 38,,,,,,,20.0,95.0,,3.0,71.0,1.0,,,,,,,,,,,,,,,,,,,,,,,,,,,,,,
2005,primary,FIL,39,39th District ……………,Buffalo FIL 39,,,,,,,7.0,67.0,,1.0,56.0,3.0,,,,,,,,,,,,,,,,,,,,,,,,,,,,,,
2005,primary,FIL,40,40th District ……………,Buffalo FIL 40,,,,,,,4.0,49.0,,4.0,19.0,22.0,,,,,,,,,,,,,,,,,,,,,,,,,,,,,,
2005,primary,FIL,41,41st District ……………,Buffalo FIL 41,,,,,,,0.0,22.0,,0.0,7.0,15.0,,,,,,,,,,,,,,,,,,,,,,,,,,,,,,
2005,primary,FIL,42,42nd District ……………,Buffalo FIL 42,,,,,,,12.0,86.0,,3.0,68.0,3.0,,,,,,,,,,,,,,,,,,,,,,,,,,,,,,
2005,primary,FIL,43,43rd District ……………,Buffalo FIL 43,,,,,,,11.0,77.0,,2.0,56.0,8.0,,,,,,,,,,,,,,,,,,,,,,,,,,,,,,
2005,primary,FIL,44,44th District ……………,Buffalo FIL 44,,,,,,,3.0,116.0,,13.0,36.0,64.0,,,,,,,,,,,,,,,,,,,,,,,,,,,,,,
2005,primary,FIL,45,45th District ……………,Buffalo FIL 45,,,,,,,0.0,0.0,,0.0,0.0,0.0,,,,,,,,,,,,,,,,,,,,,,,,,,,,,,
2005,primary,FIL,46,46th District ……………,Buffalo FIL 46,,,,,,,24.0,94.0,,5.0,63.0,2.0,,,,,,,,,,,,,,,,,,,,,,,,,,,,,,
2005,primary,LOV,1,1st District ……………,Buffalo LOV 1,,,,,,,1.0,11.0,,0.0,4.0,6.0,,,,,,,,,,,,,,,,,,,,,,,,,,,,,,
2005,primary,LOV,2,2nd District ……………,Buffalo LOV 2,,,,,,,6.0,130.0,,9.0,55.0,60.0,,,,,,,,,,,,,,,,,,,,,,,,,,,,,,
2005,primary,LOV,3,3rd District ……………,Buffalo LOV 3,,,,,,,9.0,107.0,,11.0,32.0,55.0,,,,,,,,,,,,,,,,,,,,,,,,,,,,,,
2005,primary,LOV,4,4th District ……………,Buffalo LOV 4,,,,,,,13.0,72.0,,5.0,43.0,11.0,,,,,,,,,,,,,,,,,,,,,,,,,,,,,,
2005,primary,LOV,5,5th District ……………,Buffalo LOV 5,,,,,,,1.0,37.0,,2.0,12.0,22.0,,,,,,,,,,,,,,,,,,,,,,,,,,,,,,
2005,primary,LOV,6,6th District ……………,Buffalo LOV 6,,,,,,,3.0,80.0,,8.0,19.0,50.0,,,,,,,,,,,,,,,,,,,,,,,,,,,,,,
2005,primary,LOV,7,7th District ……………,Buffalo LOV 7,,,,,,,9.0,73.0,,9.0,12.0,43.0,,,,,,,,,,,,,,,,,,,,,,,,,,,,,,
2005,primary,LOV,8,8th District ……………,Buffalo LOV 8,,,,,,,10.0,126.0,,17.0,31.0,68.0,,,,,,,,,,,,,,,,,,,,,,,,,,,,,,
2005,primary,LOV,9,9th District ……………,Buffalo LOV 9,,,,,,,1.0,35.0,,3.0,12.0,19.0,,,,,,,,,,,,,,,,,,,,,,,,,,,,,,
2005,primary,LOV,10,10th District ……………,Buffalo LOV 10,,,,,,,5.0,55.0,,2.0,36.0,12.0,,,,,,,,,,,,,,,,,,,,,,,,,,,,,,
2005,primary,LOV,11,11th District ……………,Buffalo LOV 11,,,,,,,2.0,49.0,,5.0,14.0,28.0,,,,,,,,,,,,,,,,,,,,,,,,,,,,,,
2005,primary,LOV,12,12th District ……………,Buffalo LOV 12,,,,,,,6.0,117.0,,10.0,46.0,55.0,,,,,,,,,,,,,,,,,,,,,,,,,,,,,,
2005,primary,LOV,13,13th District ……………,Buffalo LOV 13,,,,,,,1.0,66.0,,4.0,16.0,45.0,,,,,,,,,,,,,,,,,,,,,,,,,,,,,,
2005,primary,LOV,14,14th District ……………,Buffalo LOV 14,,,,,,,15.0,94.0,,2.0,71.0,6.0,,,,,,,,,,,,,,,,,,,,,,,,,,,,,,
2005,primary,LOV,15,15th District ……………,Buffalo LOV 15,,,,,,,5.0,120.0,,10.0,36.0,69.0,,,,,,,,,,,,,,,,,,,,,,,,,,,,,,
2005,primary,LOV,16,16th District ……………,Buffalo LOV 16,,,,,,,5.0,57.0,,1.0,41.0,10.0,,,,,,,,,,,,,,,,,,,,,,,,,,,,,,
2005,primary,LOV,17,17th District ……………,Buffalo LOV 17,,,,,,,20.0,129.0,,3.0,94.0,12.0,,,,,,,,,,,,,,,,,,,,,,,,,,,,,,
2005,primary,LOV,18,18th District ……………,Buffalo LOV 18,,,,,,,0.0,43.0,,7.0,13.0,23.0,,,,,,,,,,,,,,,,,,,,,,,,,,,,,,
2005,primary,LOV,19,19th District ……………,Buffalo LOV 19,,,,,,,7.0,90.0,,2.0,60.0,21.0,,,,,,,,,,,,,,,,,,,,,,,,,,,,,,
2005,primary,LOV,20,20th District ……………,Buffalo LOV 20,,,,,,,8.0,63.0,,1.0,52.0,2.0,,,,,,,,,,,,,,,,,,,,,,,,,,,,,,
2005,primary,LOV,21,21st District ……………,Buffalo LOV 21,,,,,,,3.0,71.0,,1.0,61.0,6.0,,,,,,,,,,,,,,,,,,,,,,,,,,,,,,
2005,primary,LOV,22,22nd District ……………,Buffalo LOV 22,,,,,,,7.0,49.0,,2.0,27.0,13.0,,,,,,,,,,,,,,,,,,,,,,,,,,,,,,
2005,primary,LOV,23,23rd District ……………,Buffalo LOV 23,,,,,,,1.0,140.0,,3.0,124.0,12.0,,,,,,,,,,,,,,,,,,,,,,,,,,,,,,
2005,primary,LOV,24,24th District ……………,Buffalo LOV 24,,,,,,,13.0,87.0,,3.0,54.0,17.0,,,,,,,,,,,,,,,,,,,,,,,,,,,,,,
2005,primary,LOV,25,25th District ……………,Buffalo LOV 25,,,,,,,0.0,55.0,,11.0,13.0,31.0,,,,,,,,,,,,,,,,,,,,,,,,,,,,,,
2005,primary,LOV,26,26th District ……………,Buffalo LOV 26,,,,,,,4.0,57.0,,2.0,51.0,0.0,,,,,,,,,,,,,,,,,,,,,,,,,,,,,,
2005,primary,LOV,27,27th District ……………,Buffalo LOV 27,,,,,,,30.0,149.0,,2.0,93.0,24.0,,,,,,,,,,,,,,,,,,,,,,,,,,,,,,
2005,primary,LOV,28,28th District ……………,Buffalo LOV 28,,,,,,,4.0,104.0,,6.0,43.0,51.0,,,,,,,,,,,,,,,,,,,,,,,,,,,,,,
2005,primary,LOV,29,29th District ……………,Buffalo LOV 29,,,,,,,8.0,72.0,,4.0,49.0,11.0,,,,,,,,,,,,,,,,,,,,,,,,,,,,,,
2005,primary,LOV,30,30th District ……………,Buffalo LOV 30,,,,,,,6.0,61.0,,2.0,48.0,5.0,,,,,,,,,,,,,,,,,,,,,,,,,,,,,,
2005,primary,LOV,31,31st District ……………,Buffalo LOV 31,,,,,,,9.0,74.0,,3.0,52.0,10.0,,,,,,,,,,,,,,,,,,,,,,,,,,,,,,
2005,primary,MAS,1,1st District ……………,Buffalo MAS 1,,,,,,,14.0,176.0,,1.0,156.0,5.0,,,,,,,,,,,,,,,,,,,,,,,,,,,,,,
2005,primary,MAS,2,2nd District ……………,Buffalo MAS 2,,,,,,,18.0,89.0,,0.0,70.0,1.0,,,,,,,,,,,,,,,,,,,,,,,,,,,,,,
2005,primary,MAS,3,3rd District ……………,Buffalo MAS 3,,,,,,,17.0,124.0,,6.0,95.0,6.0,,,,,,,,,,,,,,,,,,,,,,,,,,,,,,
2005,primary,MAS,4,4th District ……………,Buffalo MAS 4,,,,,,,10.0,112.0,,2.0,99.0,1.0,,,,,,,,,,,,,,,,,,,,,,,,,,,,,,
2005,primary,MAS,5,5th District ……………,Buffalo MAS 5,,,,,,,22.0,87.0,,1.0,58.0,6.0,,,,,,,,,,,,,,,,,,,,,,,,,,,,,,
2005,primary,MAS,6,6th District ……………,Buffalo MAS 6,,,,,,,18.0,82.0,,0.0,64.0,0.0,,,,,,,,,,,,,,,,,,,,,,,,,,,,,,
2005,primary,MAS,7,7th District ……………,Buffalo MAS 7,,,,,,,8.0,88.0,,1.0,72.0,7.0,,,,,,,,,,,,,,,,,,,,,,,,,,,,,,
2005,primary,MAS,8,8th District ……………,Buffalo MAS 8,,,,,,,8.0,87.0,,0.0,78.0,1.0,,,,,,,,,,,,,,,,,,,,,,,,,,,,,,
2005,primary,MAS,9,9th District ……………,Buffalo MAS 9,,,,,,,16.0,143.0,,1.0,114.0,12.0,,,,,,,,,,,,,,,,,,,,,,,,,,,,,,
2005,primary,MAS,10,10th District ……………,Buffalo MAS 10,,,,,,,3.0,108.0,,2.0,98.0,5.0,,,,,,,,,,,,,,,,,,,,,,,,,,,,,,
2005,primary,MAS,11,11th District ……………,Buffalo MAS 11,,,,,,,4.0,48.0,,0.0,44.0,0.0,,,,,,,,,,,,,,,,,,,,,,,,,,,,,,
2005,primary,MAS,12,12th District ……………,Buffalo MAS 12,,,,,,,9.0,87.0,,1.0,74.0,3.0,,,,,,,,,,,,,,,,,,,,,,,,,,,,,,
2005,primary,MAS,13,13th District ……………,Buffalo MAS 13,,,,,,,12.0,85.0,,3.0,64.0,6.0,,,,,,,,,,,,,,,,,,,,,,,,,,,,,,
2005,primary,MAS,14,14th District ……………,Buffalo MAS 14,,,,,,,23.0,146.0,,3.0,117.0,3.0,,,,,,,,,,,,,,,,,,,,,,,,,,,,,,
2005,primary,MAS,15,15th District ……………,Buffalo MAS 15,,,,,,,7.0,74.0,,1.0,65.0,1.0,,,,,,,,,,,,,,,,,,,,,,,,,,,,,,
2005,primary,MAS,16,16th District ……………,Buffalo MAS 16,,,,,,,6.0,134.0,,4.0,121.0,3.0,,,,,,,,,,,,,,,,,,,,,,,,,,,,,,
2005,primary,MAS,17,17th District ……………,Buffalo MAS 17,,,,,,,9.0,126.0,,3.0,110.0,4.0,,,,,,,,,,,,,,,,,,,,,,,,,,,,,,
2005,primary,MAS,18,18th District ……………,Buffalo MAS 18,,,,,,,11.0,118.0,,1.0,103.0,3.0,,,,,,,,,,,,,,,,,,,,,,,,,,,,,,
2005,primary,MAS,19,19th District ……………,Buffalo MAS 19,,,,,,,6.0,126.0,,0.0,117.0,3.0,,,,,,,,,,,,,,,,,,,,,,,,,,,,,,
2005,primary,MAS,20,20th District ……………,Buffalo MAS 20,,,,,,,9.0,139.0,,3.0,125.0,2.0,,,,,,,,,,,,,,,,,,,,,,,,,,,,,,
2005,primary,MAS,21,21st District ……………,Buffalo MAS 21,,,,,,,11.0,109.0,,0.0,97.0,1.0,,,,,,,,,,,,,,,,,,,,,,,,,,,,,,
2005,primary,MAS,22,22nd District ……………,Buffalo MAS 22,,,,,,,18.0,135.0,,2.0,112.0,3.0,,,,,,,,,,,,,,,,,,,,,,,,,,,,,,
2005,primary,MAS,23,23rd District ……………,Buffalo MAS 23,,,,,,,20.0,84.0,,0.0,58.0,6.0,,,,,,,,,,,,,,,,,,,,,,,,,,,,,,
2005,primary,MAS,24,24th District ……………,Buffalo MAS 24,,,,,,,4.0,74.0,,1.0,66.0,3.0,,,,,,,,,,,,,,,,,,,,,,,,,,,,,,
2005,primary,MAS,25,25th District ……………,Buffalo MAS 25,,,,,,,9.0,111.0,,0.0,101.0,1.0,,,,,,,,,,,,,,,,,,,,,,,,,,,,,,
2005,primary,MAS,26,26th District ……………,Buffalo MAS 26,,,,,,,16.0,142.0,,2.0,119.0,5.0,,,,,,,,,,,,,,,,,,,,,,,,,,,,,,
2005,primary,MAS,27,27th District ……………,Buffalo MAS 27,,,,,,,5.0,150.0,,1.0,141.0,3.0,,,,,,,,,,,,,,,,,,,,,,,,,,,,,,
2005,primary,MAS,28,28th District ……………,Buffalo MAS 28,,,,,,,10.0,143.0,,0.0,132.0,1.0,,,,,,,,,,,,,,,,,,,,,,,,,,,,,,
2005,primary,MAS,29,29th District ……………,Buffalo MAS 29,,,,,,,8.0,92.0,,2.0,80.0,2.0,,,,,,,,,,,,,,,,,,,,,,,,,,,,,,
2005,primary,MAS,30,30th District ……………,Buffalo MAS 30,,,,,,,6.0,75.0,,1.0,66.0,2.0,,,,,,,,,,,,,,,,,,,,,,,,,,,,,,
2005,primary,MAS,31,31st District ……………,Buffalo MAS 31,,,,,,,9.0,99.0,,1.0,86.0,3.0,,,,,,,,,,,,,,,,,,,,,,,,,,,,,,
2005,primary,MAS,32,32nd District ……………,Buffalo MAS 32,,,,,,,6.0,100.0,,5.0,89.0,0.0,,,,,,,,,,,,,,,,,,,,,,,,,,,,,,
2005,primary,MAS,33,33rd District ……………,Buffalo MAS 33,,,,,,,12.0,180.0,,2.0,165.0,1.0,,,,,,,,,,,,,,,,,,,,,,,,,,,,,,
2005,primary,MAS,34,34th District ……………,Buffalo MAS 34,,,,,,,9.0,112.0,,5.0,94.0,4.0,,,,,,,,,,,,,,,,,,,,,,,,,,,,,,
2005,primary,MAS,35,35th District ……………,Buffalo MAS 35,,,,,,,8.0,144.0,,0.0,133.0,3.0,,,,,,,,,,,,,,,,,,,,,,,,,,,,,,
2005,primary,MAS,36,36th District ……………,Buffalo MAS 36,,,,,,,19.0,90.0,,1.0,67.0,3.0,,,,,,,,,,,,,,,,,,,,,,,,,,,,,,
2005,primary,MAS,37,37th District ……………,Buffalo MAS 37,,,,,,,20.0,113.0,,1.0,90.0,2.0,,,,,,,,,,,,,,,,,,,,,,,,,,,,,,
2005,primary,MAS,38,38th District ……………,Buffalo MAS 38,,,,,,,3.0,99.0,,0.0,86.0,10.0,,,,,,,,,,,,,,,,,,,,,,,,,,,,,,
2005,primary,MAS,39,39th District ……………,Buffalo MAS 39,,,,,,,7.0,37.0,,1.0,27.0,2.0,,,,,,,,,,,,,,,,,,,,,,,,,,,,,,
2005,primary,MAS,40,40th District ……………,Buffalo MAS 40,,,,,,,21.0,123.0,,6.0,92.0,4.0,,,,,,,,,,,,,,,,,,,,,,,,,,,,,,
2005,primary,MAS,41,41st District ……………,Buffalo MAS 41,,,,,,,9.0,134.0,,2.0,106.0,17.0,,,,,,,,,,,,,,,,,,,,,,,,,,,,,,
2005,primary,NIA,1,1st District ……………,Buffalo NIA 1,,,,,,,2.0,152.0,,9.0,49.0,92.0,,,,,,,,,,,,,,,,,,,,,,,,,,,,,,
2005,primary,NIA,2,2nd District ……………,Buffalo NIA 2,,,,,,,12.0,65.0,,7.0,23.0,23.0,,,,,,,,,,,,,,,,,,,,,,,,,,,,,,
2005,primary,NIA,3,3rd District ……………,Buffalo NIA 3,,,,,,,2.0,100.0,,3.0,20.0,75.0,,,,,,,,,,,,,,,,,,,,,,,,,,,,,,
2005,primary,NIA,4,4th District ……………,Buffalo NIA 4,,,,,,,1.0,21.0,,0.0,7.0,13.0,,,,,,,,,,,,,,,,,,,,,,,,,,,,,,
2005,primary,NIA,5,5th District ……………,Buffalo NIA 5,,,,,,,13.0,88.0,,3.0,51.0,21.0,,,,,,,,,,,,,,,,,,,,,,,,,,,,,,
2005,primary,NIA,6,6th District ……………,Buffalo NIA 6,,,,,,,7.0,103.0,,11.0,44.0,41.0,,,,,,,,,,,,,,,,,,,,,,,,,,,,,,
2005,primary,NIA,7,7th District ……………,Buffalo NIA 7,,,,,,,2.0,81.0,,4.0,18.0,57.0,,,,,,,,,,,,,,,,,,,,,,,,,,,,,,
2005,primary,NIA,8,8th District ……………,Buffalo NIA 8,,,,,,,7.0,83.0,,6.0,40.0,30.0,,,,,,,,,,,,,,,,,,,,,,,,,,,,,,
2005,primary,NIA,9,9th District ……………,Buffalo NIA 9,,,,,,,4.0,127.0,,7.0,54.0,62.0,,,,,,,,,,,,,,,,,,,,,,,,,,,,,,
2005,primary,NIA,10,10th District ……………,Buffalo NIA 10,,,,,,,4.0,87.0,,1.0,29.0,53.0,,,,,,,,,,,,,,,,,,,,,,,,,,,,,,
2005,primary,NIA,11,11th District ……………,Buffalo NIA 11,,,,,,,2.0,64.0,,3.0,36.0,23.0,,,,,,,,,,,,,,,,,,,,,,,,,,,,,,
2005,primary,NIA,12,12th District ……………,Buffalo NIA 12,,,,,,,3.0,45.0,,4.0,22.0,16.0,,,,,,,,,,,,,,,,,,,,,,,,,,,,,,
2005,primary,NIA,13,13th District ……………,Buffalo NIA 13,,,,,,,2.0,93.0,,6.0,44.0,41.0,,,,,,,,,,,,,,,,,,,,,,,,,,,,,,
2005,primary,NIA,14,14th District ……………,Buffalo NIA 14,,,,,,,5.0,220.0,,14.0,43.0,158.0,,,,,,,,,,,,,,,,,,,,,,,,,,,,,,
2005,primary,NIA,15,15th District ……………,Buffalo NIA 15,,,,,,,5.0,67.0,,12.0,34.0,16.0,,,,,,,,,,,,,,,,,,,,,,,,,,,,,,
2005,primary,NIA,16,16th District ……………,Buffalo NIA 16,,,,,,,2.0,90.0,,5.0,48.0,35.0,,,,,,,,,,,,,,,,,,,,,,,,,,,,,,
2005,primary,NIA,17,17th District ……………,Buffalo NIA 17,,,,,,,4.0,47.0,,5.0,22.0,16.0,,,,,,,,,,,,,,,,,,,,,,,,,,,,,,
2005,primary,NIA,18,18th District ……………,Buffalo NIA 18,,,,,,,6.0,78.0,,7.0,29.0,36.0,,,,,,,,,,,,,,,,,,,,,,,,,,,,,,
2005,primary,NIA,19,19th District ……………,Buffalo NIA 19,,,,,,,9.0,100.0,,7.0,44.0,40.0,,,,,,,,,,,,,,,,,,,,,,,,,,,,,,
2005,primary,NIA,20,20th District ……………,Buffalo NIA 20,,,,,,,7.0,104.0,,9.0,59.0,29.0,,,,,,,,,,,,,,,,,,,,,,,,,,,,,,
2005,primary,NIA,21,21st District ……………,Buffalo NIA 21,,,,,,,0.0,103.0,,5.0,46.0,52.0,,,,,,,,,,,,,,,,,,,,,,,,,,,,,,
2005,primary,NIA,22,22nd District ……………,Buffalo NIA 22,,,,,,,5.0,65.0,,8.0,37.0,15.0,,,,,,,,,,,,,,,,,,,,,,,,,,,,,,
2005,primary,NIA,23,23rd District ……………,Buffalo NIA 23,,,,,,,4.0,51.0,,5.0,25.0,17.0,,,,,,,,,,,,,,,,,,,,,,,,,,,,,,
2005,primary,NIA,24,24th District ……………,Buffalo NIA 24,,,,,,,6.0,74.0,,5.0,34.0,29.0,,,,,,,,,,,,,,,,,,,,,,,,,,,,,,
2005,primary,NIA,25,25th District ……………,Buffalo NIA 25,,,,,,,8.0,91.0,,10.0,44.0,29.0,,,,,,,,,,,,,,,,,,,,,,,,,,,,,,
2005,primary,NIA,26,26th District ……………,Buffalo NIA 26,,,,,,,4.0,73.0,,5.0,37.0,27.0,,,,,,,,,,,,,,,,,,,,,,,,,,,,,,
2005,primary,NIA,27,27th District ……………,Buffalo NIA 27,,,,,,,4.0,42.0,,3.0,12.0,23.0,,,,,,,,,,,,,,,,,,,,,,,,,,,,,,
2005,primary,NIA,28,28th District ……………,Buffalo NIA 28,,,,,,,8.0,79.0,,7.0,39.0,25.0,,,,,,,,,,,,,,,,,,,,,,,,,,,,,,
2005,primary,NIA,29,29th District ……………,Buffalo NIA 29,,,,,,,5.0,92.0,,12.0,34.0,41.0,,,,,,,,,,,,,,,,,,,,,,,,,,,,,,
2005,primary,NIA,30,30th District ……………,Buffalo NIA 30,,,,,,,3.0,73.0,,7.0,44.0,19.0,,,,,,,,,,,,,,,,,,,,,,,,,,,,,,
2005,primary,NIA,31,31st District ……………,Buffalo NIA 31,,,,,,,7.0,55.0,,5.0,36.0,7.0,,,,,,,,,,,,,,,,,,,,,,,,,,,,,,
2005,primary,NIA,32,32nd District ……………,Buffalo NIA 32,,,,,,,0.0,54.0,,2.0,16.0,36.0,,,,,,,,,,,,,,,,,,,,,,,,,,,,,,
2005,primary,NOR,1,1st District ……………,Buffalo NOR 1,,,,,,,10.0,180.0,,18.0,72.0,80.0,,,,,,,,,,,,,,,,,,,,,,,,,,,,,,
2005,primary,NOR,2,2nd District ……………,Buffalo NOR 2,,,,,,,2.0,20.0,,0.0,7.0,11.0,,,,,,,,,,,,,,,,,,,,,,,,,,,,,,
2005,primary,NOR,3,3rd District ……………,Buffalo NOR 3,,,,,,,9.0,140.0,,14.0,49.0,68.0,,,,,,,,,,,,,,,,,,,,,,,,,,,,,,
2005,primary,NOR,4,4th District ……………,Buffalo NOR 4,,,,,,,7.0,115.0,,8.0,44.0,56.0,,,,,,,,,,,,,,,,,,,,,,,,,,,,,,
2005,primary,NOR,5,5th District ……………,Buffalo NOR 5,,,,,,,7.0,96.0,,7.0,30.0,52.0,,,,,,,,,,,,,,,,,,,,,,,,,,,,,,
2005,primary,NOR,6,6th District ……………,Buffalo NOR 6,,,,,,,6.0,80.0,,6.0,44.0,24.0,,,,,,,,,,,,,,,,,,,,,,,,,,,,,,
2005,primary,NOR,7,7th District ……………,Buffalo NOR 7,,,,,,,1.0,113.0,,4.0,21.0,87.0,,,,,,,,,,,,,,,,,,,,,,,,,,,,,,
2005,primary,NOR,8,8th District ……………,Buffalo NOR 8,,,,,,,0.0,33.0,,4.0,13.0,16.0,,,,,,,,,,,,,,,,,,,,,,,,,,,,,,
2005,primary,NOR,9,9th District ……………,Buffalo NOR 9,,,,,,,20.0,186.0,,18.0,80.0,68.0,,,,,,,,,,,,,,,,,,,,,,,,,,,,,,
2005,primary,NOR,10,10th District ……………,Buffalo NOR 10,,,,,,,1.0,69.0,,6.0,36.0,26.0,,,,,,,,,,,,,,,,,,,,,,,,,,,,,,
2005,primary,NOR,11,11th District ……………,Buffalo NOR 11,,,,,,,7.0,119.0,,10.0,53.0,49.0,,,,,,,,,,,,,,,,,,,,,,,,,,,,,,
2005,primary,NOR,12,12th District ……………,Buffalo NOR 12,,,,,,,14.0,137.0,,11.0,56.0,56.0,,,,,,,,,,,,,,,,,,,,,,,,,,,,,,
2005,primary,NOR,13,13th District ……………,Buffalo NOR 13,,,,,,,9.0,123.0,,11.0,49.0,54.0,,,,,,,,,,,,,,,,,,,,,,,,,,,,,,
2005,primary,NOR,14,14th District ……………,Buffalo NOR 14,,,,,,,5.0,62.0,,6.0,25.0,26.0,,,,,,,,,,,,,,,,,,,,,,,,,,,,,,
2005,primary,NOR,15,15th District ……………,Buffalo NOR 15,,,,,,,9.0,107.0,,6.0,46.0,46.0,,,,,,,,,,,,,,,,,,,,,,,,,,,,,,
2005,primary,NOR,16,16th District ……………,Buffalo NOR 16,,,,,,,1.0,18.0,,5.0,5.0,7.0,,,,,,,,,,,,,,,,,,,,,,,,,,,,,,
2005,primary,NOR,17,17th District ……………,Buffalo NOR 17,,,,,,,2.0,128.0,,1.0,51.0,74.0,,,,,,,,,,,,,,,,,,,,,,,,,,,,,,
2005,primary,NOR,18,18th District ……………,Buffalo NOR 18,,,,,,,4.0,138.0,,10.0,61.0,63.0,,,,,,,,,,,,,,,,,,,,,,,,,,,,,,
2005,primary,NOR,19,19th District ……………,Buffalo NOR 19,,,,,,,0.0,105.0,,4.0,23.0,78.0,,,,,,,,,,,,,,,,,,,,,,,,,,,,,,
2005,primary,NOR,20,20th District ……………,Buffalo NOR 20,,,,,,,10.0,105.0,,5.0,52.0,38.0,,,,,,,,,,,,,,,,,,,,,,,,,,,,,,
2005,primary,NOR,21,21st District ……………,Buffalo NOR 21,,,,,,,5.0,48.0,,4.0,31.0,8.0,,,,,,,,,,,,,,,,,,,,,,,,,,,,,,
2005,primary,NOR,22,22nd District ……………,Buffalo NOR 22,,,,,,,3.0,32.0,,1.0,21.0,7.0,,,,,,,,,,,,,,,,,,,,,,,,,,,,,,
2005,primary,NOR,23,23rd District ……………,Buffalo NOR 23,,,,,,,3.0,83.0,,1.0,57.0,22.0,,,,,,,,,,,,,,,,,,,,,,,,,,,,,,
2005,primary,NOR,24,24th District ……………,Buffalo NOR 24,,,,,,,0.0,65.0,,9.0,27.0,29.0,,,,,,,,,,,,,,,,,,,,,,,,,,,,,,
2005,primary,NOR,25,25th District ……………,Buffalo NOR 25,,,,,,,3.0,68.0,,1.0,38.0,26.0,,,,,,,,,,,,,,,,,,,,,,,,,,,,,,
2005,primary,NOR,26,26th District ……………,Buffalo NOR 26,,,,,,,0.0,23.0,,0.0,7.0,16.0,,,,,,,,,,,,,,,,,,,,,,,,,,,,,,
2005,primary,NOR,27,27th District ……………,Buffalo NOR 27,,,,,,,1.0,7.0,,1.0,3.0,2.0,,,,,,,,,,,,,,,,,,,,,,,,,,,,,,
2005,primary,NOR,28,28th District ……………,Buffalo NOR 28,,,,,,,8.0,133.0,,6.0,59.0,60.0,,,,,,,,,,,,,,,,,,,,,,,,,,,,,,
2005,primary,NOR,29,29th District ……………,Buffalo NOR 29,,,,,,,8.0,137.0,,13.0,58.0,58.0,,,,,,,,,,,,,,,,,,,,,,,,,,,,,,
2005,primary,NOR,30,30th District ……………,Buffalo NOR 30,,,,,,,4.0,79.0,,5.0,53.0,17.0,,,,,,,,,,,,,,,,,,,,,,,,,,,,,,
2005,primary,NOR,31,31st District ……………,Buffalo NOR 31,,,,,,,1.0,183.0,,5.0,43.0,134.0,,,,,,,,,,,,,,,,,,,,,,,,,,,,,,
2005,primary,SOU,1,1st District ……………,Buffalo SOU 1,,,,,,,5.0,110.0,,5.0,38.0,62.0,,,,,,,,,,,,,,,,,,,,,,,,,,,,,,
2005,primary,SOU,2,2nd District ……………,Buffalo SOU 2,,,,,,,7.0,95.0,,1.0,25.0,62.0,,,,,,,,,,,,,,,,,,,,,,,,,,,,,,
2005,primary,SOU,3,3rd District ……………,Buffalo SOU 3,,,,,,,17.0,168.0,,8.0,65.0,78.0,,,,,,,,,,,,,,,,,,,,,,,,,,,,,,
2005,primary,SOU,4,4th District ……………,Buffalo SOU 4,,,,,,,6.0,101.0,,7.0,33.0,55.0,,,,,,,,,,,,,,,,,,,,,,,,,,,,,,
2005,primary,SOU,5,5th District ……………,Buffalo SOU 5,,,,,,,12.0,120.0,,8.0,36.0,64.0,,,,,,,,,,,,,,,,,,,,,,,,,,,,,,
2005,primary,SOU,6,6th District ……………,Buffalo SOU 6,,,,,,,27.0,217.0,,6.0,80.0,104.0,,,,,,,,,,,,,,,,,,,,,,,,,,,,,,
2005,primary,SOU,7,7th District ……………,Buffalo SOU 7,,,,,,,11.0,138.0,,9.0,45.0,73.0,,,,,,,,,,,,,,,,,,,,,,,,,,,,,,
2005,primary,SOU,8,8th District ……………,Buffalo SOU 8,,,,,,,18.0,153.0,,9.0,57.0,69.0,,,,,,,,,,,,,,,,,,,,,,,,,,,,,,
2005,primary,SOU,9,9th District ……………,Buffalo SOU 9,,,,,,,16.0,224.0,,5.0,82.0,121.0,,,,,,,,,,,,,,,,,,,,,,,,,,,,,,
2005,primary,SOU,10,10th District ……………,Buffalo SOU 10,,,,,,,15.0,187.0,,7.0,71.0,94.0,,,,,,,,,,,,,,,,,,,,,,,,,,,,,,
2005,primary,SOU,11,11th District ……………,Buffalo SOU 11,,,,,,,12.0,143.0,,6.0,55.0,70.0,,,,,,,,,,,,,,,,,,,,,,,,,,,,,,
2005,primary,SOU,12,12th District ……………,Buffalo SOU 12,,,,,,,13.0,131.0,,6.0,46.0,66.0,,,,,,,,,,,,,,,,,,,,,,,,,,,,,,
2005,primary,SOU,13,13th District ……………,Buffalo SOU 13,,,,,,,16.0,166.0,,5.0,54.0,91.0,,,,,,,,,,,,,,,,,,,,,,,,,,,,,,
2005,primary,SOU,14,14th District ……………,Buffalo SOU 14,,,,,,,10.0,104.0,,5.0,34.0,55.0,,,,,,,,,,,,,,,,,,,,,,,,,,,,,,
2005,primary,SOU,15,15th District ……………,Buffalo SOU 15,,,,,,,25.0,230.0,,3.0,81.0,121.0,,,,,,,,,,,,,,,,,,,,,,,,,,,,,,
2005,primary,SOU,16,16th District ……………,Buffalo SOU 16,,,,,,,15.0,100.0,,1.0,34.0,50.0,,,,,,,,,,,,,,,,,,,,,,,,,,,,,,
2005,primary,SOU,17,17th District ……………,Buffalo SOU 17,,,,,,,12.0,94.0,,3.0,38.0,41.0,,,,,,,,,,,,,,,,,,,,,,,,,,,,,,
2005,primary,SOU,18,18th District ……………,Buffalo SOU 18,,,,,,,24.0,297.0,,17.0,115.0,141.0,,,,,,,,,,,,,,,,,,,,,,,,,,,,,,
2005,primary,SOU,19,19th District ……………,Buffalo SOU 19,,,,,,,20.0,194.0,,14.0,62.0,98.0,,,,,,,,,,,,,,,,,,,,,,,,,,,,,,
2005,primary,SOU,20,20th District ……………,Buffalo SOU 20,,,,,,,13.0,78.0,,5.0,27.0,33.0,,,,,,,,,,,,,,,,,,,,,,,,,,,,,,
2005,primary,SOU,21,21st District ……………,Buffalo SOU 21,,,,,,,3.0,45.0,,2.0,16.0,24.0,,,,,,,,,,,,,,,,,,,,,,,,,,,,,,
2005,primary,SOU,22,22nd District ……………,Buffalo SOU 22,,,,,,,3.0,67.0,,6.0,36.0,22.0,,,,,,,,,,,,,,,,,,,,,,,,,,,,,,
2005,primary,SOU,23,23rd District ……………,Buffalo SOU 23,,,,,,,7.0,147.0,,10.0,52.0,78.0,,,,,,,,,,,,,,,,,,,,,,,,,,,,,,
2005,primary,SOU,24,24th District ……………,Buffalo SOU 24,,,,,,,11.0,91.0,,4.0,35.0,41.0,,,,,,,,,,,,,,,,,,,,,,,,,,,,,,
2005,primary,SOU,25,25th District ……………,Buffalo SOU 25,,,,,,,8.0,99.0,,8.0,35.0,48.0,,,,,,,,,,,,,,,,,,,,,,,,,,,,,,
2005,primary,SOU,26,26th District ……………,Buffalo SOU 26,,,,,,,7.0,114.0,,4.0,47.0,56.0,,,,,,,,,,,,,,,,,,,,,,,,,,,,,,
2005,primary,SOU,27,27th District ……………,Buffalo SOU 27,,,,,,,8.0,89.0,,8.0,25.0,48.0,,,,,,,,,,,,,,,,,,,,,,,,,,,,,,
2005,primary,SOU,28,28th District ……………,Buffalo SOU 28,,,,,,,15.0,139.0,,10.0,43.0,71.0,,,,,,,,,,,,,,,,,,,,,,,,,,,,,,
2005,primary,SOU,29,29th District ……………,Buffalo SOU 29,,,,,,,7.0,121.0,,8.0,44.0,62.0,,,,,,,,,,,,,,,,,,,,,,,,,,,,,,
2005,primary,SOU,30,30th District ……………,Buffalo SOU 30,,,,,,,9.0,106.0,,6.0,35.0,56.0,,,,,,,,,,,,,,,,,,,,,,,,,,,,,,
2005,primary,SOU,31,31st District ……………,Buffalo SOU 31,,,,,,,9.0,115.0,,7.0,42.0,57.0,,,,,,,,,,,,,,,,,,,,,,,,,,,,,,
2005,primary,SOU,32,32nd District ……………,Buffalo SOU 32,,,,,,,17.0,117.0,,13.0,38.0,49.0,,,,,,,,,,,,,,,,,,,,,,,,,,,,,,
2005,primary,SOU,33,33rd District ……………,Buffalo SOU 33,,,,,,,12.0,107.0,,5.0,42.0,48.0,,,,,,,,,,,,,,,,,,,,,,,,,,,,,,
2005,primary,UNI,1,1st District ……………,Buffalo UNI 1,,,,,,,8.0,100.0,,1.0,86.0,5.0,,,,,,,,,,,,,,,,,,,,,,,,,,,,,,
2005,primary,UNI,2,2nd District ……………,Buffalo UNI 2,,,,,,,7.0,110.0,,4.0,41.0,58.0,,,,,,,,,,,,,,,,,,,,,,,,,,,,,,
2005,primary,UNI,3,3rd District ……………,Buffalo UNI 3,,,,,,,3.0,102.0,,4.0,73.0,22.0,,,,,,,,,,,,,,,,,,,,,,,,,,,,,,
2005,primary,UNI,4,4th District ……………,Buffalo UNI 4,,,,,,,19.0,191.0,,2.0,158.0,12.0,,,,,,,,,,,,,,,,,,,,,,,,,,,,,,
2005,primary,UNI,5,5th District ……………,Buffalo UNI 5,,,,,,,7.0,171.0,,3.0,148.0,13.0,,,,,,,,,,,,,,,,,,,,,,,,,,,,,,
2005,primary,UNI,6,6th District ……………,Buffalo UNI 6,,,,,,,14.0,128.0,,3.0,108.0,3.0,,,,,,,,,,,,,,,,,,,,,,,,,,,,,,
2005,primary,UNI,7,7th District ……………,Buffalo UNI 7,,,,,,,9.0,76.0,,1.0,54.0,12.0,,,,,,,,,,,,,,,,,,,,,,,,,,,,,,
2005,primary,UNI,8,8th District ……………,Buffalo UNI 8,,,,,,,21.0,188.0,,5.0,159.0,3.0,,,,,,,,,,,,,,,,,,,,,,,,,,,,,,
2005,primary,UNI,9,9th District ……………,Buffalo UNI 9,,,,,,,5.0,86.0,,5.0,59.0,17.0,,,,,,,,,,,,,,,,,,,,,,,,,,,,,,
2005,primary,UNI,10,10th District ……………,Buffalo UNI 10,,,,,,,7.0,128.0,,1.0,111.0,9.0,,,,,,,,,,,,,,,,,,,,,,,,,,,,,,
2005,primary,UNI,11,11th District ……………,Buffalo UNI 11,,,,,,,7.0,127.0,,10.0,46.0,64.0,,,,,,,,,,,,,,,,,,,,,,,,,,,,,,
2005,primary,UNI,12,12th District ……………,Buffalo UNI 12,,,,,,,0.0,8.0,,0.0,2.0,6.0,,,,,,,,,,,,,,,,,,,,,,,,,,,,,,
2005,primary,UNI,13,13th District ……………,Buffalo UNI 13,,,,,,,6.0,77.0,,2.0,25.0,44.0,,,,,,,,,,,,,,,,,,,,,,,,,,,,,,
2005,primary,UNI,14,14th District ……………,Buffalo UNI 14,,,,,,,0.0,0.0,,0.0,0.0,0.0,,,,,,,,,,,,,,,,,,,,,,,,,,,,,,
2005,primary,UNI,15,15th District ……………,Buffalo UNI 15,,,,,,,7.0,93.0,,4.0,70.0,12.0,,,,,,,,,,,,,,,,,,,,,,,,,,,,,,
2005,primary,UNI,16,16th District ……………,Buffalo UNI 16,,,,,,,4.0,151.0,,1.0,121.0,25.0,,,,,,,,,,,,,,,,,,,,,,,,,,,,,,
2005,primary,UNI,17,17th District ……………,Buffalo UNI 17,,,,,,,0.0,11.0,,0.0,5.0,6.0,,,,,,,,,,,,,,,,,,,,,,,,,,,,,,
2005,primary,UNI,18,18th District ……………,Buffalo UNI 18,,,,,,,11.0,162.0,,10.0,63.0,78.0,,,,,,,,,,,,,,,,,,,,,,,,,,,,,,
2005,primary,UNI,19,19th District ……………,Buffalo UNI 19,,,,,,,3.0,81.0,,3.0,70.0,5.0,,,,,,,,,,,,,,,,,,,,,,,,,,,,,,
2005,primary,UNI,20,20th District ……………,Buffalo UNI 20,,,,,,,8.0,133.0,,1.0,117.0,7.0,,,,,,,,,,,,,,,,,,,,,,,,,,,,,,
2005,primary,UNI,21,21st District ……………,Buffalo UNI 21,,,,,,,4.0,35.0,,3.0,14.0,14.0,,,,,,,,,,,,,,,,,,,,,,,,,,,,,,
2005,primary,UNI,22,22nd District ……………,Buffalo UNI 22,,,,,,,10.0,123.0,,0.0,110.0,3.0,,,,,,,,,,,,,,,,,,,,,,,,,,,,,,
2005,primary,UNI,23,23rd District ……………,Buffalo UNI 23,,,,,,,7.0,148.0,,3.0,123.0,15.0,,,,,,,,,,,,,,,,,,,,,,,,,,,,,,
2005,primary,UNI,24,24th District ……………,Buffalo UNI 24,,,,,,,6.0,88.0,,1.0,78.0,3.0,,,,,,,,,,,,,,,,,,,,,,,,,,,,,,
2005,primary,UNI,25,25th District ……………,Buffalo UNI 25,,,,,,,14.0,127.0,,1.0,102.0,10.0,,,,,,,,,,,,,,,,,,,,,,,,,,,,,,
2005,primary,UNI,26,26th District ……………,Buffalo UNI 26,,,,,,,6.0,107.0,,7.0,82.0,12.0,,,,,,,,,,,,,,,,,,,,,,,,,,,,,,
2005,primary,UNI,27,27th District ……………,Buffalo UNI 27,,,,,,,3.0,142.0,,0.0,116.0,23.0,,,,,,,,,,,,,,,,,,,,,,,,,,,,,,
2005,primary,UNI,28,28th District ……………,Buffalo UNI 28,,,,,,,7.0,143.0,,2.0,123.0,11.0,,,,,,,,,,,,,,,,,,,,,,,,,,,,,,
2005,primary,UNI,29,29th District ……………,Buffalo UNI 29,,,,,,,9.0,99.0,,1.0,84.0,5.0,,,,,,,,,,,,,,,,,,,,,,,,,,,,,,
2005,primary,UNI,30,30th District ……………,Buffalo UNI 30,,,,,,,2.0,83.0,,3.0,62.0,16.0,,,,,,,,,,,,,,,,,,,,,,,,,,,,,,
2005,primary,UNI,31,31st District ……………,Buffalo UNI 31,,,,,,,9.0,199.0,,7.0,84.0,99.0,,,,,,,,,,,,,,,,,,,,,,,,,,,,,,
2005,general,DEL,1,1st District ……………,Buffalo DEL 1,,,,,,,8.0,369.0,,,244.0,,91.0,5.0,21.0,,,,,,,,,,,,,,,,,,,,,,,,,,,
2005,general,DEL,2,2nd District ……………,Buffalo DEL 2,,,,,,,17.0,372.0,,,185.0,,129.0,15.0,26.0,,,,,,,,,,,,,,,,,,,,,,,,,,,
2005,general,DEL,3,3rd District ……………,Buffalo DEL 3,,,,,,,6.0,257.0,,,122.0,,99.0,15.0,15.0,,,,,,,,,,,,,,,,,,,,,,,,,,,
2005,general,DEL,4,4th District ……………,Buffalo DEL 4,,,,,,,7.0,399.0,,,180.0,,177.0,13.0,22.0,,,,,,,,,,,,,,,,,,,,,,,,,,,
2005,general,DEL,5,5th District ……………,Buffalo DEL 5,,,,,,,5.0,219.0,,,71.0,,103.0,10.0,30.0,,,,,,,,,,,,,,,,,,,,,,,,,,,
2005,general,DEL,6,6th District ……………,Buffalo DEL 6,,,,,,,7.0,392.0,,,149.0,,186.0,16.0,34.0,,,,,,,,,,,,,,,,,,,,,,,,,,,
2005,general,DEL,7,7th District ……………,Buffalo DEL 7,,,,,,,9.0,242.0,,,123.0,,102.0,4.0,4.0,,,,,,,,,,,,,,,,,,,,,,,,,,,
2005,general,DEL,8,8th District ……………,Buffalo DEL 8,,,,,,,7.0,401.0,,,150.0,,217.0,7.0,20.0,,,,,,,,,,,,,,,,,,,,,,,,,,,
2005,general,DEL,9,9th District ……………,Buffalo DEL 9,,,,,,,1.0,259.0,,,70.0,,161.0,4.0,23.0,,,,,,,,,,,,,,,,,,,,,,,,,,,
2005,general,DEL,10,10th District ……………,Buffalo DEL 10,,,,,,,8.0,275.0,,,95.0,,133.0,6.0,33.0,,,,,,,,,,,,,,,,,,,,,,,,,,,
2005,general,DEL,11,11th District ……………,Buffalo DEL 11,,,,,,,1.0,48.0,,,29.0,,11.0,2.0,5.0,,,,,,,,,,,,,,,,,,,,,,,,,,,
2005,general,DEL,12,12th District ……………,Buffalo DEL 12,,,,,,,5.0,383.0,,,149.0,,177.0,4.0,48.0,,,,,,,,,,,,,,,,,,,,,,,,,,,
2005,general,DEL,13,13th District ……………,Buffalo DEL 13,,,,,,,2.0,225.0,,,101.0,,84.0,5.0,33.0,,,,,,,,,,,,,,,,,,,,,,,,,,,
2005,general,DEL,14,14th District ……………,Buffalo DEL 14,,,,,,,3.0,114.0,,,73.0,,17.0,1.0,20.0,,,,,,,,,,,,,,,,,,,,,,,,,,,
2005,general,DEL,15,15th District ……………,Buffalo DEL 15,,,,,,,4.0,380.0,,,199.0,,115.0,10.0,52.0,,,,,,,,,,,,,,,,,,,,,,,,,,,
2005,general,DEL,16,16th District ……………,Buffalo DEL 16,,,,,,,9.0,230.0,,,96.0,,104.0,9.0,12.0,,,,,,,,,,,,,,,,,,,,,,,,,,,
2005,general,DEL,17,17th District ……………,Buffalo DEL 17,,,,,,,4.0,125.0,,,62.0,,43.0,3.0,13.0,,,,,,,,,,,,,,,,,,,,,,,,,,,
2005,general,DEL,18,18th District ……………,Buffalo DEL 18,,,,,,,3.0,168.0,,,125.0,,24.0,11.0,5.0,,,,,,,,,,,,,,,,,,,,,,,,,,,
2005,general,DEL,19,19th District ……………,Buffalo DEL 19,,,,,,,4.0,460.0,,,123.0,,263.0,5.0,65.0,,,,,,,,,,,,,,,,,,,,,,,,,,,
2005,general,DEL,20,20th District ……………,Buffalo DEL 20,,,,,,,5.0,314.0,,,125.0,,139.0,18.0,27.0,,,,,,,,,,,,,,,,,,,,,,,,,,,
2005,general,DEL,21,21st District ……………,Buffalo DEL 21,,,,,,,8.0,271.0,,,123.0,,109.0,17.0,14.0,,,,,,,,,,,,,,,,,,,,,,,,,,,
2005,general,DEL,22,22nd District ……………,Buffalo DEL 22,,,,,,,1.0,248.0,,,132.0,,74.0,7.0,34.0,,,,,,,,,,,,,,,,,,,,,,,,,,,
2005,general,DEL,23,23rd District ……………,Buffalo DEL 23,,,,,,,5.0,228.0,,,101.0,,99.0,9.0,14.0,,,,,,,,,,,,,,,,,,,,,,,,,,,
2005,general,DEL,24,24th District ……………,Buffalo DEL 24,,,,,,,9.0,320.0,,,143.0,,139.0,9.0,20.0,,,,,,,,,,,,,,,,,,,,,,,,,,,
2005,general,DEL,25,25th District ……………,Buffalo DEL 25,,,,,,,1.0,316.0,,,121.0,,165.0,6.0,23.0,,,,,,,,,,,,,,,,,,,,,,,,,,,
2005,general,DEL,26,26th District ……………,Buffalo DEL 26,,,,,,,11.0,483.0,,,199.0,,223.0,11.0,39.0,,,,,,,,,,,,,,,,,,,,,,,,,,,
2005,general,DEL,27,27th District ……………,Buffalo DEL 27,,,,,,,8.0,402.0,,,215.0,,123.0,21.0,35.0,,,,,,,,,,,,,,,,,,,,,,,,,,,
2005,general,DEL,28,28th District ……………,Buffalo DEL 28,,,,,,,6.0,169.0,,,86.0,,60.0,8.0,9.0,,,,,,,,,,,,,,,,,,,,,,,,,,,
2005,general,DEL,29,29th District ……………,Buffalo DEL 29,,,,,,,2.0,389.0,,,135.0,,158.0,7.0,87.0,,,,,,,,,,,,,,,,,,,,,,,,,,,
2005,general,DEL,30,30th District ……………,Buffalo DEL 30,,,,,,,4.0,403.0,,,117.0,,216.0,2.0,64.0,,,,,,,,,,,,,,,,,,,,,,,,,,,
2005,general,DEL,31,31st District ……………,Buffalo DEL 31,,,,,,,1.0,219.0,,,116.0,,84.0,4.0,14.0,,,,,,,,,,,,,,,,,,,,,,,,,,,
2005,general,DEL,32,32nd District ……………,Buffalo DEL 32,,,,,,,8.0,349.0,,,155.0,,154.0,13.0,19.0,,,,,,,,,,,,,,,,,,,,,,,,,,,
2005,general,DEL,33,33rd District ……………,Buffalo DEL 33,,,,,,,9.0,328.0,,,155.0,,128.0,19.0,17.0,,,,,,,,,,,,,,,,,,,,,,,,,,,
2005,general,DEL,34,34th District ……………,Buffalo DEL 34,,,,,,,4.0,301.0,,,73.0,,201.0,1.0,22.0,,,,,,,,,,,,,,,,,,,,,,,,,,,
2005,general,DEL,35,35th District ……………,Buffalo DEL 35,,,,,,,1.0,28.0,,,15.0,,9.0,0.0,3.0,,,,,,,,,,,,,,,,,,,,,,,,,,,
2005,general,DEL,36,36th District ……………,Buffalo DEL 36,,,,,,,3.0,485.0,,,160.0,,255.0,7.0,60.0,,,,,,,,,,,,,,,,,,,,,,,,,,,
2005,general,DEL,37,37th District ……………,Buffalo DEL 37,,,,,,,3.0,118.0,,,64.0,,43.0,1.0,7.0,,,,,,,,,,,,,,,,,,,,,,,,,,,
2005,general,DEL,38,38th District ……………,Buffalo DEL 38,,,,,,,0.0,225.0,,,202.0,,8.0,6.0,9.0,,,,,,,,,,,,,,,,,,,,,,,,,,,
2005,general,DEL,39,39th District ……………,Buffalo DEL 39,,,,,,,5.0,433.0,,,178.0,,201.0,8.0,41.0,,,,,,,,,,,,,,,,,,,,,,,,,,,
2005,general,ELL,1,1st District ……………,Buffalo ELL 1,,,,,,,1.0,74.0,,,22.0,,37.0,1.0,13.0,,,,,,,,,,,,,,,,,,,,,,,,,,,
2005,general,ELL,2,2nd District ……………,Buffalo ELL 2,,,,,,,2.0,126.0,,,110.0,,6.0,6.0,2.0,,,,,,,,,,,,,,,,,,,,,,,,,,,
2005,general,ELL,3,3rd District ……………,Buffalo ELL 3,,,,,,,2.0,203.0,,,199.0,,1.0,1.0,0.0,,,,,,,,,,,,,,,,,,,,,,,,,,,
2005,general,ELL,4,4th District ……………,Buffalo ELL 4,,,,,,,2.0,173.0,,,165.0,,2.0,4.0,0.0,,,,,,,,,,,,,,,,,,,,,,,,,,,
2005,general,ELL,5,5th District ……………,Buffalo ELL 5,,,,,,,0.0,184.0,,,63.0,,112.0,3.0,6.0,,,,,,,,,,,,,,,,,,,,,,,,,,,
2005,general,ELL,6,6th District ……………,Buffalo ELL 6,,,,,,,3.0,242.0,,,228.0,,3.0,7.0,1.0,,,,,,,,,,,,,,,,,,,,,,,,,,,
2005,general,ELL,7,7th District ……………,Buffalo ELL 7,,,,,,,3.0,168.0,,,76.0,,59.0,4.0,26.0,,,,,,,,,,,,,,,,,,,,,,,,,,,
2005,general,ELL,8,8th District ……………,Buffalo ELL 8,,,,,,,8.0,232.0,,,203.0,,15.0,4.0,2.0,,,,,,,,,,,,,,,,,,,,,,,,,,,
2005,general,ELL,9,9th District ……………,Buffalo ELL 9,,,,,,,4.0,196.0,,,136.0,,39.0,8.0,9.0,,,,,,,,,,,,,,,,,,,,,,,,,,,
2005,general,ELL,10,10th District ……………,Buffalo ELL 10,,,,,,,0.0,0.0,,,0.0,,0.0,0.0,0.0,,,,,,,,,,,,,,,,,,,,,,,,,,,
2005,general,ELL,11,11th District ……………,Buffalo ELL 11,,,,,,,5.0,198.0,,,122.0,,52.0,7.0,12.0,,,,,,,,,,,,,,,,,,,,,,,,,,,
2005,general,ELL,12,12th District ……………,Buffalo ELL 12,,,,,,,1.0,39.0,,,17.0,,15.0,0.0,6.0,,,,,,,,,,,,,,,,,,,,,,,,,,,
2005,general,ELL,13,13th District ……………,Buffalo ELL 13,,,,,,,3.0,270.0,,,217.0,,36.0,6.0,8.0,,,,,,,,,,,,,,,,,,,,,,,,,,,
2005,general,ELL,14,14th District ……………,Buffalo ELL 14,,,,,,,2.0,250.0,,,218.0,,16.0,6.0,8.0,,,,,,,,,,,,,,,,,,,,,,,,,,,
2005,general,ELL,15,15th District ……………,Buffalo ELL 15,,,,,,,3.0,307.0,,,285.0,,10.0,9.0,0.0,,,,,,,,,,,,,,,,,,,,,,,,,,,
2005,general,ELL,16,16th District ……………,Buffalo ELL 16,,,,,,,4.0,394.0,,,375.0,,10.0,4.0,1.0,,,,,,,,,,,,,,,,,,,,,,,,,,,
2005,general,ELL,17,17th District ……………,Buffalo ELL 17,,,,,,,1.0,125.0,,,100.0,,15.0,7.0,2.0,,,,,,,,,,,,,,,,,,,,,,,,,,,
2005,general,ELL,18,18th District ……………,Buffalo ELL 18,,,,,,,5.0,462.0,,,436.0,,6.0,13.0,2.0,,,,,,,,,,,,,,,,,,,,,,,,,,,
2005,general,ELL,19,19th District ……………,Buffalo ELL 19,,,,,,,3.0,169.0,,,83.0,,66.0,4.0,13.0,,,,,,,,,,,,,,,,,,,,,,,,,,,
2005,general,ELL,20,20th District ……………,Buffalo ELL 20,,,,,,,1.0,178.0,,,171.0,,2.0,4.0,0.0,,,,,,,,,,,,,,,,,,,,,,,,,,,
2005,general,ELL,21,21st District ……………,Buffalo ELL 21,,,,,,,0.0,34.0,,,8.0,,23.0,0.0,3.0,,,,,,,,,,,,,,,,,,,,,,,,,,,
2005,general,ELL,22,22nd District ……………,Buffalo ELL 22,,,,,,,0.0,89.0,,,51.0,,25.0,1.0,12.0,,,,,,,,,,,,,,,,,,,,,,,,,,,
2005,general,ELL,23,23rd District ……………,Buffalo ELL 23,,,,,,,0.0,261.0,,,252.0,,7.0,2.0,0.0,,,,,,,,,,,,,,,,,,,,,,,,,,,
2005,general,ELL,24,24th District ……………,Buffalo ELL 24,,,,,,,3.0,310.0,,,289.0,,7.0,6.0,5.0,,,,,,,,,,,,,,,,,,,,,,,,,,,
2005,general,ELL,25,25th District ……………,Buffalo ELL 25,,,,,,,2.0,284.0,,,268.0,,5.0,8.0,1.0,,,,,,,,,,,,,,,,,,,,,,,,,,,
2005,general,ELL,26,26th District ……………,Buffalo ELL 26,,,,,,,0.0,23.0,,,10.0,,10.0,1.0,2.0,,,,,,,,,,,,,,,,,,,,,,,,,,,
2005,general,ELL,27,27th District ……………,Buffalo ELL 27,,,,,,,3.0,406.0,,,384.0,,6.0,10.0,3.0,,,,,,,,,,,,,,,,,,,,,,,,,,,
2005,general,ELL,28,28th District ……………,Buffalo ELL 28,,,,,,,3.0,63.0,,,36.0,,15.0,2.0,7.0,,,,,,,,,,,,,,,,,,,,,,,,,,,
2005,general,ELL,29,29th District ……………,Buffalo ELL 29,,,,,,,0.0,10.0,,,8.0,,0.0,1.0,1.0,,,,,,,,,,,,,,,,,,,,,,,,,,,
2005,general,ELL,30,30th District ……………,Buffalo ELL 30,,,,,,,50.0,296.0,,,233.0,,10.0,2.0,1.0,,,,,,,,,,,,,,,,,,,,,,,,,,,
2005,general,ELL,31,31st District ……………,Buffalo ELL 31,,,,,,,2.0,142.0,,,135.0,,2.0,2.0,1.0,,,,,,,,,,,,,,,,,,,,,,,,,,,
2005,general,ELL,32,32nd District ……………,Buffalo ELL 32,,,,,,,2.0,180.0,,,76.0,,51.0,4.0,47.0,,,,,,,,,,,,,,,,,,,,,,,,,,,
2005,general,ELL,33,33rd District ……………,Buffalo ELL 33,,,,,,,0.0,289.0,,,278.0,,3.0,7.0,1.0,,,,,,,,,,,,,,,,,,,,,,,,,,,
2005,general,ELL,34,34th District ……………,Buffalo ELL 34,,,,,,,14.0,131.0,,,112.0,,0.0,3.0,2.0,,,,,,,,,,,,,,,,,,,,,,,,,,,
2005,general,ELL,35,35th District ……………,Buffalo ELL 35,,,,,,,1.0,194.0,,,138.0,,42.0,2.0,11.0,,,,,,,,,,,,,,,,,,,,,,,,,,,
2005,general,ELL,36,36th District ……………,Buffalo ELL 36,,,,,,,0.0,3.0,,,1.0,,1.0,0.0,1.0,,,,,,,,,,,,,,,,,,,,,,,,,,,
2005,general,ELL,37,37th District ……………,Buffalo ELL 37,,,,,,,0.0,11.0,,,11.0,,0.0,0.0,0.0,,,,,,,,,,,,,,,,,,,,,,,,,,,
2005,general,ELL,38,38th District ……………,Buffalo ELL 38,,,,,,,2.0,178.0,,,90.0,,53.0,6.0,27.0,,,,,,,,,,,,,,,,,,,,,,,,,,,
2005,general,ELL,39,39th District ……………,Buffalo ELL 39,,,,,,,1.0,266.0,,,250.0,,10.0,2.0,3.0,,,,,,,,,,,,,,,,,,,,,,,,,,,
2005,general,ELL,40,40th District ……………,Buffalo ELL 40,,,,,,,6.0,331.0,,,312.0,,5.0,7.0,1.0,,,,,,,,,,,,,,,,,,,,,,,,,,,
2005,general,ELL,41,41st District ……………,Buffalo ELL 41,,,,,,,1.0,98.0,,,55.0,,27.0,4.0,11.0,,,,,,,,,,,,,,,,,,,,,,,,,,,
2005,general,FIL,1,1st District ……………,Buffalo FIL 1,,,,,,,2.0,39.0,,,18.0,,16.0,3.0,0.0,,,,,,,,,,,,,,,,,,,,,,,,,,,
2005,general,FIL,2,2nd District ……………,Buffalo FIL 2,,,,,,,5.0,94.0,,,74.0,,10.0,4.0,1.0,,,,,,,,,,,,,,,,,,,,,,,,,,,
2005,general,FIL,3,3rd District ……………,Buffalo FIL 3,,,,,,,0.0,65.0,,,50.0,,9.0,4.0,2.0,,,,,,,,,,,,,,,,,,,,,,,,,,,
2005,general,FIL,4,4th District ……………,Buffalo FIL 4,,,,,,,3.0,117.0,,,80.0,,27.0,5.0,2.0,,,,,,,,,,,,,,,,,,,,,,,,,,,
2005,general,FIL,5,5th District ……………,Buffalo FIL 5,,,,,,,2.0,7.0,,,1.0,,2.0,1.0,1.0,,,,,,,,,,,,,,,,,,,,,,,,,,,
2005,general,FIL,6,6th District ……………,Buffalo FIL 6,,,,,,,5.0,127.0,,,87.0,,25.0,7.0,3.0,,,,,,,,,,,,,,,,,,,,,,,,,,,
2005,general,FIL,7,7th District ……………,Buffalo FIL 7,,,,,,,0.0,118.0,,,67.0,,39.0,7.0,5.0,,,,,,,,,,,,,,,,,,,,,,,,,,,
2005,general,FIL,8,8th District ……………,Buffalo FIL 8,,,,,,,2.0,77.0,,,41.0,,23.0,8.0,3.0,,,,,,,,,,,,,,,,,,,,,,,,,,,
2005,general,FIL,9,9th District ……………,Buffalo FIL 9,,,,,,,3.0,122.0,,,67.0,,46.0,2.0,4.0,,,,,,,,,,,,,,,,,,,,,,,,,,,
2005,general,FIL,10,10th District ……………,Buffalo FIL 10,,,,,,,1.0,94.0,,,80.0,,7.0,2.0,4.0,,,,,,,,,,,,,,,,,,,,,,,,,,,
2005,general,FIL,11,11th District ……………,Buffalo FIL 11,,,,,,,2.0,83.0,,,56.0,,18.0,5.0,2.0,,,,,,,,,,,,,,,,,,,,,,,,,,,
2005,general,FIL,12,12th District ……………,Buffalo FIL 12,,,,,,,2.0,155.0,,,104.0,,42.0,4.0,3.0,,,,,,,,,,,,,,,,,,,,,,,,,,,
2005,general,FIL,13,13th District ……………,Buffalo FIL 13,,,,,,,0.0,305.0,,,286.0,,9.0,9.0,1.0,,,,,,,,,,,,,,,,,,,,,,,,,,,
2005,general,FIL,14,14th District ……………,Buffalo FIL 14,,,,,,,2.0,75.0,,,62.0,,8.0,0.0,3.0,,,,,,,,,,,,,,,,,,,,,,,,,,,
2005,general,FIL,15,15th District ……………,Buffalo FIL 15,,,,,,,0.0,1.0,,,1.0,,0.0,0.0,0.0,,,,,,,,,,,,,,,,,,,,,,,,,,,
2005,general,FIL,16,16th District ……………,Buffalo FIL 16,,,,,,,1.0,61.0,,,53.0,,5.0,2.0,0.0,,,,,,,,,,,,,,,,,,,,,,,,,,,
2005,general,FIL,17,17th District ……………,Buffalo FIL 17,,,,,,,6.0,238.0,,,101.0,,102.0,23.0,6.0,,,,,,,,,,,,,,,,,,,,,,,,,,,
2005,general,FIL,18,18th District ……………,Buffalo FIL 18,,,,,,,3.0,96.0,,,75.0,,9.0,6.0,3.0,,,,,,,,,,,,,,,,,,,,,,,,,,,
2005,general,FIL,19,19th District ……………,Buffalo FIL 19,,,,,,,13.0,133.0,,,96.0,,15.0,6.0,3.0,,,,,,,,,,,,,,,,,,,,,,,,,,,
2005,general,FIL,20,20th District ……………,Buffalo FIL 20,,,,,,,1.0,108.0,,,103.0,,2.0,1.0,1.0,,,,,,,,,,,,,,,,,,,,,,,,,,,
2005,general,FIL,21,21st District ……………,Buffalo FIL 21,,,,,,,2.0,66.0,,,38.0,,20.0,2.0,4.0,,,,,,,,,,,,,,,,,,,,,,,,,,,
2005,general,FIL,22,22nd District ……………,Buffalo FIL 22,,,,,,,1.0,83.0,,,45.0,,30.0,1.0,6.0,,,,,,,,,,,,,,,,,,,,,,,,,,,
2005,general,FIL,23,23rd District ……………,Buffalo FIL 23,,,,,,,1.0,122.0,,,113.0,,7.0,1.0,0.0,,,,,,,,,,,,,,,,,,,,,,,,,,,
2005,general,FIL,24,24th District ……………,Buffalo FIL 24,,,,,,,14.0,454.0,,,208.0,,186.0,14.0,32.0,,,,,,,,,,,,,,,,,,,,,,,,,,,
2005,general,FIL,25,25th District ……………,Buffalo FIL 25,,,,,,,3.0,173.0,,,159.0,,6.0,5.0,0.0,,,,,,,,,,,,,,,,,,,,,,,,,,,
2005,general,FIL,26,26th District ……………,Buffalo FIL 26,,,,,,,0.0,72.0,,,53.0,,15.0,2.0,2.0,,,,,,,,,,,,,,,,,,,,,,,,,,,
2005,general,FIL,27,27th District ……………,Buffalo FIL 27,,,,,,,5.0,268.0,,,250.0,,11.0,2.0,0.0,,,,,,,,,,,,,,,,,,,,,,,,,,,
2005,general,FIL,28,28th District ……………,Buffalo FIL 28,,,,,,,0.0,2.0,,,0.0,,2.0,0.0,0.0,,,,,,,,,,,,,,,,,,,,,,,,,,,
2005,general,FIL,29,29th District ……………,Buffalo FIL 29,,,,,,,1.0,2.0,,,0.0,,1.0,0.0,0.0,,,,,,,,,,,,,,,,,,,,,,,,,,,
2005,general,FIL,30,30th District ……………,Buffalo FIL 30,,,,,,,0.0,8.0,,,7.0,,1.0,0.0,0.0,,,,,,,,,,,,,,,,,,,,,,,,,,,
2005,general,FIL,31,31st District ……………,Buffalo FIL 31,,,,,,,4.0,109.0,,,46.0,,41.0,8.0,10.0,,,,,,,,,,,,,,,,,,,,,,,,,,,
2005,general,FIL,32,32nd District ……………,Buffalo FIL 32,,,,,,,2.0,123.0,,,81.0,,25.0,10.0,5.0,,,,,,,,,,,,,,,,,,,,,,,,,,,
2005,general,FIL,33,33rd District ……………,Buffalo FIL 33,,,,,,,1.0,13.0,,,7.0,,5.0,0.0,0.0,,,,,,,,,,,,,,,,,,,,,,,,,,,
2005,general,FIL,34,34th District ……………,Buffalo FIL 34,,,,,,,2.0,174.0,,,142.0,,25.0,4.0,1.0,,,,,,,,,,,,,,,,,,,,,,,,,,,
2005,general,FIL,35,35th District ……………,Buffalo FIL 35,,,,,,,2.0,243.0,,,222.0,,10.0,8.0,1.0,,,,,,,,,,,,,,,,,,,,,,,,,,,
2005,general,FIL,36,36th District ……………,Buffalo FIL 36,,,,,,,0.0,2.0,,,2.0,,0.0,0.0,0.0,,,,,,,,,,,,,,,,,,,,,,,,,,,
2005,general,FIL,37,37th District ……………,Buffalo FIL 37,,,,,,,9.0,388.0,,,152.0,,178.0,28.0,21.0,,,,,,,,,,,,,,,,,,,,,,,,,,,
2005,general,FIL,38,38th District ……………,Buffalo FIL 38,,,,,,,4.0,198.0,,,181.0,,5.0,8.0,0.0,,,,,,,,,,,,,,,,,,,,,,,,,,,
2005,general,FIL,39,39th District ……………,Buffalo FIL 39,,,,,,,1.0,179.0,,,169.0,,1.0,8.0,0.0,,,,,,,,,,,,,,,,,,,,,,,,,,,
2005,general,FIL,40,40th District ……………,Buffalo FIL 40,,,,,,,52.0,141.0,,,58.0,,16.0,12.0,3.0,,,,,,,,,,,,,,,,,,,,,,,,,,,
2005,general,FIL,41,41st District ……………,Buffalo FIL 41,,,,,,,4.0,93.0,,,45.0,,36.0,7.0,1.0,,,,,,,,,,,,,,,,,,,,,,,,,,,
2005,general,FIL,42,42nd District ……………,Buffalo FIL 42,,,,,,,0.0,187.0,,,172.0,,5.0,10.0,0.0,,,,,,,,,,,,,,,,,,,,,,,,,,,
2005,general,FIL,43,43rd District ……………,Buffalo FIL 43,,,,,,,2.0,142.0,,,131.0,,0.0,8.0,1.0,,,,,,,,,,,,,,,,,,,,,,,,,,,
2005,general,FIL,44,44th District ……………,Buffalo FIL 44,,,,,,,10.0,290.0,,,133.0,,105.0,36.0,6.0,,,,,,,,,,,,,,,,,,,,,,,,,,,
2005,general,FIL,45,45th District ……………,Buffalo FIL 45,,,,,,,0.0,6.0,,,4.0,,2.0,0.0,0.0,,,,,,,,,,,,,,,,,,,,,,,,,,,
2005,general,FIL,46,46th District ……………,Buffalo FIL 46,,,,,,,2.0,203.0,,,191.0,,3.0,7.0,0.0,,,,,,,,,,,,,,,,,,,,,,,,,,,
2005,general,LOV,1,1st District ……………,Buffalo LOV 1,,,,,,,1.0,47.0,,,20.0,,12.0,11.0,3.0,,,,,,,,,,,,,,,,,,,,,,,,,,,
2005,general,LOV,2,2nd District ……………,Buffalo LOV 2,,,,,,,13.0,356.0,,,154.0,,146.0,30.0,13.0,,,,,,,,,,,,,,,,,,,,,,,,,,,
2005,general,LOV,3,3rd District ……………,Buffalo LOV 3,,,,,,,13.0,335.0,,,118.0,,165.0,16.0,23.0,,,,,,,,,,,,,,,,,,,,,,,,,,,
2005,general,LOV,4,4th District ……………,Buffalo LOV 4,,,,,,,2.0,205.0,,,167.0,,22.0,8.0,6.0,,,,,,,,,,,,,,,,,,,,,,,,,,,
2005,general,LOV,5,5th District ……………,Buffalo LOV 5,,,,,,,8.0,188.0,,,66.0,,91.0,16.0,7.0,,,,,,,,,,,,,,,,,,,,,,,,,,,
2005,general,LOV,6,6th District ……………,Buffalo LOV 6,,,,,,,14.0,290.0,,,116.0,,120.0,30.0,10.0,,,,,,,,,,,,,,,,,,,,,,,,,,,
2005,general,LOV,7,7th District ……………,Buffalo LOV 7,,,,,,,7.0,247.0,,,87.0,,119.0,23.0,11.0,,,,,,,,,,,,,,,,,,,,,,,,,,,
2005,general,LOV,8,8th District ……………,Buffalo LOV 8,,,,,,,10.0,352.0,,,154.0,,150.0,19.0,19.0,,,,,,,,,,,,,,,,,,,,,,,,,,,
2005,general,LOV,9,9th District ……………,Buffalo LOV 9,,,,,,,6.0,156.0,,,54.0,,81.0,9.0,6.0,,,,,,,,,,,,,,,,,,,,,,,,,,,
2005,general,LOV,10,10th District ……………,Buffalo LOV 10,,,,,,,3.0,155.0,,,120.0,,23.0,7.0,2.0,,,,,,,,,,,,,,,,,,,,,,,,,,,
2005,general,LOV,11,11th District ……………,Buffalo LOV 11,,,,,,,9.0,168.0,,,59.0,,75.0,13.0,12.0,,,,,,,,,,,,,,,,,,,,,,,,,,,
2005,general,LOV,12,12th District ……………,Buffalo LOV 12,,,,,,,5.0,320.0,,,135.0,,136.0,17.0,27.0,,,,,,,,,,,,,,,,,,,,,,,,,,,
2005,general,LOV,13,13th District ……………,Buffalo LOV 13,,,,,,,5.0,196.0,,,71.0,,96.0,15.0,9.0,,,,,,,,,,,,,,,,,,,,,,,,,,,
2005,general,LOV,14,14th District ……………,Buffalo LOV 14,,,,,,,2.0,241.0,,,208.0,,18.0,10.0,3.0,,,,,,,,,,,,,,,,,,,,,,,,,,,
2005,general,LOV,15,15th District ……………,Buffalo LOV 15,,,,,,,18.0,372.0,,,158.0,,148.0,31.0,17.0,,,,,,,,,,,,,,,,,,,,,,,,,,,
2005,general,LOV,16,16th District ……………,Buffalo LOV 16,,,,,,,4.0,192.0,,,157.0,,20.0,5.0,6.0,,,,,,,,,,,,,,,,,,,,,,,,,,,
2005,general,LOV,17,17th District ……………,Buffalo LOV 17,,,,,,,3.0,260.0,,,224.0,,23.0,6.0,4.0,,,,,,,,,,,,,,,,,,,,,,,,,,,
2005,general,LOV,18,18th District ……………,Buffalo LOV 18,,,,,,,8.0,144.0,,,45.0,,72.0,12.0,7.0,,,,,,,,,,,,,,,,,,,,,,,,,,,
2005,general,LOV,19,19th District ……………,Buffalo LOV 19,,,,,,,5.0,256.0,,,201.0,,40.0,8.0,2.0,,,,,,,,,,,,,,,,,,,,,,,,,,,
2005,general,LOV,20,20th District ……………,Buffalo LOV 20,,,,,,,0.0,183.0,,,163.0,,10.0,9.0,1.0,,,,,,,,,,,,,,,,,,,,,,,,,,,
2005,general,LOV,21,21st District ……………,Buffalo LOV 21,,,,,,,3.0,208.0,,,170.0,,19.0,7.0,9.0,,,,,,,,,,,,,,,,,,,,,,,,,,,
2005,general,LOV,22,22nd District ……………,Buffalo LOV 22,,,,,,,7.0,213.0,,,159.0,,28.0,11.0,8.0,,,,,,,,,,,,,,,,,,,,,,,,,,,
2005,general,LOV,23,23rd District ……………,Buffalo LOV 23,,,,,,,1.0,327.0,,,298.0,,20.0,6.0,2.0,,,,,,,,,,,,,,,,,,,,,,,,,,,
2005,general,LOV,24,24th District ……………,Buffalo LOV 24,,,,,,,2.0,255.0,,,183.0,,46.0,13.0,11.0,,,,,,,,,,,,,,,,,,,,,,,,,,,
2005,general,LOV,25,25th District ……………,Buffalo LOV 25,,,,,,,7.0,212.0,,,78.0,,104.0,13.0,10.0,,,,,,,,,,,,,,,,,,,,,,,,,,,
2005,general,LOV,26,26th District ……………,Buffalo LOV 26,,,,,,,6.0,135.0,,,119.0,,4.0,6.0,0.0,,,,,,,,,,,,,,,,,,,,,,,,,,,
2005,general,LOV,27,27th District ……………,Buffalo LOV 27,,,,,,,8.0,374.0,,,277.0,,67.0,8.0,14.0,,,,,,,,,,,,,,,,,,,,,,,,,,,
2005,general,LOV,28,28th District ……………,Buffalo LOV 28,,,,,,,7.0,308.0,,,132.0,,143.0,16.0,10.0,,,,,,,,,,,,,,,,,,,,,,,,,,,
2005,general,LOV,29,29th District ……………,Buffalo LOV 29,,,,,,,2.0,264.0,,,214.0,,35.0,9.0,4.0,,,,,,,,,,,,,,,,,,,,,,,,,,,
2005,general,LOV,30,30th District ……………,Buffalo LOV 30,,,,,,,2.0,195.0,,,175.0,,10.0,8.0,0.0,,,,,,,,,,,,,,,,,,,,,,,,,,,
2005,general,LOV,31,31st District ……………,Buffalo LOV 31,,,,,,,3.0,217.0,,,171.0,,27.0,13.0,3.0,,,,,,,,,,,,,,,,,,,,,,,,,,,
2005,general,MAS,1,1st District ……………,Buffalo MAS 1,,,,,,,5.0,371.0,,,337.0,,6.0,19.0,4.0,,,,,,,,,,,,,,,,,,,,,,,,,,,
2005,general,MAS,2,2nd District ……………,Buffalo MAS 2,,,,,,,2.0,180.0,,,170.0,,2.0,6.0,0.0,,,,,,,,,,,,,,,,,,,,,,,,,,,
2005,general,MAS,3,3rd District ……………,Buffalo MAS 3,,,,,,,4.0,270.0,,,249.0,,4.0,10.0,3.0,,,,,,,,,,,,,,,,,,,,,,,,,,,
2005,general,MAS,4,4th District ……………,Buffalo MAS 4,,,,,,,3.0,265.0,,,238.0,,10.0,12.0,2.0,,,,,,,,,,,,,,,,,,,,,,,,,,,
2005,general,MAS,5,5th District ……………,Buffalo MAS 5,,,,,,,4.0,202.0,,,188.0,,2.0,8.0,0.0,,,,,,,,,,,,,,,,,,,,,,,,,,,
2005,general,MAS,6,6th District ……………,Buffalo MAS 6,,,,,,,0.0,165.0,,,155.0,,4.0,6.0,0.0,,,,,,,,,,,,,,,,,,,,,,,,,,,
2005,general,MAS,7,7th District ……………,Buffalo MAS 7,,,,,,,3.0,197.0,,,176.0,,7.0,10.0,1.0,,,,,,,,,,,,,,,,,,,,,,,,,,,
2005,general,MAS,8,8th District ……………,Buffalo MAS 8,,,,,,,3.0,187.0,,,170.0,,2.0,12.0,0.0,,,,,,,,,,,,,,,,,,,,,,,,,,,
2005,general,MAS,9,9th District ……………,Buffalo MAS 9,,,,,,,2.0,269.0,,,243.0,,6.0,14.0,4.0,,,,,,,,,,,,,,,,,,,,,,,,,,,
2005,general,MAS,10,10th District ……………,Buffalo MAS 10,,,,,,,6.0,203.0,,,182.0,,1.0,12.0,2.0,,,,,,,,,,,,,,,,,,,,,,,,,,,
2005,general,MAS,11,11th District ……………,Buffalo MAS 11,,,,,,,3.0,114.0,,,101.0,,2.0,8.0,0.0,,,,,,,,,,,,,,,,,,,,,,,,,,,
2005,general,MAS,12,12th District ……………,Buffalo MAS 12,,,,,,,5.0,169.0,,,156.0,,2.0,6.0,0.0,,,,,,,,,,,,,,,,,,,,,,,,,,,
2005,general,MAS,13,13th District ……………,Buffalo MAS 13,,,,,,,4.0,189.0,,,178.0,,2.0,5.0,0.0,,,,,,,,,,,,,,,,,,,,,,,,,,,
2005,general,MAS,14,14th District ……………,Buffalo MAS 14,,,,,,,1.0,278.0,,,257.0,,5.0,15.0,0.0,,,,,,,,,,,,,,,,,,,,,,,,,,,
2005,general,MAS,15,15th District ……………,Buffalo MAS 15,,,,,,,3.0,189.0,,,181.0,,2.0,2.0,1.0,,,,,,,,,,,,,,,,,,,,,,,,,,,
2005,general,MAS,16,16th District ……………,Buffalo MAS 16,,,,,,,3.0,280.0,,,263.0,,6.0,7.0,1.0,,,,,,,,,,,,,,,,,,,,,,,,,,,
2005,general,MAS,17,17th District ……………,Buffalo MAS 17,,,,,,,5.0,376.0,,,347.0,,8.0,14.0,2.0,,,,,,,,,,,,,,,,,,,,,,,,,,,
2005,general,MAS,18,18th District ……………,Buffalo MAS 18,,,,,,,2.0,315.0,,,291.0,,8.0,14.0,0.0,,,,,,,,,,,,,,,,,,,,,,,,,,,
2005,general,MAS,19,19th District ……………,Buffalo MAS 19,,,,,,,2.0,261.0,,,251.0,,3.0,4.0,1.0,,,,,,,,,,,,,,,,,,,,,,,,,,,
2005,general,MAS,20,20th District ……………,Buffalo MAS 20,,,,,,,2.0,308.0,,,284.0,,7.0,13.0,2.0,,,,,,,,,,,,,,,,,,,,,,,,,,,
2005,general,MAS,21,21st District ……………,Buffalo MAS 21,,,,,,,1.0,202.0,,,193.0,,3.0,5.0,0.0,,,,,,,,,,,,,,,,,,,,,,,,,,,
2005,general,MAS,22,22nd District ……………,Buffalo MAS 22,,,,,,,2.0,302.0,,,284.0,,1.0,15.0,0.0,,,,,,,,,,,,,,,,,,,,,,,,,,,
2005,general,MAS,23,23rd District ……………,Buffalo MAS 23,,,,,,,0.0,184.0,,,179.0,,2.0,3.0,0.0,,,,,,,,,,,,,,,,,,,,,,,,,,,
2005,general,MAS,24,24th District ……………,Buffalo MAS 24,,,,,,,1.0,154.0,,,140.0,,8.0,2.0,3.0,,,,,,,,,,,,,,,,,,,,,,,,,,,
2005,general,MAS,25,25th District ……………,Buffalo MAS 25,,,,,,,12.0,229.0,,,208.0,,5.0,4.0,0.0,,,,,,,,,,,,,,,,,,,,,,,,,,,
2005,general,MAS,26,26th District ……………,Buffalo MAS 26,,,,,,,2.0,268.0,,,260.0,,2.0,2.0,2.0,,,,,,,,,,,,,,,,,,,,,,,,,,,
2005,general,MAS,27,27th District ……………,Buffalo MAS 27,,,,,,,2.0,285.0,,,266.0,,12.0,5.0,0.0,,,,,,,,,,,,,,,,,,,,,,,,,,,
2005,general,MAS,28,28th District ……………,Buffalo MAS 28,,,,,,,1.0,237.0,,,226.0,,5.0,5.0,0.0,,,,,,,,,,,,,,,,,,,,,,,,,,,
2005,general,MAS,29,29th District ……………,Buffalo MAS 29,,,,,,,2.0,181.0,,,156.0,,17.0,4.0,2.0,,,,,,,,,,,,,,,,,,,,,,,,,,,
2005,general,MAS,30,30th District ……………,Buffalo MAS 30,,,,,,,3.0,186.0,,,177.0,,3.0,3.0,0.0,,,,,,,,,,,,,,,,,,,,,,,,,,,
2005,general,MAS,31,31st District ……………,Buffalo MAS 31,,,,,,,4.0,205.0,,,190.0,,4.0,7.0,0.0,,,,,,,,,,,,,,,,,,,,,,,,,,,
2005,general,MAS,32,32nd District ……………,Buffalo MAS 32,,,,,,,3.0,230.0,,,216.0,,5.0,4.0,2.0,,,,,,,,,,,,,,,,,,,,,,,,,,,
2005,general,MAS,33,33rd District ……………,Buffalo MAS 33,,,,,,,6.0,379.0,,,360.0,,9.0,4.0,0.0,,,,,,,,,,,,,,,,,,,,,,,,,,,
2005,general,MAS,34,34th District ……………,Buffalo MAS 34,,,,,,,0.0,193.0,,,187.0,,2.0,2.0,2.0,,,,,,,,,,,,,,,,,,,,,,,,,,,
2005,general,MAS,35,35th District ……………,Buffalo MAS 35,,,,,,,6.0,283.0,,,265.0,,3.0,8.0,1.0,,,,,,,,,,,,,,,,,,,,,,,,,,,
2005,general,MAS,36,36th District ……………,Buffalo MAS 36,,,,,,,0.0,177.0,,,172.0,,2.0,3.0,0.0,,,,,,,,,,,,,,,,,,,,,,,,,,,
2005,general,MAS,37,37th District ……………,Buffalo MAS 37,,,,,,,1.0,213.0,,,200.0,,2.0,10.0,0.0,,,,,,,,,,,,,,,,,,,,,,,,,,,
2005,general,MAS,38,38th District ……………,Buffalo MAS 38,,,,,,,0.0,216.0,,,188.0,,15.0,10.0,3.0,,,,,,,,,,,,,,,,,,,,,,,,,,,
2005,general,MAS,39,39th District ……………,Buffalo MAS 39,,,,,,,3.0,95.0,,,86.0,,3.0,3.0,0.0,,,,,,,,,,,,,,,,,,,,,,,,,,,
2005,general,MAS,40,40th District ……………,Buffalo MAS 40,,,,,,,6.0,262.0,,,244.0,,4.0,8.0,0.0,,,,,,,,,,,,,,,,,,,,,,,,,,,
2005,general,MAS,41,41st District ……………,Buffalo MAS 41,,,,,,,2.0,295.0,,,252.0,,28.0,12.0,1.0,,,,,,,,,,,,,,,,,,,,,,,,,,,
2005,general,NIA,1,1st District ……………,Buffalo NIA 1,,,,,,,6.0,315.0,,,150.0,,109.0,11.0,39.0,,,,,,,,,,,,,,,,,,,,,,,,,,,
2005,general,NIA,2,2nd District ……………,Buffalo NIA 2,,,,,,,5.0,117.0,,,73.0,,28.0,4.0,7.0,,,,,,,,,,,,,,,,,,,,,,,,,,,
2005,general,NIA,3,3rd District ……………,Buffalo NIA 3,,,,,,,4.0,262.0,,,97.0,,127.0,1.0,33.0,,,,,,,,,,,,,,,,,,,,,,,,,,,
2005,general,NIA,4,4th District ……………,Buffalo NIA 4,,,,,,,0.0,59.0,,,27.0,,20.0,2.0,10.0,,,,,,,,,,,,,,,,,,,,,,,,,,,
2005,general,NIA,5,5th District ……………,Buffalo NIA 5,,,,,,,4.0,254.0,,,167.0,,60.0,8.0,15.0,,,,,,,,,,,,,,,,,,,,,,,,,,,
2005,general,NIA,6,6th District ……………,Buffalo NIA 6,,,,,,,3.0,258.0,,,134.0,,94.0,8.0,19.0,,,,,,,,,,,,,,,,,,,,,,,,,,,
2005,general,NIA,7,7th District ……………,Buffalo NIA 7,,,,,,,4.0,222.0,,,93.0,,79.0,4.0,42.0,,,,,,,,,,,,,,,,,,,,,,,,,,,
2005,general,NIA,8,8th District ……………,Buffalo NIA 8,,,,,,,3.0,273.0,,,152.0,,71.0,17.0,30.0,,,,,,,,,,,,,,,,,,,,,,,,,,,
2005,general,NIA,9,9th District ……………,Buffalo NIA 9,,,,,,,4.0,364.0,,,175.0,,140.0,10.0,35.0,,,,,,,,,,,,,,,,,,,,,,,,,,,
2005,general,NIA,10,10th District ……………,Buffalo NIA 10,,,,,,,7.0,235.0,,,116.0,,72.0,6.0,34.0,,,,,,,,,,,,,,,,,,,,,,,,,,,
2005,general,NIA,11,11th District ……………,Buffalo NIA 11,,,,,,,5.0,170.0,,,92.0,,45.0,10.0,18.0,,,,,,,,,,,,,,,,,,,,,,,,,,,
2005,general,NIA,12,12th District ……………,Buffalo NIA 12,,,,,,,5.0,110.0,,,60.0,,33.0,8.0,4.0,,,,,,,,,,,,,,,,,,,,,,,,,,,
2005,general,NIA,13,13th District ……………,Buffalo NIA 13,,,,,,,6.0,245.0,,,135.0,,73.0,11.0,20.0,,,,,,,,,,,,,,,,,,,,,,,,,,,
2005,general,NIA,14,14th District ……………,Buffalo NIA 14,,,,,,,8.0,556.0,,,204.0,,252.0,12.0,80.0,,,,,,,,,,,,,,,,,,,,,,,,,,,
2005,general,NIA,15,15th District ……………,Buffalo NIA 15,,,,,,,5.0,179.0,,,105.0,,43.0,6.0,20.0,,,,,,,,,,,,,,,,,,,,,,,,,,,
2005,general,NIA,16,16th District ……………,Buffalo NIA 16,,,,,,,2.0,214.0,,,144.0,,38.0,14.0,16.0,,,,,,,,,,,,,,,,,,,,,,,,,,,
2005,general,NIA,17,17th District ……………,Buffalo NIA 17,,,,,,,4.0,103.0,,,62.0,,22.0,4.0,11.0,,,,,,,,,,,,,,,,,,,,,,,,,,,
2005,general,NIA,18,18th District ……………,Buffalo NIA 18,,,,,,,5.0,183.0,,,103.0,,56.0,10.0,9.0,,,,,,,,,,,,,,,,,,,,,,,,,,,
2005,general,NIA,19,19th District ……………,Buffalo NIA 19,,,,,,,8.0,230.0,,,123.0,,73.0,7.0,19.0,,,,,,,,,,,,,,,,,,,,,,,,,,,
2005,general,NIA,20,20th District ……………,Buffalo NIA 20,,,,,,,3.0,226.0,,,141.0,,58.0,11.0,13.0,,,,,,,,,,,,,,,,,,,,,,,,,,,
2005,general,NIA,21,21st District ……………,Buffalo NIA 21,,,,,,,1.0,185.0,,,96.0,,64.0,4.0,20.0,,,,,,,,,,,,,,,,,,,,,,,,,,,
2005,general,NIA,22,22nd District ……………,Buffalo NIA 22,,,,,,,1.0,165.0,,,99.0,,46.0,11.0,8.0,,,,,,,,,,,,,,,,,,,,,,,,,,,
2005,general,NIA,23,23rd District ……………,Buffalo NIA 23,,,,,,,4.0,89.0,,,52.0,,27.0,4.0,2.0,,,,,,,,,,,,,,,,,,,,,,,,,,,
2005,general,NIA,24,24th District ……………,Buffalo NIA 24,,,,,,,0.0,143.0,,,92.0,,38.0,6.0,7.0,,,,,,,,,,,,,,,,,,,,,,,,,,,
2005,general,NIA,25,25th District ……………,Buffalo NIA 25,,,,,,,3.0,180.0,,,105.0,,51.0,12.0,9.0,,,,,,,,,,,,,,,,,,,,,,,,,,,
2005,general,NIA,26,26th District ……………,Buffalo NIA 26,,,,,,,5.0,192.0,,,116.0,,62.0,3.0,6.0,,,,,,,,,,,,,,,,,,,,,,,,,,,
2005,general,NIA,27,27th District ……………,Buffalo NIA 27,,,,,,,2.0,100.0,,,57.0,,27.0,1.0,13.0,,,,,,,,,,,,,,,,,,,,,,,,,,,
2005,general,NIA,28,28th District ……………,Buffalo NIA 28,,,,,,,7.0,208.0,,,114.0,,53.0,17.0,17.0,,,,,,,,,,,,,,,,,,,,,,,,,,,
2005,general,NIA,29,29th District ……………,Buffalo NIA 29,,,,,,,6.0,178.0,,,87.0,,59.0,8.0,18.0,,,,,,,,,,,,,,,,,,,,,,,,,,,
2005,general,NIA,30,30th District ……………,Buffalo NIA 30,,,,,,,3.0,151.0,,,94.0,,39.0,7.0,8.0,,,,,,,,,,,,,,,,,,,,,,,,,,,
2005,general,NIA,31,31st District ……………,Buffalo NIA 31,,,,,,,2.0,127.0,,,90.0,,29.0,4.0,2.0,,,,,,,,,,,,,,,,,,,,,,,,,,,
2005,general,NIA,32,32nd District ……………,Buffalo NIA 32,,,,,,,1.0,171.0,,,84.0,,53.0,2.0,31.0,,,,,,,,,,,,,,,,,,,,,,,,,,,
2005,general,NOR,1,1st District ……………,Buffalo NOR 1,,,,,,,5.0,351.0,,,153.0,,146.0,24.0,23.0,,,,,,,,,,,,,,,,,,,,,,,,,,,
2005,general,NOR,2,2nd District ……………,Buffalo NOR 2,,,,,,,0.0,54.0,,,18.0,,33.0,0.0,3.0,,,,,,,,,,,,,,,,,,,,,,,,,,,
2005,general,NOR,3,3rd District ……………,Buffalo NOR 3,,,,,,,7.0,347.0,,,157.0,,148.0,17.0,18.0,,,,,,,,,,,,,,,,,,,,,,,,,,,
2005,general,NOR,4,4th District ……………,Buffalo NOR 4,,,,,,,5.0,289.0,,,138.0,,108.0,15.0,23.0,,,,,,,,,,,,,,,,,,,,,,,,,,,
2005,general,NOR,5,5th District ……………,Buffalo NOR 5,,,,,,,5.0,255.0,,,101.0,,113.0,19.0,17.0,,,,,,,,,,,,,,,,,,,,,,,,,,,
2005,general,NOR,6,6th District ……………,Buffalo NOR 6,,,,,,,4.0,194.0,,,120.0,,52.0,16.0,2.0,,,,,,,,,,,,,,,,,,,,,,,,,,,
2005,general,NOR,7,7th District ……………,Buffalo NOR 7,,,,,,,4.0,364.0,,,130.0,,196.0,5.0,29.0,,,,,,,,,,,,,,,,,,,,,,,,,,,
2005,general,NOR,8,8th District ……………,Buffalo NOR 8,,,,,,,6.0,142.0,,,75.0,,49.0,6.0,6.0,,,,,,,,,,,,,,,,,,,,,,,,,,,
2005,general,NOR,9,9th District ……………,Buffalo NOR 9,,,,,,,11.0,361.0,,,187.0,,124.0,19.0,20.0,,,,,,,,,,,,,,,,,,,,,,,,,,,
2005,general,NOR,10,10th District ……………,Buffalo NOR 10,,,,,,,7.0,126.0,,,65.0,,38.0,12.0,4.0,,,,,,,,,,,,,,,,,,,,,,,,,,,
2005,general,NOR,11,11th District ……………,Buffalo NOR 11,,,,,,,4.0,244.0,,,105.0,,100.0,14.0,21.0,,,,,,,,,,,,,,,,,,,,,,,,,,,
2005,general,NOR,12,12th District ……………,Buffalo NOR 12,,,,,,,10.0,302.0,,,156.0,,94.0,25.0,17.0,,,,,,,,,,,,,,,,,,,,,,,,,,,
2005,general,NOR,13,13th District ……………,Buffalo NOR 13,,,,,,,10.0,264.0,,,121.0,,93.0,23.0,17.0,,,,,,,,,,,,,,,,,,,,,,,,,,,
2005,general,NOR,14,14th District ……………,Buffalo NOR 14,,,,,,,2.0,185.0,,,91.0,,52.0,6.0,34.0,,,,,,,,,,,,,,,,,,,,,,,,,,,
2005,general,NOR,15,15th District ……………,Buffalo NOR 15,,,,,,,3.0,223.0,,,106.0,,79.0,15.0,20.0,,,,,,,,,,,,,,,,,,,,,,,,,,,
2005,general,NOR,16,16th District ……………,Buffalo NOR 16,,,,,,,0.0,41.0,,,21.0,,15.0,2.0,3.0,,,,,,,,,,,,,,,,,,,,,,,,,,,
2005,general,NOR,17,17th District ……………,Buffalo NOR 17,,,,,,,8.0,440.0,,,180.0,,206.0,11.0,35.0,,,,,,,,,,,,,,,,,,,,,,,,,,,
2005,general,NOR,18,18th District ……………,Buffalo NOR 18,,,,,,,6.0,256.0,,,141.0,,92.0,6.0,11.0,,,,,,,,,,,,,,,,,,,,,,,,,,,
2005,general,NOR,19,19th District ……………,Buffalo NOR 19,,,,,,,12.0,360.0,,,122.0,,157.0,4.0,65.0,,,,,,,,,,,,,,,,,,,,,,,,,,,
2005,general,NOR,20,20th District ……………,Buffalo NOR 20,,,,,,,5.0,237.0,,,114.0,,92.0,12.0,14.0,,,,,,,,,,,,,,,,,,,,,,,,,,,
2005,general,NOR,21,21st District ……………,Buffalo NOR 21,,,,,,,5.0,138.0,,,102.0,,21.0,8.0,2.0,,,,,,,,,,,,,,,,,,,,,,,,,,,
2005,general,NOR,22,22nd District ……………,Buffalo NOR 22,,,,,,,2.0,108.0,,,69.0,,21.0,9.0,7.0,,,,,,,,,,,,,,,,,,,,,,,,,,,
2005,general,NOR,23,23rd District ……………,Buffalo NOR 23,,,,,,,2.0,146.0,,,100.0,,31.0,3.0,10.0,,,,,,,,,,,,,,,,,,,,,,,,,,,
2005,general,NOR,24,24th District ……………,Buffalo NOR 24,,,,,,,9.0,205.0,,,106.0,,70.0,8.0,12.0,,,,,,,,,,,,,,,,,,,,,,,,,,,
2005,general,NOR,25,25th District ……………,Buffalo NOR 25,,,,,,,10.0,264.0,,,126.0,,96.0,12.0,20.0,,,,,,,,,,,,,,,,,,,,,,,,,,,
2005,general,NOR,26,26th District ……………,Buffalo NOR 26,,,,,,,0.0,112.0,,,59.0,,35.0,0.0,18.0,,,,,,,,,,,,,,,,,,,,,,,,,,,
2005,general,NOR,27,27th District ……………,Buffalo NOR 27,,,,,,,9.0,101.0,,,70.0,,13.0,5.0,4.0,,,,,,,,,,,,,,,,,,,,,,,,,,,
2005,general,NOR,28,28th District ……………,Buffalo NOR 28,,,,,,,8.0,262.0,,,111.0,,105.0,22.0,16.0,,,,,,,,,,,,,,,,,,,,,,,,,,,
2005,general,NOR,29,29th District ……………,Buffalo NOR 29,,,,,,,4.0,257.0,,,132.0,,94.0,13.0,14.0,,,,,,,,,,,,,,,,,,,,,,,,,,,
2005,general,NOR,30,30th District ……………,Buffalo NOR 30,,,,,,,1.0,141.0,,,102.0,,26.0,7.0,5.0,,,,,,,,,,,,,,,,,,,,,,,,,,,
2005,general,NOR,31,31st District ……………,Buffalo NOR 31,,,,,,,2.0,465.0,,,180.0,,221.0,15.0,47.0,,,,,,,,,,,,,,,,,,,,,,,,,,,
2005,general,SOU,1,1st District ……………,Buffalo SOU 1,,,,,,,8.0,256.0,,,119.0,,102.0,16.0,11.0,,,,,,,,,,,,,,,,,,,,,,,,,,,
2005,general,SOU,2,2nd District ……………,Buffalo SOU 2,,,,,,,13.0,254.0,,,104.0,,116.0,10.0,11.0,,,,,,,,,,,,,,,,,,,,,,,,,,,
2005,general,SOU,3,3rd District ……………,Buffalo SOU 3,,,,,,,9.0,332.0,,,165.0,,128.0,21.0,9.0,,,,,,,,,,,,,,,,,,,,,,,,,,,
2005,general,SOU,4,4th District ……………,Buffalo SOU 4,,,,,,,5.0,215.0,,,89.0,,103.0,11.0,7.0,,,,,,,,,,,,,,,,,,,,,,,,,,,
2005,general,SOU,5,5th District ……………,Buffalo SOU 5,,,,,,,7.0,263.0,,,117.0,,118.0,13.0,8.0,,,,,,,,,,,,,,,,,,,,,,,,,,,
2005,general,SOU,6,6th District ……………,Buffalo SOU 6,,,,,,,16.0,415.0,,,196.0,,157.0,32.0,14.0,,,,,,,,,,,,,,,,,,,,,,,,,,,
2005,general,SOU,7,7th District ……………,Buffalo SOU 7,,,,,,,12.0,347.0,,,160.0,,139.0,20.0,16.0,,,,,,,,,,,,,,,,,,,,,,,,,,,
2005,general,SOU,8,8th District ……………,Buffalo SOU 8,,,,,,,13.0,353.0,,,168.0,,137.0,21.0,14.0,,,,,,,,,,,,,,,,,,,,,,,,,,,
2005,general,SOU,9,9th District ……………,Buffalo SOU 9,,,,,,,23.0,443.0,,,202.0,,178.0,20.0,20.0,,,,,,,,,,,,,,,,,,,,,,,,,,,
2005,general,SOU,10,10th District ……………,Buffalo SOU 10,,,,,,,12.0,403.0,,,172.0,,193.0,10.0,16.0,,,,,,,,,,,,,,,,,,,,,,,,,,,
2005,general,SOU,11,11th District ……………,Buffalo SOU 11,,,,,,,15.0,317.0,,,117.0,,154.0,14.0,17.0,,,,,,,,,,,,,,,,,,,,,,,,,,,
2005,general,SOU,12,12th District ……………,Buffalo SOU 12,,,,,,,16.0,277.0,,,108.0,,127.0,12.0,14.0,,,,,,,,,,,,,,,,,,,,,,,,,,,
2005,general,SOU,13,13th District ……………,Buffalo SOU 13,,,,,,,12.0,352.0,,,140.0,,164.0,25.0,11.0,,,,,,,,,,,,,,,,,,,,,,,,,,,
2005,general,SOU,14,14th District ……………,Buffalo SOU 14,,,,,,,5.0,255.0,,,99.0,,117.0,20.0,14.0,,,,,,,,,,,,,,,,,,,,,,,,,,,
2005,general,SOU,15,15th District ……………,Buffalo SOU 15,,,,,,,16.0,419.0,,,174.0,,207.0,14.0,8.0,,,,,,,,,,,,,,,,,,,,,,,,,,,
2005,general,SOU,16,16th District ……………,Buffalo SOU 16,,,,,,,4.0,298.0,,,134.0,,123.0,29.0,8.0,,,,,,,,,,,,,,,,,,,,,,,,,,,
2005,general,SOU,17,17th District ……………,Buffalo SOU 17,,,,,,,11.0,334.0,,,153.0,,138.0,20.0,12.0,,,,,,,,,,,,,,,,,,,,,,,,,,,
2005,general,SOU,18,18th District ……………,Buffalo SOU 18,,,,,,,27.0,555.0,,,258.0,,226.0,23.0,21.0,,,,,,,,,,,,,,,,,,,,,,,,,,,
2005,general,SOU,19,19th District ……………,Buffalo SOU 19,,,,,,,13.0,387.0,,,164.0,,168.0,21.0,21.0,,,,,,,,,,,,,,,,,,,,,,,,,,,
2005,general,SOU,20,20th District ……………,Buffalo SOU 20,,,,,,,7.0,186.0,,,86.0,,55.0,23.0,15.0,,,,,,,,,,,,,,,,,,,,,,,,,,,
2005,general,SOU,21,21st District ……………,Buffalo SOU 21,,,,,,,1.0,164.0,,,51.0,,85.0,17.0,10.0,,,,,,,,,,,,,,,,,,,,,,,,,,,
2005,general,SOU,22,22nd District ……………,Buffalo SOU 22,,,,,,,5.0,135.0,,,67.0,,44.0,14.0,5.0,,,,,,,,,,,,,,,,,,,,,,,,,,,
2005,general,SOU,23,23rd District ……………,Buffalo SOU 23,,,,,,,5.0,360.0,,,148.0,,151.0,41.0,15.0,,,,,,,,,,,,,,,,,,,,,,,,,,,
2005,general,SOU,24,24th District ……………,Buffalo SOU 24,,,,,,,3.0,218.0,,,100.0,,77.0,29.0,9.0,,,,,,,,,,,,,,,,,,,,,,,,,,,
2005,general,SOU,25,25th District ……………,Buffalo SOU 25,,,,,,,5.0,209.0,,,92.0,,82.0,19.0,11.0,,,,,,,,,,,,,,,,,,,,,,,,,,,
2005,general,SOU,26,26th District ……………,Buffalo SOU 26,,,,,,,9.0,213.0,,,81.0,,103.0,13.0,7.0,,,,,,,,,,,,,,,,,,,,,,,,,,,
2005,general,SOU,27,27th District ……………,Buffalo SOU 27,,,,,,,8.0,253.0,,,83.0,,117.0,31.0,14.0,,,,,,,,,,,,,,,,,,,,,,,,,,,
2005,general,SOU,28,28th District ……………,Buffalo SOU 28,,,,,,,15.0,400.0,,,140.0,,139.0,99.0,7.0,,,,,,,,,,,,,,,,,,,,,,,,,,,
2005,general,SOU,29,29th District ……………,Buffalo SOU 29,,,,,,,11.0,283.0,,,113.0,,112.0,33.0,14.0,,,,,,,,,,,,,,,,,,,,,,,,,,,
2005,general,SOU,30,30th District ……………,Buffalo SOU 30,,,,,,,2.0,211.0,,,66.0,,113.0,18.0,12.0,,,,,,,,,,,,,,,,,,,,,,,,,,,
2005,general,SOU,31,31st District ……………,Buffalo SOU 31,,,,,,,9.0,271.0,,,117.0,,118.0,16.0,11.0,,,,,,,,,,,,,,,,,,,,,,,,,,,
2005,general,SOU,32,32nd District ……………,Buffalo SOU 32,,,,,,,15.0,314.0,,,149.0,,111.0,26.0,13.0,,,,,,,,,,,,,,,,,,,,,,,,,,,
2005,general,SOU,33,33rd District ……………,Buffalo SOU 33,,,,,,,4.0,280.0,,,122.0,,99.0,44.0,11.0,,,,,,,,,,,,,,,,,,,,,,,,,,,
2005,general,UNI,1,1st District ……………,Buffalo UNI 1,,,,,,,2.0,300.0,,,270.0,,18.0,6.0,4.0,,,,,,,,,,,,,,,,,,,,,,,,,,,
2005,general,UNI,2,2nd District ……………,Buffalo UNI 2,,,,,,,5.0,368.0,,,131.0,,205.0,7.0,20.0,,,,,,,,,,,,,,,,,,,,,,,,,,,
2005,general,UNI,3,3rd District ……………,Buffalo UNI 3,,,,,,,4.0,277.0,,,181.0,,70.0,6.0,16.0,,,,,,,,,,,,,,,,,,,,,,,,,,,
2005,general,UNI,4,4th District ……………,Buffalo UNI 4,,,,,,,3.0,505.0,,,453.0,,29.0,17.0,3.0,,,,,,,,,,,,,,,,,,,,,,,,,,,
2005,general,UNI,5,5th District ……………,Buffalo UNI 5,,,,,,,4.0,438.0,,,357.0,,57.0,9.0,11.0,,,,,,,,,,,,,,,,,,,,,,,,,,,
2005,general,UNI,6,6th District ……………,Buffalo UNI 6,,,,,,,5.0,360.0,,,321.0,,9.0,21.0,4.0,,,,,,,,,,,,,,,,,,,,,,,,,,,
2005,general,UNI,7,7th District ……………,Buffalo UNI 7,,,,,,,4.0,256.0,,,201.0,,35.0,9.0,7.0,,,,,,,,,,,,,,,,,,,,,,,,,,,
2005,general,UNI,8,8th District ……………,Buffalo UNI 8,,,,,,,4.0,402.0,,,377.0,,11.0,9.0,1.0,,,,,,,,,,,,,,,,,,,,,,,,,,,
2005,general,UNI,9,9th District ……………,Buffalo UNI 9,,,,,,,10.0,273.0,,,194.0,,62.0,4.0,3.0,,,,,,,,,,,,,,,,,,,,,,,,,,,
2005,general,UNI,10,10th District ……………,Buffalo UNI 10,,,,,,,2.0,307.0,,,280.0,,18.0,5.0,2.0,,,,,,,,,,,,,,,,,,,,,,,,,,,
2005,general,UNI,11,11th District ……………,Buffalo UNI 11,,,,,,,2.0,297.0,,,149.0,,113.0,7.0,26.0,,,,,,,,,,,,,,,,,,,,,,,,,,,
2005,general,UNI,12,12th District ……………,Buffalo UNI 12,,,,,,,2.0,42.0,,,16.0,,21.0,0.0,3.0,,,,,,,,,,,,,,,,,,,,,,,,,,,
2005,general,UNI,13,13th District ……………,Buffalo UNI 13,,,,,,,2.0,250.0,,,96.0,,128.0,8.0,16.0,,,,,,,,,,,,,,,,,,,,,,,,,,,
2005,general,UNI,14,14th District ……………,Buffalo UNI 14,,,,,,,0.0,2.0,,,2.0,,0.0,0.0,0.0,,,,,,,,,,,,,,,,,,,,,,,,,,,
2005,general,UNI,15,15th District ……………,Buffalo UNI 15,,,,,,,2.0,237.0,,,180.0,,52.0,0.0,3.0,,,,,,,,,,,,,,,,,,,,,,,,,,,
2005,general,UNI,16,16th District ……………,Buffalo UNI 16,,,,,,,5.0,471.0,,,340.0,,103.0,13.0,10.0,,,,,,,,,,,,,,,,,,,,,,,,,,,
2005,general,UNI,17,17th District ……………,Buffalo UNI 17,,,,,,,1.0,51.0,,,24.0,,21.0,3.0,2.0,,,,,,,,,,,,,,,,,,,,,,,,,,,
2005,general,UNI,18,18th District ……………,Buffalo UNI 18,,,,,,,4.0,394.0,,,111.0,,247.0,2.0,30.0,,,,,,,,,,,,,,,,,,,,,,,,,,,
2005,general,UNI,19,19th District ……………,Buffalo UNI 19,,,,,,,0.0,195.0,,,176.0,,14.0,3.0,2.0,,,,,,,,,,,,,,,,,,,,,,,,,,,
2005,general,UNI,20,20th District ……………,Buffalo UNI 20,,,,,,,4.0,327.0,,,305.0,,8.0,10.0,0.0,,,,,,,,,,,,,,,,,,,,,,,,,,,
2005,general,UNI,21,21st District ……………,Buffalo UNI 21,,,,,,,4.0,123.0,,,51.0,,54.0,2.0,12.0,,,,,,,,,,,,,,,,,,,,,,,,,,,
2005,general,UNI,22,22nd District ……………,Buffalo UNI 22,,,,,,,3.0,260.0,,,241.0,,5.0,8.0,3.0,,,,,,,,,,,,,,,,,,,,,,,,,,,
2005,general,UNI,23,23rd District ……………,Buffalo UNI 23,,,,,,,4.0,365.0,,,304.0,,34.0,18.0,5.0,,,,,,,,,,,,,,,,,,,,,,,,,,,
2005,general,UNI,24,24th District ……………,Buffalo UNI 24,,,,,,,3.0,289.0,,,269.0,,9.0,7.0,1.0,,,,,,,,,,,,,,,,,,,,,,,,,,,
2005,general,UNI,25,25th District ……………,Buffalo UNI 25,,,,,,,3.0,350.0,,,308.0,,28.0,6.0,5.0,,,,,,,,,,,,,,,,,,,,,,,,,,,
2005,general,UNI,26,26th District ……………,Buffalo UNI 26,,,,,,,1.0,303.0,,,235.0,,53.0,9.0,5.0,,,,,,,,,,,,,,,,,,,,,,,,,,,
2005,general,UNI,27,27th District ……………,Buffalo UNI 27,,,,,,,3.0,437.0,,,333.0,,81.0,9.0,11.0,,,,,,,,,,,,,,,,,,,,,,,,,,,
2005,general,UNI,28,28th District ……………,Buffalo UNI 28,,,,,,,5.0,374.0,,,313.0,,43.0,10.0,3.0,,,,,,,,,,,,,,,,,,,,,,,,,,,
2005,general,UNI,29,29th District ……………,Buffalo UNI 29,,,,,,,1.0,273.0,,,250.0,,13.0,6.0,3.0,,,,,,,,,,,,,,,,,,,,,,,,,,,
2005,general,UNI,30,30th District ……………,Buffalo UNI 30,,,,,,,3.0,227.0,,,166.0,,47.0,6.0,5.0,,,,,,,,,,,,,,,,,,,,,,,,,,,
2005,general,UNI,31,31st District ……………,Buffalo UNI 31,,,,,,,2.0,473.0,,,214.0,,231.0,3.0,23.0,,,,,,,,,,,,,,,,,,,,,,,,,,,
2009,primary,DEL,1,1st District ……………,Buffalo DEL 1,,,,,,,7.0,378.0,,,289.0,,,,,82.0,,,,,,,,,,,,,,,,,,,,,,,,,,
2009,primary,DEL,2,2nd District ……………,Buffalo DEL 2,,,,,,,2.0,408.0,,,194.0,,,,,212.0,,,,,,,,,,,,,,,,,,,,,,,,,,
2009,primary,DEL,3,3rd District ……………,Buffalo DEL 3,,,,,,,5.0,478.0,,,228.0,,,,,245.0,,,,,,,,,,,,,,,,,,,,,,,,,,
2009,primary,DEL,5,5th District ……………,Buffalo DEL 5,,,,,,,1.0,489.0,,,99.0,,,,,389.0,,,,,,,,,,,,,,,,,,,,,,,,,,
2009,primary,DEL,6,6th District ……………,Buffalo DEL 6,,,,,,,1.0,600.0,,,191.0,,,,,408.0,,,,,,,,,,,,,,,,,,,,,,,,,,
2009,primary,DEL,7,7th District ……………,Buffalo DEL 7,,,,,,,0.0,396.0,,,159.0,,,,,237.0,,,,,,,,,,,,,,,,,,,,,,,,,,
2009,primary,DEL,8,8th District ……………,Buffalo DEL 8,,,,,,,1.0,324.0,,,128.0,,,,,195.0,,,,,,,,,,,,,,,,,,,,,,,,,,
2009,primary,DEL,9,9th District ……………,Buffalo DEL 9,,,,,,,2.0,451.0,,,143.0,,,,,306.0,,,,,,,,,,,,,,,,,,,,,,,,,,
2009,primary,DEL,10,10th District ……………,Buffalo DEL 10,,,,,,,2.0,147.0,,,47.0,,,,,98.0,,,,,,,,,,,,,,,,,,,,,,,,,,
2009,primary,DEL,11,11th District ……………,Buffalo DEL 11,,,,,,,0.0,20.0,,,9.0,,,,,11.0,,,,,,,,,,,,,,,,,,,,,,,,,,
2009,primary,DEL,12,12th District ……………,Buffalo DEL 12,,,,,,,7.0,676.0,,,267.0,,,,,402.0,,,,,,,,,,,,,,,,,,,,,,,,,,
2009,primary,DEL,17,17th District ……………,Buffalo DEL 17,,,,,,,0.0,69.0,,,35.0,,,,,34.0,,,,,,,,,,,,,,,,,,,,,,,,,,
2009,primary,DEL,18,18th District ……………,Buffalo DEL 18,,,,,,,4.0,114.0,,,93.0,,,,,17.0,,,,,,,,,,,,,,,,,,,,,,,,,,
2009,primary,DEL,19,19th District ……………,Buffalo DEL 19,,,,,,,0.0,361.0,,,75.0,,,,,286.0,,,,,,,,,,,,,,,,,,,,,,,,,,
2009,primary,DEL,20,20th District ……………,Buffalo DEL 20,,,,,,,4.0,364.0,,,191.0,,,,,169.0,,,,,,,,,,,,,,,,,,,,,,,,,,
2009,primary,DEL,24,24th District ……………,Buffalo DEL 24,,,,,,,3.0,149.0,,,51.0,,,,,95.0,,,,,,,,,,,,,,,,,,,,,,,,,,
2009,primary,DEL,28,28th District ……………,Buffalo DEL 28,,,,,,,2.0,97.0,,,68.0,,,,,27.0,,,,,,,,,,,,,,,,,,,,,,,,,,
2009,primary,DEL,37,37th District ……………,Buffalo DEL 37,,,,,,,12.0,469.0,,,404.0,,,,,53.0,,,,,,,,,,,,,,,,,,,,,,,,,,
2009,primary,ELL,1,1st District ……………,Buffalo ELL 1,,,,,,,3.0,635.0,,,255.0,,,,,377.0,,,,,,,,,,,,,,,,,,,,,,,,,,
2009,primary,ELL,2,2nd District ……………,Buffalo ELL 2,,,,,,,3.0,192.0,,,146.0,,,,,43.0,,,,,,,,,,,,,,,,,,,,,,,,,,
2009,primary,ELL,3,3rd District ……………,Buffalo ELL 3,,,,,,,20.0,701.0,,,665.0,,,,,16.0,,,,,,,,,,,,,,,,,,,,,,,,,,
2009,primary,ELL,4,4th District ……………,Buffalo ELL 4,,,,,,,9.0,472.0,,,438.0,,,,,25.0,,,,,,,,,,,,,,,,,,,,,,,,,,
2009,primary,ELL,5,5th District ……………,Buffalo ELL 5,,,,,,,1.0,322.0,,,118.0,,,,,203.0,,,,,,,,,,,,,,,,,,,,,,,,,,
2009,primary,ELL,8,8th District ……………,Buffalo ELL 8,,,,,,,4.0,253.0,,,146.0,,,,,103.0,,,,,,,,,,,,,,,,,,,,,,,,,,
2009,primary,ELL,11,11th District ……………,Buffalo ELL 11,,,,,,,0.0,303.0,,,194.0,,,,,109.0,,,,,,,,,,,,,,,,,,,,,,,,,,
2009,primary,ELL,12,12th District ……………,Buffalo ELL 12,,,,,,,0.0,20.0,,,13.0,,,,,7.0,,,,,,,,,,,,,,,,,,,,,,,,,,
2009,primary,ELL,14,14th District ……………,Buffalo ELL 14,,,,,,,23.0,773.0,,,713.0,,,,,37.0,,,,,,,,,,,,,,,,,,,,,,,,,,
2009,primary,ELL,16,16th District ……………,Buffalo ELL 16,,,,,,,6.0,773.0,,,739.0,,,,,28.0,,,,,,,,,,,,,,,,,,,,,,,,,,
2009,primary,ELL,17,17th District ……………,Buffalo ELL 17,,,,,,,6.0,192.0,,,103.0,,,,,83.0,,,,,,,,,,,,,,,,,,,,,,,,,,
2009,primary,ELL,23,23rd District ……………,Buffalo ELL 23,,,,,,,3.0,117.0,,,113.0,,,,,1.0,,,,,,,,,,,,,,,,,,,,,,,,,,
2009,primary,ELL,25,25th District ……………,Buffalo ELL 25,,,,,,,5.0,238.0,,,229.0,,,,,4.0,,,,,,,,,,,,,,,,,,,,,,,,,,
2009,primary,ELL,27,27th District ……………,Buffalo ELL 27,,,,,,,9.0,479.0,,,457.0,,,,,13.0,,,,,,,,,,,,,,,,,,,,,,,,,,
2009,primary,ELL,28,28th District ……………,Buffalo ELL 28,,,,,,,0.0,270.0,,,103.0,,,,,167.0,,,,,,,,,,,,,,,,,,,,,,,,,,
2009,primary,ELL,32,32nd District ……………,Buffalo ELL 32,,,,,,,0.0,140.0,,,54.0,,,,,86.0,,,,,,,,,,,,,,,,,,,,,,,,,,
2009,primary,ELL,34,34th District ……………,Buffalo ELL 34,,,,,,,11.0,480.0,,,444.0,,,,,25.0,,,,,,,,,,,,,,,,,,,,,,,,,,
2009,primary,ELL,35,35th District ……………,Buffalo ELL 35,,,,,,,2.0,182.0,,,73.0,,,,,107.0,,,,,,,,,,,,,,,,,,,,,,,,,,
2009,primary,FIL,1,1st District ……………,Buffalo FIL 1,,,,,,,0.0,15.0,,,3.0,,,,,12.0,,,,,,,,,,,,,,,,,,,,,,,,,,
2009,primary,FIL,2,2nd District ……………,Buffalo FIL 2,,,,,,,10.0,368.0,,,314.0,,,,,44.0,,,,,,,,,,,,,,,,,,,,,,,,,,
2009,primary,FIL,4,4th District ……………,Buffalo FIL 4,,,,,,,4.0,135.0,,,105.0,,,,,26.0,,,,,,,,,,,,,,,,,,,,,,,,,,
2009,primary,FIL,7,7th District ……………,Buffalo FIL 7,,,,,,,4.0,234.0,,,174.0,,,,,56.0,,,,,,,,,,,,,,,,,,,,,,,,,,
2009,primary,FIL,8,8th District ……………,Buffalo FIL 8,,,,,,,1.0,147.0,,,90.0,,,,,56.0,,,,,,,,,,,,,,,,,,,,,,,,,,
2009,primary,FIL,11,11th District ……………,Buffalo FIL 11,,,,,,,2.0,98.0,,,73.0,,,,,23.0,,,,,,,,,,,,,,,,,,,,,,,,,,
2009,primary,FIL,17,17th District ……………,Buffalo FIL 17,,,,,,,4.0,117.0,,,29.0,,,,,84.0,,,,,,,,,,,,,,,,,,,,,,,,,,
2009,primary,FIL,21,21st District ……………,Buffalo FIL 21,,,,,,,0.0,41.0,,,17.0,,,,,24.0,,,,,,,,,,,,,,,,,,,,,,,,,,
2009,primary,FIL,23,23rd District ……………,Buffalo FIL 23,,,,,,,8.0,284.0,,,269.0,,,,,7.0,,,,,,,,,,,,,,,,,,,,,,,,,,
2009,primary,FIL,25,25th District ……………,Buffalo FIL 25,,,,,,,0.0,109.0,,,103.0,,,,,6.0,,,,,,,,,,,,,,,,,,,,,,,,,,
2009,primary,FIL,27,27th District ……………,Buffalo FIL 27,,,,,,,3.0,207.0,,,190.0,,,,,14.0,,,,,,,,,,,,,,,,,,,,,,,,,,
2009,primary,FIL,28,28th District ……………,Buffalo FIL 28,,,,,,,0.0,2.0,,,2.0,,,,,0.0,,,,,,,,,,,,,,,,,,,,,,,,,,
2009,primary,FIL,30,30th District ……………,Buffalo FIL 30,,,,,,,0.0,7.0,,,2.0,,,,,5.0,,,,,,,,,,,,,,,,,,,,,,,,,,
2009,primary,FIL,31,31st District ……………,Buffalo FIL 31,,,,,,,0.0,46.0,,,19.0,,,,,27.0,,,,,,,,,,,,,,,,,,,,,,,,,,
2009,primary,FIL,32,32nd District ……………,Buffalo FIL 32,,,,,,,8.0,194.0,,,166.0,,,,,20.0,,,,,,,,,,,,,,,,,,,,,,,,,,
2009,primary,FIL,35,35th District ……………,Buffalo FIL 35,,,,,,,3.0,425.0,,,405.0,,,,,17.0,,,,,,,,,,,,,,,,,,,,,,,,,,
2009,primary,FIL,37,37th District ……………,Buffalo FIL 37,,,,,,,0.0,271.0,,,72.0,,,,,199.0,,,,,,,,,,,,,,,,,,,,,,,,,,
2009,primary,FIL,41,41st District ……………,Buffalo FIL 41,,,,,,,0.0,212.0,,,48.0,,,,,164.0,,,,,,,,,,,,,,,,,,,,,,,,,,
2009,primary,FIL,46,46th District ……………,Buffalo FIL 46,,,,,,,8.0,583.0,,,562.0,,,,,13.0,,,,,,,,,,,,,,,,,,,,,,,,,,
2009,primary,LOV,1,1st District ……………,Buffalo LOV 1,,,,,,,2.0,336.0,,,89.0,,,,,245.0,,,,,,,,,,,,,,,,,,,,,,,,,,
2009,primary,LOV,4,4th District ……………,Buffalo LOV 4,,,,,,,4.0,396.0,,,349.0,,,,,43.0,,,,,,,,,,,,,,,,,,,,,,,,,,
2009,primary,LOV,5,5th District ……………,Buffalo LOV 5,,,,,,,10.0,482.0,,,122.0,,,,,350.0,,,,,,,,,,,,,,,,,,,,,,,,,,
2009,primary,LOV,8,8th District ……………,Buffalo LOV 8,,,,,,,1.0,396.0,,,87.0,,,,,308.0,,,,,,,,,,,,,,,,,,,,,,,,,,
2009,primary,LOV,9,9th District ……………,Buffalo LOV 9,,,,,,,1.0,151.0,,,15.0,,,,,135.0,,,,,,,,,,,,,,,,,,,,,,,,,,
2009,primary,LOV,12,12th District ……………,Buffalo LOV 12,,,,,,,0.0,277.0,,,51.0,,,,,226.0,,,,,,,,,,,,,,,,,,,,,,,,,,
2009,primary,LOV,14,14th District ……………,Buffalo LOV 14,,,,,,,15.0,905.0,,,841.0,,,,,49.0,,,,,,,,,,,,,,,,,,,,,,,,,,
2009,primary,LOV,17,17th District ……………,Buffalo LOV 17,,,,,,,8.0,409.0,,,382.0,,,,,19.0,,,,,,,,,,,,,,,,,,,,,,,,,,
2009,primary,LOV,18,18th District ……………,Buffalo LOV 18,,,,,,,0.0,70.0,,,19.0,,,,,51.0,,,,,,,,,,,,,,,,,,,,,,,,,,
2009,primary,LOV,19,19th District ……………,Buffalo LOV 19,,,,,,,4.0,634.0,,,544.0,,,,,86.0,,,,,,,,,,,,,,,,,,,,,,,,,,
2009,primary,LOV,24,24th District ……………,Buffalo LOV 24,,,,,,,5.0,269.0,,,240.0,,,,,24.0,,,,,,,,,,,,,,,,,,,,,,,,,,
2009,primary,MAS,1,1st District ……………,Buffalo MAS 1,,,,,,,10.0,613.0,,,591.0,,,,,12.0,,,,,,,,,,,,,,,,,,,,,,,,,,
2009,primary,MAS,2,2nd District ……………,Buffalo MAS 2,,,,,,,6.0,490.0,,,474.0,,,,,10.0,,,,,,,,,,,,,,,,,,,,,,,,,,
2009,primary,MAS,4,4th District ……………,Buffalo MAS 4,,,,,,,16.0,801.0,,,750.0,,,,,35.0,,,,,,,,,,,,,,,,,,,,,,,,,,
2009,primary,MAS,6,6th District ……………,Buffalo MAS 6,,,,,,,8.0,388.0,,,368.0,,,,,12.0,,,,,,,,,,,,,,,,,,,,,,,,,,
2009,primary,MAS,8,8th District ……………,Buffalo MAS 8,,,,,,,19.0,785.0,,,753.0,,,,,13.0,,,,,,,,,,,,,,,,,,,,,,,,,,
2009,primary,MAS,10,10th District ……………,Buffalo MAS 10,,,,,,,10.0,554.0,,,531.0,,,,,13.0,,,,,,,,,,,,,,,,,,,,,,,,,,
2009,primary,MAS,13,13th District ……………,Buffalo MAS 13,,,,,,,8.0,342.0,,,323.0,,,,,11.0,,,,,,,,,,,,,,,,,,,,,,,,,,
2009,primary,MAS,15,15th District ……………,Buffalo MAS 15,,,,,,,1.0,355.0,,,340.0,,,,,14.0,,,,,,,,,,,,,,,,,,,,,,,,,,
2009,primary,MAS,20,20th District ……………,Buffalo MAS 20,,,,,,,1.0,377.0,,,369.0,,,,,7.0,,,,,,,,,,,,,,,,,,,,,,,,,,
2009,primary,MAS,23,23rd District ……………,Buffalo MAS 23,,,,,,,7.0,475.0,,,453.0,,,,,15.0,,,,,,,,,,,,,,,,,,,,,,,,,,
2009,primary,MAS,25,25th District ……………,Buffalo MAS 25,,,,,,,4.0,316.0,,,301.0,,,,,11.0,,,,,,,,,,,,,,,,,,,,,,,,,,
2009,primary,MAS,28,28th District ……………,Buffalo MAS 28,,,,,,,7.0,579.0,,,552.0,,,,,20.0,,,,,,,,,,,,,,,,,,,,,,,,,,
2009,primary,NIA,1,1st District ……………,Buffalo NIA 1,,,,,,,2.0,518.0,,,181.0,,,,,335.0,,,,,,,,,,,,,,,,,,,,,,,,,,
2009,primary,NIA,2,2nd District ……………,Buffalo NIA 2,,,,,,,0.0,237.0,,,103.0,,,,,134.0,,,,,,,,,,,,,,,,,,,,,,,,,,
2009,primary,NIA,4,4th District ……………,Buffalo NIA 4,,,,,,,0.0,32.0,,,10.0,,,,,22.0,,,,,,,,,,,,,,,,,,,,,,,,,,
2009,primary,NIA,5,5th District ……………,Buffalo NIA 5,,,,,,,7.0,142.0,,,86.0,,,,,49.0,,,,,,,,,,,,,,,,,,,,,,,,,,
2009,primary,NIA,6,6th District ……………,Buffalo NIA 6,,,,,,,1.0,163.0,,,83.0,,,,,79.0,,,,,,,,,,,,,,,,,,,,,,,,,,
2009,primary,NIA,7,7th District ……………,Buffalo NIA 7,,,,,,,3.0,298.0,,,111.0,,,,,184.0,,,,,,,,,,,,,,,,,,,,,,,,,,
2009,primary,NIA,8,8th District ……………,Buffalo NIA 8,,,,,,,4.0,309.0,,,188.0,,,,,117.0,,,,,,,,,,,,,,,,,,,,,,,,,,
2009,primary,NIA,9,9th District ……………,Buffalo NIA 9,,,,,,,0.0,170.0,,,93.0,,,,,77.0,,,,,,,,,,,,,,,,,,,,,,,,,,
2009,primary,NIA,11,11th District ……………,Buffalo NIA 11,,,,,,,0.0,96.0,,,65.0,,,,,31.0,,,,,,,,,,,,,,,,,,,,,,,,,,
2009,primary,NIA,17,17th District ……………,Buffalo NIA 17,,,,,,,1.0,159.0,,,85.0,,,,,73.0,,,,,,,,,,,,,,,,,,,,,,,,,,
2009,primary,NIA,18,18th District ……………,Buffalo NIA 18,,,,,,,2.0,192.0,,,104.0,,,,,86.0,,,,,,,,,,,,,,,,,,,,,,,,,,
2009,primary,NIA,23,23rd District ……………,Buffalo NIA 23,,,,,,,2.0,247.0,,,144.0,,,,,101.0,,,,,,,,,,,,,,,,,,,,,,,,,,
2009,primary,NOR,1,1st District ……………,Buffalo NOR 1,,,,,,,2.0,297.0,,,121.0,,,,,174.0,,,,,,,,,,,,,,,,,,,,,,,,,,
2009,primary,NOR,4,4th District ……………,Buffalo NOR 4,,,,,,,3.0,354.0,,,144.0,,,,,207.0,,,,,,,,,,,,,,,,,,,,,,,,,,
2009,primary,NOR,5,5th District ……………,Buffalo NOR 5,,,,,,,3.0,266.0,,,131.0,,,,,132.0,,,,,,,,,,,,,,,,,,,,,,,,,,
2009,primary,NOR,7,7th District ……………,Buffalo NOR 7,,,,,,,4.0,344.0,,,102.0,,,,,238.0,,,,,,,,,,,,,,,,,,,,,,,,,,
2009,primary,NOR,10,10th District ……………,Buffalo NOR 10,,,,,,,0.0,109.0,,,70.0,,,,,39.0,,,,,,,,,,,,,,,,,,,,,,,,,,
2009,primary,NOR,12,12th District ……………,Buffalo NOR 12,,,,,,,2.0,243.0,,,129.0,,,,,112.0,,,,,,,,,,,,,,,,,,,,,,,,,,
2009,primary,NOR,16,16th District ……………,Buffalo NOR 16,,,,,,,4.0,374.0,,,207.0,,,,,163.0,,,,,,,,,,,,,,,,,,,,,,,,,,
2009,primary,NOR,24,24th District ……………,Buffalo NOR 24,,,,,,,1.0,199.0,,,85.0,,,,,113.0,,,,,,,,,,,,,,,,,,,,,,,,,,
2009,primary,NOR,28,28th District ……………,Buffalo NOR 28,,,,,,,4.0,236.0,,,118.0,,,,,114.0,,,,,,,,,,,,,,,,,,,,,,,,,,
2009,primary,NOR,30,30th District ……………,Buffalo NOR 30,,,,,,,2.0,80.0,,,60.0,,,,,18.0,,,,,,,,,,,,,,,,,,,,,,,,,,
2009,primary,SOU,1,1st District ……………,Buffalo SOU 1,,,,,,,0.0,289.0,,,50.0,,,,,239.0,,,,,,,,,,,,,,,,,,,,,,,,,,
2009,primary,SOU,2,2nd District ……………,Buffalo SOU 2,,,,,,,1.0,329.0,,,70.0,,,,,258.0,,,,,,,,,,,,,,,,,,,,,,,,,,
2009,primary,SOU,3,3rd District ……………,Buffalo SOU 3,,,,,,,6.0,667.0,,,162.0,,,,,499.0,,,,,,,,,,,,,,,,,,,,,,,,,,
2009,primary,SOU,4,4th District ……………,Buffalo SOU 4,,,,,,,4.0,782.0,,,178.0,,,,,600.0,,,,,,,,,,,,,,,,,,,,,,,,,,
2009,primary,SOU,9,9th District ……………,Buffalo SOU 9,,,,,,,0.0,949.0,,,258.0,,,,,691.0,,,,,,,,,,,,,,,,,,,,,,,,,,
2009,primary,SOU,12,12th District ……………,Buffalo SOU 12,,,,,,,0.0,389.0,,,74.0,,,,,315.0,,,,,,,,,,,,,,,,,,,,,,,,,,
2009,primary,SOU,14,14th District ……………,Buffalo SOU 14,,,,,,,2.0,291.0,,,70.0,,,,,219.0,,,,,,,,,,,,,,,,,,,,,,,,,,
2009,primary,SOU,15,15th District ……………,Buffalo SOU 15,,,,,,,5.0,633.0,,,172.0,,,,,456.0,,,,,,,,,,,,,,,,,,,,,,,,,,
2009,primary,SOU,20,20th District ……………,Buffalo SOU 20,,,,,,,2.0,366.0,,,54.0,,,,,310.0,,,,,,,,,,,,,,,,,,,,,,,,,,
2009,primary,SOU,25,25th District ……………,Buffalo SOU 25,,,,,,,0.0,425.0,,,86.0,,,,,339.0,,,,,,,,,,,,,,,,,,,,,,,,,,
2009,primary,SOU,27,27th District ……………,Buffalo SOU 27,,,,,,,3.0,300.0,,,54.0,,,,,243.0,,,,,,,,,,,,,,,,,,,,,,,,,,
2009,primary,SOU,28,28th District ……………,Buffalo SOU 28,,,,,,,1.0,186.0,,,33.0,,,,,152.0,,,,,,,,,,,,,,,,,,,,,,,,,,
2009,primary,UNI,1,1st District ……………,Buffalo UNI 1,,,,,,,10.0,830.0,,,771.0,,,,,49.0,,,,,,,,,,,,,,,,,,,,,,,,,,
2009,primary,UNI,2,2nd District ……………,Buffalo UNI 2,,,,,,,4.0,312.0,,,144.0,,,,,164.0,,,,,,,,,,,,,,,,,,,,,,,,,,
2009,primary,UNI,3,3rd District ……………,Buffalo UNI 3,,,,,,,1.0,197.0,,,148.0,,,,,48.0,,,,,,,,,,,,,,,,,,,,,,,,,,
2009,primary,UNI,5,5th District ……………,Buffalo UNI 5,,,,,,,5.0,435.0,,,408.0,,,,,22.0,,,,,,,,,,,,,,,,,,,,,,,,,,
2009,primary,UNI,6,6th District ……………,Buffalo UNI 6,,,,,,,13.0,755.0,,,713.0,,,,,29.0,,,,,,,,,,,,,,,,,,,,,,,,,,
2009,primary,UNI,9,9th District ……………,Buffalo UNI 9,,,,,,,10.0,772.0,,,682.0,,,,,80.0,,,,,,,,,,,,,,,,,,,,,,,,,,
2009,primary,UNI,10,10th District ……………,Buffalo UNI 10,,,,,,,13.0,423.0,,,395.0,,,,,15.0,,,,,,,,,,,,,,,,,,,,,,,,,,
2009,primary,UNI,11,11th District ……………,Buffalo UNI 11,,,,,,,3.0,493.0,,,203.0,,,,,287.0,,,,,,,,,,,,,,,,,,,,,,,,,,
2009,primary,UNI,15,15th District ……………,Buffalo UNI 15,,,,,,,1.0,356.0,,,308.0,,,,,47.0,,,,,,,,,,,,,,,,,,,,,,,,,,
2009,general,DEL,1,1st District ……………,Buffalo DEL 1,,,,,,,57.0,201.0,,,144.0,,,,,0.0,,,,,,,,,,,,,,,,,,,,,,,,,,
2009,general,DEL,2,2nd District ……………,Buffalo DEL 2,,,,,,,67.0,153.0,,,84.0,,,,,2.0,,,,,,,,,,,,,,,,,,,,,,,,,,
2009,general,DEL,3,3rd District ……………,Buffalo DEL 3,,,,,,,29.0,94.0,,,64.0,,,,,1.0,,,,,,,,,,,,,,,,,,,,,,,,,,
2009,general,DEL,4,4th District ……………,Buffalo DEL 4,,,,,,,69.0,121.0,,,52.0,,,,,0.0,,,,,,,,,,,,,,,,,,,,,,,,,,
2009,general,DEL,5,5th District ……………,Buffalo DEL 5,,,,,,,43.0,74.0,,,30.0,,,,,1.0,,,,,,,,,,,,,,,,,,,,,,,,,,
2009,general,DEL,6,6th District ……………,Buffalo DEL 6,,,,,,,68.0,146.0,,,76.0,,,,,2.0,,,,,,,,,,,,,,,,,,,,,,,,,,
2009,general,DEL,7,7th District ……………,Buffalo DEL 7,,,,,,,50.0,114.0,,,63.0,,,,,1.0,,,,,,,,,,,,,,,,,,,,,,,,,,
2009,general,DEL,8,8th District ……………,Buffalo DEL 8,,,,,,,70.0,163.0,,,89.0,,,,,4.0,,,,,,,,,,,,,,,,,,,,,,,,,,
2009,general,DEL,9,9th District ……………,Buffalo DEL 9,,,,,,,82.0,145.0,,,59.0,,,,,4.0,,,,,,,,,,,,,,,,,,,,,,,,,,
2009,general,DEL,10,10th District ……………,Buffalo DEL 10,,,,,,,56.0,113.0,,,57.0,,,,,0.0,,,,,,,,,,,,,,,,,,,,,,,,,,
2009,general,DEL,11,11th District ……………,Buffalo DEL 11,,,,,,,4.0,15.0,,,11.0,,,,,0.0,,,,,,,,,,,,,,,,,,,,,,,,,,
2009,general,DEL,12,12th District ……………,Buffalo DEL 12,,,,,,,99.0,200.0,,,99.0,,,,,2.0,,,,,,,,,,,,,,,,,,,,,,,,,,
2009,general,DEL,13,13th District ……………,Buffalo DEL 13,,,,,,,35.0,90.0,,,51.0,,,,,4.0,,,,,,,,,,,,,,,,,,,,,,,,,,
2009,general,DEL,14,14th District ……………,Buffalo DEL 14,,,,,,,12.0,39.0,,,25.0,,,,,2.0,,,,,,,,,,,,,,,,,,,,,,,,,,
2009,general,DEL,15,15th District ……………,Buffalo DEL 15,,,,,,,57.0,153.0,,,94.0,,,,,2.0,,,,,,,,,,,,,,,,,,,,,,,,,,
2009,general,DEL,16,16th District ……………,Buffalo DEL 16,,,,,,,52.0,101.0,,,48.0,,,,,1.0,,,,,,,,,,,,,,,,,,,,,,,,,,
2009,general,DEL,17,17th District ……………,Buffalo DEL 17,,,,,,,24.0,59.0,,,35.0,,,,,0.0,,,,,,,,,,,,,,,,,,,,,,,,,,
2009,general,DEL,18,18th District ……………,Buffalo DEL 18,,,,,,,26.0,97.0,,,71.0,,,,,0.0,,,,,,,,,,,,,,,,,,,,,,,,,,
2009,general,DEL,19,19th District ……………,Buffalo DEL 19,,,,,,,137.0,218.0,,,79.0,,,,,2.0,,,,,,,,,,,,,,,,,,,,,,,,,,
2009,general,DEL,20,20th District ……………,Buffalo DEL 20,,,,,,,40.0,101.0,,,59.0,,,,,2.0,,,,,,,,,,,,,,,,,,,,,,,,,,
2009,general,DEL,21,21st District ……………,Buffalo DEL 21,,,,,,,52.0,107.0,,,55.0,,,,,0.0,,,,,,,,,,,,,,,,,,,,,,,,,,
2009,general,DEL,22,22nd District ……………,Buffalo DEL 22,,,,,,,49.0,103.0,,,54.0,,,,,0.0,,,,,,,,,,,,,,,,,,,,,,,,,,
2009,general,DEL,23,23rd District ……………,Buffalo DEL 23,,,,,,,37.0,94.0,,,57.0,,,,,0.0,,,,,,,,,,,,,,,,,,,,,,,,,,
2009,general,DEL,24,24th District ……………,Buffalo DEL 24,,,,,,,74.0,149.0,,,74.0,,,,,1.0,,,,,,,,,,,,,,,,,,,,,,,,,,
2009,general,DEL,25,25th District ……………,Buffalo DEL 25,,,,,,,82.0,146.0,,,63.0,,,,,1.0,,,,,,,,,,,,,,,,,,,,,,,,,,
2009,general,DEL,26,26th District ……………,Buffalo DEL 26,,,,,,,93.0,221.0,,,126.0,,,,,2.0,,,,,,,,,,,,,,,,,,,,,,,,,,
2009,general,DEL,27,27th District ……………,Buffalo DEL 27,,,,,,,49.0,146.0,,,97.0,,,,,0.0,,,,,,,,,,,,,,,,,,,,,,,,,,
2009,general,DEL,28,28th District ……………,Buffalo DEL 28,,,,,,,30.0,104.0,,,74.0,,,,,0.0,,,,,,,,,,,,,,,,,,,,,,,,,,
2009,general,DEL,29,29th District ……………,Buffalo DEL 29,,,,,,,88.0,152.0,,,64.0,,,,,0.0,,,,,,,,,,,,,,,,,,,,,,,,,,
2009,general,DEL,30,30th District ……………,Buffalo DEL 30,,,,,,,102.0,173.0,,,66.0,,,,,5.0,,,,,,,,,,,,,,,,,,,,,,,,,,
2009,general,DEL,31,31st District ……………,Buffalo DEL 31,,,,,,,32.0,81.0,,,49.0,,,,,0.0,,,,,,,,,,,,,,,,,,,,,,,,,,
2009,general,DEL,32,32nd District ……………,Buffalo DEL 32,,,,,,,56.0,132.0,,,76.0,,,,,0.0,,,,,,,,,,,,,,,,,,,,,,,,,,
2009,general,DEL,33,33rd District ……………,Buffalo DEL 33,,,,,,,40.0,96.0,,,55.0,,,,,1.0,,,,,,,,,,,,,,,,,,,,,,,,,,
2009,general,DEL,34,34th District ……………,Buffalo DEL 34,,,,,,,92.0,155.0,,,60.0,,,,,3.0,,,,,,,,,,,,,,,,,,,,,,,,,,
2009,general,DEL,35,35th District ……………,Buffalo DEL 35,,,,,,,5.0,11.0,,,6.0,,,,,0.0,,,,,,,,,,,,,,,,,,,,,,,,,,
2009,general,DEL,36,36th District ……………,Buffalo DEL 36,,,,,,,132.0,214.0,,,78.0,,,,,4.0,,,,,,,,,,,,,,,,,,,,,,,,,,
2009,general,DEL,37,37th District ……………,Buffalo DEL 37,,,,,,,31.0,48.0,,,17.0,,,,,0.0,,,,,,,,,,,,,,,,,,,,,,,,,,
2009,general,DEL,38,38th District ……………,Buffalo DEL 38,,,,,,,8.0,64.0,,,56.0,,,,,0.0,,,,,,,,,,,,,,,,,,,,,,,,,,
2009,general,DEL,39,39th District ……………,Buffalo DEL 39,,,,,,,77.0,154.0,,,75.0,,,,,2.0,,,,,,,,,,,,,,,,,,,,,,,,,,
2009,general,ELL,1,1st District ……………,Buffalo ELL 1,,,,,,,21.0,38.0,,,14.0,,,,,3.0,,,,,,,,,,,,,,,,,,,,,,,,,,
2009,general,ELL,2,2nd District ……………,Buffalo ELL 2,,,,,,,5.0,59.0,,,54.0,,,,,0.0,,,,,,,,,,,,,,,,,,,,,,,,,,
2009,general,ELL,3,3rd District ……………,Buffalo ELL 3,,,,,,,8.0,60.0,,,52.0,,,,,0.0,,,,,,,,,,,,,,,,,,,,,,,,,,
2009,general,ELL,4,4th District ……………,Buffalo ELL 4,,,,,,,5.0,59.0,,,54.0,,,,,0.0,,,,,,,,,,,,,,,,,,,,,,,,,,
2009,general,ELL,5,5th District ……………,Buffalo ELL 5,,,,,,,49.0,78.0,,,29.0,,,,,0.0,,,,,,,,,,,,,,,,,,,,,,,,,,
2009,general,ELL,6,6th District ……………,Buffalo ELL 6,,,,,,,1.0,54.0,,,52.0,,,,,1.0,,,,,,,,,,,,,,,,,,,,,,,,,,
2009,general,ELL,7,7th District ……………,Buffalo ELL 7,,,,,,,31.0,64.0,,,32.0,,,,,1.0,,,,,,,,,,,,,,,,,,,,,,,,,,
2009,general,ELL,8,8th District ……………,Buffalo ELL 8,,,,,,,8.0,49.0,,,41.0,,,,,0.0,,,,,,,,,,,,,,,,,,,,,,,,,,
2009,general,ELL,9,9th District ……………,Buffalo ELL 9,,,,,,,14.0,55.0,,,41.0,,,,,0.0,,,,,,,,,,,,,,,,,,,,,,,,,,
2009,general,ELL,10,10th District ……………,Buffalo ELL 10,,,,,,,0.0,0.0,,,0.0,,,,,0.0,,,,,,,,,,,,,,,,,,,,,,,,,,
2009,general,ELL,11,11th District ……………,Buffalo ELL 11,,,,,,,27.0,66.0,,,38.0,,,,,1.0,,,,,,,,,,,,,,,,,,,,,,,,,,
2009,general,ELL,12,12th District ……………,Buffalo ELL 12,,,,,,,7.0,16.0,,,9.0,,,,,0.0,,,,,,,,,,,,,,,,,,,,,,,,,,
2009,general,ELL,13,13th District ……………,Buffalo ELL 13,,,,,,,15.0,63.0,,,48.0,,,,,0.0,,,,,,,,,,,,,,,,,,,,,,,,,,
2009,general,ELL,14,14th District ……………,Buffalo ELL 14,,,,,,,10.0,110.0,,,100.0,,,,,0.0,,,,,,,,,,,,,,,,,,,,,,,,,,
2009,general,ELL,15,15th District ……………,Buffalo ELL 15,,,,,,,4.0,124.0,,,120.0,,,,,0.0,,,,,,,,,,,,,,,,,,,,,,,,,,
2009,general,ELL,16,16th District ……………,Buffalo ELL 16,,,,,,,7.0,120.0,,,113.0,,,,,0.0,,,,,,,,,,,,,,,,,,,,,,,,,,
2009,general,ELL,17,17th District ……………,Buffalo ELL 17,,,,,,,9.0,41.0,,,32.0,,,,,0.0,,,,,,,,,,,,,,,,,,,,,,,,,,
2009,general,ELL,18,18th District ……………,Buffalo ELL 18,,,,,,,12.0,158.0,,,146.0,,,,,0.0,,,,,,,,,,,,,,,,,,,,,,,,,,
2009,general,ELL,19,19th District ……………,Buffalo ELL 19,,,,,,,39.0,73.0,,,34.0,,,,,0.0,,,,,,,,,,,,,,,,,,,,,,,,,,
2009,general,ELL,20,20th District ……………,Buffalo ELL 20,,,,,,,3.0,64.0,,,61.0,,,,,0.0,,,,,,,,,,,,,,,,,,,,,,,,,,
2009,general,ELL,21,21st District ……………,Buffalo ELL 21,,,,,,,4.0,20.0,,,16.0,,,,,0.0,,,,,,,,,,,,,,,,,,,,,,,,,,
2009,general,ELL,22,22nd District ……………,Buffalo ELL 22,,,,,,,9.0,33.0,,,24.0,,,,,0.0,,,,,,,,,,,,,,,,,,,,,,,,,,
2009,general,ELL,23,23rd District ……………,Buffalo ELL 23,,,,,,,3.0,71.0,,,68.0,,,,,0.0,,,,,,,,,,,,,,,,,,,,,,,,,,
2009,general,ELL,24,24th District ……………,Buffalo ELL 24,,,,,,,5.0,105.0,,,100.0,,,,,0.0,,,,,,,,,,,,,,,,,,,,,,,,,,
2009,general,ELL,25,25th District ……………,Buffalo ELL 25,,,,,,,9.0,118.0,,,109.0,,,,,0.0,,,,,,,,,,,,,,,,,,,,,,,,,,
2009,general,ELL,26,26th District ……………,Buffalo ELL 26,,,,,,,0.0,0.0,,,0.0,,,,,0.0,,,,,,,,,,,,,,,,,,,,,,,,,,
2009,general,ELL,27,27th District ……………,Buffalo ELL 27,,,,,,,12.0,144.0,,,132.0,,,,,0.0,,,,,,,,,,,,,,,,,,,,,,,,,,
2009,general,ELL,28,28th District ……………,Buffalo ELL 28,,,,,,,8.0,17.0,,,9.0,,,,,0.0,,,,,,,,,,,,,,,,,,,,,,,,,,
2009,general,ELL,29,29th District ……………,Buffalo ELL 29,,,,,,,0.0,3.0,,,3.0,,,,,0.0,,,,,,,,,,,,,,,,,,,,,,,,,,
2009,general,ELL,30,30th District ……………,Buffalo ELL 30,,,,,,,8.0,115.0,,,107.0,,,,,0.0,,,,,,,,,,,,,,,,,,,,,,,,,,
2009,general,ELL,31,31st District ……………,Buffalo ELL 31,,,,,,,1.0,55.0,,,54.0,,,,,0.0,,,,,,,,,,,,,,,,,,,,,,,,,,
2009,general,ELL,32,32nd District ……………,Buffalo ELL 32,,,,,,,33.0,56.0,,,23.0,,,,,0.0,,,,,,,,,,,,,,,,,,,,,,,,,,
2009,general,ELL,33,33rd District ……………,Buffalo ELL 33,,,,,,,7.0,62.0,,,55.0,,,,,0.0,,,,,,,,,,,,,,,,,,,,,,,,,,
2009,general,ELL,34,34th District ……………,Buffalo ELL 34,,,,,,,3.0,50.0,,,47.0,,,,,0.0,,,,,,,,,,,,,,,,,,,,,,,,,,
2009,general,ELL,35,35th District ……………,Buffalo ELL 35,,,,,,,10.0,31.0,,,21.0,,,,,0.0,,,,,,,,,,,,,,,,,,,,,,,,,,
2009,general,ELL,36,36th District ……………,Buffalo ELL 36,,,,,,,0.0,0.0,,,0.0,,,,,0.0,,,,,,,,,,,,,,,,,,,,,,,,,,
2009,general,ELL,37,37th District ……………,Buffalo ELL 37,,,,,,,0.0,0.0,,,0.0,,,,,0.0,,,,,,,,,,,,,,,,,,,,,,,,,,
2009,general,ELL,38,38th District ……………,Buffalo ELL 38,,,,,,,25.0,55.0,,,30.0,,,,,0.0,,,,,,,,,,,,,,,,,,,,,,,,,,
2009,general,ELL,39,39th District ……………,Buffalo ELL 39,,,,,,,3.0,88.0,,,85.0,,,,,0.0,,,,,,,,,,,,,,,,,,,,,,,,,,
2009,general,ELL,40,40th District ……………,Buffalo ELL 40,,,,,,,7.0,107.0,,,100.0,,,,,0.0,,,,,,,,,,,,,,,,,,,,,,,,,,
2009,general,ELL,41,41st District ……………,Buffalo ELL 41,,,,,,,23.0,45.0,,,22.0,,,,,0.0,,,,,,,,,,,,,,,,,,,,,,,,,,
2009,general,FIL,1,1st District ……………,Buffalo FIL 1,,,,,,,10.0,13.0,,,3.0,,,,,0.0,,,,,,,,,,,,,,,,,,,,,,,,,,
2009,general,FIL,2,2nd District ……………,Buffalo FIL 2,,,,,,,4.0,32.0,,,28.0,,,,,0.0,,,,,,,,,,,,,,,,,,,,,,,,,,
2009,general,FIL,3,3rd District ……………,Buffalo FIL 3,,,,,,,5.0,32.0,,,27.0,,,,,0.0,,,,,,,,,,,,,,,,,,,,,,,,,,
2009,general,FIL,4,4th District ……………,Buffalo FIL 4,,,,,,,11.0,35.0,,,24.0,,,,,0.0,,,,,,,,,,,,,,,,,,,,,,,,,,
2009,general,FIL,5,5th District ……………,Buffalo FIL 5,,,,,,,2.0,2.0,,,0.0,,,,,0.0,,,,,,,,,,,,,,,,,,,,,,,,,,
2009,general,FIL,6,6th District ……………,Buffalo FIL 6,,,,,,,13.0,49.0,,,36.0,,,,,0.0,,,,,,,,,,,,,,,,,,,,,,,,,,
2009,general,FIL,7,7th District ……………,Buffalo FIL 7,,,,,,,12.0,35.0,,,23.0,,,,,0.0,,,,,,,,,,,,,,,,,,,,,,,,,,
2009,general,FIL,8,8th District ……………,Buffalo FIL 8,,,,,,,24.0,29.0,,,5.0,,,,,0.0,,,,,,,,,,,,,,,,,,,,,,,,,,
2009,general,FIL,9,9th District ……………,Buffalo FIL 9,,,,,,,16.0,47.0,,,31.0,,,,,0.0,,,,,,,,,,,,,,,,,,,,,,,,,,
2009,general,FIL,10,10th District ……………,Buffalo FIL 10,,,,,,,10.0,32.0,,,22.0,,,,,0.0,,,,,,,,,,,,,,,,,,,,,,,,,,
2009,general,FIL,11,11th District ……………,Buffalo FIL 11,,,,,,,8.0,26.0,,,18.0,,,,,0.0,,,,,,,,,,,,,,,,,,,,,,,,,,
2009,general,FIL,12,12th District ……………,Buffalo FIL 12,,,,,,,11.0,52.0,,,41.0,,,,,0.0,,,,,,,,,,,,,,,,,,,,,,,,,,
2009,general,FIL,13,13th District ……………,Buffalo FIL 13,,,,,,,8.0,101.0,,,93.0,,,,,0.0,,,,,,,,,,,,,,,,,,,,,,,,,,
2009,general,FIL,14,14th District ……………,Buffalo FIL 14,,,,,,,3.0,22.0,,,19.0,,,,,0.0,,,,,,,,,,,,,,,,,,,,,,,,,,
2009,general,FIL,15,15th District ……………,Buffalo FIL 15,,,,,,,0.0,1.0,,,1.0,,,,,0.0,,,,,,,,,,,,,,,,,,,,,,,,,,
2009,general,FIL,16,16th District ……………,Buffalo FIL 16,,,,,,,4.0,22.0,,,18.0,,,,,0.0,,,,,,,,,,,,,,,,,,,,,,,,,,
2009,general,FIL,17,17th District ……………,Buffalo FIL 17,,,,,,,34.0,91.0,,,57.0,,,,,0.0,,,,,,,,,,,,,,,,,,,,,,,,,,
2009,general,FIL,18,18th District ……………,Buffalo FIL 18,,,,,,,9.0,30.0,,,21.0,,,,,0.0,,,,,,,,,,,,,,,,,,,,,,,,,,
2009,general,FIL,19,19th District ……………,Buffalo FIL 19,,,,,,,7.0,34.0,,,26.0,,,,,1.0,,,,,,,,,,,,,,,,,,,,,,,,,,
2009,general,FIL,20,20th District ……………,Buffalo FIL 20,,,,,,,5.0,52.0,,,47.0,,,,,0.0,,,,,,,,,,,,,,,,,,,,,,,,,,
2009,general,FIL,21,21st District ……………,Buffalo FIL 21,,,,,,,9.0,22.0,,,13.0,,,,,0.0,,,,,,,,,,,,,,,,,,,,,,,,,,
2009,general,FIL,22,22nd District ……………,Buffalo FIL 22,,,,,,,13.0,24.0,,,11.0,,,,,0.0,,,,,,,,,,,,,,,,,,,,,,,,,,
2009,general,FIL,23,23rd District ……………,Buffalo FIL 23,,,,,,,4.0,35.0,,,31.0,,,,,0.0,,,,,,,,,,,,,,,,,,,,,,,,,,
2009,general,FIL,24,24th District ……………,Buffalo FIL 24,,,,,,,146.0,247.0,,,96.0,,,,,5.0,,,,,,,,,,,,,,,,,,,,,,,,,,
2009,general,FIL,25,25th District ……………,Buffalo FIL 25,,,,,,,5.0,56.0,,,51.0,,,,,0.0,,,,,,,,,,,,,,,,,,,,,,,,,,
2009,general,FIL,26,26th District ……………,Buffalo FIL 26,,,,,,,4.0,29.0,,,25.0,,,,,0.0,,,,,,,,,,,,,,,,,,,,,,,,,,
2009,general,FIL,27,27th District ……………,Buffalo FIL 27,,,,,,,4.0,84.0,,,80.0,,,,,0.0,,,,,,,,,,,,,,,,,,,,,,,,,,
2009,general,FIL,28,28th District ……………,Buffalo FIL 28,,,,,,,0.0,0.0,,,0.0,,,,,0.0,,,,,,,,,,,,,,,,,,,,,,,,,,
2009,general,FIL,29,29th District ……………,Buffalo FIL 29,,,,,,,0.0,0.0,,,0.0,,,,,0.0,,,,,,,,,,,,,,,,,,,,,,,,,,
2009,general,FIL,30,30th District ……………,Buffalo FIL 30,,,,,,,1.0,3.0,,,2.0,,,,,0.0,,,,,,,,,,,,,,,,,,,,,,,,,,
2009,general,FIL,31,31st District ……………,Buffalo FIL 31,,,,,,,14.0,38.0,,,24.0,,,,,0.0,,,,,,,,,,,,,,,,,,,,,,,,,,
2009,general,FIL,32,32nd District ……………,Buffalo FIL 32,,,,,,,11.0,38.0,,,27.0,,,,,0.0,,,,,,,,,,,,,,,,,,,,,,,,,,
2009,general,FIL,33,33rd District ……………,Buffalo FIL 33,,,,,,,1.0,3.0,,,2.0,,,,,0.0,,,,,,,,,,,,,,,,,,,,,,,,,,
2009,general,FIL,34,34th District ……………,Buffalo FIL 34,,,,,,,11.0,61.0,,,50.0,,,,,0.0,,,,,,,,,,,,,,,,,,,,,,,,,,
2009,general,FIL,35,35th District ……………,Buffalo FIL 35,,,,,,,3.0,73.0,,,70.0,,,,,0.0,,,,,,,,,,,,,,,,,,,,,,,,,,
2009,general,FIL,36,36th District ……………,Buffalo FIL 36,,,,,,,0.0,0.0,,,0.0,,,,,0.0,,,,,,,,,,,,,,,,,,,,,,,,,,
2009,general,FIL,37,37th District ……………,Buffalo FIL 37,,,,,,,79.0,162.0,,,82.0,,,,,1.0,,,,,,,,,,,,,,,,,,,,,,,,,,
2009,general,FIL,38,38th District ……………,Buffalo FIL 38,,,,,,,2.0,50.0,,,48.0,,,,,0.0,,,,,,,,,,,,,,,,,,,,,,,,,,
2009,general,FIL,39,39th District ……………,Buffalo FIL 39,,,,,,,6.0,58.0,,,52.0,,,,,0.0,,,,,,,,,,,,,,,,,,,,,,,,,,
2009,general,FIL,40,40th District ……………,Buffalo FIL 40,,,,,,,24.0,52.0,,,28.0,,,,,0.0,,,,,,,,,,,,,,,,,,,,,,,,,,
2009,general,FIL,41,41st District ……………,Buffalo FIL 41,,,,,,,14.0,29.0,,,15.0,,,,,0.0,,,,,,,,,,,,,,,,,,,,,,,,,,
2009,general,FIL,42,42nd District ……………,Buffalo FIL 42,,,,,,,1.0,41.0,,,40.0,,,,,0.0,,,,,,,,,,,,,,,,,,,,,,,,,,
2009,general,FIL,43,43rd District ……………,Buffalo FIL 43,,,,,,,3.0,51.0,,,48.0,,,,,0.0,,,,,,,,,,,,,,,,,,,,,,,,,,
2009,general,FIL,44,44th District ……………,Buffalo FIL 44,,,,,,,70.0,134.0,,,63.0,,,,,1.0,,,,,,,,,,,,,,,,,,,,,,,,,,
2009,general,FIL,45,45th District ……………,Buffalo FIL 45,,,,,,,0.0,0.0,,,0.0,,,,,0.0,,,,,,,,,,,,,,,,,,,,,,,,,,
2009,general,FIL,46,46th District ……………,Buffalo FIL 46,,,,,,,2.0,45.0,,,43.0,,,,,0.0,,,,,,,,,,,,,,,,,,,,,,,,,,
2009,general,LOV,1,1st District ……………,Buffalo LOV 1,,,,,,,8.0,20.0,,,11.0,,,,,1.0,,,,,,,,,,,,,,,,,,,,,,,,,,
2009,general,LOV,2,2nd District ……………,Buffalo LOV 2,,,,,,,68.0,180.0,,,112.0,,,,,0.0,,,,,,,,,,,,,,,,,,,,,,,,,,
2009,general,LOV,3,3rd District ……………,Buffalo LOV 3,,,,,,,64.0,130.0,,,66.0,,,,,0.0,,,,,,,,,,,,,,,,,,,,,,,,,,
2009,general,LOV,4,4th District ……………,Buffalo LOV 4,,,,,,,8.0,56.0,,,48.0,,,,,0.0,,,,,,,,,,,,,,,,,,,,,,,,,,
2009,general,LOV,5,5th District ……………,Buffalo LOV 5,,,,,,,30.0,60.0,,,30.0,,,,,0.0,,,,,,,,,,,,,,,,,,,,,,,,,,
2009,general,LOV,6,6th District ……………,Buffalo LOV 6,,,,,,,39.0,101.0,,,61.0,,,,,1.0,,,,,,,,,,,,,,,,,,,,,,,,,,
2009,general,LOV,7,7th District ……………,Buffalo LOV 7,,,,,,,45.0,79.0,,,34.0,,,,,0.0,,,,,,,,,,,,,,,,,,,,,,,,,,
2009,general,LOV,8,8th District ……………,Buffalo LOV 8,,,,,,,87.0,149.0,,,61.0,,,,,1.0,,,,,,,,,,,,,,,,,,,,,,,,,,
2009,general,LOV,9,9th District ……………,Buffalo LOV 9,,,,,,,36.0,69.0,,,31.0,,,,,2.0,,,,,,,,,,,,,,,,,,,,,,,,,,
2009,general,LOV,10,10th District ……………,Buffalo LOV 10,,,,,,,5.0,40.0,,,35.0,,,,,0.0,,,,,,,,,,,,,,,,,,,,,,,,,,
2009,general,LOV,11,11th District ……………,Buffalo LOV 11,,,,,,,16.0,40.0,,,22.0,,,,,2.0,,,,,,,,,,,,,,,,,,,,,,,,,,
2009,general,LOV,12,12th District ……………,Buffalo LOV 12,,,,,,,72.0,130.0,,,58.0,,,,,0.0,,,,,,,,,,,,,,,,,,,,,,,,,,
2009,general,LOV,13,13th District ……………,Buffalo LOV 13,,,,,,,40.0,70.0,,,30.0,,,,,0.0,,,,,,,,,,,,,,,,,,,,,,,,,,
2009,general,LOV,14,14th District ……………,Buffalo LOV 14,,,,,,,5.0,80.0,,,75.0,,,,,0.0,,,,,,,,,,,,,,,,,,,,,,,,,,
2009,general,LOV,15,15th District ……………,Buffalo LOV 15,,,,,,,48.0,113.0,,,64.0,,,,,1.0,,,,,,,,,,,,,,,,,,,,,,,,,,
2009,general,LOV,16,16th District ……………,Buffalo LOV 16,,,,,,,7.0,49.0,,,42.0,,,,,0.0,,,,,,,,,,,,,,,,,,,,,,,,,,
2009,general,LOV,17,17th District ……………,Buffalo LOV 17,,,,,,,11.0,86.0,,,75.0,,,,,0.0,,,,,,,,,,,,,,,,,,,,,,,,,,
2009,general,LOV,18,18th District ……………,Buffalo LOV 18,,,,,,,22.0,51.0,,,29.0,,,,,0.0,,,,,,,,,,,,,,,,,,,,,,,,,,
2009,general,LOV,19,19th District ……………,Buffalo LOV 19,,,,,,,14.0,68.0,,,54.0,,,,,0.0,,,,,,,,,,,,,,,,,,,,,,,,,,
2009,general,LOV,20,20th District ……………,Buffalo LOV 20,,,,,,,1.0,50.0,,,49.0,,,,,0.0,,,,,,,,,,,,,,,,,,,,,,,,,,
2009,general,LOV,21,21st District ……………,Buffalo LOV 21,,,,,,,2.0,37.0,,,35.0,,,,,0.0,,,,,,,,,,,,,,,,,,,,,,,,,,
2009,general,LOV,22,22nd District ……………,Buffalo LOV 22,,,,,,,17.0,54.0,,,37.0,,,,,0.0,,,,,,,,,,,,,,,,,,,,,,,,,,
2009,general,LOV,23,23rd District ……………,Buffalo LOV 23,,,,,,,8.0,108.0,,,100.0,,,,,0.0,,,,,,,,,,,,,,,,,,,,,,,,,,
2009,general,LOV,24,24th District ……………,Buffalo LOV 24,,,,,,,16.0,59.0,,,43.0,,,,,0.0,,,,,,,,,,,,,,,,,,,,,,,,,,
2009,general,LOV,25,25th District ……………,Buffalo LOV 25,,,,,,,34.0,66.0,,,31.0,,,,,1.0,,,,,,,,,,,,,,,,,,,,,,,,,,
2009,general,LOV,26,26th District ……………,Buffalo LOV 26,,,,,,,1.0,31.0,,,30.0,,,,,0.0,,,,,,,,,,,,,,,,,,,,,,,,,,
2009,general,LOV,27,27th District ……………,Buffalo LOV 27,,,,,,,22.0,132.0,,,110.0,,,,,0.0,,,,,,,,,,,,,,,,,,,,,,,,,,
2009,general,LOV,28,28th District ……………,Buffalo LOV 28,,,,,,,51.0,135.0,,,81.0,,,,,3.0,,,,,,,,,,,,,,,,,,,,,,,,,,
2009,general,LOV,29,29th District ……………,Buffalo LOV 29,,,,,,,7.0,68.0,,,61.0,,,,,0.0,,,,,,,,,,,,,,,,,,,,,,,,,,
2009,general,LOV,30,30th District ……………,Buffalo LOV 30,,,,,,,4.0,45.0,,,41.0,,,,,0.0,,,,,,,,,,,,,,,,,,,,,,,,,,
2009,general,LOV,31,31st District ……………,Buffalo LOV 31,,,,,,,8.0,53.0,,,45.0,,,,,0.0,,,,,,,,,,,,,,,,,,,,,,,,,,
2009,general,MAS,1,1st District ……………,Buffalo MAS 1,,,,,,,9.0,163.0,,,154.0,,,,,0.0,,,,,,,,,,,,,,,,,,,,,,,,,,
2009,general,MAS,2,2nd District ……………,Buffalo MAS 2,,,,,,,1.0,58.0,,,57.0,,,,,0.0,,,,,,,,,,,,,,,,,,,,,,,,,,
2009,general,MAS,3,3rd District ……………,Buffalo MAS 3,,,,,,,10.0,94.0,,,84.0,,,,,0.0,,,,,,,,,,,,,,,,,,,,,,,,,,
2009,general,MAS,4,4th District ……………,Buffalo MAS 4,,,,,,,3.0,85.0,,,82.0,,,,,0.0,,,,,,,,,,,,,,,,,,,,,,,,,,
2009,general,MAS,5,5th District ……………,Buffalo MAS 5,,,,,,,3.0,57.0,,,54.0,,,,,0.0,,,,,,,,,,,,,,,,,,,,,,,,,,
2009,general,MAS,6,6th District ……………,Buffalo MAS 6,,,,,,,6.0,48.0,,,42.0,,,,,0.0,,,,,,,,,,,,,,,,,,,,,,,,,,
2009,general,MAS,7,7th District ……………,Buffalo MAS 7,,,,,,,4.0,61.0,,,57.0,,,,,0.0,,,,,,,,,,,,,,,,,,,,,,,,,,
2009,general,MAS,8,8th District ……………,Buffalo MAS 8,,,,,,,2.0,50.0,,,48.0,,,,,0.0,,,,,,,,,,,,,,,,,,,,,,,,,,
2009,general,MAS,9,9th District ……………,Buffalo MAS 9,,,,,,,6.0,90.0,,,84.0,,,,,0.0,,,,,,,,,,,,,,,,,,,,,,,,,,
2009,general,MAS,10,10th District ……………,Buffalo MAS 10,,,,,,,3.0,76.0,,,73.0,,,,,0.0,,,,,,,,,,,,,,,,,,,,,,,,,,
2009,general,MAS,11,11th District ……………,Buffalo MAS 11,,,,,,,1.0,38.0,,,37.0,,,,,0.0,,,,,,,,,,,,,,,,,,,,,,,,,,
2009,general,MAS,12,12th District ……………,Buffalo MAS 12,,,,,,,2.0,48.0,,,46.0,,,,,0.0,,,,,,,,,,,,,,,,,,,,,,,,,,
2009,general,MAS,13,13th District ……………,Buffalo MAS 13,,,,,,,6.0,58.0,,,52.0,,,,,0.0,,,,,,,,,,,,,,,,,,,,,,,,,,
2009,general,MAS,14,14th District ……………,Buffalo MAS 14,,,,,,,10.0,88.0,,,78.0,,,,,0.0,,,,,,,,,,,,,,,,,,,,,,,,,,
2009,general,MAS,15,15th District ……………,Buffalo MAS 15,,,,,,,7.0,64.0,,,57.0,,,,,0.0,,,,,,,,,,,,,,,,,,,,,,,,,,
2009,general,MAS,16,16th District ……………,Buffalo MAS 16,,,,,,,2.0,87.0,,,85.0,,,,,0.0,,,,,,,,,,,,,,,,,,,,,,,,,,
2009,general,MAS,17,17th District ……………,Buffalo MAS 17,,,,,,,5.0,92.0,,,87.0,,,,,0.0,,,,,,,,,,,,,,,,,,,,,,,,,,
2009,general,MAS,18,18th District ……………,Buffalo MAS 18,,,,,,,4.0,113.0,,,109.0,,,,,0.0,,,,,,,,,,,,,,,,,,,,,,,,,,
2009,general,MAS,19,19th District ……………,Buffalo MAS 19,,,,,,,6.0,60.0,,,54.0,,,,,0.0,,,,,,,,,,,,,,,,,,,,,,,,,,
2009,general,MAS,20,20th District ……………,Buffalo MAS 20,,,,,,,4.0,97.0,,,93.0,,,,,0.0,,,,,,,,,,,,,,,,,,,,,,,,,,
2009,general,MAS,21,21st District ……………,Buffalo MAS 21,,,,,,,4.0,57.0,,,53.0,,,,,0.0,,,,,,,,,,,,,,,,,,,,,,,,,,
2009,general,MAS,22,22nd District ……………,Buffalo MAS 22,,,,,,,4.0,80.0,,,76.0,,,,,0.0,,,,,,,,,,,,,,,,,,,,,,,,,,
2009,general,MAS,23,23rd District ……………,Buffalo MAS 23,,,,,,,6.0,58.0,,,52.0,,,,,0.0,,,,,,,,,,,,,,,,,,,,,,,,,,
2009,general,MAS,24,24th District ……………,Buffalo MAS 24,,,,,,,4.0,54.0,,,50.0,,,,,0.0,,,,,,,,,,,,,,,,,,,,,,,,,,
2009,general,MAS,25,25th District ……………,Buffalo MAS 25,,,,,,,2.0,84.0,,,82.0,,,,,0.0,,,,,,,,,,,,,,,,,,,,,,,,,,
2009,general,MAS,26,26th District ……………,Buffalo MAS 26,,,,,,,4.0,94.0,,,90.0,,,,,0.0,,,,,,,,,,,,,,,,,,,,,,,,,,
2009,general,MAS,27,27th District ……………,Buffalo MAS 27,,,,,,,5.0,112.0,,,107.0,,,,,0.0,,,,,,,,,,,,,,,,,,,,,,,,,,
2009,general,MAS,28,28th District ……………,Buffalo MAS 28,,,,,,,7.0,103.0,,,96.0,,,,,0.0,,,,,,,,,,,,,,,,,,,,,,,,,,
2009,general,MAS,29,29th District ……………,Buffalo MAS 29,,,,,,,4.0,88.0,,,84.0,,,,,0.0,,,,,,,,,,,,,,,,,,,,,,,,,,
2009,general,MAS,30,30th District ……………,Buffalo MAS 30,,,,,,,3.0,54.0,,,51.0,,,,,0.0,,,,,,,,,,,,,,,,,,,,,,,,,,
2009,general,MAS,31,31st District ……………,Buffalo MAS 31,,,,,,,2.0,67.0,,,65.0,,,,,0.0,,,,,,,,,,,,,,,,,,,,,,,,,,
2009,general,MAS,32,32nd District ……………,Buffalo MAS 32,,,,,,,2.0,64.0,,,62.0,,,,,0.0,,,,,,,,,,,,,,,,,,,,,,,,,,
2009,general,MAS,33,33rd District ……………,Buffalo MAS 33,,,,,,,3.0,114.0,,,111.0,,,,,0.0,,,,,,,,,,,,,,,,,,,,,,,,,,
2009,general,MAS,34,34th District ……………,Buffalo MAS 34,,,,,,,4.0,88.0,,,84.0,,,,,0.0,,,,,,,,,,,,,,,,,,,,,,,,,,
2009,general,MAS,35,35th District ……………,Buffalo MAS 35,,,,,,,3.0,90.0,,,87.0,,,,,0.0,,,,,,,,,,,,,,,,,,,,,,,,,,
2009,general,MAS,36,36th District ……………,Buffalo MAS 36,,,,,,,2.0,61.0,,,57.0,,,,,2.0,,,,,,,,,,,,,,,,,,,,,,,,,,
2009,general,MAS,37,37th District ……………,Buffalo MAS 37,,,,,,,3.0,56.0,,,53.0,,,,,0.0,,,,,,,,,,,,,,,,,,,,,,,,,,
2009,general,MAS,38,38th District ……………,Buffalo MAS 38,,,,,,,3.0,60.0,,,57.0,,,,,0.0,,,,,,,,,,,,,,,,,,,,,,,,,,
2009,general,MAS,39,39th District ……………,Buffalo MAS 39,,,,,,,2.0,23.0,,,21.0,,,,,0.0,,,,,,,,,,,,,,,,,,,,,,,,,,
2009,general,MAS,40,40th District ……………,Buffalo MAS 40,,,,,,,9.0,99.0,,,90.0,,,,,0.0,,,,,,,,,,,,,,,,,,,,,,,,,,
2009,general,MAS,41,41st District ……………,Buffalo MAS 41,,,,,,,18.0,109.0,,,91.0,,,,,0.0,,,,,,,,,,,,,,,,,,,,,,,,,,
2009,general,NIA,1,1st District ……………,Buffalo NIA 1,,,,,,,45.0,112.0,,,67.0,,,,,0.0,,,,,,,,,,,,,,,,,,,,,,,,,,
2009,general,NIA,2,2nd District ……………,Buffalo NIA 2,,,,,,,9.0,30.0,,,20.0,,,,,1.0,,,,,,,,,,,,,,,,,,,,,,,,,,
2009,general,NIA,3,3rd District ……………,Buffalo NIA 3,,,,,,,38.0,71.0,,,33.0,,,,,0.0,,,,,,,,,,,,,,,,,,,,,,,,,,
2009,general,NIA,4,4th District ……………,Buffalo NIA 4,,,,,,,12.0,28.0,,,16.0,,,,,0.0,,,,,,,,,,,,,,,,,,,,,,,,,,
2009,general,NIA,5,5th District ……………,Buffalo NIA 5,,,,,,,41.0,119.0,,,78.0,,,,,0.0,,,,,,,,,,,,,,,,,,,,,,,,,,
2009,general,NIA,6,6th District ……………,Buffalo NIA 6,,,,,,,24.0,77.0,,,53.0,,,,,0.0,,,,,,,,,,,,,,,,,,,,,,,,,,
2009,general,NIA,7,7th District ……………,Buffalo NIA 7,,,,,,,49.0,95.0,,,45.0,,,,,1.0,,,,,,,,,,,,,,,,,,,,,,,,,,
2009,general,NIA,8,8th District ……………,Buffalo NIA 8,,,,,,,24.0,74.0,,,49.0,,,,,1.0,,,,,,,,,,,,,,,,,,,,,,,,,,
2009,general,NIA,9,9th District ……………,Buffalo NIA 9,,,,,,,58.0,161.0,,,102.0,,,,,1.0,,,,,,,,,,,,,,,,,,,,,,,,,,
2009,general,NIA,10,10th District ……………,Buffalo NIA 10,,,,,,,36.0,85.0,,,49.0,,,,,0.0,,,,,,,,,,,,,,,,,,,,,,,,,,
2009,general,NIA,11,11th District ……………,Buffalo NIA 11,,,,,,,5.0,31.0,,,26.0,,,,,0.0,,,,,,,,,,,,,,,,,,,,,,,,,,
2009,general,NIA,12,12th District ……………,Buffalo NIA 12,,,,,,,18.0,35.0,,,17.0,,,,,0.0,,,,,,,,,,,,,,,,,,,,,,,,,,
2009,general,NIA,13,13th District ……………,Buffalo NIA 13,,,,,,,44.0,111.0,,,67.0,,,,,0.0,,,,,,,,,,,,,,,,,,,,,,,,,,
2009,general,NIA,14,14th District ……………,Buffalo NIA 14,,,,,,,115.0,227.0,,,105.0,,,,,7.0,,,,,,,,,,,,,,,,,,,,,,,,,,
2009,general,NIA,15,15th District ……………,Buffalo NIA 15,,,,,,,18.0,45.0,,,27.0,,,,,0.0,,,,,,,,,,,,,,,,,,,,,,,,,,
2009,general,NIA,16,16th District ……………,Buffalo NIA 16,,,,,,,15.0,64.0,,,49.0,,,,,0.0,,,,,,,,,,,,,,,,,,,,,,,,,,
2009,general,NIA,17,17th District ……………,Buffalo NIA 17,,,,,,,16.0,49.0,,,31.0,,,,,2.0,,,,,,,,,,,,,,,,,,,,,,,,,,
2009,general,NIA,18,18th District ……………,Buffalo NIA 18,,,,,,,23.0,59.0,,,36.0,,,,,0.0,,,,,,,,,,,,,,,,,,,,,,,,,,
2009,general,NIA,19,19th District ……………,Buffalo NIA 19,,,,,,,40.0,75.0,,,34.0,,,,,1.0,,,,,,,,,,,,,,,,,,,,,,,,,,
2009,general,NIA,20,20th District ……………,Buffalo NIA 20,,,,,,,15.0,51.0,,,36.0,,,,,0.0,,,,,,,,,,,,,,,,,,,,,,,,,,
2009,general,NIA,21,21st District ……………,Buffalo NIA 21,,,,,,,32.0,75.0,,,43.0,,,,,0.0,,,,,,,,,,,,,,,,,,,,,,,,,,
2009,general,NIA,22,22nd District ……………,Buffalo NIA 22,,,,,,,14.0,38.0,,,22.0,,,,,2.0,,,,,,,,,,,,,,,,,,,,,,,,,,
2009,general,NIA,23,23rd District ……………,Buffalo NIA 23,,,,,,,8.0,16.0,,,8.0,,,,,0.0,,,,,,,,,,,,,,,,,,,,,,,,,,
2009,general,NIA,24,24th District ……………,Buffalo NIA 24,,,,,,,7.0,34.0,,,27.0,,,,,0.0,,,,,,,,,,,,,,,,,,,,,,,,,,
2009,general,NIA,25,25th District ……………,Buffalo NIA 25,,,,,,,11.0,41.0,,,29.0,,,,,1.0,,,,,,,,,,,,,,,,,,,,,,,,,,
2009,general,NIA,26,26th District ……………,Buffalo NIA 26,,,,,,,17.0,52.0,,,33.0,,,,,2.0,,,,,,,,,,,,,,,,,,,,,,,,,,
2009,general,NIA,27,27th District ……………,Buffalo NIA 27,,,,,,,13.0,37.0,,,24.0,,,,,0.0,,,,,,,,,,,,,,,,,,,,,,,,,,
2009,general,NIA,28,28th District ……………,Buffalo NIA 28,,,,,,,19.0,49.0,,,30.0,,,,,0.0,,,,,,,,,,,,,,,,,,,,,,,,,,
2009,general,NIA,29,29th District ……………,Buffalo NIA 29,,,,,,,34.0,82.0,,,48.0,,,,,0.0,,,,,,,,,,,,,,,,,,,,,,,,,,
2009,general,NIA,30,30th District ……………,Buffalo NIA 30,,,,,,,16.0,39.0,,,23.0,,,,,0.0,,,,,,,,,,,,,,,,,,,,,,,,,,
2009,general,NIA,31,31st District ……………,Buffalo NIA 31,,,,,,,9.0,27.0,,,18.0,,,,,0.0,,,,,,,,,,,,,,,,,,,,,,,,,,
2009,general,NIA,32,32nd District ……………,Buffalo NIA 32,,,,,,,34.0,79.0,,,45.0,,,,,0.0,,,,,,,,,,,,,,,,,,,,,,,,,,
2009,general,NOR,1,1st District ……………,Buffalo NOR 1,,,,,,,46.0,144.0,,,98.0,,,,,0.0,,,,,,,,,,,,,,,,,,,,,,,,,,
2009,general,NOR,2,2nd District ……………,Buffalo NOR 2,,,,,,,13.0,30.0,,,17.0,,,,,0.0,,,,,,,,,,,,,,,,,,,,,,,,,,
2009,general,NOR,3,3rd District ……………,Buffalo NOR 3,,,,,,,48.0,107.0,,,59.0,,,,,0.0,,,,,,,,,,,,,,,,,,,,,,,,,,
2009,general,NOR,4,4th District ……………,Buffalo NOR 4,,,,,,,41.0,108.0,,,67.0,,,,,0.0,,,,,,,,,,,,,,,,,,,,,,,,,,
2009,general,NOR,5,5th District ……………,Buffalo NOR 5,,,,,,,28.0,67.0,,,39.0,,,,,0.0,,,,,,,,,,,,,,,,,,,,,,,,,,
2009,general,NOR,6,6th District ……………,Buffalo NOR 6,,,,,,,12.0,51.0,,,39.0,,,,,0.0,,,,,,,,,,,,,,,,,,,,,,,,,,
2009,general,NOR,7,7th District ……………,Buffalo NOR 7,,,,,,,72.0,138.0,,,64.0,,,,,2.0,,,,,,,,,,,,,,,,,,,,,,,,,,
2009,general,NOR,8,8th District ……………,Buffalo NOR 8,,,,,,,20.0,51.0,,,31.0,,,,,0.0,,,,,,,,,,,,,,,,,,,,,,,,,,
2009,general,NOR,9,9th District ……………,Buffalo NOR 9,,,,,,,43.0,115.0,,,72.0,,,,,0.0,,,,,,,,,,,,,,,,,,,,,,,,,,
2009,general,NOR,10,10th District ……………,Buffalo NOR 10,,,,,,,20.0,79.0,,,59.0,,,,,0.0,,,,,,,,,,,,,,,,,,,,,,,,,,
2009,general,NOR,11,11th District ……………,Buffalo NOR 11,,,,,,,29.0,90.0,,,61.0,,,,,0.0,,,,,,,,,,,,,,,,,,,,,,,,,,
2009,general,NOR,12,12th District ……………,Buffalo NOR 12,,,,,,,29.0,109.0,,,78.0,,,,,2.0,,,,,,,,,,,,,,,,,,,,,,,,,,
2009,general,NOR,13,13th District ……………,Buffalo NOR 13,,,,,,,37.0,90.0,,,53.0,,,,,0.0,,,,,,,,,,,,,,,,,,,,,,,,,,
2009,general,NOR,14,14th District ……………,Buffalo NOR 14,,,,,,,20.0,59.0,,,39.0,,,,,0.0,,,,,,,,,,,,,,,,,,,,,,,,,,
2009,general,NOR,15,15th District ……………,Buffalo NOR 15,,,,,,,18.0,54.0,,,36.0,,,,,0.0,,,,,,,,,,,,,,,,,,,,,,,,,,
2009,general,NOR,16,16th District ……………,Buffalo NOR 16,,,,,,,2.0,10.0,,,8.0,,,,,0.0,,,,,,,,,,,,,,,,,,,,,,,,,,
2009,general,NOR,17,17th District ……………,Buffalo NOR 17,,,,,,,91.0,169.0,,,78.0,,,,,0.0,,,,,,,,,,,,,,,,,,,,,,,,,,
2009,general,NOR,18,18th District ……………,Buffalo NOR 18,,,,,,,26.0,83.0,,,57.0,,,,,0.0,,,,,,,,,,,,,,,,,,,,,,,,,,
2009,general,NOR,19,19th District ……………,Buffalo NOR 19,,,,,,,71.0,142.0,,,70.0,,,,,1.0,,,,,,,,,,,,,,,,,,,,,,,,,,
2009,general,NOR,20,20th District ……………,Buffalo NOR 20,,,,,,,30.0,75.0,,,45.0,,,,,0.0,,,,,,,,,,,,,,,,,,,,,,,,,,
2009,general,NOR,21,21st District ……………,Buffalo NOR 21,,,,,,,14.0,35.0,,,21.0,,,,,0.0,,,,,,,,,,,,,,,,,,,,,,,,,,
2009,general,NOR,22,22nd District ……………,Buffalo NOR 22,,,,,,,13.0,37.0,,,24.0,,,,,0.0,,,,,,,,,,,,,,,,,,,,,,,,,,
2009,general,NOR,23,23rd District ……………,Buffalo NOR 23,,,,,,,16.0,40.0,,,24.0,,,,,0.0,,,,,,,,,,,,,,,,,,,,,,,,,,
2009,general,NOR,24,24th District ……………,Buffalo NOR 24,,,,,,,33.0,64.0,,,31.0,,,,,0.0,,,,,,,,,,,,,,,,,,,,,,,,,,
2009,general,NOR,25,25th District ……………,Buffalo NOR 25,,,,,,,46.0,90.0,,,44.0,,,,,0.0,,,,,,,,,,,,,,,,,,,,,,,,,,
2009,general,NOR,26,26th District ……………,Buffalo NOR 26,,,,,,,13.0,37.0,,,24.0,,,,,0.0,,,,,,,,,,,,,,,,,,,,,,,,,,
2009,general,NOR,27,27th District ……………,Buffalo NOR 27,,,,,,,10.0,29.0,,,19.0,,,,,0.0,,,,,,,,,,,,,,,,,,,,,,,,,,
2009,general,NOR,28,28th District ……………,Buffalo NOR 28,,,,,,,31.0,88.0,,,57.0,,,,,0.0,,,,,,,,,,,,,,,,,,,,,,,,,,
2009,general,NOR,29,29th District ……………,Buffalo NOR 29,,,,,,,36.0,83.0,,,47.0,,,,,0.0,,,,,,,,,,,,,,,,,,,,,,,,,,
2009,general,NOR,30,30th District ……………,Buffalo NOR 30,,,,,,,9.0,40.0,,,31.0,,,,,0.0,,,,,,,,,,,,,,,,,,,,,,,,,,
2009,general,NOR,31,31st District ……………,Buffalo NOR 31,,,,,,,84.0,178.0,,,91.0,,,,,3.0,,,,,,,,,,,,,,,,,,,,,,,,,,
2009,general,SOU,1,1st District ……………,Buffalo SOU 1,,,,,,,51.0,93.0,,,40.0,,,,,2.0,,,,,,,,,,,,,,,,,,,,,,,,,,
2009,general,SOU,2,2nd District ……………,Buffalo SOU 2,,,,,,,46.0,103.0,,,56.0,,,,,1.0,,,,,,,,,,,,,,,,,,,,,,,,,,
2009,general,SOU,3,3rd District ……………,Buffalo SOU 3,,,,,,,58.0,122.0,,,64.0,,,,,0.0,,,,,,,,,,,,,,,,,,,,,,,,,,
2009,general,SOU,4,4th District ……………,Buffalo SOU 4,,,,,,,43.0,89.0,,,43.0,,,,,3.0,,,,,,,,,,,,,,,,,,,,,,,,,,
2009,general,SOU,5,5th District ……………,Buffalo SOU 5,,,,,,,42.0,108.0,,,66.0,,,,,0.0,,,,,,,,,,,,,,,,,,,,,,,,,,
2009,general,SOU,6,6th District ……………,Buffalo SOU 6,,,,,,,66.0,157.0,,,88.0,,,,,3.0,,,,,,,,,,,,,,,,,,,,,,,,,,
2009,general,SOU,7,7th District ……………,Buffalo SOU 7,,,,,,,56.0,131.0,,,74.0,,,,,1.0,,,,,,,,,,,,,,,,,,,,,,,,,,
2009,general,SOU,8,8th District ……………,Buffalo SOU 8,,,,,,,72.0,135.0,,,62.0,,,,,1.0,,,,,,,,,,,,,,,,,,,,,,,,,,
2009,general,SOU,9,9th District ……………,Buffalo SOU 9,,,,,,,103.0,210.0,,,107.0,,,,,0.0,,,,,,,,,,,,,,,,,,,,,,,,,,
2009,general,SOU,10,10th District ……………,Buffalo SOU 10,,,,,,,77.0,179.0,,,98.0,,,,,4.0,,,,,,,,,,,,,,,,,,,,,,,,,,
2009,general,SOU,11,11th District ……………,Buffalo SOU 11,,,,,,,72.0,143.0,,,69.0,,,,,2.0,,,,,,,,,,,,,,,,,,,,,,,,,,
2009,general,SOU,12,12th District ……………,Buffalo SOU 12,,,,,,,66.0,136.0,,,68.0,,,,,2.0,,,,,,,,,,,,,,,,,,,,,,,,,,
2009,general,SOU,13,13th District ……………,Buffalo SOU 13,,,,,,,62.0,132.0,,,68.0,,,,,2.0,,,,,,,,,,,,,,,,,,,,,,,,,,
2009,general,SOU,14,14th District ……………,Buffalo SOU 14,,,,,,,50.0,90.0,,,38.0,,,,,2.0,,,,,,,,,,,,,,,,,,,,,,,,,,
2009,general,SOU,15,15th District ……………,Buffalo SOU 15,,,,,,,95.0,220.0,,,121.0,,,,,4.0,,,,,,,,,,,,,,,,,,,,,,,,,,
2009,general,SOU,16,16th District ……………,Buffalo SOU 16,,,,,,,50.0,119.0,,,69.0,,,,,0.0,,,,,,,,,,,,,,,,,,,,,,,,,,
2009,general,SOU,17,17th District ……………,Buffalo SOU 17,,,,,,,54.0,121.0,,,66.0,,,,,1.0,,,,,,,,,,,,,,,,,,,,,,,,,,
2009,general,SOU,18,18th District ……………,Buffalo SOU 18,,,,,,,107.0,243.0,,,136.0,,,,,0.0,,,,,,,,,,,,,,,,,,,,,,,,,,
2009,general,SOU,19,19th District ……………,Buffalo SOU 19,,,,,,,96.0,191.0,,,95.0,,,,,0.0,,,,,,,,,,,,,,,,,,,,,,,,,,
2009,general,SOU,20,20th District ……………,Buffalo SOU 20,,,,,,,34.0,70.0,,,35.0,,,,,1.0,,,,,,,,,,,,,,,,,,,,,,,,,,
2009,general,SOU,21,21st District ……………,Buffalo SOU 21,,,,,,,22.0,64.0,,,42.0,,,,,0.0,,,,,,,,,,,,,,,,,,,,,,,,,,
2009,general,SOU,22,22nd District ……………,Buffalo SOU 22,,,,,,,21.0,40.0,,,19.0,,,,,0.0,,,,,,,,,,,,,,,,,,,,,,,,,,
2009,general,SOU,23,23rd District ……………,Buffalo SOU 23,,,,,,,71.0,138.0,,,64.0,,,,,3.0,,,,,,,,,,,,,,,,,,,,,,,,,,
2009,general,SOU,24,24th District ……………,Buffalo SOU 24,,,,,,,54.0,101.0,,,47.0,,,,,0.0,,,,,,,,,,,,,,,,,,,,,,,,,,
2009,general,SOU,25,25th District ……………,Buffalo SOU 25,,,,,,,41.0,84.0,,,43.0,,,,,0.0,,,,,,,,,,,,,,,,,,,,,,,,,,
2009,general,SOU,26,26th District ……………,Buffalo SOU 26,,,,,,,47.0,97.0,,,47.0,,,,,3.0,,,,,,,,,,,,,,,,,,,,,,,,,,
2009,general,SOU,27,27th District ……………,Buffalo SOU 27,,,,,,,37.0,78.0,,,38.0,,,,,3.0,,,,,,,,,,,,,,,,,,,,,,,,,,
2009,general,SOU,28,28th District ……………,Buffalo SOU 28,,,,,,,61.0,125.0,,,62.0,,,,,2.0,,,,,,,,,,,,,,,,,,,,,,,,,,
2009,general,SOU,29,29th District ……………,Buffalo SOU 29,,,,,,,42.0,112.0,,,69.0,,,,,1.0,,,,,,,,,,,,,,,,,,,,,,,,,,
2009,general,SOU,30,30th District ……………,Buffalo SOU 30,,,,,,,48.0,96.0,,,48.0,,,,,0.0,,,,,,,,,,,,,,,,,,,,,,,,,,
2009,general,SOU,31,31st District ……………,Buffalo SOU 31,,,,,,,44.0,94.0,,,50.0,,,,,0.0,,,,,,,,,,,,,,,,,,,,,,,,,,
2009,general,SOU,32,32nd District ……………,Buffalo SOU 32,,,,,,,38.0,84.0,,,45.0,,,,,1.0,,,,,,,,,,,,,,,,,,,,,,,,,,
2009,general,SOU,33,33rd District ……………,Buffalo SOU 33,,,,,,,38.0,90.0,,,51.0,,,,,1.0,,,,,,,,,,,,,,,,,,,,,,,,,,
2009,general,UNI,1,1st District ……………,Buffalo UNI 1,,,,,,,7.0,78.0,,,71.0,,,,,0.0,,,,,,,,,,,,,,,,,,,,,,,,,,
2009,general,UNI,2,2nd District ……………,Buffalo UNI 2,,,,,,,56.0,127.0,,,69.0,,,,,2.0,,,,,,,,,,,,,,,,,,,,,,,,,,
2009,general,UNI,3,3rd District ……………,Buffalo UNI 3,,,,,,,17.0,69.0,,,48.0,,,,,4.0,,,,,,,,,,,,,,,,,,,,,,,,,,
2009,general,UNI,4,4th District ……………,Buffalo UNI 4,,,,,,,8.0,133.0,,,125.0,,,,,0.0,,,,,,,,,,,,,,,,,,,,,,,,,,
2009,general,UNI,5,5th District ……………,Buffalo UNI 5,,,,,,,13.0,141.0,,,128.0,,,,,0.0,,,,,,,,,,,,,,,,,,,,,,,,,,
2009,general,UNI,6,6th District ……………,Buffalo UNI 6,,,,,,,4.0,98.0,,,93.0,,,,,1.0,,,,,,,,,,,,,,,,,,,,,,,,,,
2009,general,UNI,7,7th District ……………,Buffalo UNI 7,,,,,,,9.0,66.0,,,57.0,,,,,0.0,,,,,,,,,,,,,,,,,,,,,,,,,,
2009,general,UNI,8,8th District ……………,Buffalo UNI 8,,,,,,,6.0,118.0,,,112.0,,,,,0.0,,,,,,,,,,,,,,,,,,,,,,,,,,
2009,general,UNI,9,9th District ……………,Buffalo UNI 9,,,,,,,21.0,100.0,,,79.0,,,,,0.0,,,,,,,,,,,,,,,,,,,,,,,,,,
2009,general,UNI,10,10th District ……………,Buffalo UNI 10,,,,,,,9.0,90.0,,,81.0,,,,,0.0,,,,,,,,,,,,,,,,,,,,,,,,,,
2009,general,UNI,11,11th District ……………,Buffalo UNI 11,,,,,,,52.0,126.0,,,74.0,,,,,0.0,,,,,,,,,,,,,,,,,,,,,,,,,,
2009,general,UNI,12,12th District ……………,Buffalo UNI 12,,,,,,,8.0,12.0,,,4.0,,,,,0.0,,,,,,,,,,,,,,,,,,,,,,,,,,
2009,general,UNI,13,13th District ……………,Buffalo UNI 13,,,,,,,43.0,99.0,,,56.0,,,,,0.0,,,,,,,,,,,,,,,,,,,,,,,,,,
2009,general,UNI,14,14th District ……………,Buffalo UNI 14,,,,,,,0.0,0.0,,,0.0,,,,,0.0,,,,,,,,,,,,,,,,,,,,,,,,,,
2009,general,UNI,15,15th District ……………,Buffalo UNI 15,,,,,,,5.0,71.0,,,66.0,,,,,0.0,,,,,,,,,,,,,,,,,,,,,,,,,,
2009,general,UNI,16,16th District ……………,Buffalo UNI 16,,,,,,,30.0,158.0,,,128.0,,,,,0.0,,,,,,,,,,,,,,,,,,,,,,,,,,
2009,general,UNI,17,17th District ……………,Buffalo UNI 17,,,,,,,9.0,21.0,,,12.0,,,,,0.0,,,,,,,,,,,,,,,,,,,,,,,,,,
2009,general,UNI,18,18th District ……………,Buffalo UNI 18,,,,,,,79.0,181.0,,,102.0,,,,,0.0,,,,,,,,,,,,,,,,,,,,,,,,,,
2009,general,UNI,19,19th District ……………,Buffalo UNI 19,,,,,,,5.0,52.0,,,47.0,,,,,0.0,,,,,,,,,,,,,,,,,,,,,,,,,,
2009,general,UNI,20,20th District ……………,Buffalo UNI 20,,,,,,,10.0,104.0,,,94.0,,,,,0.0,,,,,,,,,,,,,,,,,,,,,,,,,,
2009,general,UNI,21,21st District ……………,Buffalo UNI 21,,,,,,,23.0,40.0,,,17.0,,,,,0.0,,,,,,,,,,,,,,,,,,,,,,,,,,
2009,general,UNI,22,22nd District ……………,Buffalo UNI 22,,,,,,,3.0,79.0,,,76.0,,,,,0.0,,,,,,,,,,,,,,,,,,,,,,,,,,
2009,general,UNI,23,23rd District ……………,Buffalo UNI 23,,,,,,,15.0,105.0,,,90.0,,,,,0.0,,,,,,,,,,,,,,,,,,,,,,,,,,
2009,general,UNI,24,24th District ……………,Buffalo UNI 24,,,,,,,3.0,76.0,,,73.0,,,,,0.0,,,,,,,,,,,,,,,,,,,,,,,,,,
2009,general,UNI,25,25th District ……………,Buffalo UNI 25,,,,,,,8.0,119.0,,,111.0,,,,,0.0,,,,,,,,,,,,,,,,,,,,,,,,,,
2009,general,UNI,26,26th District ……………,Buffalo UNI 26,,,,,,,5.0,64.0,,,59.0,,,,,0.0,,,,,,,,,,,,,,,,,,,,,,,,,,
2009,general,UNI,27,27th District ……………,Buffalo UNI 27,,,,,,,20.0,119.0,,,97.0,,,,,2.0,,,,,,,,,,,,,,,,,,,,,,,,,,
2009,general,UNI,28,28th District ……………,Buffalo UNI 28,,,,,,,18.0,84.0,,,66.0,,,,,0.0,,,,,,,,,,,,,,,,,,,,,,,,,,
2009,general,UNI,29,29th District ……………,Buffalo UNI 29,,,,,,,5.0,92.0,,,86.0,,,,,1.0,,,,,,,,,,,,,,,,,,,,,,,,,,
2009,general,UNI,30,30th District ……………,Buffalo UNI 30,,,,,,,22.0,87.0,,,65.0,,,,,0.0,,,,,,,,,,,,,,,,,,,,,,,,,,
2009,general,UNI,31,31st District ……………,Buffalo UNI 31,,,,,,,83.0,204.0,,,120.0,,,,,1.0,,,,,,,,,,,,,,,,,,,,,,,,,,
2013,primary,DEL,1,1st District ……………,Buffalo DEL 1,,,,,,,0.0,33.0,,,22.0,,,,,,11.0,,,,,,,,,,,,,,,,,,,,,,,,,
2013,primary,DEL,2,2nd District ……………,Buffalo DEL 2,,,,,,,3.0,187.0,,,106.0,,,,,,78.0,,,,,,,,,,,,,,,,,,,,,,,,,
2013,primary,DEL,3,3rd District ……………,Buffalo DEL 3,,,,,,,2.0,186.0,,,107.0,,,,,,77.0,,,,,,,,,,,,,,,,,,,,,,,,,
2013,primary,DEL,4,4th District ……………,Buffalo DEL 4,,,,,,,4.0,173.0,,,105.0,,,,,,64.0,,,,,,,,,,,,,,,,,,,,,,,,,
2013,primary,DEL,8,8th District ……………,Buffalo DEL 8,,,,,,,6.0,315.0,,,139.0,,,,,,170.0,,,,,,,,,,,,,,,,,,,,,,,,,
2013,primary,DEL,11,11th District ……………,Buffalo DEL 11,,,,,,,0.0,167.0,,,99.0,,,,,,68.0,,,,,,,,,,,,,,,,,,,,,,,,,
2013,primary,DEL,13,13th District ……………,Buffalo DEL 13,,,,,,,3.0,130.0,,,82.0,,,,,,45.0,,,,,,,,,,,,,,,,,,,,,,,,,
2013,primary,DEL,15,15th District ……………,Buffalo DEL 15,,,,,,,3.0,45.0,,,19.0,,,,,,23.0,,,,,,,,,,,,,,,,,,,,,,,,,
2013,primary,DEL,16,16th District ……………,Buffalo DEL 16,,,,,,,4.0,226.0,,,112.0,,,,,,110.0,,,,,,,,,,,,,,,,,,,,,,,,,
2013,primary,DEL,18,18th District ……………,Buffalo DEL 18,,,,,,,6.0,273.0,,,139.0,,,,,,128.0,,,,,,,,,,,,,,,,,,,,,,,,,
2013,primary,DEL,19,19th District ……………,Buffalo DEL 19,,,,,,,1.0,66.0,,,28.0,,,,,,37.0,,,,,,,,,,,,,,,,,,,,,,,,,
2013,primary,DEL,20,20th District ……………,Buffalo DEL 20,,,,,,,4.0,228.0,,,103.0,,,,,,121.0,,,,,,,,,,,,,,,,,,,,,,,,,
2013,primary,DEL,23,23rd District ……………,Buffalo DEL 23,,,,,,,10.0,379.0,,,168.0,,,,,,201.0,,,,,,,,,,,,,,,,,,,,,,,,,
2013,primary,DEL,27,27th District ……………,Buffalo DEL 27,,,,,,,0.0,97.0,,,76.0,,,,,,21.0,,,,,,,,,,,,,,,,,,,,,,,,,
2013,primary,DEL,29,29th District ……………,Buffalo DEL 29,,,,,,,4.0,117.0,,,64.0,,,,,,49.0,,,,,,,,,,,,,,,,,,,,,,,,,
2013,primary,DEL,30,30th District ……………,Buffalo DEL 30,,,,,,,8.0,239.0,,,101.0,,,,,,130.0,,,,,,,,,,,,,,,,,,,,,,,,,
2013,primary,DEL,32,32nd District ……………,Buffalo DEL 32,,,,,,,13.0,332.0,,,117.0,,,,,,202.0,,,,,,,,,,,,,,,,,,,,,,,,,
2013,primary,ELL,1,1st District ……………,Buffalo ELL 1,,,,,,,2.0,264.0,,,164.0,,,,,,98.0,,,,,,,,,,,,,,,,,,,,,,,,,
2013,primary,ELL,2,2nd District ……………,Buffalo ELL 2,,,,,,,4.0,124.0,,,65.0,,,,,,55.0,,,,,,,,,,,,,,,,,,,,,,,,,
2013,primary,ELL,3,3rd District ……………,Buffalo ELL 3,,,,,,,2.0,158.0,,,117.0,,,,,,39.0,,,,,,,,,,,,,,,,,,,,,,,,,
2013,primary,ELL,4,4th District ……………,Buffalo ELL 4,,,,,,,3.0,290.0,,,234.0,,,,,,53.0,,,,,,,,,,,,,,,,,,,,,,,,,
2013,primary,ELL,7,7th District ……………,Buffalo ELL 7,,,,,,,1.0,286.0,,,248.0,,,,,,37.0,,,,,,,,,,,,,,,,,,,,,,,,,
2013,primary,ELL,9,9th District ……………,Buffalo ELL 9,,,,,,,0.0,19.0,,,10.0,,,,,,9.0,,,,,,,,,,,,,,,,,,,,,,,,,
2013,primary,ELL,11,11th District ……………,Buffalo ELL 11,,,,,,,2.0,207.0,,,168.0,,,,,,37.0,,,,,,,,,,,,,,,,,,,,,,,,,
2013,primary,ELL,13,13th District ……………,Buffalo ELL 13,,,,,,,2.0,221.0,,,178.0,,,,,,41.0,,,,,,,,,,,,,,,,,,,,,,,,,
2013,primary,ELL,14,14th District ……………,Buffalo ELL 14,,,,,,,1.0,38.0,,,26.0,,,,,,11.0,,,,,,,,,,,,,,,,,,,,,,,,,
2013,primary,ELL,15,15th District ……………,Buffalo ELL 15,,,,,,,6.0,158.0,,,91.0,,,,,,61.0,,,,,,,,,,,,,,,,,,,,,,,,,
2013,primary,ELL,16,16th District ……………,Buffalo ELL 16,,,,,,,1.0,80.0,,,61.0,,,,,,18.0,,,,,,,,,,,,,,,,,,,,,,,,,
2013,primary,ELL,18,18th District ……………,Buffalo ELL 18,,,,,,,2.0,123.0,,,77.0,,,,,,44.0,,,,,,,,,,,,,,,,,,,,,,,,,
2013,primary,ELL,19,19th District ……………,Buffalo ELL 19,,,,,,,3.0,268.0,,,207.0,,,,,,58.0,,,,,,,,,,,,,,,,,,,,,,,,,
2013,primary,ELL,21,21st District ……………,Buffalo ELL 21,,,,,,,4.0,150.0,,,119.0,,,,,,27.0,,,,,,,,,,,,,,,,,,,,,,,,,
2013,primary,ELL,22,22nd District ……………,Buffalo ELL 22,,,,,,,2.0,240.0,,,195.0,,,,,,43.0,,,,,,,,,,,,,,,,,,,,,,,,,
2013,primary,ELL,24,24th District ……………,Buffalo ELL 24,,,,,,,2.0,110.0,,,87.0,,,,,,21.0,,,,,,,,,,,,,,,,,,,,,,,,,
2013,primary,ELL,25,25th District ……………,Buffalo ELL 25,,,,,,,3.0,240.0,,,177.0,,,,,,60.0,,,,,,,,,,,,,,,,,,,,,,,,,
2013,primary,ELL,27,27th District ……………,Buffalo ELL 27,,,,,,,1.0,94.0,,,81.0,,,,,,12.0,,,,,,,,,,,,,,,,,,,,,,,,,
2013,primary,ELL,28,28th District ……………,Buffalo ELL 28,,,,,,,1.0,163.0,,,135.0,,,,,,27.0,,,,,,,,,,,,,,,,,,,,,,,,,
2013,primary,ELL,29,29th District ……………,Buffalo ELL 29,,,,,,,3.0,234.0,,,192.0,,,,,,39.0,,,,,,,,,,,,,,,,,,,,,,,,,
2013,primary,ELL,31,31st District ……………,Buffalo ELL 31,,,,,,,2.0,217.0,,,175.0,,,,,,40.0,,,,,,,,,,,,,,,,,,,,,,,,,
2013,primary,ELL,33,33rd District ……………,Buffalo ELL 33,,,,,,,3.0,220.0,,,113.0,,,,,,104.0,,,,,,,,,,,,,,,,,,,,,,,,,
2013,primary,ELL,34,34th District ……………,Buffalo ELL 34,,,,,,,15.0,185.0,,,127.0,,,,,,43.0,,,,,,,,,,,,,,,,,,,,,,,,,
2013,primary,FIL,2,2nd District ……………,Buffalo FIL 2,,,,,,,5.0,113.0,,,47.0,,,,,,61.0,,,,,,,,,,,,,,,,,,,,,,,,,
2013,primary,FIL,9,9th District ……………,Buffalo FIL 9,,,,,,,1.0,224.0,,,178.0,,,,,,45.0,,,,,,,,,,,,,,,,,,,,,,,,,
2013,primary,FIL,10,10th District ……………,Buffalo FIL 10,,,,,,,4.0,164.0,,,133.0,,,,,,27.0,,,,,,,,,,,,,,,,,,,,,,,,,
2013,primary,FIL,11,11th District ……………,Buffalo FIL 11,,,,,,,3.0,260.0,,,228.0,,,,,,29.0,,,,,,,,,,,,,,,,,,,,,,,,,
2013,primary,FIL,12,12th District ……………,Buffalo FIL 12,,,,,,,3.0,116.0,,,59.0,,,,,,54.0,,,,,,,,,,,,,,,,,,,,,,,,,
2013,primary,FIL,14,14th District ……………,Buffalo FIL 14,,,,,,,3.0,67.0,,,33.0,,,,,,31.0,,,,,,,,,,,,,,,,,,,,,,,,,
2013,primary,FIL,15,15th District ……………,Buffalo FIL 15,,,,,,,0.0,141.0,,,106.0,,,,,,35.0,,,,,,,,,,,,,,,,,,,,,,,,,
2013,primary,FIL,16,16th District ……………,Buffalo FIL 16,,,,,,,3.0,15.0,,,8.0,,,,,,4.0,,,,,,,,,,,,,,,,,,,,,,,,,
2013,primary,FIL,17,17th District ……………,Buffalo FIL 17,,,,,,,0.0,52.0,,,25.0,,,,,,27.0,,,,,,,,,,,,,,,,,,,,,,,,,
2013,primary,FIL,19,19th District ……………,Buffalo FIL 19,,,,,,,3.0,77.0,,,46.0,,,,,,28.0,,,,,,,,,,,,,,,,,,,,,,,,,
2013,primary,FIL,20,20th District ……………,Buffalo FIL 20,,,,,,,8.0,202.0,,,157.0,,,,,,37.0,,,,,,,,,,,,,,,,,,,,,,,,,
2013,primary,FIL,21,21st District ……………,Buffalo FIL 21,,,,,,,1.0,73.0,,,62.0,,,,,,10.0,,,,,,,,,,,,,,,,,,,,,,,,,
2013,primary,FIL,23,23rd District ……………,Buffalo FIL 23,,,,,,,0.0,140.0,,,105.0,,,,,,35.0,,,,,,,,,,,,,,,,,,,,,,,,,
2013,primary,FIL,25,25th District ……………,Buffalo FIL 25,,,,,,,2.0,120.0,,,88.0,,,,,,30.0,,,,,,,,,,,,,,,,,,,,,,,,,
2013,primary,FIL,29,29th District ……………,Buffalo FIL 29,,,,,,,4.0,181.0,,,152.0,,,,,,25.0,,,,,,,,,,,,,,,,,,,,,,,,,
2013,primary,FIL,31,31st District ……………,Buffalo FIL 31,,,,,,,3.0,61.0,,,41.0,,,,,,17.0,,,,,,,,,,,,,,,,,,,,,,,,,
2013,primary,FIL,32,32nd District ……………,Buffalo FIL 32,,,,,,,1.0,123.0,,,92.0,,,,,,30.0,,,,,,,,,,,,,,,,,,,,,,,,,
2013,primary,LOV,1,1st District ……………,Buffalo LOV 1,,,,,,,2.0,169.0,,,139.0,,,,,,28.0,,,,,,,,,,,,,,,,,,,,,,,,,
2013,primary,LOV,4,4th District ……………,Buffalo LOV 4,,,,,,,4.0,165.0,,,133.0,,,,,,28.0,,,,,,,,,,,,,,,,,,,,,,,,,
2013,primary,LOV,8,8th District ……………,Buffalo LOV 8,,,,,,,1.0,190.0,,,152.0,,,,,,37.0,,,,,,,,,,,,,,,,,,,,,,,,,
2013,primary,LOV,11,11th District ……………,Buffalo LOV 11,,,,,,,2.0,117.0,,,88.0,,,,,,27.0,,,,,,,,,,,,,,,,,,,,,,,,,
2013,primary,LOV,13,13th District ……………,Buffalo LOV 13,,,,,,,6.0,223.0,,,161.0,,,,,,56.0,,,,,,,,,,,,,,,,,,,,,,,,,
2013,primary,LOV,15,15th District ……………,Buffalo LOV 15,,,,,,,5.0,229.0,,,132.0,,,,,,92.0,,,,,,,,,,,,,,,,,,,,,,,,,
2013,primary,LOV,20,20th District ……………,Buffalo LOV 20,,,,,,,1.0,60.0,,,30.0,,,,,,29.0,,,,,,,,,,,,,,,,,,,,,,,,,
2013,primary,LOV,22,22nd District ……………,Buffalo LOV 22,,,,,,,0.0,2.0,,,1.0,,,,,,1.0,,,,,,,,,,,,,,,,,,,,,,,,,
2013,primary,LOV,24,24th District ……………,Buffalo LOV 24,,,,,,,5.0,136.0,,,69.0,,,,,,62.0,,,,,,,,,,,,,,,,,,,,,,,,,
2013,primary,LOV,25,25th District ……………,Buffalo LOV 25,,,,,,,0.0,3.0,,,1.0,,,,,,2.0,,,,,,,,,,,,,,,,,,,,,,,,,
2013,primary,LOV,26,26th District ……………,Buffalo LOV 26,,,,,,,0.0,17.0,,,13.0,,,,,,4.0,,,,,,,,,,,,,,,,,,,,,,,,,
2013,primary,LOV,27,27th District ……………,Buffalo LOV 27,,,,,,,8.0,224.0,,,106.0,,,,,,110.0,,,,,,,,,,,,,,,,,,,,,,,,,
2013,primary,LOV,29,29th District ……………,Buffalo LOV 29,,,,,,,4.0,180.0,,,96.0,,,,,,80.0,,,,,,,,,,,,,,,,,,,,,,,,,
2013,primary,LOV,31,31st District ……………,Buffalo LOV 31,,,,,,,3.0,128.0,,,76.0,,,,,,49.0,,,,,,,,,,,,,,,,,,,,,,,,,
2013,primary,MAS,1,1st District ……………,Buffalo MAS 1,,,,,,,4.0,242.0,,,194.0,,,,,,44.0,,,,,,,,,,,,,,,,,,,,,,,,,
2013,primary,MAS,4,4th District ……………,Buffalo MAS 4,,,,,,,4.0,299.0,,,259.0,,,,,,36.0,,,,,,,,,,,,,,,,,,,,,,,,,
2013,primary,MAS,5,5th District ……………,Buffalo MAS 5,,,,,,,1.0,193.0,,,161.0,,,,,,31.0,,,,,,,,,,,,,,,,,,,,,,,,,
2013,primary,MAS,8,8th District ……………,Buffalo MAS 8,,,,,,,2.0,204.0,,,173.0,,,,,,29.0,,,,,,,,,,,,,,,,,,,,,,,,,
2013,primary,MAS,12,12th District ……………,Buffalo MAS 12,,,,,,,3.0,326.0,,,281.0,,,,,,42.0,,,,,,,,,,,,,,,,,,,,,,,,,
2013,primary,MAS,13,13th District ……………,Buffalo MAS 13,,,,,,,0.0,258.0,,,220.0,,,,,,38.0,,,,,,,,,,,,,,,,,,,,,,,,,
2013,primary,MAS,14,14th District ……………,Buffalo MAS 14,,,,,,,-1.0,130.0,,,105.0,,,,,,26.0,,,,,,,,,,,,,,,,,,,,,,,,,
2013,primary,MAS,16,16th District ……………,Buffalo MAS 16,,,,,,,6.0,267.0,,,218.0,,,,,,43.0,,,,,,,,,,,,,,,,,,,,,,,,,
2013,primary,MAS,19,19th District ……………,Buffalo MAS 19,,,,,,,3.0,331.0,,,268.0,,,,,,60.0,,,,,,,,,,,,,,,,,,,,,,,,,
2013,primary,MAS,21,21st District ……………,Buffalo MAS 21,,,,,,,1.0,204.0,,,179.0,,,,,,24.0,,,,,,,,,,,,,,,,,,,,,,,,,
2013,primary,MAS,25,25th District ……………,Buffalo MAS 25,,,,,,,5.0,155.0,,,131.0,,,,,,19.0,,,,,,,,,,,,,,,,,,,,,,,,,
2013,primary,MAS,27,27th District ……………,Buffalo MAS 27,,,,,,,2.0,240.0,,,187.0,,,,,,51.0,,,,,,,,,,,,,,,,,,,,,,,,,
2013,primary,MAS,28,28th District ……………,Buffalo MAS 28,,,,,,,1.0,233.0,,,203.0,,,,,,29.0,,,,,,,,,,,,,,,,,,,,,,,,,
2013,primary,MAS,31,31st District ……………,Buffalo MAS 31,,,,,,,1.0,157.0,,,132.0,,,,,,24.0,,,,,,,,,,,,,,,,,,,,,,,,,
2013,primary,MAS,33,33rd District ……………,Buffalo MAS 33,,,,,,,2.0,145.0,,,117.0,,,,,,26.0,,,,,,,,,,,,,,,,,,,,,,,,,
2013,primary,MAS,35,35th District ……………,Buffalo MAS 35,,,,,,,5.0,333.0,,,283.0,,,,,,45.0,,,,,,,,,,,,,,,,,,,,,,,,,
2013,primary,MAS,41,41st District ……………,Buffalo MAS 41,,,,,,,0.0,146.0,,,123.0,,,,,,23.0,,,,,,,,,,,,,,,,,,,,,,,,,
2013,primary,NIA,1,1st District ……………,Buffalo NIA 1,,,,,,,3.0,114.0,,,68.0,,,,,,43.0,,,,,,,,,,,,,,,,,,,,,,,,,
2013,primary,NIA,3,3rd District ……………,Buffalo NIA 3,,,,,,,3.0,38.0,,,25.0,,,,,,10.0,,,,,,,,,,,,,,,,,,,,,,,,,
2013,primary,NIA,6,6th District ……………,Buffalo NIA 6,,,,,,,0.0,129.0,,,65.0,,,,,,64.0,,,,,,,,,,,,,,,,,,,,,,,,,
2013,primary,NIA,7,7th District ……………,Buffalo NIA 7,,,,,,,5.0,177.0,,,108.0,,,,,,64.0,,,,,,,,,,,,,,,,,,,,,,,,,
2013,primary,NIA,12,12th District ……………,Buffalo NIA 12,,,,,,,0.0,169.0,,,121.0,,,,,,48.0,,,,,,,,,,,,,,,,,,,,,,,,,
2013,primary,NIA,14,14th District ……………,Buffalo NIA 14,,,,,,,3.0,171.0,,,75.0,,,,,,93.0,,,,,,,,,,,,,,,,,,,,,,,,,
2013,primary,NIA,17,17th District ……………,Buffalo NIA 17,,,,,,,0.0,110.0,,,61.0,,,,,,49.0,,,,,,,,,,,,,,,,,,,,,,,,,
2013,primary,NIA,19,19th District ……………,Buffalo NIA 19,,,,,,,6.0,277.0,,,133.0,,,,,,138.0,,,,,,,,,,,,,,,,,,,,,,,,,
2013,primary,NIA,21,21st District ……………,Buffalo NIA 21,,,,,,,2.0,113.0,,,71.0,,,,,,40.0,,,,,,,,,,,,,,,,,,,,,,,,,
2013,primary,NIA,23,23rd District ……………,Buffalo NIA 23,,,,,,,3.0,132.0,,,73.0,,,,,,56.0,,,,,,,,,,,,,,,,,,,,,,,,,
2013,primary,NIA,26,26th District ……………,Buffalo NIA 26,,,,,,,2.0,39.0,,,19.0,,,,,,18.0,,,,,,,,,,,,,,,,,,,,,,,,,
2013,primary,NOR,1,1st District ……………,Buffalo NOR 1,,,,,,,1.0,142.0,,,90.0,,,,,,51.0,,,,,,,,,,,,,,,,,,,,,,,,,
2013,primary,NOR,3,3rd District ……………,Buffalo NOR 3,,,,,,,0.0,41.0,,,31.0,,,,,,10.0,,,,,,,,,,,,,,,,,,,,,,,,,
2013,primary,NOR,5,5th District ……………,Buffalo NOR 5,,,,,,,1.0,118.0,,,72.0,,,,,,45.0,,,,,,,,,,,,,,,,,,,,,,,,,
2013,primary,NOR,7,7th District ……………,Buffalo NOR 7,,,,,,,1.0,87.0,,,58.0,,,,,,28.0,,,,,,,,,,,,,,,,,,,,,,,,,
2013,primary,NOR,8,8th District ……………,Buffalo NOR 8,,,,,,,1.0,149.0,,,105.0,,,,,,43.0,,,,,,,,,,,,,,,,,,,,,,,,,
2013,primary,NOR,10,10th District ……………,Buffalo NOR 10,,,,,,,3.0,102.0,,,48.0,,,,,,51.0,,,,,,,,,,,,,,,,,,,,,,,,,
2013,primary,NOR,12,12th District ……………,Buffalo NOR 12,,,,,,,2.0,105.0,,,65.0,,,,,,38.0,,,,,,,,,,,,,,,,,,,,,,,,,
2013,primary,NOR,17,17th District ……………,Buffalo NOR 17,,,,,,,2.0,83.0,,,56.0,,,,,,25.0,,,,,,,,,,,,,,,,,,,,,,,,,
2013,primary,NOR,18,18th District ……………,Buffalo NOR 18,,,,,,,1.0,60.0,,,38.0,,,,,,21.0,,,,,,,,,,,,,,,,,,,,,,,,,
2013,primary,NOR,19,19th District ……………,Buffalo NOR 19,,,,,,,0.0,50.0,,,31.0,,,,,,19.0,,,,,,,,,,,,,,,,,,,,,,,,,
2013,primary,NOR,21,21st District ……………,Buffalo NOR 21,,,,,,,1.0,49.0,,,38.0,,,,,,10.0,,,,,,,,,,,,,,,,,,,,,,,,,
2013,primary,NOR,22,22nd District ……………,Buffalo NOR 22,,,,,,,0.0,18.0,,,10.0,,,,,,8.0,,,,,,,,,,,,,,,,,,,,,,,,,
2013,primary,NOR,23,23rd District ……………,Buffalo NOR 23,,,,,,,3.0,121.0,,,76.0,,,,,,42.0,,,,,,,,,,,,,,,,,,,,,,,,,
2013,primary,SOU,2,2nd District ……………,Buffalo SOU 2,,,,,,,7.0,190.0,,,99.0,,,,,,84.0,,,,,,,,,,,,,,,,,,,,,,,,,
2013,primary,SOU,3,3rd District ……………,Buffalo SOU 3,,,,,,,3.0,60.0,,,31.0,,,,,,26.0,,,,,,,,,,,,,,,,,,,,,,,,,
2013,primary,SOU,7,7th District ……………,Buffalo SOU 7,,,,,,,11.0,399.0,,,202.0,,,,,,186.0,,,,,,,,,,,,,,,,,,,,,,,,,
2013,primary,SOU,11,11th District ……………,Buffalo SOU 11,,,,,,,7.0,153.0,,,75.0,,,,,,71.0,,,,,,,,,,,,,,,,,,,,,,,,,
2013,primary,SOU,12,12th District ……………,Buffalo SOU 12,,,,,,,8.0,284.0,,,157.0,,,,,,119.0,,,,,,,,,,,,,,,,,,,,,,,,,
2013,primary,SOU,16,16th District ……………,Buffalo SOU 16,,,,,,,8.0,176.0,,,73.0,,,,,,95.0,,,,,,,,,,,,,,,,,,,,,,,,,
2013,primary,SOU,18,18th District ……………,Buffalo SOU 18,,,,,,,3.0,187.0,,,104.0,,,,,,80.0,,,,,,,,,,,,,,,,,,,,,,,,,
2013,primary,SOU,22,22nd District ……………,Buffalo SOU 22,,,,,,,7.0,267.0,,,123.0,,,,,,137.0,,,,,,,,,,,,,,,,,,,,,,,,,
2013,primary,SOU,23,23rd District ……………,Buffalo SOU 23,,,,,,,4.0,89.0,,,39.0,,,,,,46.0,,,,,,,,,,,,,,,,,,,,,,,,,
2013,primary,SOU,24,24th District ……………,Buffalo SOU 24,,,,,,,12.0,247.0,,,121.0,,,,,,114.0,,,,,,,,,,,,,,,,,,,,,,,,,
2013,primary,SOU,28,28th District ……………,Buffalo SOU 28,,,,,,,11.0,299.0,,,141.0,,,,,,147.0,,,,,,,,,,,,,,,,,,,,,,,,,
2013,primary,UNI,1,1st District ……………,Buffalo UNI 1,,,,,,,8.0,269.0,,,138.0,,,,,,123.0,,,,,,,,,,,,,,,,,,,,,,,,,
2013,primary,UNI,2,2nd District ……………,Buffalo UNI 2,,,,,,,2.0,205.0,,,105.0,,,,,,98.0,,,,,,,,,,,,,,,,,,,,,,,,,
2013,primary,UNI,4,4th District ……………,Buffalo UNI 4,,,,,,,1.0,130.0,,,79.0,,,,,,50.0,,,,,,,,,,,,,,,,,,,,,,,,,
2013,primary,UNI,9,9th District ……………,Buffalo UNI 9,,,,,,,5.0,33.0,,,20.0,,,,,,8.0,,,,,,,,,,,,,,,,,,,,,,,,,
2013,primary,UNI,10,10th District ……………,Buffalo UNI 10,,,,,,,3.0,190.0,,,134.0,,,,,,53.0,,,,,,,,,,,,,,,,,,,,,,,,,
2013,primary,UNI,11,11th District ……………,Buffalo UNI 11,,,,,,,3.0,264.0,,,200.0,,,,,,61.0,,,,,,,,,,,,,,,,,,,,,,,,,
2013,primary,UNI,12,12th District ……………,Buffalo UNI 12,,,,,,,4.0,284.0,,,220.0,,,,,,60.0,,,,,,,,,,,,,,,,,,,,,,,,,
2013,primary,UNI,15,15th District ……………,Buffalo UNI 15,,,,,,,1.0,195.0,,,160.0,,,,,,34.0,,,,,,,,,,,,,,,,,,,,,,,,,
2013,primary,UNI,16,16th District ……………,Buffalo UNI 16,,,,,,,1.0,129.0,,,104.0,,,,,,24.0,,,,,,,,,,,,,,,,,,,,,,,,,
2013,primary,UNI,17,17th District ……………,Buffalo UNI 17,,,,,,,4.0,220.0,,,163.0,,,,,,53.0,,,,,,,,,,,,,,,,,,,,,,,,,
2013,primary,UNI,19,19th District ……………,Buffalo UNI 19,,,,,,,0.0,279.0,,,216.0,,,,,,63.0,,,,,,,,,,,,,,,,,,,,,,,,,
2013,primary,UNI,22,22nd District ……………,Buffalo UNI 22,,,,,,,1.0,258.0,,,214.0,,,,,,43.0,,,,,,,,,,,,,,,,,,,,,,,,,
2013,primary,UNI,24,24th District ……………,Buffalo UNI 24,,,,,,,2.0,152.0,,,119.0,,,,,,31.0,,,,,,,,,,,,,,,,,,,,,,,,,
2013,primary,UNI,25,25th District ……………,Buffalo UNI 25,,,,,,,1.0,188.0,,,153.0,,,,,,34.0,,,,,,,,,,,,,,,,,,,,,,,,,
2013,primary,UNI,26,26th District ……………,Buffalo UNI 26,,,,,,,1.0,160.0,,,135.0,,,,,,24.0,,,,,,,,,,,,,,,,,,,,,,,,,
2013,general,DEL,1,1st District ……………,Buffalo DEL 1,,,,,,,0.0,5.0,,,3.0,,,,,,,2.0,,,,,,,,,,,,,,,,,,,,,,,,
2013,general,DEL,2,2nd District ……………,Buffalo DEL 2,,,,,,,13.0,361.0,,,214.0,,,,,,,134.0,,,,,,,,,,,,,,,,,,,,,,,,
2013,general,DEL,3,3rd District ……………,Buffalo DEL 3,,,,,,,12.0,194.0,,,119.0,,,,,,,63.0,,,,,,,,,,,,,,,,,,,,,,,,
2013,general,DEL,4,4th District ……………,Buffalo DEL 4,,,,,,,4.0,129.0,,,85.0,,,,,,,40.0,,,,,,,,,,,,,,,,,,,,,,,,
2013,general,DEL,5,5th District ……………,Buffalo DEL 5,,,,,,,9.0,129.0,,,69.0,,,,,,,51.0,,,,,,,,,,,,,,,,,,,,,,,,
2013,general,DEL,6,6th District ……………,Buffalo DEL 6,,,,,,,7.0,124.0,,,74.0,,,,,,,43.0,,,,,,,,,,,,,,,,,,,,,,,,
2013,general,DEL,7,7th District ……………,Buffalo DEL 7,,,,,,,3.0,182.0,,,107.0,,,,,,,72.0,,,,,,,,,,,,,,,,,,,,,,,,
2013,general,DEL,8,8th District ……………,Buffalo DEL 8,,,,,,,8.0,227.0,,,123.0,,,,,,,96.0,,,,,,,,,,,,,,,,,,,,,,,,
2013,general,DEL,9,9th District ……………,Buffalo DEL 9,,,,,,,16.0,295.0,,,134.0,,,,,,,145.0,,,,,,,,,,,,,,,,,,,,,,,,
2013,general,DEL,10,10th District ……………,Buffalo DEL 10,,,,,,,6.0,129.0,,,58.0,,,,,,,65.0,,,,,,,,,,,,,,,,,,,,,,,,
2013,general,DEL,11,11th District ……………,Buffalo DEL 11,,,,,,,9.0,204.0,,,124.0,,,,,,,71.0,,,,,,,,,,,,,,,,,,,,,,,,
2013,general,DEL,12,12th District ……………,Buffalo DEL 12,,,,,,,4.0,187.0,,,103.0,,,,,,,80.0,,,,,,,,,,,,,,,,,,,,,,,,
2013,general,DEL,13,13th District ……………,Buffalo DEL 13,,,,,,,6.0,97.0,,,68.0,,,,,,,23.0,,,,,,,,,,,,,,,,,,,,,,,,
2013,general,DEL,14,14th District ……………,Buffalo DEL 14,,,,,,,10.0,152.0,,,89.0,,,,,,,53.0,,,,,,,,,,,,,,,,,,,,,,,,
2013,general,DEL,15,15th District ……………,Buffalo DEL 15,,,,,,,5.0,107.0,,,52.0,,,,,,,50.0,,,,,,,,,,,,,,,,,,,,,,,,
2013,general,DEL,16,16th District ……………,Buffalo DEL 16,,,,,,,24.0,268.0,,,158.0,,,,,,,86.0,,,,,,,,,,,,,,,,,,,,,,,,
2013,general,DEL,17,17th District ……………,Buffalo DEL 17,,,,,,,10.0,237.0,,,121.0,,,,,,,106.0,,,,,,,,,,,,,,,,,,,,,,,,
2013,general,DEL,18,18th District ……………,Buffalo DEL 18,,,,,,,2.0,106.0,,,68.0,,,,,,,36.0,,,,,,,,,,,,,,,,,,,,,,,,
2013,general,DEL,19,19th District ……………,Buffalo DEL 19,,,,,,,10.0,162.0,,,92.0,,,,,,,60.0,,,,,,,,,,,,,,,,,,,,,,,,
2013,general,DEL,20,20th District ……………,Buffalo DEL 20,,,,,,,14.0,154.0,,,66.0,,,,,,,74.0,,,,,,,,,,,,,,,,,,,,,,,,
2013,general,DEL,21,21st District ……………,Buffalo DEL 21,,,,,,,14.0,245.0,,,131.0,,,,,,,100.0,,,,,,,,,,,,,,,,,,,,,,,,
2013,general,DEL,22,22nd District ……………,Buffalo DEL 22,,,,,,,4.0,106.0,,,51.0,,,,,,,51.0,,,,,,,,,,,,,,,,,,,,,,,,
2013,general,DEL,23,23rd District ……………,Buffalo DEL 23,,,,,,,21.0,234.0,,,112.0,,,,,,,101.0,,,,,,,,,,,,,,,,,,,,,,,,
2013,general,DEL,24,24th District ……………,Buffalo DEL 24,,,,,,,12.0,153.0,,,79.0,,,,,,,62.0,,,,,,,,,,,,,,,,,,,,,,,,
2013,general,DEL,25,25th District ……………,Buffalo DEL 25,,,,,,,12.0,235.0,,,132.0,,,,,,,91.0,,,,,,,,,,,,,,,,,,,,,,,,
2013,general,DEL,26,26th District ……………,Buffalo DEL 26,,,,,,,8.0,196.0,,,106.0,,,,,,,82.0,,,,,,,,,,,,,,,,,,,,,,,,
2013,general,DEL,27,27th District ……………,Buffalo DEL 27,,,,,,,8.0,114.0,,,87.0,,,,,,,19.0,,,,,,,,,,,,,,,,,,,,,,,,
2013,general,DEL,28,28th District ……………,Buffalo DEL 28,,,,,,,3.0,151.0,,,79.0,,,,,,,69.0,,,,,,,,,,,,,,,,,,,,,,,,
2013,general,DEL,29,29th District ……………,Buffalo DEL 29,,,,,,,6.0,174.0,,,100.0,,,,,,,68.0,,,,,,,,,,,,,,,,,,,,,,,,
2013,general,DEL,30,30th District ……………,Buffalo DEL 30,,,,,,,15.0,243.0,,,112.0,,,,,,,116.0,,,,,,,,,,,,,,,,,,,,,,,,
2013,general,DEL,31,31st District ……………,Buffalo DEL 31,,,,,,,15.0,295.0,,,150.0,,,,,,,130.0,,,,,,,,,,,,,,,,,,,,,,,,
2013,general,DEL,32,32nd District ……………,Buffalo DEL 32,,,,,,,20.0,286.0,,,116.0,,,,,,,150.0,,,,,,,,,,,,,,,,,,,,,,,,
2013,general,DEL,33,33rd District ……………,Buffalo DEL 33,,,,,,,14.0,178.0,,,86.0,,,,,,,78.0,,,,,,,,,,,,,,,,,,,,,,,,
2013,general,DEL,34,34th District ……………,Buffalo DEL 34,,,,,,,11.0,254.0,,,116.0,,,,,,,127.0,,,,,,,,,,,,,,,,,,,,,,,,
2013,general,ELL,1,1st District ……………,Buffalo ELL 1,,,,,,,17.0,382.0,,,270.0,,,,,,,95.0,,,,,,,,,,,,,,,,,,,,,,,,
2013,general,ELL,2,2nd District ……………,Buffalo ELL 2,,,,,,,2.0,77.0,,,37.0,,,,,,,38.0,,,,,,,,,,,,,,,,,,,,,,,,
2013,general,ELL,3,3rd District ……………,Buffalo ELL 3,,,,,,,18.0,215.0,,,140.0,,,,,,,57.0,,,,,,,,,,,,,,,,,,,,,,,,
2013,general,ELL,4,4th District ……………,Buffalo ELL 4,,,,,,,2.0,70.0,,,66.0,,,,,,,2.0,,,,,,,,,,,,,,,,,,,,,,,,
2013,general,ELL,5,5th District ……………,Buffalo ELL 5,,,,,,,0.0,62.0,,,59.0,,,,,,,3.0,,,,,,,,,,,,,,,,,,,,,,,,
2013,general,ELL,6,6th District ……………,Buffalo ELL 6,,,,,,,0.0,87.0,,,79.0,,,,,,,8.0,,,,,,,,,,,,,,,,,,,,,,,,
2013,general,ELL,7,7th District ……………,Buffalo ELL 7,,,,,,,0.0,122.0,,,118.0,,,,,,,4.0,,,,,,,,,,,,,,,,,,,,,,,,
2013,general,ELL,8,8th District ……………,Buffalo ELL 8,,,,,,,0.0,38.0,,,17.0,,,,,,,21.0,,,,,,,,,,,,,,,,,,,,,,,,
2013,general,ELL,9,9th District ……………,Buffalo ELL 9,,,,,,,2.0,39.0,,,23.0,,,,,,,14.0,,,,,,,,,,,,,,,,,,,,,,,,
2013,general,ELL,10,10th District ……………,Buffalo ELL 10,,,,,,,1.0,101.0,,,79.0,,,,,,,21.0,,,,,,,,,,,,,,,,,,,,,,,,
2013,general,ELL,11,11th District ……………,Buffalo ELL 11,,,,,,,0.0,90.0,,,80.0,,,,,,,10.0,,,,,,,,,,,,,,,,,,,,,,,,
2013,general,ELL,12,12th District ……………,Buffalo ELL 12,,,,,,,3.0,167.0,,,155.0,,,,,,,9.0,,,,,,,,,,,,,,,,,,,,,,,,
2013,general,ELL,13,13th District ……………,Buffalo ELL 13,,,,,,,8.0,177.0,,,159.0,,,,,,,10.0,,,,,,,,,,,,,,,,,,,,,,,,
2013,general,ELL,14,14th District ……………,Buffalo ELL 14,,,,,,,2.0,61.0,,,38.0,,,,,,,21.0,,,,,,,,,,,,,,,,,,,,,,,,
2013,general,ELL,15,15th District ……………,Buffalo ELL 15,,,,,,,2.0,100.0,,,77.0,,,,,,,21.0,,,,,,,,,,,,,,,,,,,,,,,,
2013,general,ELL,16,16th District ……………,Buffalo ELL 16,,,,,,,3.0,125.0,,,84.0,,,,,,,38.0,,,,,,,,,,,,,,,,,,,,,,,,
2013,general,ELL,17,17th District ……………,Buffalo ELL 17,,,,,,,2.0,132.0,,,112.0,,,,,,,18.0,,,,,,,,,,,,,,,,,,,,,,,,
2013,general,ELL,18,18th District ……………,Buffalo ELL 18,,,,,,,1.0,71.0,,,65.0,,,,,,,5.0,,,,,,,,,,,,,,,,,,,,,,,,
2013,general,ELL,19,19th District ……………,Buffalo ELL 19,,,,,,,2.0,201.0,,,185.0,,,,,,,14.0,,,,,,,,,,,,,,,,,,,,,,,,
2013,general,ELL,20,20th District ……………,Buffalo ELL 20,,,,,,,0.0,92.0,,,89.0,,,,,,,3.0,,,,,,,,,,,,,,,,,,,,,,,,
2013,general,ELL,21,21st District ……………,Buffalo ELL 21,,,,,,,6.0,144.0,,,128.0,,,,,,,10.0,,,,,,,,,,,,,,,,,,,,,,,,
2013,general,ELL,22,22nd District ……………,Buffalo ELL 22,,,,,,,1.0,182.0,,,170.0,,,,,,,11.0,,,,,,,,,,,,,,,,,,,,,,,,
2013,general,ELL,23,23rd District ……………,Buffalo ELL 23,,,,,,,3.0,100.0,,,92.0,,,,,,,5.0,,,,,,,,,,,,,,,,,,,,,,,,
2013,general,ELL,24,24th District ……………,Buffalo ELL 24,,,,,,,0.0,37.0,,,19.0,,,,,,,18.0,,,,,,,,,,,,,,,,,,,,,,,,
2013,general,ELL,25,25th District ……………,Buffalo ELL 25,,,,,,,5.0,68.0,,,29.0,,,,,,,34.0,,,,,,,,,,,,,,,,,,,,,,,,
2013,general,ELL,26,26th District ……………,Buffalo ELL 26,,,,,,,6.0,244.0,,,217.0,,,,,,,21.0,,,,,,,,,,,,,,,,,,,,,,,,
2013,general,ELL,27,27th District ……………,Buffalo ELL 27,,,,,,,2.0,111.0,,,106.0,,,,,,,3.0,,,,,,,,,,,,,,,,,,,,,,,,
2013,general,ELL,28,28th District ……………,Buffalo ELL 28,,,,,,,0.0,136.0,,,128.0,,,,,,,8.0,,,,,,,,,,,,,,,,,,,,,,,,
2013,general,ELL,29,29th District ……………,Buffalo ELL 29,,,,,,,3.0,209.0,,,184.0,,,,,,,22.0,,,,,,,,,,,,,,,,,,,,,,,,
2013,general,ELL,30,30th District ……………,Buffalo ELL 30,,,,,,,3.0,95.0,,,86.0,,,,,,,6.0,,,,,,,,,,,,,,,,,,,,,,,,
2013,general,ELL,31,31st District ……………,Buffalo ELL 31,,,,,,,5.0,218.0,,,198.0,,,,,,,15.0,,,,,,,,,,,,,,,,,,,,,,,,
2013,general,ELL,32,32nd District ……………,Buffalo ELL 32,,,,,,,3.0,70.0,,,59.0,,,,,,,8.0,,,,,,,,,,,,,,,,,,,,,,,,
2013,general,ELL,33,33rd District ……………,Buffalo ELL 33,,,,,,,5.0,85.0,,,43.0,,,,,,,37.0,,,,,,,,,,,,,,,,,,,,,,,,
2013,general,ELL,34,34th District ……………,Buffalo ELL 34,,,,,,,0.0,58.0,,,41.0,,,,,,,17.0,,,,,,,,,,,,,,,,,,,,,,,,
2013,general,ELL,35,35th District ……………,Buffalo ELL 35,,,,,,,5.0,189.0,,,138.0,,,,,,,46.0,,,,,,,,,,,,,,,,,,,,,,,,
2013,general,ELL,36,36th District ……………,Buffalo ELL 36,,,,,,,0.0,54.0,,,34.0,,,,,,,20.0,,,,,,,,,,,,,,,,,,,,,,,,
2013,general,FIL,1,1st District ……………,Buffalo FIL 1,,,,,,,5.0,172.0,,,81.0,,,,,,,86.0,,,,,,,,,,,,,,,,,,,,,,,,
2013,general,FIL,2,2nd District ……………,Buffalo FIL 2,,,,,,,11.0,140.0,,,63.0,,,,,,,66.0,,,,,,,,,,,,,,,,,,,,,,,,
2013,general,FIL,3,3rd District ……………,Buffalo FIL 3,,,,,,,5.0,130.0,,,76.0,,,,,,,49.0,,,,,,,,,,,,,,,,,,,,,,,,
2013,general,FIL,4,4th District ……………,Buffalo FIL 4,,,,,,,7.0,79.0,,,46.0,,,,,,,26.0,,,,,,,,,,,,,,,,,,,,,,,,
2013,general,FIL,5,5th District ……………,Buffalo FIL 5,,,,,,,12.0,155.0,,,76.0,,,,,,,67.0,,,,,,,,,,,,,,,,,,,,,,,,
2013,general,FIL,6,6th District ……………,Buffalo FIL 6,,,,,,,0.0,20.0,,,11.0,,,,,,,9.0,,,,,,,,,,,,,,,,,,,,,,,,
2013,general,FIL,7,7th District ……………,Buffalo FIL 7,,,,,,,9.0,125.0,,,80.0,,,,,,,36.0,,,,,,,,,,,,,,,,,,,,,,,,
2013,general,FIL,8,8th District ……………,Buffalo FIL 8,,,,,,,14.0,296.0,,,161.0,,,,,,,121.0,,,,,,,,,,,,,,,,,,,,,,,,
2013,general,FIL,9,9th District ……………,Buffalo FIL 9,,,,,,,0.0,67.0,,,63.0,,,,,,,4.0,,,,,,,,,,,,,,,,,,,,,,,,
2013,general,FIL,10,10th District ……………,Buffalo FIL 10,,,,,,,8.0,171.0,,,151.0,,,,,,,12.0,,,,,,,,,,,,,,,,,,,,,,,,
2013,general,FIL,11,11th District ……………,Buffalo FIL 11,,,,,,,5.0,298.0,,,275.0,,,,,,,18.0,,,,,,,,,,,,,,,,,,,,,,,,
2013,general,FIL,12,12th District ……………,Buffalo FIL 12,,,,,,,0.0,13.0,,,6.0,,,,,,,7.0,,,,,,,,,,,,,,,,,,,,,,,,
2013,general,FIL,13,13th District ……………,Buffalo FIL 13,,,,,,,6.0,267.0,,,160.0,,,,,,,101.0,,,,,,,,,,,,,,,,,,,,,,,,
2013,general,FIL,14,14th District ……………,Buffalo FIL 14,,,,,,,0.0,125.0,,,70.0,,,,,,,55.0,,,,,,,,,,,,,,,,,,,,,,,,
2013,general,FIL,15,15th District ……………,Buffalo FIL 15,,,,,,,1.0,59.0,,,40.0,,,,,,,18.0,,,,,,,,,,,,,,,,,,,,,,,,
2013,general,FIL,16,16th District ……………,Buffalo FIL 16,,,,,,,0.0,35.0,,,25.0,,,,,,,10.0,,,,,,,,,,,,,,,,,,,,,,,,
2013,general,FIL,17,17th District ……………,Buffalo FIL 17,,,,,,,0.0,24.0,,,16.0,,,,,,,8.0,,,,,,,,,,,,,,,,,,,,,,,,
2013,general,FIL,18,18th District ……………,Buffalo FIL 18,,,,,,,4.0,140.0,,,104.0,,,,,,,32.0,,,,,,,,,,,,,,,,,,,,,,,,
2013,general,FIL,19,19th District ……………,Buffalo FIL 19,,,,,,,3.0,134.0,,,87.0,,,,,,,44.0,,,,,,,,,,,,,,,,,,,,,,,,
2013,general,FIL,20,20th District ……………,Buffalo FIL 20,,,,,,,0.0,152.0,,,136.0,,,,,,,16.0,,,,,,,,,,,,,,,,,,,,,,,,
2013,general,FIL,21,21st District ……………,Buffalo FIL 21,,,,,,,1.0,63.0,,,54.0,,,,,,,8.0,,,,,,,,,,,,,,,,,,,,,,,,
2013,general,FIL,22,22nd District ……………,Buffalo FIL 22,,,,,,,0.0,29.0,,,26.0,,,,,,,3.0,,,,,,,,,,,,,,,,,,,,,,,,
2013,general,FIL,23,23rd District ……………,Buffalo FIL 23,,,,,,,3.0,36.0,,,22.0,,,,,,,11.0,,,,,,,,,,,,,,,,,,,,,,,,
2013,general,FIL,24,24th District ……………,Buffalo FIL 24,,,,,,,1.0,55.0,,,42.0,,,,,,,12.0,,,,,,,,,,,,,,,,,,,,,,,,
2013,general,FIL,25,25th District ……………,Buffalo FIL 25,,,,,,,2.0,114.0,,,84.0,,,,,,,28.0,,,,,,,,,,,,,,,,,,,,,,,,
2013,general,FIL,26,26th District ……………,Buffalo FIL 26,,,,,,,1.0,56.0,,,50.0,,,,,,,5.0,,,,,,,,,,,,,,,,,,,,,,,,
2013,general,FIL,27,27th District ……………,Buffalo FIL 27,,,,,,,2.0,83.0,,,68.0,,,,,,,13.0,,,,,,,,,,,,,,,,,,,,,,,,
2013,general,FIL,28,28th District ……………,Buffalo FIL 28,,,,,,,2.0,90.0,,,74.0,,,,,,,14.0,,,,,,,,,,,,,,,,,,,,,,,,
2013,general,FIL,29,29th District ……………,Buffalo FIL 29,,,,,,,2.0,126.0,,,115.0,,,,,,,9.0,,,,,,,,,,,,,,,,,,,,,,,,
2013,general,FIL,30,30th District ……………,Buffalo FIL 30,,,,,,,4.0,98.0,,,78.0,,,,,,,16.0,,,,,,,,,,,,,,,,,,,,,,,,
2013,general,FIL,31,31st District ……………,Buffalo FIL 31,,,,,,,4.0,68.0,,,61.0,,,,,,,3.0,,,,,,,,,,,,,,,,,,,,,,,,
2013,general,FIL,32,32nd District ……………,Buffalo FIL 32,,,,,,,1.0,76.0,,,58.0,,,,,,,17.0,,,,,,,,,,,,,,,,,,,,,,,,
2013,general,FIL,33,33rd District ……………,Buffalo FIL 33,,,,,,,0.0,70.0,,,67.0,,,,,,,3.0,,,,,,,,,,,,,,,,,,,,,,,,
2013,general,FIL,34,34th District ……………,Buffalo FIL 34,,,,,,,3.0,53.0,,,47.0,,,,,,,3.0,,,,,,,,,,,,,,,,,,,,,,,,
2013,general,FIL,35,35th District ……………,Buffalo FIL 35,,,,,,,2.0,87.0,,,79.0,,,,,,,6.0,,,,,,,,,,,,,,,,,,,,,,,,
2013,general,LOV,1,1st District ……………,Buffalo LOV 1,,,,,,,1.0,52.0,,,47.0,,,,,,,4.0,,,,,,,,,,,,,,,,,,,,,,,,
2013,general,LOV,2,2nd District ……………,Buffalo LOV 2,,,,,,,0.0,14.0,,,13.0,,,,,,,1.0,,,,,,,,,,,,,,,,,,,,,,,,
2013,general,LOV,3,3rd District ……………,Buffalo LOV 3,,,,,,,3.0,135.0,,,121.0,,,,,,,11.0,,,,,,,,,,,,,,,,,,,,,,,,
2013,general,LOV,4,4th District ……………,Buffalo LOV 4,,,,,,,1.0,112.0,,,101.0,,,,,,,10.0,,,,,,,,,,,,,,,,,,,,,,,,
2013,general,LOV,5,5th District ……………,Buffalo LOV 5,,,,,,,2.0,93.0,,,84.0,,,,,,,7.0,,,,,,,,,,,,,,,,,,,,,,,,
2013,general,LOV,6,6th District ……………,Buffalo LOV 6,,,,,,,4.0,129.0,,,106.0,,,,,,,19.0,,,,,,,,,,,,,,,,,,,,,,,,
2013,general,LOV,7,7th District ……………,Buffalo LOV 7,,,,,,,3.0,65.0,,,55.0,,,,,,,7.0,,,,,,,,,,,,,,,,,,,,,,,,
2013,general,LOV,8,8th District ……………,Buffalo LOV 8,,,,,,,2.0,43.0,,,34.0,,,,,,,7.0,,,,,,,,,,,,,,,,,,,,,,,,
2013,general,LOV,9,9th District ……………,Buffalo LOV 9,,,,,,,1.0,108.0,,,100.0,,,,,,,7.0,,,,,,,,,,,,,,,,,,,,,,,,
2013,general,LOV,10,10th District ……………,Buffalo LOV 10,,,,,,,2.0,78.0,,,55.0,,,,,,,21.0,,,,,,,,,,,,,,,,,,,,,,,,
2013,general,LOV,11,11th District ……………,Buffalo LOV 11,,,,,,,0.0,56.0,,,51.0,,,,,,,5.0,,,,,,,,,,,,,,,,,,,,,,,,
2013,general,LOV,12,12th District ……………,Buffalo LOV 12,,,,,,,2.0,113.0,,,87.0,,,,,,,24.0,,,,,,,,,,,,,,,,,,,,,,,,
2013,general,LOV,13,13th District ……………,Buffalo LOV 13,,,,,,,6.0,105.0,,,85.0,,,,,,,14.0,,,,,,,,,,,,,,,,,,,,,,,,
2013,general,LOV,14,14th District ……………,Buffalo LOV 14,,,,,,,4.0,190.0,,,152.0,,,,,,,34.0,,,,,,,,,,,,,,,,,,,,,,,,
2013,general,LOV,15,15th District ……………,Buffalo LOV 15,,,,,,,2.0,77.0,,,39.0,,,,,,,36.0,,,,,,,,,,,,,,,,,,,,,,,,
2013,general,LOV,16,16th District ……………,Buffalo LOV 16,,,,,,,10.0,167.0,,,94.0,,,,,,,63.0,,,,,,,,,,,,,,,,,,,,,,,,
2013,general,LOV,17,17th District ……………,Buffalo LOV 17,,,,,,,4.0,158.0,,,91.0,,,,,,,63.0,,,,,,,,,,,,,,,,,,,,,,,,
2013,general,LOV,18,18th District ……………,Buffalo LOV 18,,,,,,,1.0,105.0,,,55.0,,,,,,,49.0,,,,,,,,,,,,,,,,,,,,,,,,
2013,general,LOV,19,19th District ……………,Buffalo LOV 19,,,,,,,1.0,47.0,,,26.0,,,,,,,20.0,,,,,,,,,,,,,,,,,,,,,,,,
2013,general,LOV,20,20th District ……………,Buffalo LOV 20,,,,,,,4.0,85.0,,,44.0,,,,,,,37.0,,,,,,,,,,,,,,,,,,,,,,,,
2013,general,LOV,21,21st District ……………,Buffalo LOV 21,,,,,,,4.0,60.0,,,26.0,,,,,,,30.0,,,,,,,,,,,,,,,,,,,,,,,,
2013,general,LOV,22,22nd District ……………,Buffalo LOV 22,,,,,,,0.0,21.0,,,13.0,,,,,,,8.0,,,,,,,,,,,,,,,,,,,,,,,,
2013,general,LOV,23,23rd District ……………,Buffalo LOV 23,,,,,,,5.0,81.0,,,36.0,,,,,,,40.0,,,,,,,,,,,,,,,,,,,,,,,,
2013,general,LOV,24,24th District ……………,Buffalo LOV 24,,,,,,,5.0,179.0,,,99.0,,,,,,,75.0,,,,,,,,,,,,,,,,,,,,,,,,
2013,general,LOV,25,25th District ……………,Buffalo LOV 25,,,,,,,0.0,1.0,,,1.0,,,,,,,0.0,,,,,,,,,,,,,,,,,,,,,,,,
2013,general,LOV,26,26th District ……………,Buffalo LOV 26,,,,,,,1.0,59.0,,,39.0,,,,,,,19.0,,,,,,,,,,,,,,,,,,,,,,,,
2013,general,LOV,27,27th District ……………,Buffalo LOV 27,,,,,,,1.0,16.0,,,9.0,,,,,,,6.0,,,,,,,,,,,,,,,,,,,,,,,,
2013,general,LOV,28,28th District ……………,Buffalo LOV 28,,,,,,,9.0,169.0,,,75.0,,,,,,,85.0,,,,,,,,,,,,,,,,,,,,,,,,
2013,general,LOV,29,29th District ……………,Buffalo LOV 29,,,,,,,6.0,189.0,,,109.0,,,,,,,74.0,,,,,,,,,,,,,,,,,,,,,,,,
2013,general,LOV,30,30th District ……………,Buffalo LOV 30,,,,,,,8.0,215.0,,,117.0,,,,,,,90.0,,,,,,,,,,,,,,,,,,,,,,,,
2013,general,LOV,31,31st District ……………,Buffalo LOV 31,,,,,,,7.0,216.0,,,115.0,,,,,,,94.0,,,,,,,,,,,,,,,,,,,,,,,,
2013,general,LOV,32,32nd District ……………,Buffalo LOV 32,,,,,,,1.0,30.0,,,18.0,,,,,,,11.0,,,,,,,,,,,,,,,,,,,,,,,,
2013,general,MAS,1,1st District ……………,Buffalo MAS 1,,,,,,,6.0,144.0,,,127.0,,,,,,,11.0,,,,,,,,,,,,,,,,,,,,,,,,
2013,general,MAS,2,2nd District ……………,Buffalo MAS 2,,,,,,,3.0,66.0,,,36.0,,,,,,,27.0,,,,,,,,,,,,,,,,,,,,,,,,
2013,general,MAS,3,3rd District ……………,Buffalo MAS 3,,,,,,,1.0,193.0,,,180.0,,,,,,,12.0,,,,,,,,,,,,,,,,,,,,,,,,
2013,general,MAS,4,4th District ……………,Buffalo MAS 4,,,,,,,1.0,166.0,,,154.0,,,,,,,11.0,,,,,,,,,,,,,,,,,,,,,,,,
2013,general,MAS,5,5th District ……………,Buffalo MAS 5,,,,,,,0.0,12.0,,,11.0,,,,,,,1.0,,,,,,,,,,,,,,,,,,,,,,,,
2013,general,MAS,6,6th District ……………,Buffalo MAS 6,,,,,,,2.0,54.0,,,50.0,,,,,,,2.0,,,,,,,,,,,,,,,,,,,,,,,,
2013,general,MAS,7,7th District ……………,Buffalo MAS 7,,,,,,,6.0,179.0,,,160.0,,,,,,,13.0,,,,,,,,,,,,,,,,,,,,,,,,
2013,general,MAS,8,8th District ……………,Buffalo MAS 8,,,,,,,1.0,99.0,,,89.0,,,,,,,9.0,,,,,,,,,,,,,,,,,,,,,,,,
2013,general,MAS,9,9th District ……………,Buffalo MAS 9,,,,,,,1.0,94.0,,,85.0,,,,,,,8.0,,,,,,,,,,,,,,,,,,,,,,,,
2013,general,MAS,10,10th District ……………,Buffalo MAS 10,,,,,,,1.0,84.0,,,71.0,,,,,,,12.0,,,,,,,,,,,,,,,,,,,,,,,,
2013,general,MAS,11,11th District ……………,Buffalo MAS 11,,,,,,,3.0,183.0,,,173.0,,,,,,,7.0,,,,,,,,,,,,,,,,,,,,,,,,
2013,general,MAS,12,12th District ……………,Buffalo MAS 12,,,,,,,2.0,187.0,,,177.0,,,,,,,8.0,,,,,,,,,,,,,,,,,,,,,,,,
2013,general,MAS,13,13th District ……………,Buffalo MAS 13,,,,,,,3.0,140.0,,,132.0,,,,,,,5.0,,,,,,,,,,,,,,,,,,,,,,,,
2013,general,MAS,14,14th District ……………,Buffalo MAS 14,,,,,,,1.0,94.0,,,80.0,,,,,,,13.0,,,,,,,,,,,,,,,,,,,,,,,,
2013,general,MAS,15,15th District ……………,Buffalo MAS 15,,,,,,,1.0,82.0,,,73.0,,,,,,,8.0,,,,,,,,,,,,,,,,,,,,,,,,
2013,general,MAS,16,16th District ……………,Buffalo MAS 16,,,,,,,1.0,89.0,,,86.0,,,,,,,2.0,,,,,,,,,,,,,,,,,,,,,,,,
2013,general,MAS,17,17th District ……………,Buffalo MAS 17,,,,,,,4.0,97.0,,,83.0,,,,,,,10.0,,,,,,,,,,,,,,,,,,,,,,,,
2013,general,MAS,18,18th District ……………,Buffalo MAS 18,,,,,,,2.0,99.0,,,89.0,,,,,,,8.0,,,,,,,,,,,,,,,,,,,,,,,,
2013,general,MAS,19,19th District ……………,Buffalo MAS 19,,,,,,,1.0,144.0,,,133.0,,,,,,,10.0,,,,,,,,,,,,,,,,,,,,,,,,
2013,general,MAS,20,20th District ……………,Buffalo MAS 20,,,,,,,4.0,173.0,,,158.0,,,,,,,11.0,,,,,,,,,,,,,,,,,,,,,,,,
2013,general,MAS,21,21st District ……………,Buffalo MAS 21,,,,,,,1.0,131.0,,,125.0,,,,,,,5.0,,,,,,,,,,,,,,,,,,,,,,,,
2013,general,MAS,22,22nd District ……………,Buffalo MAS 22,,,,,,,2.0,101.0,,,90.0,,,,,,,9.0,,,,,,,,,,,,,,,,,,,,,,,,
2013,general,MAS,23,23rd District ……………,Buffalo MAS 23,,,,,,,4.0,249.0,,,235.0,,,,,,,10.0,,,,,,,,,,,,,,,,,,,,,,,,
2013,general,MAS,24,24th District ……………,Buffalo MAS 24,,,,,,,2.0,237.0,,,216.0,,,,,,,19.0,,,,,,,,,,,,,,,,,,,,,,,,
2013,general,MAS,25,25th District ……………,Buffalo MAS 25,,,,,,,1.0,103.0,,,99.0,,,,,,,3.0,,,,,,,,,,,,,,,,,,,,,,,,
2013,general,MAS,26,26th District ……………,Buffalo MAS 26,,,,,,,2.0,74.0,,,70.0,,,,,,,2.0,,,,,,,,,,,,,,,,,,,,,,,,
2013,general,MAS,27,27th District ……………,Buffalo MAS 27,,,,,,,3.0,219.0,,,196.0,,,,,,,20.0,,,,,,,,,,,,,,,,,,,,,,,,
2013,general,MAS,28,28th District ……………,Buffalo MAS 28,,,,,,,1.0,152.0,,,141.0,,,,,,,10.0,,,,,,,,,,,,,,,,,,,,,,,,
2013,general,MAS,29,29th District ……………,Buffalo MAS 29,,,,,,,2.0,122.0,,,114.0,,,,,,,6.0,,,,,,,,,,,,,,,,,,,,,,,,
2013,general,MAS,30,30th District ……………,Buffalo MAS 30,,,,,,,1.0,106.0,,,101.0,,,,,,,4.0,,,,,,,,,,,,,,,,,,,,,,,,
2013,general,MAS,31,31st District ……………,Buffalo MAS 31,,,,,,,0.0,51.0,,,48.0,,,,,,,3.0,,,,,,,,,,,,,,,,,,,,,,,,
2013,general,MAS,32,32nd District ……………,Buffalo MAS 32,,,,,,,2.0,127.0,,,115.0,,,,,,,10.0,,,,,,,,,,,,,,,,,,,,,,,,
2013,general,MAS,33,33rd District ……………,Buffalo MAS 33,,,,,,,4.0,165.0,,,151.0,,,,,,,10.0,,,,,,,,,,,,,,,,,,,,,,,,
2013,general,MAS,34,34th District ……………,Buffalo MAS 34,,,,,,,1.0,49.0,,,44.0,,,,,,,4.0,,,,,,,,,,,,,,,,,,,,,,,,
2013,general,MAS,35,35th District ……………,Buffalo MAS 35,,,,,,,3.0,106.0,,,101.0,,,,,,,2.0,,,,,,,,,,,,,,,,,,,,,,,,
2013,general,MAS,36,36th District ……………,Buffalo MAS 36,,,,,,,1.0,113.0,,,99.0,,,,,,,13.0,,,,,,,,,,,,,,,,,,,,,,,,
2013,general,MAS,37,37th District ……………,Buffalo MAS 37,,,,,,,0.0,26.0,,,26.0,,,,,,,0.0,,,,,,,,,,,,,,,,,,,,,,,,
2013,general,MAS,38,38th District ……………,Buffalo MAS 38,,,,,,,1.0,109.0,,,100.0,,,,,,,8.0,,,,,,,,,,,,,,,,,,,,,,,,
2013,general,MAS,39,39th District ……………,Buffalo MAS 39,,,,,,,0.0,30.0,,,27.0,,,,,,,3.0,,,,,,,,,,,,,,,,,,,,,,,,
2013,general,MAS,40,40th District ……………,Buffalo MAS 40,,,,,,,1.0,95.0,,,91.0,,,,,,,3.0,,,,,,,,,,,,,,,,,,,,,,,,
2013,general,MAS,41,41st District ……………,Buffalo MAS 41,,,,,,,0.0,44.0,,,42.0,,,,,,,2.0,,,,,,,,,,,,,,,,,,,,,,,,
2013,general,MAS,42,42nd District ……………,Buffalo MAS 42,,,,,,,3.0,117.0,,,103.0,,,,,,,11.0,,,,,,,,,,,,,,,,,,,,,,,,
2013,general,NIA,1,1st District ……………,Buffalo NIA 1,,,,,,,5.0,71.0,,,36.0,,,,,,,30.0,,,,,,,,,,,,,,,,,,,,,,,,
2013,general,NIA,2,2nd District ……………,Buffalo NIA 2,,,,,,,6.0,134.0,,,71.0,,,,,,,57.0,,,,,,,,,,,,,,,,,,,,,,,,
2013,general,NIA,3,3rd District ……………,Buffalo NIA 3,,,,,,,0.0,43.0,,,22.0,,,,,,,21.0,,,,,,,,,,,,,,,,,,,,,,,,
2013,general,NIA,4,4th District ……………,Buffalo NIA 4,,,,,,,1.0,22.0,,,15.0,,,,,,,6.0,,,,,,,,,,,,,,,,,,,,,,,,
2013,general,NIA,5,5th District ……………,Buffalo NIA 5,,,,,,,0.0,128.0,,,76.0,,,,,,,52.0,,,,,,,,,,,,,,,,,,,,,,,,
2013,general,NIA,6,6th District ……………,Buffalo NIA 6,,,,,,,2.0,135.0,,,75.0,,,,,,,58.0,,,,,,,,,,,,,,,,,,,,,,,,
2013,general,NIA,7,7th District ……………,Buffalo NIA 7,,,,,,,2.0,82.0,,,50.0,,,,,,,30.0,,,,,,,,,,,,,,,,,,,,,,,,
2013,general,NIA,8,8th District ……………,Buffalo NIA 8,,,,,,,3.0,89.0,,,65.0,,,,,,,21.0,,,,,,,,,,,,,,,,,,,,,,,,
2013,general,NIA,9,9th District ……………,Buffalo NIA 9,,,,,,,4.0,181.0,,,109.0,,,,,,,68.0,,,,,,,,,,,,,,,,,,,,,,,,
2013,general,NIA,10,10th District ……………,Buffalo NIA 10,,,,,,,3.0,70.0,,,49.0,,,,,,,18.0,,,,,,,,,,,,,,,,,,,,,,,,
2013,general,NIA,11,11th District ……………,Buffalo NIA 11,,,,,,,5.0,84.0,,,48.0,,,,,,,31.0,,,,,,,,,,,,,,,,,,,,,,,,
2013,general,NIA,12,12th District ……………,Buffalo NIA 12,,,,,,,1.0,124.0,,,76.0,,,,,,,47.0,,,,,,,,,,,,,,,,,,,,,,,,
2013,general,NIA,13,13th District ……………,Buffalo NIA 13,,,,,,,4.0,72.0,,,47.0,,,,,,,21.0,,,,,,,,,,,,,,,,,,,,,,,,
2013,general,NIA,14,14th District ……………,Buffalo NIA 14,,,,,,,8.0,158.0,,,87.0,,,,,,,63.0,,,,,,,,,,,,,,,,,,,,,,,,
2013,general,NIA,15,15th District ……………,Buffalo NIA 15,,,,,,,4.0,70.0,,,33.0,,,,,,,33.0,,,,,,,,,,,,,,,,,,,,,,,,
2013,general,NIA,16,16th District ……………,Buffalo NIA 16,,,,,,,3.0,92.0,,,64.0,,,,,,,25.0,,,,,,,,,,,,,,,,,,,,,,,,
2013,general,NIA,17,17th District ……………,Buffalo NIA 17,,,,,,,2.0,31.0,,,16.0,,,,,,,13.0,,,,,,,,,,,,,,,,,,,,,,,,
2013,general,NIA,18,18th District ……………,Buffalo NIA 18,,,,,,,11.0,216.0,,,107.0,,,,,,,98.0,,,,,,,,,,,,,,,,,,,,,,,,
2013,general,NIA,19,19th District ……………,Buffalo NIA 19,,,,,,,11.0,317.0,,,144.0,,,,,,,162.0,,,,,,,,,,,,,,,,,,,,,,,,
2013,general,NIA,20,20th District ……………,Buffalo NIA 20,,,,,,,0.0,25.0,,,17.0,,,,,,,8.0,,,,,,,,,,,,,,,,,,,,,,,,
2013,general,NIA,21,21st District ……………,Buffalo NIA 21,,,,,,,4.0,162.0,,,102.0,,,,,,,56.0,,,,,,,,,,,,,,,,,,,,,,,,
2013,general,NIA,22,22nd District ……………,Buffalo NIA 22,,,,,,,4.0,49.0,,,33.0,,,,,,,12.0,,,,,,,,,,,,,,,,,,,,,,,,
2013,general,NIA,23,23rd District ……………,Buffalo NIA 23,,,,,,,4.0,82.0,,,45.0,,,,,,,33.0,,,,,,,,,,,,,,,,,,,,,,,,
2013,general,NIA,24,24th District ……………,Buffalo NIA 24,,,,,,,7.0,159.0,,,87.0,,,,,,,65.0,,,,,,,,,,,,,,,,,,,,,,,,
2013,general,NIA,25,25th District ……………,Buffalo NIA 25,,,,,,,14.0,209.0,,,121.0,,,,,,,74.0,,,,,,,,,,,,,,,,,,,,,,,,
2013,general,NIA,26,26th District ……………,Buffalo NIA 26,,,,,,,5.0,106.0,,,58.0,,,,,,,43.0,,,,,,,,,,,,,,,,,,,,,,,,
2013,general,NIA,27,27th District ……………,Buffalo NIA 27,,,,,,,0.0,61.0,,,34.0,,,,,,,27.0,,,,,,,,,,,,,,,,,,,,,,,,
2013,general,NIA,28,28th District ……………,Buffalo NIA 28,,,,,,,5.0,109.0,,,59.0,,,,,,,45.0,,,,,,,,,,,,,,,,,,,,,,,,
2013,general,NOR,1,1st District ……………,Buffalo NOR 1,,,,,,,9.0,139.0,,,84.0,,,,,,,46.0,,,,,,,,,,,,,,,,,,,,,,,,
2013,general,NOR,2,2nd District ……………,Buffalo NOR 2,,,,,,,4.0,148.0,,,91.0,,,,,,,53.0,,,,,,,,,,,,,,,,,,,,,,,,
2013,general,NOR,3,3rd District ……………,Buffalo NOR 3,,,,,,,0.0,67.0,,,50.0,,,,,,,17.0,,,,,,,,,,,,,,,,,,,,,,,,
2013,general,NOR,4,4th District ……………,Buffalo NOR 4,,,,,,,3.0,86.0,,,56.0,,,,,,,27.0,,,,,,,,,,,,,,,,,,,,,,,,
2013,general,NOR,5,5th District ……………,Buffalo NOR 5,,,,,,,4.0,114.0,,,75.0,,,,,,,35.0,,,,,,,,,,,,,,,,,,,,,,,,
2013,general,NOR,6,6th District ……………,Buffalo NOR 6,,,,,,,4.0,110.0,,,69.0,,,,,,,37.0,,,,,,,,,,,,,,,,,,,,,,,,
2013,general,NOR,7,7th District ……………,Buffalo NOR 7,,,,,,,2.0,81.0,,,55.0,,,,,,,24.0,,,,,,,,,,,,,,,,,,,,,,,,
2013,general,NOR,8,8th District ……………,Buffalo NOR 8,,,,,,,0.0,15.0,,,7.0,,,,,,,8.0,,,,,,,,,,,,,,,,,,,,,,,,
2013,general,NOR,9,9th District ……………,Buffalo NOR 9,,,,,,,5.0,140.0,,,93.0,,,,,,,42.0,,,,,,,,,,,,,,,,,,,,,,,,
2013,general,NOR,10,10th District ……………,Buffalo NOR 10,,,,,,,2.0,106.0,,,60.0,,,,,,,44.0,,,,,,,,,,,,,,,,,,,,,,,,
2013,general,NOR,11,11th District ……………,Buffalo NOR 11,,,,,,,4.0,139.0,,,84.0,,,,,,,51.0,,,,,,,,,,,,,,,,,,,,,,,,
2013,general,NOR,12,12th District ……………,Buffalo NOR 12,,,,,,,3.0,169.0,,,116.0,,,,,,,50.0,,,,,,,,,,,,,,,,,,,,,,,,
2013,general,NOR,13,13th District ……………,Buffalo NOR 13,,,,,,,3.0,108.0,,,77.0,,,,,,,28.0,,,,,,,,,,,,,,,,,,,,,,,,
2013,general,NOR,14,14th District ……………,Buffalo NOR 14,,,,,,,1.0,71.0,,,36.0,,,,,,,34.0,,,,,,,,,,,,,,,,,,,,,,,,
2013,general,NOR,15,15th District ……………,Buffalo NOR 15,,,,,,,0.0,34.0,,,24.0,,,,,,,10.0,,,,,,,,,,,,,,,,,,,,,,,,
2013,general,NOR,16,16th District ……………,Buffalo NOR 16,,,,,,,2.0,89.0,,,53.0,,,,,,,34.0,,,,,,,,,,,,,,,,,,,,,,,,
2013,general,NOR,17,17th District ……………,Buffalo NOR 17,,,,,,,6.0,129.0,,,97.0,,,,,,,26.0,,,,,,,,,,,,,,,,,,,,,,,,
2013,general,NOR,18,18th District ……………,Buffalo NOR 18,,,,,,,1.0,124.0,,,82.0,,,,,,,41.0,,,,,,,,,,,,,,,,,,,,,,,,
2013,general,NOR,19,19th District ……………,Buffalo NOR 19,,,,,,,1.0,90.0,,,66.0,,,,,,,23.0,,,,,,,,,,,,,,,,,,,,,,,,
2013,general,NOR,20,20th District ……………,Buffalo NOR 20,,,,,,,9.0,219.0,,,116.0,,,,,,,94.0,,,,,,,,,,,,,,,,,,,,,,,,
2013,general,NOR,21,21st District ……………,Buffalo NOR 21,,,,,,,4.0,106.0,,,70.0,,,,,,,32.0,,,,,,,,,,,,,,,,,,,,,,,,
2013,general,NOR,22,22nd District ……………,Buffalo NOR 22,,,,,,,2.0,47.0,,,30.0,,,,,,,15.0,,,,,,,,,,,,,,,,,,,,,,,,
2013,general,NOR,23,23rd District ……………,Buffalo NOR 23,,,,,,,7.0,276.0,,,180.0,,,,,,,89.0,,,,,,,,,,,,,,,,,,,,,,,,
2013,general,NOR,24,24th District ……………,Buffalo NOR 24,,,,,,,7.0,150.0,,,72.0,,,,,,,71.0,,,,,,,,,,,,,,,,,,,,,,,,
2013,general,NOR,25,25th District ……………,Buffalo NOR 25,,,,,,,0.0,63.0,,,33.0,,,,,,,30.0,,,,,,,,,,,,,,,,,,,,,,,,
2013,general,NOR,26,26th District ……………,Buffalo NOR 26,,,,,,,3.0,40.0,,,29.0,,,,,,,8.0,,,,,,,,,,,,,,,,,,,,,,,,
2013,general,NOR,27,27th District ……………,Buffalo NOR 27,,,,,,,2.0,35.0,,,16.0,,,,,,,17.0,,,,,,,,,,,,,,,,,,,,,,,,
2013,general,SOU,1,1st District ……………,Buffalo SOU 1,,,,,,,1.0,68.0,,,42.0,,,,,,,25.0,,,,,,,,,,,,,,,,,,,,,,,,
2013,general,SOU,2,2nd District ……………,Buffalo SOU 2,,,,,,,14.0,278.0,,,161.0,,,,,,,103.0,,,,,,,,,,,,,,,,,,,,,,,,
2013,general,SOU,3,3rd District ……………,Buffalo SOU 3,,,,,,,9.0,123.0,,,64.0,,,,,,,50.0,,,,,,,,,,,,,,,,,,,,,,,,
2013,general,SOU,4,4th District ……………,Buffalo SOU 4,,,,,,,3.0,148.0,,,73.0,,,,,,,72.0,,,,,,,,,,,,,,,,,,,,,,,,
2013,general,SOU,5,5th District ……………,Buffalo SOU 5,,,,,,,11.0,234.0,,,137.0,,,,,,,86.0,,,,,,,,,,,,,,,,,,,,,,,,
2013,general,SOU,6,6th District ……………,Buffalo SOU 6,,,,,,,11.0,141.0,,,81.0,,,,,,,49.0,,,,,,,,,,,,,,,,,,,,,,,,
2013,general,SOU,7,7th District ……………,Buffalo SOU 7,,,,,,,3.0,108.0,,,65.0,,,,,,,40.0,,,,,,,,,,,,,,,,,,,,,,,,
2013,general,SOU,8,8th District ……………,Buffalo SOU 8,,,,,,,9.0,131.0,,,58.0,,,,,,,64.0,,,,,,,,,,,,,,,,,,,,,,,,
2013,general,SOU,9,9th District ……………,Buffalo SOU 9,,,,,,,4.0,167.0,,,94.0,,,,,,,69.0,,,,,,,,,,,,,,,,,,,,,,,,
2013,general,SOU,10,10th District ……………,Buffalo SOU 10,,,,,,,8.0,133.0,,,79.0,,,,,,,46.0,,,,,,,,,,,,,,,,,,,,,,,,
2013,general,SOU,11,11th District ……………,Buffalo SOU 11,,,,,,,13.0,289.0,,,145.0,,,,,,,131.0,,,,,,,,,,,,,,,,,,,,,,,,
2013,general,SOU,12,12th District ……………,Buffalo SOU 12,,,,,,,3.0,184.0,,,93.0,,,,,,,88.0,,,,,,,,,,,,,,,,,,,,,,,,
2013,general,SOU,13,13th District ……………,Buffalo SOU 13,,,,,,,12.0,128.0,,,71.0,,,,,,,45.0,,,,,,,,,,,,,,,,,,,,,,,,
2013,general,SOU,14,14th District ……………,Buffalo SOU 14,,,,,,,8.0,160.0,,,82.0,,,,,,,70.0,,,,,,,,,,,,,,,,,,,,,,,,
2013,general,SOU,15,15th District ……………,Buffalo SOU 15,,,,,,,6.0,133.0,,,81.0,,,,,,,46.0,,,,,,,,,,,,,,,,,,,,,,,,
2013,general,SOU,16,16th District ……………,Buffalo SOU 16,,,,,,,9.0,197.0,,,90.0,,,,,,,98.0,,,,,,,,,,,,,,,,,,,,,,,,
2013,general,SOU,17,17th District ……………,Buffalo SOU 17,,,,,,,10.0,239.0,,,133.0,,,,,,,96.0,,,,,,,,,,,,,,,,,,,,,,,,
2013,general,SOU,18,18th District ……………,Buffalo SOU 18,,,,,,,13.0,258.0,,,160.0,,,,,,,85.0,,,,,,,,,,,,,,,,,,,,,,,,
2013,general,SOU,19,19th District ……………,Buffalo SOU 19,,,,,,,4.0,59.0,,,23.0,,,,,,,32.0,,,,,,,,,,,,,,,,,,,,,,,,
2013,general,SOU,20,20th District ……………,Buffalo SOU 20,,,,,,,5.0,87.0,,,47.0,,,,,,,35.0,,,,,,,,,,,,,,,,,,,,,,,,
2013,general,SOU,21,21st District ……………,Buffalo SOU 21,,,,,,,5.0,91.0,,,59.0,,,,,,,27.0,,,,,,,,,,,,,,,,,,,,,,,,
2013,general,SOU,22,22nd District ……………,Buffalo SOU 22,,,,,,,7.0,161.0,,,86.0,,,,,,,68.0,,,,,,,,,,,,,,,,,,,,,,,,
2013,general,SOU,23,23rd District ……………,Buffalo SOU 23,,,,,,,9.0,188.0,,,118.0,,,,,,,61.0,,,,,,,,,,,,,,,,,,,,,,,,
2013,general,SOU,24,24th District ……………,Buffalo SOU 24,,,,,,,18.0,251.0,,,129.0,,,,,,,104.0,,,,,,,,,,,,,,,,,,,,,,,,
2013,general,SOU,25,25th District ……………,Buffalo SOU 25,,,,,,,19.0,333.0,,,190.0,,,,,,,124.0,,,,,,,,,,,,,,,,,,,,,,,,
2013,general,SOU,26,26th District ……………,Buffalo SOU 26,,,,,,,9.0,167.0,,,78.0,,,,,,,80.0,,,,,,,,,,,,,,,,,,,,,,,,
2013,general,SOU,27,27th District ……………,Buffalo SOU 27,,,,,,,6.0,167.0,,,96.0,,,,,,,65.0,,,,,,,,,,,,,,,,,,,,,,,,
2013,general,SOU,28,28th District ……………,Buffalo SOU 28,,,,,,,23.0,334.0,,,166.0,,,,,,,145.0,,,,,,,,,,,,,,,,,,,,,,,,
2013,general,SOU,29,29th District ……………,Buffalo SOU 29,,,,,,,7.0,139.0,,,69.0,,,,,,,63.0,,,,,,,,,,,,,,,,,,,,,,,,
2013,general,SOU,30,30th District ……………,Buffalo SOU 30,,,,,,,16.0,265.0,,,140.0,,,,,,,109.0,,,,,,,,,,,,,,,,,,,,,,,,
2013,general,UNI,1,1st District ……………,Buffalo UNI 1,,,,,,,2.0,94.0,,,54.0,,,,,,,38.0,,,,,,,,,,,,,,,,,,,,,,,,
2013,general,UNI,2,2nd District ……………,Buffalo UNI 2,,,,,,,6.0,188.0,,,121.0,,,,,,,61.0,,,,,,,,,,,,,,,,,,,,,,,,
2013,general,UNI,3,3rd District ……………,Buffalo UNI 3,,,,,,,13.0,233.0,,,131.0,,,,,,,89.0,,,,,,,,,,,,,,,,,,,,,,,,
2013,general,UNI,4,4th District ……………,Buffalo UNI 4,,,,,,,3.0,118.0,,,73.0,,,,,,,42.0,,,,,,,,,,,,,,,,,,,,,,,,
2013,general,UNI,5,5th District ……………,Buffalo UNI 5,,,,,,,5.0,149.0,,,91.0,,,,,,,53.0,,,,,,,,,,,,,,,,,,,,,,,,
2013,general,UNI,6,6th District ……………,Buffalo UNI 6,,,,,,,3.0,54.0,,,32.0,,,,,,,19.0,,,,,,,,,,,,,,,,,,,,,,,,
2013,general,UNI,7,7th District ……………,Buffalo UNI 7,,,,,,,12.0,291.0,,,152.0,,,,,,,127.0,,,,,,,,,,,,,,,,,,,,,,,,
2013,general,UNI,8,8th District ……………,Buffalo UNI 8,,,,,,,2.0,63.0,,,44.0,,,,,,,17.0,,,,,,,,,,,,,,,,,,,,,,,,
2013,general,UNI,9,9th District ……………,Buffalo UNI 9,,,,,,,1.0,51.0,,,35.0,,,,,,,15.0,,,,,,,,,,,,,,,,,,,,,,,,
2013,general,UNI,10,10th District ……………,Buffalo UNI 10,,,,,,,4.0,269.0,,,214.0,,,,,,,51.0,,,,,,,,,,,,,,,,,,,,,,,,
2013,general,UNI,11,11th District ……………,Buffalo UNI 11,,,,,,,1.0,135.0,,,104.0,,,,,,,30.0,,,,,,,,,,,,,,,,,,,,,,,,
2013,general,UNI,12,12th District ……………,Buffalo UNI 12,,,,,,,4.0,264.0,,,226.0,,,,,,,34.0,,,,,,,,,,,,,,,,,,,,,,,,
2013,general,UNI,13,13th District ……………,Buffalo UNI 13,,,,,,,3.0,233.0,,,208.0,,,,,,,22.0,,,,,,,,,,,,,,,,,,,,,,,,
2013,general,UNI,14,14th District ……………,Buffalo UNI 14,,,,,,,5.0,139.0,,,109.0,,,,,,,25.0,,,,,,,,,,,,,,,,,,,,,,,,
2013,general,UNI,15,15th District ……………,Buffalo UNI 15,,,,,,,7.0,167.0,,,148.0,,,,,,,12.0,,,,,,,,,,,,,,,,,,,,,,,,
2013,general,UNI,16,16th District ……………,Buffalo UNI 16,,,,,,,3.0,174.0,,,161.0,,,,,,,10.0,,,,,,,,,,,,,,,,,,,,,,,,
2013,general,UNI,17,17th District ……………,Buffalo UNI 17,,,,,,,4.0,166.0,,,130.0,,,,,,,32.0,,,,,,,,,,,,,,,,,,,,,,,,
2013,general,UNI,18,18th District ……………,Buffalo UNI 18,,,,,,,0.0,70.0,,,61.0,,,,,,,9.0,,,,,,,,,,,,,,,,,,,,,,,,
2013,general,UNI,19,19th District ……………,Buffalo UNI 19,,,,,,,2.0,181.0,,,160.0,,,,,,,19.0,,,,,,,,,,,,,,,,,,,,,,,,
2013,general,UNI,20,20th District ……………,Buffalo UNI 20,,,,,,,5.0,128.0,,,112.0,,,,,,,11.0,,,,,,,,,,,,,,,,,,,,,,,,
2013,general,UNI,21,21st District ……………,Buffalo UNI 21,,,,,,,1.0,203.0,,,185.0,,,,,,,17.0,,,,,,,,,,,,,,,,,,,,,,,,
2013,general,UNI,22,22nd District ……………,Buffalo UNI 22,,,,,,,4.0,147.0,,,128.0,,,,,,,15.0,,,,,,,,,,,,,,,,,,,,,,,,
2013,general,UNI,23,23rd District ……………,Buffalo UNI 23,,,,,,,4.0,157.0,,,136.0,,,,,,,17.0,,,,,,,,,,,,,,,,,,,,,,,,
2013,general,UNI,24,24th District ……………,Buffalo UNI 24,,,,,,,2.0,194.0,,,177.0,,,,,,,15.0,,,,,,,,,,,,,,,,,,,,,,,,
2013,general,UNI,25,25th District ……………,Buffalo UNI 25,,,,,,,4.0,261.0,,,236.0,,,,,,,21.0,,,,,,,,,,,,,,,,,,,,,,,,
2013,general,UNI,26,26th District ……………,Buffalo UNI 26,,,,,,,0.0,146.0,,,136.0,,,,,,,10.0,,,,,,,,,,,,,,,,,,,,,,,,
2013,general,UNI,27,27th District ……………,Buffalo UNI 27,,,,,,,1.0,66.0,,,61.0,,,,,,,4.0,,,,,,,,,,,,,,,,,,,,,,,,
2017,general,DEL,1,Del 001,Buffalo DEL 1,2.0,3.0,,0.0,,,0.0,,,,,,,,,,,,0.0,0.0,5.0,,,,,,,,,,,,,,,,,,,,,
2017,general,DEL,2,Del 002,Buffalo DEL 2,116.0,318.0,,0.0,,,21.0,,,,,,,,,,,,22.0,17.0,494.0,,,,,,,,,,,,,,,,,,,,,
2017,general,DEL,3,Del 003,Buffalo DEL 3,78.0,148.0,,0.0,,,7.0,,,,,,,,,,,,6.0,6.0,245.0,,,,,,,,,,,,,,,,,,,,,
2017,general,DEL,4,Del 004,Buffalo DEL 4,40.0,121.0,,0.0,,,9.0,,,,,,,,,,,,5.0,6.0,181.0,,,,,,,,,,,,,,,,,,,,,
2017,general,DEL,5,Del 005,Buffalo DEL 5,37.0,139.0,,0.0,,,10.0,,,,,,,,,,,,10.0,7.0,203.0,,,,,,,,,,,,,,,,,,,,,
2017,general,DEL,6,Del 006,Buffalo DEL 6,32.0,116.0,,0.0,,,2.0,,,,,,,,,,,,12.0,4.0,166.0,,,,,,,,,,,,,,,,,,,,,
2017,general,DEL,7,Del 007,Buffalo DEL 7,67.0,181.0,,0.0,,,12.0,,,,,,,,,,,,7.0,11.0,278.0,,,,,,,,,,,,,,,,,,,,,
2017,general,DEL,8,Del 008,Buffalo DEL 8,73.0,238.0,,0.0,,,11.0,,,,,,,,,,,,12.0,15.0,349.0,,,,,,,,,,,,,,,,,,,,,
2017,general,DEL,9,Del 009,Buffalo DEL 9,115.0,287.0,,0.0,,,18.0,,,,,,,,,,,,16.0,6.0,442.0,,,,,,,,,,,,,,,,,,,,,
2017,general,DEL,10,Del 010,Buffalo DEL 10,46.0,87.0,,0.0,,,4.0,,,,,,,,,,,,5.0,4.0,146.0,,,,,,,,,,,,,,,,,,,,,
2017,general,DEL,11,Del 011,Buffalo DEL 11,60.0,210.0,,0.0,,,15.0,,,,,,,,,,,,10.0,10.0,305.0,,,,,,,,,,,,,,,,,,,,,
2017,general,DEL,12,Del 012,Buffalo DEL 12,64.0,161.0,,0.0,,,11.0,,,,,,,,,,,,9.0,12.0,257.0,,,,,,,,,,,,,,,,,,,,,
2017,general,DEL,13,Del 013,Buffalo DEL 13,26.0,103.0,,2.0,,,3.0,,,,,,,,,,,,8.0,8.0,150.0,,,,,,,,,,,,,,,,,,,,,
2017,general,DEL,14,Del 014,Buffalo DEL 14,53.0,153.0,,1.0,,,18.0,,,,,,,,,,,,9.0,2.0,236.0,,,,,,,,,,,,,,,,,,,,,
2017,general,DEL,15,Del 015,Buffalo DEL 15,41.0,93.0,,1.0,,,7.0,,,,,,,,,,,,10.0,4.0,156.0,,,,,,,,,,,,,,,,,,,,,
2017,general,DEL,16,Del 016,Buffalo DEL 16,87.0,235.0,,0.0,,,14.0,,,,,,,,,,,,11.0,19.0,366.0,,,,,,,,,,,,,,,,,,,,,
2017,general,DEL,17,Del 017,Buffalo DEL 17,54.0,180.0,,0.0,,,10.0,,,,,,,,,,,,6.0,15.0,265.0,,,,,,,,,,,,,,,,,,,,,
2017,general,DEL,18,Del 018,Buffalo DEL 18,20.0,93.0,,0.0,,,6.0,,,,,,,,,,,,5.0,2.0,126.0,,,,,,,,,,,,,,,,,,,,,
2017,general,DEL,19,Del 019,Buffalo DEL 19,38.0,160.0,,0.0,,,7.0,,,,,,,,,,,,12.0,8.0,225.0,,,,,,,,,,,,,,,,,,,,,
2017,general,DEL,20,Del 020,Buffalo DEL 20,55.0,125.0,,0.0,,,10.0,,,,,,,,,,,,10.0,5.0,205.0,,,,,,,,,,,,,,,,,,,,,
2017,general,DEL,21,Del 021,Buffalo DEL 21,83.0,179.0,,0.0,,,16.0,,,,,,,,,,,,7.0,9.0,294.0,,,,,,,,,,,,,,,,,,,,,
2017,general,DEL,22,Del 022,Buffalo DEL 22,30.0,103.0,,0.0,,,6.0,,,,,,,,,,,,11.0,8.0,158.0,,,,,,,,,,,,,,,,,,,,,
2017,general,DEL,23,Del 023,Buffalo DEL 23,68.0,216.0,,0.0,,,18.0,,,,,,,,,,,,9.0,19.0,330.0,,,,,,,,,,,,,,,,,,,,,
2017,general,DEL,24,Del 024,Buffalo DEL 24,49.0,147.0,,0.0,,,7.0,,,,,,,,,,,,5.0,13.0,221.0,,,,,,,,,,,,,,,,,,,,,
2017,general,DEL,25,Del 025,Buffalo DEL 25,59.0,200.0,,0.0,,,16.0,,,,,,,,,,,,12.0,12.0,299.0,,,,,,,,,,,,,,,,,,,,,
2017,general,DEL,26,Del 026,Buffalo DEL 26,42.0,195.0,,0.0,,,10.0,,,,,,,,,,,,12.0,15.0,274.0,,,,,,,,,,,,,,,,,,,,,
2017,general,DEL,27,Del 027,Buffalo DEL 27,15.0,76.0,,0.0,,,6.0,,,,,,,,,,,,2.0,4.0,103.0,,,,,,,,,,,,,,,,,,,,,
2017,general,DEL,28,Del 028,Buffalo DEL 28,53.0,131.0,,0.0,,,7.0,,,,,,,,,,,,4.0,7.0,202.0,,,,,,,,,,,,,,,,,,,,,
2017,general,DEL,29,Del 029,Buffalo DEL 29,68.0,191.0,,1.0,,,17.0,,,,,,,,,,,,10.0,21.0,308.0,,,,,,,,,,,,,,,,,,,,,
2017,general,DEL,30,Del 030,Buffalo DEL 30,63.0,223.0,,0.0,,,15.0,,,,,,,,,,,,13.0,29.0,343.0,,,,,,,,,,,,,,,,,,,,,
2017,general,DEL,31,Del 031,Buffalo DEL 31,94.0,267.0,,1.0,,,14.0,,,,,,,,,,,,5.0,19.0,400.0,,,,,,,,,,,,,,,,,,,,,
2017,general,DEL,32,Del 032,Buffalo DEL 32,96.0,271.0,,0.0,,,24.0,,,,,,,,,,,,13.0,27.0,431.0,,,,,,,,,,,,,,,,,,,,,
2017,general,DEL,33,Del 033,Buffalo DEL 33,56.0,136.0,,0.0,,,13.0,,,,,,,,,,,,8.0,16.0,229.0,,,,,,,,,,,,,,,,,,,,,
2017,general,DEL,34,Del 034,Buffalo DEL 34,79.0,193.0,,0.0,,,20.0,,,,,,,,,,,,10.0,7.0,309.0,,,,,,,,,,,,,,,,,,,,,
2017,general,ELL,1,Ell 001,Buffalo ELL 1,79.0,288.0,,0.0,,,26.0,,,,,,,,,,,,7.0,21.0,421.0,,,,,,,,,,,,,,,,,,,,,
2017,general,ELL,2,Ell 002,Buffalo ELL 2,31.0,72.0,,1.0,,,3.0,,,,,,,,,,,,3.0,13.0,123.0,,,,,,,,,,,,,,,,,,,,,
2017,general,ELL,3,Ell 003,Buffalo ELL 3,31.0,167.0,,0.0,,,12.0,,,,,,,,,,,,3.0,8.0,221.0,,,,,,,,,,,,,,,,,,,,,
2017,general,ELL,4,Ell 004,Buffalo ELL 4,4.0,69.0,,1.0,,,3.0,,,,,,,,,,,,0.0,4.0,81.0,,,,,,,,,,,,,,,,,,,,,
2017,general,ELL,5,Ell 005,Buffalo ELL 5,1.0,46.0,,0.0,,,2.0,,,,,,,,,,,,2.0,1.0,52.0,,,,,,,,,,,,,,,,,,,,,
2017,general,ELL,6,Ell 006,Buffalo ELL 6,7.0,81.0,,0.0,,,6.0,,,,,,,,,,,,1.0,6.0,101.0,,,,,,,,,,,,,,,,,,,,,
2017,general,ELL,7,Ell 007,Buffalo ELL 7,9.0,91.0,,3.0,,,4.0,,,,,,,,,,,,2.0,0.0,109.0,,,,,,,,,,,,,,,,,,,,,
2017,general,ELL,8,Ell 008,Buffalo ELL 8,15.0,30.0,,0.0,,,2.0,,,,,,,,,,,,3.0,4.0,54.0,,,,,,,,,,,,,,,,,,,,,
2017,general,ELL,9,Ell 009,Buffalo ELL 9,10.0,39.0,,0.0,,,1.0,,,,,,,,,,,,3.0,2.0,55.0,,,,,,,,,,,,,,,,,,,,,
2017,general,ELL,10,Ell 010,Buffalo ELL 10,11.0,74.0,,1.0,,,5.0,,,,,,,,,,,,0.0,5.0,96.0,,,,,,,,,,,,,,,,,,,,,
2017,general,ELL,11,Ell 011,Buffalo ELL 11,16.0,73.0,,0.0,,,3.0,,,,,,,,,,,,1.0,5.0,98.0,,,,,,,,,,,,,,,,,,,,,
2017,general,ELL,12,Ell 012,Buffalo ELL 12,15.0,146.0,,0.0,,,3.0,,,,,,,,,,,,1.0,2.0,167.0,,,,,,,,,,,,,,,,,,,,,
2017,general,ELL,13,Ell 013,Buffalo ELL 13,13.0,148.0,,0.0,,,3.0,,,,,,,,,,,,2.0,2.0,168.0,,,,,,,,,,,,,,,,,,,,,
2017,general,ELL,14,Ell 014,Buffalo ELL 14,17.0,47.0,,0.0,,,2.0,,,,,,,,,,,,2.0,4.0,72.0,,,,,,,,,,,,,,,,,,,,,
2017,general,ELL,15,Ell 015,Buffalo ELL 15,13.0,76.0,,0.0,,,6.0,,,,,,,,,,,,2.0,5.0,102.0,,,,,,,,,,,,,,,,,,,,,
2017,general,ELL,16,Ell 016,Buffalo ELL 16,25.0,116.0,,0.0,,,10.0,,,,,,,,,,,,8.0,8.0,167.0,,,,,,,,,,,,,,,,,,,,,
2017,general,ELL,17,Ell 017,Buffalo ELL 17,6.0,73.0,,0.0,,,1.0,,,,,,,,,,,,2.0,2.0,84.0,,,,,,,,,,,,,,,,,,,,,
2017,general,ELL,18,Ell 018,Buffalo ELL 18,9.0,51.0,,1.0,,,3.0,,,,,,,,,,,,0.0,0.0,64.0,,,,,,,,,,,,,,,,,,,,,
2017,general,ELL,19,Ell 019,Buffalo ELL 19,14.0,178.0,,2.0,,,6.0,,,,,,,,,,,,1.0,3.0,204.0,,,,,,,,,,,,,,,,,,,,,
2017,general,ELL,20,Ell 020,Buffalo ELL 20,13.0,90.0,,0.0,,,3.0,,,,,,,,,,,,0.0,0.0,106.0,,,,,,,,,,,,,,,,,,,,,
2017,general,ELL,21,Ell 021,Buffalo ELL 21,16.0,122.0,,1.0,,,7.0,,,,,,,,,,,,4.0,3.0,153.0,,,,,,,,,,,,,,,,,,,,,
2017,general,ELL,22,Ell 022,Buffalo ELL 22,13.0,158.0,,0.0,,,5.0,,,,,,,,,,,,2.0,2.0,180.0,,,,,,,,,,,,,,,,,,,,,
2017,general,ELL,23,Ell 023,Buffalo ELL 23,4.0,95.0,,0.0,,,4.0,,,,,,,,,,,,2.0,1.0,106.0,,,,,,,,,,,,,,,,,,,,,
2017,general,ELL,24,Ell 024,Buffalo ELL 24,8.0,25.0,,0.0,,,2.0,,,,,,,,,,,,2.0,1.0,38.0,,,,,,,,,,,,,,,,,,,,,
2017,general,ELL,25,Ell 025,Buffalo ELL 25,20.0,57.0,,0.0,,,2.0,,,,,,,,,,,,5.0,3.0,87.0,,,,,,,,,,,,,,,,,,,,,
2017,general,ELL,26,Ell 026,Buffalo ELL 26,18.0,245.0,,0.0,,,7.0,,,,,,,,,,,,3.0,6.0,279.0,,,,,,,,,,,,,,,,,,,,,
2017,general,ELL,27,Ell 027,Buffalo ELL 27,6.0,105.0,,0.0,,,5.0,,,,,,,,,,,,1.0,1.0,118.0,,,,,,,,,,,,,,,,,,,,,
2017,general,ELL,28,Ell 028,Buffalo ELL 28,10.0,96.0,,0.0,,,5.0,,,,,,,,,,,,2.0,3.0,116.0,,,,,,,,,,,,,,,,,,,,,
2017,general,ELL,29,Ell 029,Buffalo ELL 29,17.0,219.0,,0.0,,,14.0,,,,,,,,,,,,4.0,3.0,257.0,,,,,,,,,,,,,,,,,,,,,
2017,general,ELL,30,Ell 030,Buffalo ELL 30,5.0,71.0,,0.0,,,7.0,,,,,,,,,,,,1.0,0.0,84.0,,,,,,,,,,,,,,,,,,,,,
2017,general,ELL,31,Ell 031,Buffalo ELL 31,13.0,210.0,,0.0,,,11.0,,,,,,,,,,,,6.0,2.0,242.0,,,,,,,,,,,,,,,,,,,,,
2017,general,ELL,32,Ell 032,Buffalo ELL 32,9.0,64.0,,0.0,,,1.0,,,,,,,,,,,,0.0,0.0,74.0,,,,,,,,,,,,,,,,,,,,,
2017,general,ELL,33,Ell 033,Buffalo ELL 33,24.0,76.0,,0.0,,,8.0,,,,,,,,,,,,5.0,2.0,115.0,,,,,,,,,,,,,,,,,,,,,
2017,general,ELL,34,Ell 034,Buffalo ELL 34,4.0,47.0,,1.0,,,7.0,,,,,,,,,,,,1.0,1.0,61.0,,,,,,,,,,,,,,,,,,,,,
2017,general,ELL,35,Ell 035,Buffalo ELL 35,12.0,150.0,,0.0,,,6.0,,,,,,,,,,,,4.0,4.0,176.0,,,,,,,,,,,,,,,,,,,,,
2017,general,ELL,36,Ell 036,Buffalo ELL 36,12.0,44.0,,0.0,,,2.0,,,,,,,,,,,,2.0,7.0,67.0,,,,,,,,,,,,,,,,,,,,,
2017,general,FIL,1,Fil 001,Buffalo FIL 1,41.0,150.0,,1.0,,,7.0,,,,,,,,,,,,8.0,20.0,227.0,,,,,,,,,,,,,,,,,,,,,
2017,general,FIL,2,Fil 002,Buffalo FIL 2,44.0,124.0,,0.0,,,3.0,,,,,,,,,,,,8.0,19.0,198.0,,,,,,,,,,,,,,,,,,,,,
2017,general,FIL,3,Fil 003,Buffalo FIL 3,30.0,106.0,,0.0,,,8.0,,,,,,,,,,,,7.0,12.0,163.0,,,,,,,,,,,,,,,,,,,,,
2017,general,FIL,4,Fil 004,Buffalo FIL 4,20.0,62.0,,0.0,,,3.0,,,,,,,,,,,,5.0,13.0,103.0,,,,,,,,,,,,,,,,,,,,,
2017,general,FIL,5,Fil 005,Buffalo FIL 5,28.0,132.0,,0.0,,,13.0,,,,,,,,,,,,4.0,9.0,186.0,,,,,,,,,,,,,,,,,,,,,
2017,general,FIL,6,Fil 006,Buffalo FIL 6,5.0,31.0,,0.0,,,1.0,,,,,,,,,,,,3.0,3.0,43.0,,,,,,,,,,,,,,,,,,,,,
2017,general,FIL,7,Fil 007,Buffalo FIL 7,16.0,87.0,,2.0,,,5.0,,,,,,,,,,,,4.0,4.0,118.0,,,,,,,,,,,,,,,,,,,,,
2017,general,FIL,8,Fil 008,Buffalo FIL 8,109.0,157.0,,1.0,,,21.0,,,,,,,,,,,,15.0,9.0,312.0,,,,,,,,,,,,,,,,,,,,,
2017,general,FIL,9,Fil 009,Buffalo FIL 9,5.0,45.0,,0.0,,,3.0,,,,,,,,,,,,1.0,1.0,55.0,,,,,,,,,,,,,,,,,,,,,
2017,general,FIL,10,Fil 010,Buffalo FIL 10,30.0,149.0,,2.0,,,9.0,,,,,,,,,,,,5.0,2.0,197.0,,,,,,,,,,,,,,,,,,,,,
2017,general,FIL,11,Fil 011,Buffalo FIL 11,23.0,205.0,,4.0,,,9.0,,,,,,,,,,,,1.0,3.0,245.0,,,,,,,,,,,,,,,,,,,,,
2017,general,FIL,12,Fil 012,Buffalo FIL 12,9.0,2.0,,0.0,,,0.0,,,,,,,,,,,,1.0,0.0,12.0,,,,,,,,,,,,,,,,,,,,,
2017,general,FIL,13,Fil 013,Buffalo FIL 13,202.0,90.0,,0.0,,,7.0,,,,,,,,,,,,5.0,7.0,311.0,,,,,,,,,,,,,,,,,,,,,
2017,general,FIL,14,Fil 014,Buffalo FIL 14,89.0,65.0,,0.0,,,6.0,,,,,,,,,,,,8.0,1.0,169.0,,,,,,,,,,,,,,,,,,,,,
2017,general,FIL,15,Fil 015,Buffalo FIL 15,30.0,42.0,,0.0,,,6.0,,,,,,,,,,,,3.0,1.0,82.0,,,,,,,,,,,,,,,,,,,,,
2017,general,FIL,16,Fil 016,Buffalo FIL 16,18.0,9.0,,0.0,,,2.0,,,,,,,,,,,,1.0,0.0,30.0,,,,,,,,,,,,,,,,,,,,,
2017,general,FIL,17,Fil 017,Buffalo FIL 17,15.0,11.0,,0.0,,,2.0,,,,,,,,,,,,0.0,0.0,28.0,,,,,,,,,,,,,,,,,,,,,
2017,general,FIL,18,Fil 018,Buffalo FIL 18,32.0,108.0,,1.0,,,8.0,,,,,,,,,,,,5.0,1.0,155.0,,,,,,,,,,,,,,,,,,,,,
2017,general,FIL,19,Fil 019,Buffalo FIL 19,75.0,76.0,,0.0,,,6.0,,,,,,,,,,,,11.0,1.0,169.0,,,,,,,,,,,,,,,,,,,,,
2017,general,FIL,20,Fil 020,Buffalo FIL 20,18.0,105.0,,0.0,,,5.0,,,,,,,,,,,,2.0,4.0,134.0,,,,,,,,,,,,,,,,,,,,,
2017,general,FIL,21,Fil 021,Buffalo FIL 21,5.0,45.0,,2.0,,,4.0,,,,,,,,,,,,0.0,1.0,57.0,,,,,,,,,,,,,,,,,,,,,
2017,general,FIL,22,Fil 022,Buffalo FIL 22,6.0,23.0,,0.0,,,1.0,,,,,,,,,,,,1.0,0.0,31.0,,,,,,,,,,,,,,,,,,,,,
2017,general,FIL,23,Fil 023,Buffalo FIL 23,9.0,25.0,,0.0,,,3.0,,,,,,,,,,,,0.0,1.0,38.0,,,,,,,,,,,,,,,,,,,,,
2017,general,FIL,24,Fil 024,Buffalo FIL 24,9.0,40.0,,2.0,,,1.0,,,,,,,,,,,,1.0,0.0,53.0,,,,,,,,,,,,,,,,,,,,,
2017,general,FIL,25,Fil 025,Buffalo FIL 25,25.0,52.0,,0.0,,,2.0,,,,,,,,,,,,5.0,4.0,88.0,,,,,,,,,,,,,,,,,,,,,
2017,general,FIL,26,Fil 026,Buffalo FIL 26,6.0,46.0,,0.0,,,4.0,,,,,,,,,,,,4.0,2.0,62.0,,,,,,,,,,,,,,,,,,,,,
2017,general,FIL,27,Fil 027,Buffalo FIL 27,12.0,58.0,,0.0,,,3.0,,,,,,,,,,,,2.0,0.0,75.0,,,,,,,,,,,,,,,,,,,,,
2017,general,FIL,28,Fil 028,Buffalo FIL 28,12.0,52.0,,1.0,,,6.0,,,,,,,,,,,,6.0,0.0,77.0,,,,,,,,,,,,,,,,,,,,,
2017,general,FIL,29,Fil 029,Buffalo FIL 29,4.0,99.0,,2.0,,,4.0,,,,,,,,,,,,2.0,0.0,111.0,,,,,,,,,,,,,,,,,,,,,
2017,general,FIL,30,Fil 030,Buffalo FIL 30,7.0,92.0,,0.0,,,8.0,,,,,,,,,,,,2.0,0.0,109.0,,,,,,,,,,,,,,,,,,,,,
2017,general,FIL,31,Fil 031,Buffalo FIL 31,6.0,52.0,,0.0,,,5.0,,,,,,,,,,,,1.0,0.0,64.0,,,,,,,,,,,,,,,,,,,,,
2017,general,FIL,32,Fil 032,Buffalo FIL 32,11.0,44.0,,1.0,,,2.0,,,,,,,,,,,,3.0,1.0,62.0,,,,,,,,,,,,,,,,,,,,,
2017,general,FIL,33,Fil 033,Buffalo FIL 33,6.0,57.0,,0.0,,,5.0,,,,,,,,,,,,0.0,0.0,68.0,,,,,,,,,,,,,,,,,,,,,
2017,general,FIL,34,Fil 034,Buffalo FIL 34,8.0,44.0,,0.0,,,0.0,,,,,,,,,,,,1.0,0.0,53.0,,,,,,,,,,,,,,,,,,,,,
2017,general,FIL,35,Fil 035,Buffalo FIL 35,4.0,62.0,,0.0,,,4.0,,,,,,,,,,,,4.0,1.0,75.0,,,,,,,,,,,,,,,,,,,,,
2017,general,LOV,1,Lov 001,Buffalo LOV 1,5.0,48.0,,1.0,,,3.0,,,,,,,,,,,,0.0,0.0,57.0,,,,,,,,,,,,,,,,,,,,,
2017,general,LOV,2,Lov 002,Buffalo LOV 2,2.0,12.0,,0.0,,,0.0,,,,,,,,,,,,2.0,1.0,17.0,,,,,,,,,,,,,,,,,,,,,
2017,general,LOV,3,Lov 003,Buffalo LOV 3,12.0,118.0,,0.0,,,8.0,,,,,,,,,,,,2.0,6.0,146.0,,,,,,,,,,,,,,,,,,,,,
2017,general,LOV,4,Lov 004,Buffalo LOV 4,16.0,86.0,,0.0,,,12.0,,,,,,,,,,,,0.0,4.0,118.0,,,,,,,,,,,,,,,,,,,,,
2017,general,LOV,5,Lov 005,Buffalo LOV 5,18.0,72.0,,1.0,,,2.0,,,,,,,,,,,,2.0,2.0,97.0,,,,,,,,,,,,,,,,,,,,,
2017,general,LOV,6,Lov 006,Buffalo LOV 6,14.0,108.0,,2.0,,,10.0,,,,,,,,,,,,4.0,4.0,142.0,,,,,,,,,,,,,,,,,,,,,
2017,general,LOV,7,Lov 007,Buffalo LOV 7,12.0,39.0,,0.0,,,4.0,,,,,,,,,,,,1.0,1.0,57.0,,,,,,,,,,,,,,,,,,,,,
2017,general,LOV,8,Lov 008,Buffalo LOV 8,7.0,27.0,,0.0,,,2.0,,,,,,,,,,,,0.0,1.0,37.0,,,,,,,,,,,,,,,,,,,,,
2017,general,LOV,9,Lov 009,Buffalo LOV 9,8.0,78.0,,2.0,,,6.0,,,,,,,,,,,,3.0,1.0,98.0,,,,,,,,,,,,,,,,,,,,,
2017,general,LOV,10,Lov 010,Buffalo LOV 10,12.0,94.0,,0.0,,,8.0,,,,,,,,,,,,1.0,1.0,116.0,,,,,,,,,,,,,,,,,,,,,
2017,general,LOV,11,Lov 011,Buffalo LOV 11,6.0,43.0,,0.0,,,3.0,,,,,,,,,,,,1.0,0.0,53.0,,,,,,,,,,,,,,,,,,,,,
2017,general,LOV,12,Lov 012,Buffalo LOV 12,22.0,81.0,,0.0,,,5.0,,,,,,,,,,,,6.0,2.0,116.0,,,,,,,,,,,,,,,,,,,,,
2017,general,LOV,13,Lov 013,Buffalo LOV 13,19.0,83.0,,0.0,,,3.0,,,,,,,,,,,,10.0,1.0,116.0,,,,,,,,,,,,,,,,,,,,,
2017,general,LOV,14,Lov 014,Buffalo LOV 14,26.0,171.0,,1.0,,,11.0,,,,,,,,,,,,5.0,2.0,216.0,,,,,,,,,,,,,,,,,,,,,
2017,general,LOV,15,Lov 015,Buffalo LOV 15,32.0,39.0,,0.0,,,5.0,,,,,,,,,,,,6.0,0.0,82.0,,,,,,,,,,,,,,,,,,,,,
2017,general,LOV,16,Lov 016,Buffalo LOV 16,68.0,73.0,,0.0,,,6.0,,,,,,,,,,,,10.0,2.0,159.0,,,,,,,,,,,,,,,,,,,,,
2017,general,LOV,17,Lov 017,Buffalo LOV 17,81.0,60.0,,0.0,,,10.0,,,,,,,,,,,,7.0,1.0,159.0,,,,,,,,,,,,,,,,,,,,,
2017,general,LOV,18,Lov 018,Buffalo LOV 18,45.0,47.0,,0.0,,,14.0,,,,,,,,,,,,14.0,0.0,120.0,,,,,,,,,,,,,,,,,,,,,
2017,general,LOV,19,Lov 019,Buffalo LOV 19,38.0,32.0,,0.0,,,2.0,,,,,,,,,,,,3.0,4.0,79.0,,,,,,,,,,,,,,,,,,,,,
2017,general,LOV,20,Lov 020,Buffalo LOV 20,40.0,30.0,,0.0,,,7.0,,,,,,,,,,,,6.0,4.0,87.0,,,,,,,,,,,,,,,,,,,,,
2017,general,LOV,21,Lov 021,Buffalo LOV 21,21.0,24.0,,0.0,,,1.0,,,,,,,,,,,,7.0,0.0,53.0,,,,,,,,,,,,,,,,,,,,,
2017,general,LOV,22,Lov 022,Buffalo LOV 22,13.0,10.0,,0.0,,,2.0,,,,,,,,,,,,1.0,1.0,27.0,,,,,,,,,,,,,,,,,,,,,
2017,general,LOV,23,Lov 023,Buffalo LOV 23,47.0,33.0,,0.0,,,2.0,,,,,,,,,,,,4.0,1.0,87.0,,,,,,,,,,,,,,,,,,,,,
2017,general,LOV,24,Lov 024,Buffalo LOV 24,84.0,87.0,,0.0,,,6.0,,,,,,,,,,,,11.0,3.0,191.0,,,,,,,,,,,,,,,,,,,,,
2017,general,LOV,25,Lov 025,Buffalo LOV 25,1.0,1.0,,0.0,,,0.0,,,,,,,,,,,,0.0,0.0,2.0,,,,,,,,,,,,,,,,,,,,,
2017,general,LOV,26,Lov 026,Buffalo LOV 26,39.0,26.0,,0.0,,,1.0,,,,,,,,,,,,1.0,2.0,69.0,,,,,,,,,,,,,,,,,,,,,
2017,general,LOV,27,Lov 027,Buffalo LOV 27,4.0,6.0,,0.0,,,1.0,,,,,,,,,,,,0.0,0.0,11.0,,,,,,,,,,,,,,,,,,,,,
2017,general,LOV,28,Lov 028,Buffalo LOV 28,85.0,89.0,,0.0,,,10.0,,,,,,,,,,,,19.0,3.0,206.0,,,,,,,,,,,,,,,,,,,,,
2017,general,LOV,29,Lov 029,Buffalo LOV 29,111.0,79.0,,0.0,,,22.0,,,,,,,,,,,,1.0,4.0,217.0,,,,,,,,,,,,,,,,,,,,,
2017,general,LOV,30,Lov 030,Buffalo LOV 30,91.0,115.0,,0.0,,,10.0,,,,,,,,,,,,4.0,1.0,221.0,,,,,,,,,,,,,,,,,,,,,
2017,general,LOV,31,Lov 031,Buffalo LOV 31,106.0,108.0,,0.0,,,9.0,,,,,,,,,,,,7.0,3.0,233.0,,,,,,,,,,,,,,,,,,,,,
2017,general,LOV,32,Lov 032,Buffalo LOV 32,22.0,19.0,,0.0,,,1.0,,,,,,,,,,,,3.0,0.0,45.0,,,,,,,,,,,,,,,,,,,,,
2017,general,MAS,1,Mas 001,Buffalo MAS 1,14.0,152.0,,1.0,,,10.0,,,,,,,,,,,,2.0,4.0,183.0,,,,,,,,,,,,,,,,,,,,,
2017,general,MAS,2,Mas 002,Buffalo MAS 2,29.0,56.0,,0.0,,,4.0,,,,,,,,,,,,1.0,7.0,97.0,,,,,,,,,,,,,,,,,,,,,
2017,general,MAS,3,Mas 003,Buffalo MAS 3,7.0,165.0,,0.0,,,6.0,,,,,,,,,,,,5.0,1.0,184.0,,,,,,,,,,,,,,,,,,,,,
2017,general,MAS,4,Mas 004,Buffalo MAS 4,6.0,120.0,,0.0,,,6.0,,,,,,,,,,,,0.0,3.0,135.0,,,,,,,,,,,,,,,,,,,,,
2017,general,MAS,5,Mas 005,Buffalo MAS 5,0.0,11.0,,0.0,,,1.0,,,,,,,,,,,,0.0,0.0,12.0,,,,,,,,,,,,,,,,,,,,,
2017,general,MAS,6,Mas 006,Buffalo MAS 6,6.0,58.0,,0.0,,,1.0,,,,,,,,,,,,0.0,0.0,65.0,,,,,,,,,,,,,,,,,,,,,
2017,general,MAS,7,Mas 007,Buffalo MAS 7,21.0,155.0,,1.0,,,7.0,,,,,,,,,,,,3.0,0.0,187.0,,,,,,,,,,,,,,,,,,,,,
2017,general,MAS,8,Mas 008,Buffalo MAS 8,6.0,95.0,,1.0,,,3.0,,,,,,,,,,,,1.0,1.0,107.0,,,,,,,,,,,,,,,,,,,,,
2017,general,MAS,9,Mas 009,Buffalo MAS 9,7.0,78.0,,0.0,,,0.0,,,,,,,,,,,,0.0,2.0,87.0,,,,,,,,,,,,,,,,,,,,,
2017,general,MAS,10,Mas 010,Buffalo MAS 10,11.0,53.0,,1.0,,,16.0,,,,,,,,,,,,3.0,3.0,87.0,,,,,,,,,,,,,,,,,,,,,
2017,general,MAS,11,Mas 011,Buffalo MAS 11,10.0,179.0,,0.0,,,4.0,,,,,,,,,,,,2.0,1.0,196.0,,,,,,,,,,,,,,,,,,,,,
2017,general,MAS,12,Mas 012,Buffalo MAS 12,9.0,147.0,,2.0,,,8.0,,,,,,,,,,,,5.0,2.0,173.0,,,,,,,,,,,,,,,,,,,,,
2017,general,MAS,13,Mas 013,Buffalo MAS 13,6.0,121.0,,3.0,,,1.0,,,,,,,,,,,,1.0,1.0,133.0,,,,,,,,,,,,,,,,,,,,,
2017,general,MAS,14,Mas 014,Buffalo MAS 14,11.0,94.0,,0.0,,,1.0,,,,,,,,,,,,1.0,1.0,108.0,,,,,,,,,,,,,,,,,,,,,
2017,general,MAS,15,Mas 015,Buffalo MAS 15,7.0,80.0,,0.0,,,4.0,,,,,,,,,,,,3.0,1.0,95.0,,,,,,,,,,,,,,,,,,,,,
2017,general,MAS,16,Mas 016,Buffalo MAS 16,5.0,67.0,,0.0,,,2.0,,,,,,,,,,,,2.0,0.0,76.0,,,,,,,,,,,,,,,,,,,,,
2017,general,MAS,17,Mas 017,Buffalo MAS 17,8.0,102.0,,1.0,,,14.0,,,,,,,,,,,,2.0,1.0,128.0,,,,,,,,,,,,,,,,,,,,,
2017,general,MAS,18,Mas 018,Buffalo MAS 18,4.0,97.0,,2.0,,,2.0,,,,,,,,,,,,2.0,1.0,108.0,,,,,,,,,,,,,,,,,,,,,
2017,general,MAS,19,Mas 019,Buffalo MAS 19,10.0,111.0,,3.0,,,3.0,,,,,,,,,,,,0.0,2.0,129.0,,,,,,,,,,,,,,,,,,,,,
2017,general,MAS,20,Mas 020,Buffalo MAS 20,9.0,159.0,,2.0,,,5.0,,,,,,,,,,,,4.0,2.0,181.0,,,,,,,,,,,,,,,,,,,,,
2017,general,MAS,21,Mas 021,Buffalo MAS 21,10.0,104.0,,0.0,,,4.0,,,,,,,,,,,,3.0,0.0,121.0,,,,,,,,,,,,,,,,,,,,,
2017,general,MAS,22,Mas 022,Buffalo MAS 22,8.0,89.0,,1.0,,,3.0,,,,,,,,,,,,1.0,3.0,105.0,,,,,,,,,,,,,,,,,,,,,
2017,general,MAS,23,Mas 023,Buffalo MAS 23,23.0,206.0,,1.0,,,8.0,,,,,,,,,,,,0.0,1.0,239.0,,,,,,,,,,,,,,,,,,,,,
2017,general,MAS,24,Mas 024,Buffalo MAS 24,20.0,199.0,,2.0,,,7.0,,,,,,,,,,,,2.0,3.0,233.0,,,,,,,,,,,,,,,,,,,,,
2017,general,MAS,25,Mas 025,Buffalo MAS 25,7.0,93.0,,0.0,,,1.0,,,,,,,,,,,,1.0,1.0,103.0,,,,,,,,,,,,,,,,,,,,,
2017,general,MAS,26,Mas 026,Buffalo MAS 26,1.0,69.0,,1.0,,,4.0,,,,,,,,,,,,2.0,1.0,78.0,,,,,,,,,,,,,,,,,,,,,
2017,general,MAS,27,Mas 027,Buffalo MAS 27,17.0,195.0,,0.0,,,14.0,,,,,,,,,,,,1.0,4.0,231.0,,,,,,,,,,,,,,,,,,,,,
2017,general,MAS,28,Mas 028,Buffalo MAS 28,7.0,141.0,,0.0,,,12.0,,,,,,,,,,,,0.0,2.0,162.0,,,,,,,,,,,,,,,,,,,,,
2017,general,MAS,29,Mas 029,Buffalo MAS 29,6.0,115.0,,2.0,,,4.0,,,,,,,,,,,,0.0,1.0,128.0,,,,,,,,,,,,,,,,,,,,,
2017,general,MAS,30,Mas 030,Buffalo MAS 30,8.0,99.0,,0.0,,,5.0,,,,,,,,,,,,5.0,0.0,117.0,,,,,,,,,,,,,,,,,,,,,
2017,general,MAS,31,Mas 031,Buffalo MAS 31,1.0,40.0,,1.0,,,1.0,,,,,,,,,,,,2.0,0.0,45.0,,,,,,,,,,,,,,,,,,,,,
2017,general,MAS,32,Mas 032,Buffalo MAS 32,7.0,144.0,,1.0,,,6.0,,,,,,,,,,,,1.0,1.0,160.0,,,,,,,,,,,,,,,,,,,,,
2017,general,MAS,33,Mas 033,Buffalo MAS 33,8.0,139.0,,0.0,,,5.0,,,,,,,,,,,,2.0,3.0,157.0,,,,,,,,,,,,,,,,,,,,,
2017,general,MAS,34,Mas 034,Buffalo MAS 34,4.0,41.0,,0.0,,,4.0,,,,,,,,,,,,2.0,0.0,51.0,,,,,,,,,,,,,,,,,,,,,
2017,general,MAS,35,Mas 035,Buffalo MAS 35,6.0,95.0,,0.0,,,7.0,,,,,,,,,,,,0.0,2.0,110.0,,,,,,,,,,,,,,,,,,,,,
2017,general,MAS,36,Mas 036,Buffalo MAS 36,8.0,78.0,,0.0,,,4.0,,,,,,,,,,,,3.0,0.0,93.0,,,,,,,,,,,,,,,,,,,,,
2017,general,MAS,37,Mas 037,Buffalo MAS 37,0.0,17.0,,0.0,,,1.0,,,,,,,,,,,,0.0,0.0,18.0,,,,,,,,,,,,,,,,,,,,,
2017,general,MAS,38,Mas 038,Buffalo MAS 38,2.0,117.0,,0.0,,,4.0,,,,,,,,,,,,1.0,0.0,124.0,,,,,,,,,,,,,,,,,,,,,
2017,general,MAS,39,Mas 039,Buffalo MAS 39,3.0,17.0,,0.0,,,0.0,,,,,,,,,,,,0.0,0.0,20.0,,,,,,,,,,,,,,,,,,,,,
2017,general,MAS,40,Mas 040,Buffalo MAS 40,1.0,66.0,,2.0,,,1.0,,,,,,,,,,,,1.0,2.0,73.0,,,,,,,,,,,,,,,,,,,,,
2017,general,MAS,41,Mas 041,Buffalo MAS 41,4.0,46.0,,0.0,,,0.0,,,,,,,,,,,,0.0,1.0,51.0,,,,,,,,,,,,,,,,,,,,,
2017,general,MAS,42,Mas 042,Buffalo MAS 42,12.0,113.0,,0.0,,,6.0,,,,,,,,,,,,1.0,0.0,132.0,,,,,,,,,,,,,,,,,,,,,
2017,general,NIA,1,Nia 001,Buffalo NIA 1,30.0,41.0,,0.0,,,7.0,,,,,,,,,,,,0.0,5.0,83.0,,,,,,,,,,,,,,,,,,,,,
2017,general,NIA,2,Nia 002,Buffalo NIA 2,52.0,110.0,,0.0,,,11.0,,,,,,,,,,,,8.0,21.0,202.0,,,,,,,,,,,,,,,,,,,,,
2017,general,NIA,3,Nia 003,Buffalo NIA 3,8.0,47.0,,0.0,,,1.0,,,,,,,,,,,,1.0,3.0,60.0,,,,,,,,,,,,,,,,,,,,,
2017,general,NIA,4,Nia 004,Buffalo NIA 4,6.0,21.0,,0.0,,,1.0,,,,,,,,,,,,2.0,1.0,31.0,,,,,,,,,,,,,,,,,,,,,
2017,general,NIA,5,Nia 005,Buffalo NIA 5,50.0,121.0,,2.0,,,13.0,,,,,,,,,,,,3.0,22.0,211.0,,,,,,,,,,,,,,,,,,,,,
2017,general,NIA,6,Nia 006,Buffalo NIA 6,48.0,130.0,,0.0,,,7.0,,,,,,,,,,,,7.0,9.0,201.0,,,,,,,,,,,,,,,,,,,,,
2017,general,NIA,7,Nia 007,Buffalo NIA 7,19.0,79.0,,0.0,,,2.0,,,,,,,,,,,,2.0,4.0,106.0,,,,,,,,,,,,,,,,,,,,,
2017,general,NIA,8,Nia 008,Buffalo NIA 8,34.0,82.0,,0.0,,,4.0,,,,,,,,,,,,2.0,9.0,131.0,,,,,,,,,,,,,,,,,,,,,
2017,general,NIA,9,Nia 009,Buffalo NIA 9,66.0,195.0,,0.0,,,8.0,,,,,,,,,,,,9.0,21.0,299.0,,,,,,,,,,,,,,,,,,,,,
2017,general,NIA,10,Nia 010,Buffalo NIA 10,11.0,51.0,,1.0,,,4.0,,,,,,,,,,,,1.0,2.0,70.0,,,,,,,,,,,,,,,,,,,,,
2017,general,NIA,11,Nia 011,Buffalo NIA 11,24.0,62.0,,1.0,,,4.0,,,,,,,,,,,,1.0,4.0,96.0,,,,,,,,,,,,,,,,,,,,,
2017,general,NIA,12,Nia 012,Buffalo NIA 12,21.0,83.0,,0.0,,,2.0,,,,,,,,,,,,5.0,6.0,117.0,,,,,,,,,,,,,,,,,,,,,
2017,general,NIA,13,Nia 013,Buffalo NIA 13,10.0,58.0,,0.0,,,3.0,,,,,,,,,,,,2.0,6.0,79.0,,,,,,,,,,,,,,,,,,,,,
2017,general,NIA,14,Nia 014,Buffalo NIA 14,51.0,123.0,,0.0,,,6.0,,,,,,,,,,,,4.0,16.0,200.0,,,,,,,,,,,,,,,,,,,,,
2017,general,NIA,15,Nia 015,Buffalo NIA 15,15.0,51.0,,0.0,,,6.0,,,,,,,,,,,,2.0,4.0,78.0,,,,,,,,,,,,,,,,,,,,,
2017,general,NIA,16,Nia 016,Buffalo NIA 16,27.0,93.0,,0.0,,,7.0,,,,,,,,,,,,8.0,9.0,144.0,,,,,,,,,,,,,,,,,,,,,
2017,general,NIA,17,Nia 017,Buffalo NIA 17,9.0,26.0,,0.0,,,3.0,,,,,,,,,,,,0.0,1.0,39.0,,,,,,,,,,,,,,,,,,,,,
2017,general,NIA,18,Nia 018,Buffalo NIA 18,73.0,252.0,,0.0,,,12.0,,,,,,,,,,,,8.0,27.0,372.0,,,,,,,,,,,,,,,,,,,,,
2017,general,NIA,19,Nia 019,Buffalo NIA 19,125.0,281.0,,0.0,,,17.0,,,,,,,,,,,,13.0,21.0,457.0,,,,,,,,,,,,,,,,,,,,,
2017,general,NIA,20,Nia 020,Buffalo NIA 20,2.0,19.0,,0.0,,,2.0,,,,,,,,,,,,2.0,3.0,28.0,,,,,,,,,,,,,,,,,,,,,
2017,general,NIA,21,Nia 021,Buffalo NIA 21,33.0,137.0,,0.0,,,13.0,,,,,,,,,,,,5.0,23.0,211.0,,,,,,,,,,,,,,,,,,,,,
2017,general,NIA,22,Nia 022,Buffalo NIA 22,10.0,48.0,,0.0,,,2.0,,,,,,,,,,,,0.0,2.0,62.0,,,,,,,,,,,,,,,,,,,,,
2017,general,NIA,23,Nia 023,Buffalo NIA 23,19.0,68.0,,0.0,,,5.0,,,,,,,,,,,,2.0,5.0,99.0,,,,,,,,,,,,,,,,,,,,,
2017,general,NIA,24,Nia 024,Buffalo NIA 24,41.0,139.0,,0.0,,,13.0,,,,,,,,,,,,6.0,17.0,216.0,,,,,,,,,,,,,,,,,,,,,
2017,general,NIA,25,Nia 025,Buffalo NIA 25,58.0,212.0,,0.0,,,18.0,,,,,,,,,,,,9.0,14.0,311.0,,,,,,,,,,,,,,,,,,,,,
2017,general,NIA,26,Nia 026,Buffalo NIA 26,24.0,89.0,,0.0,,,6.0,,,,,,,,,,,,4.0,5.0,128.0,,,,,,,,,,,,,,,,,,,,,
2017,general,NIA,27,Nia 027,Buffalo NIA 27,16.0,32.0,,1.0,,,6.0,,,,,,,,,,,,4.0,10.0,69.0,,,,,,,,,,,,,,,,,,,,,
2017,general,NIA,28,Nia 028,Buffalo NIA 28,36.0,123.0,,0.0,,,5.0,,,,,,,,,,,,2.0,10.0,176.0,,,,,,,,,,,,,,,,,,,,,
2017,general,NOR,1,Nor 001,Buffalo NOR 1,41.0,98.0,,1.0,,,9.0,,,,,,,,,,,,12.0,4.0,165.0,,,,,,,,,,,,,,,,,,,,,
2017,general,NOR,2,Nor 002,Buffalo NOR 2,48.0,94.0,,0.0,,,5.0,,,,,,,,,,,,12.0,4.0,163.0,,,,,,,,,,,,,,,,,,,,,
2017,general,NOR,3,Nor 003,Buffalo NOR 3,16.0,40.0,,1.0,,,0.0,,,,,,,,,,,,1.0,1.0,59.0,,,,,,,,,,,,,,,,,,,,,
2017,general,NOR,4,Nor 004,Buffalo NOR 4,32.0,92.0,,0.0,,,4.0,,,,,,,,,,,,8.0,5.0,141.0,,,,,,,,,,,,,,,,,,,,,
2017,general,NOR,5,Nor 005,Buffalo NOR 5,22.0,92.0,,0.0,,,3.0,,,,,,,,,,,,2.0,2.0,121.0,,,,,,,,,,,,,,,,,,,,,
2017,general,NOR,6,Nor 006,Buffalo NOR 6,31.0,62.0,,0.0,,,5.0,,,,,,,,,,,,6.0,1.0,105.0,,,,,,,,,,,,,,,,,,,,,
2017,general,NOR,7,Nor 007,Buffalo NOR 7,28.0,46.0,,0.0,,,3.0,,,,,,,,,,,,8.0,3.0,88.0,,,,,,,,,,,,,,,,,,,,,
2017,general,NOR,8,Nor 008,Buffalo NOR 8,6.0,11.0,,0.0,,,0.0,,,,,,,,,,,,1.0,1.0,19.0,,,,,,,,,,,,,,,,,,,,,
2017,general,NOR,9,Nor 009,Buffalo NOR 9,55.0,88.0,,1.0,,,6.0,,,,,,,,,,,,2.0,2.0,154.0,,,,,,,,,,,,,,,,,,,,,
2017,general,NOR,10,Nor 010,Buffalo NOR 10,24.0,84.0,,0.0,,,6.0,,,,,,,,,,,,5.0,6.0,125.0,,,,,,,,,,,,,,,,,,,,,
2017,general,NOR,11,Nor 011,Buffalo NOR 11,33.0,122.0,,0.0,,,6.0,,,,,,,,,,,,8.0,8.0,177.0,,,,,,,,,,,,,,,,,,,,,
2017,general,NOR,12,Nor 012,Buffalo NOR 12,33.0,114.0,,0.0,,,4.0,,,,,,,,,,,,6.0,3.0,160.0,,,,,,,,,,,,,,,,,,,,,
2017,general,NOR,13,Nor 013,Buffalo NOR 13,23.0,82.0,,1.0,,,2.0,,,,,,,,,,,,7.0,3.0,118.0,,,,,,,,,,,,,,,,,,,,,
2017,general,NOR,14,Nor 014,Buffalo NOR 14,26.0,40.0,,1.0,,,0.0,,,,,,,,,,,,1.0,0.0,68.0,,,,,,,,,,,,,,,,,,,,,
2017,general,NOR,15,Nor 015,Buffalo NOR 15,7.0,19.0,,0.0,,,2.0,,,,,,,,,,,,5.0,0.0,33.0,,,,,,,,,,,,,,,,,,,,,
2017,general,NOR,16,Nor 016,Buffalo NOR 16,38.0,78.0,,1.0,,,6.0,,,,,,,,,,,,7.0,5.0,135.0,,,,,,,,,,,,,,,,,,,,,
2017,general,NOR,17,Nor 017,Buffalo NOR 17,22.0,68.0,,1.0,,,8.0,,,,,,,,,,,,8.0,4.0,111.0,,,,,,,,,,,,,,,,,,,,,
2017,general,NOR,18,Nor 018,Buffalo NOR 18,39.0,89.0,,0.0,,,7.0,,,,,,,,,,,,6.0,7.0,148.0,,,,,,,,,,,,,,,,,,,,,
2017,general,NOR,19,Nor 019,Buffalo NOR 19,22.0,75.0,,1.0,,,3.0,,,,,,,,,,,,6.0,2.0,109.0,,,,,,,,,,,,,,,,,,,,,
2017,general,NOR,20,Nor 020,Buffalo NOR 20,61.0,230.0,,1.0,,,16.0,,,,,,,,,,,,20.0,9.0,337.0,,,,,,,,,,,,,,,,,,,,,
2017,general,NOR,21,Nor 021,Buffalo NOR 21,23.0,75.0,,0.0,,,8.0,,,,,,,,,,,,7.0,4.0,117.0,,,,,,,,,,,,,,,,,,,,,
2017,general,NOR,22,Nor 022,Buffalo NOR 22,15.0,32.0,,0.0,,,4.0,,,,,,,,,,,,2.0,1.0,54.0,,,,,,,,,,,,,,,,,,,,,
2017,general,NOR,23,Nor 023,Buffalo NOR 23,76.0,193.0,,0.0,,,12.0,,,,,,,,,,,,10.0,13.0,304.0,,,,,,,,,,,,,,,,,,,,,
2017,general,NOR,24,Nor 024,Buffalo NOR 24,44.0,152.0,,0.0,,,15.0,,,,,,,,,,,,6.0,7.0,224.0,,,,,,,,,,,,,,,,,,,,,
2017,general,NOR,25,Nor 025,Buffalo NOR 25,8.0,26.0,,0.0,,,2.0,,,,,,,,,,,,3.0,4.0,43.0,,,,,,,,,,,,,,,,,,,,,
2017,general,NOR,26,Nor 026,Buffalo NOR 26,1.0,26.0,,0.0,,,3.0,,,,,,,,,,,,1.0,1.0,32.0,,,,,,,,,,,,,,,,,,,,,
2017,general,NOR,27,Nor 027,Buffalo NOR 27,7.0,24.0,,0.0,,,2.0,,,,,,,,,,,,1.0,1.0,35.0,,,,,,,,,,,,,,,,,,,,,
2017,general,SOU,1,Sou 001,Buffalo SOU 1,30.0,39.0,,0.0,,,5.0,,,,,,,,,,,,4.0,1.0,79.0,,,,,,,,,,,,,,,,,,,,,
2017,general,SOU,2,Sou 002,Buffalo SOU 2,162.0,133.0,,0.0,,,8.0,,,,,,,,,,,,14.0,2.0,319.0,,,,,,,,,,,,,,,,,,,,,
2017,general,SOU,3,Sou 003,Buffalo SOU 3,108.0,59.0,,0.0,,,1.0,,,,,,,,,,,,0.0,5.0,173.0,,,,,,,,,,,,,,,,,,,,,
2017,general,SOU,4,Sou 004,Buffalo SOU 4,120.0,51.0,,0.0,,,5.0,,,,,,,,,,,,5.0,2.0,183.0,,,,,,,,,,,,,,,,,,,,,
2017,general,SOU,5,Sou 005,Buffalo SOU 5,163.0,120.0,,1.0,,,11.0,,,,,,,,,,,,14.0,1.0,310.0,,,,,,,,,,,,,,,,,,,,,
2017,general,SOU,6,Sou 006,Buffalo SOU 6,90.0,79.0,,0.0,,,0.0,,,,,,,,,,,,10.0,4.0,183.0,,,,,,,,,,,,,,,,,,,,,
2017,general,SOU,7,Sou 007,Buffalo SOU 7,76.0,56.0,,0.0,,,6.0,,,,,,,,,,,,6.0,0.0,144.0,,,,,,,,,,,,,,,,,,,,,
2017,general,SOU,8,Sou 008,Buffalo SOU 8,119.0,50.0,,0.0,,,6.0,,,,,,,,,,,,3.0,1.0,179.0,,,,,,,,,,,,,,,,,,,,,
2017,general,SOU,9,Sou 009,Buffalo SOU 9,131.0,71.0,,0.0,,,9.0,,,,,,,,,,,,15.0,2.0,228.0,,,,,,,,,,,,,,,,,,,,,
2017,general,SOU,10,Sou 010,Buffalo SOU 10,100.0,46.0,,0.0,,,0.0,,,,,,,,,,,,7.0,0.0,153.0,,,,,,,,,,,,,,,,,,,,,
2017,general,SOU,11,Sou 011,Buffalo SOU 11,201.0,146.0,,1.0,,,18.0,,,,,,,,,,,,17.0,6.0,389.0,,,,,,,,,,,,,,,,,,,,,
2017,general,SOU,12,Sou 012,Buffalo SOU 12,112.0,100.0,,0.0,,,7.0,,,,,,,,,,,,10.0,3.0,232.0,,,,,,,,,,,,,,,,,,,,,
2017,general,SOU,13,Sou 013,Buffalo SOU 13,85.0,77.0,,0.0,,,7.0,,,,,,,,,,,,8.0,2.0,179.0,,,,,,,,,,,,,,,,,,,,,
2017,general,SOU,14,Sou 014,Buffalo SOU 14,120.0,56.0,,0.0,,,2.0,,,,,,,,,,,,5.0,1.0,184.0,,,,,,,,,,,,,,,,,,,,,
2017,general,SOU,15,Sou 015,Buffalo SOU 15,93.0,63.0,,0.0,,,2.0,,,,,,,,,,,,8.0,2.0,168.0,,,,,,,,,,,,,,,,,,,,,
2017,general,SOU,16,Sou 016,Buffalo SOU 16,149.0,91.0,,0.0,,,10.0,,,,,,,,,,,,14.0,2.0,266.0,,,,,,,,,,,,,,,,,,,,,
2017,general,SOU,17,Sou 017,Buffalo SOU 17,186.0,133.0,,0.0,,,10.0,,,,,,,,,,,,8.0,2.0,339.0,,,,,,,,,,,,,,,,,,,,,
2017,general,SOU,18,Sou 018,Buffalo SOU 18,224.0,113.0,,0.0,,,12.0,,,,,,,,,,,,8.0,1.0,358.0,,,,,,,,,,,,,,,,,,,,,
2017,general,SOU,19,Sou 019,Buffalo SOU 19,45.0,27.0,,0.0,,,3.0,,,,,,,,,,,,5.0,3.0,83.0,,,,,,,,,,,,,,,,,,,,,
2017,general,SOU,20,Sou 020,Buffalo SOU 20,64.0,47.0,,0.0,,,4.0,,,,,,,,,,,,9.0,0.0,124.0,,,,,,,,,,,,,,,,,,,,,
2017,general,SOU,21,Sou 021,Buffalo SOU 21,83.0,39.0,,0.0,,,1.0,,,,,,,,,,,,1.0,1.0,125.0,,,,,,,,,,,,,,,,,,,,,
2017,general,SOU,22,Sou 022,Buffalo SOU 22,92.0,80.0,,0.0,,,9.0,,,,,,,,,,,,10.0,2.0,193.0,,,,,,,,,,,,,,,,,,,,,
2017,general,SOU,23,Sou 023,Buffalo SOU 23,138.0,106.0,,0.0,,,10.0,,,,,,,,,,,,7.0,0.0,261.0,,,,,,,,,,,,,,,,,,,,,
2017,general,SOU,24,Sou 024,Buffalo SOU 24,219.0,105.0,,0.0,,,8.0,,,,,,,,,,,,3.0,2.0,337.0,,,,,,,,,,,,,,,,,,,,,
2017,general,SOU,25,Sou 025,Buffalo SOU 25,322.0,149.0,,0.0,,,16.0,,,,,,,,,,,,10.0,0.0,497.0,,,,,,,,,,,,,,,,,,,,,
2017,general,SOU,26,Sou 026,Buffalo SOU 26,125.0,67.0,,0.0,,,8.0,,,,,,,,,,,,3.0,1.0,204.0,,,,,,,,,,,,,,,,,,,,,
2017,general,SOU,27,Sou 027,Buffalo SOU 27,163.0,76.0,,0.0,,,5.0,,,,,,,,,,,,8.0,2.0,254.0,,,,,,,,,,,,,,,,,,,,,
2017,general,SOU,28,Sou 028,Buffalo SOU 28,280.0,146.0,,0.0,,,24.0,,,,,,,,,,,,14.0,2.0,466.0,,,,,,,,,,,,,,,,,,,,,
2017,general,SOU,29,Sou 029,Buffalo SOU 29,104.0,47.0,,0.0,,,2.0,,,,,,,,,,,,7.0,1.0,161.0,,,,,,,,,,,,,,,,,,,,,
2017,general,SOU,30,Sou 030,Buffalo SOU 30,208.0,108.0,,0.0,,,14.0,,,,,,,,,,,,12.0,1.0,343.0,,,,,,,,,,,,,,,,,,,,,
2017,general,UNI,1,Uni 001,Buffalo UNI 1,31.0,83.0,,0.0,,,5.0,,,,,,,,,,,,6.0,2.0,127.0,,,,,,,,,,,,,,,,,,,,,
2017,general,UNI,2,Uni 002,Buffalo UNI 2,61.0,165.0,,0.0,,,10.0,,,,,,,,,,,,10.0,11.0,257.0,,,,,,,,,,,,,,,,,,,,,
2017,general,UNI,3,Uni 003,Buffalo UNI 3,84.0,222.0,,0.0,,,4.0,,,,,,,,,,,,5.0,12.0,327.0,,,,,,,,,,,,,,,,,,,,,
2017,general,UNI,4,Uni 004,Buffalo UNI 4,34.0,123.0,,1.0,,,8.0,,,,,,,,,,,,6.0,13.0,185.0,,,,,,,,,,,,,,,,,,,,,
2017,general,UNI,5,Uni 005,Buffalo UNI 5,45.0,173.0,,1.0,,,9.0,,,,,,,,,,,,7.0,5.0,240.0,,,,,,,,,,,,,,,,,,,,,
2017,general,UNI,6,Uni 006,Buffalo UNI 6,23.0,56.0,,0.0,,,5.0,,,,,,,,,,,,2.0,4.0,90.0,,,,,,,,,,,,,,,,,,,,,
2017,general,UNI,7,Uni 007,Buffalo UNI 7,104.0,274.0,,0.0,,,18.0,,,,,,,,,,,,12.0,17.0,425.0,,,,,,,,,,,,,,,,,,,,,
2017,general,UNI,8,Uni 008,Buffalo UNI 8,9.0,56.0,,0.0,,,3.0,,,,,,,,,,,,2.0,6.0,76.0,,,,,,,,,,,,,,,,,,,,,
2017,general,UNI,9,Uni 009,Buffalo UNI 9,5.0,40.0,,0.0,,,1.0,,,,,,,,,,,,0.0,1.0,47.0,,,,,,,,,,,,,,,,,,,,,
2017,general,UNI,10,Uni 010,Buffalo UNI 10,30.0,239.0,,0.0,,,8.0,,,,,,,,,,,,11.0,7.0,295.0,,,,,,,,,,,,,,,,,,,,,
2017,general,UNI,11,Uni 011,Buffalo UNI 11,18.0,139.0,,2.0,,,5.0,,,,,,,,,,,,1.0,4.0,169.0,,,,,,,,,,,,,,,,,,,,,
2017,general,UNI,12,Uni 012,Buffalo UNI 12,41.0,272.0,,1.0,,,14.0,,,,,,,,,,,,2.0,2.0,332.0,,,,,,,,,,,,,,,,,,,,,
2017,general,UNI,13,Uni 013,Buffalo UNI 13,24.0,228.0,,1.0,,,7.0,,,,,,,,,,,,2.0,2.0,264.0,,,,,,,,,,,,,,,,,,,,,
2017,general,UNI,14,Uni 014,Buffalo UNI 14,23.0,133.0,,0.0,,,6.0,,,,,,,,,,,,8.0,6.0,176.0,,,,,,,,,,,,,,,,,,,,,
2017,general,UNI,15,Uni 015,Buffalo UNI 15,10.0,148.0,,2.0,,,6.0,,,,,,,,,,,,2.0,4.0,172.0,,,,,,,,,,,,,,,,,,,,,
2017,general,UNI,16,Uni 016,Buffalo UNI 16,20.0,165.0,,0.0,,,9.0,,,,,,,,,,,,5.0,1.0,200.0,,,,,,,,,,,,,,,,,,,,,
2017,general,UNI,17,Uni 017,Buffalo UNI 17,18.0,138.0,,1.0,,,11.0,,,,,,,,,,,,2.0,2.0,172.0,,,,,,,,,,,,,,,,,,,,,
2017,general,UNI,18,Uni 018,Buffalo UNI 18,14.0,59.0,,0.0,,,2.0,,,,,,,,,,,,1.0,0.0,76.0,,,,,,,,,,,,,,,,,,,,,
2017,general,UNI,19,Uni 019,Buffalo UNI 19,19.0,141.0,,0.0,,,7.0,,,,,,,,,,,,5.0,1.0,173.0,,,,,,,,,,,,,,,,,,,,,
2017,general,UNI,20,Uni 020,Buffalo UNI 20,7.0,141.0,,2.0,,,7.0,,,,,,,,,,,,4.0,2.0,163.0,,,,,,,,,,,,,,,,,,,,,
2017,general,UNI,21,Uni 021,Buffalo UNI 21,15.0,186.0,,0.0,,,6.0,,,,,,,,,,,,3.0,1.0,211.0,,,,,,,,,,,,,,,,,,,,,
2017,general,UNI,22,Uni 022,Buffalo UNI 22,16.0,138.0,,1.0,,,4.0,,,,,,,,,,,,2.0,1.0,162.0,,,,,,,,,,,,,,,,,,,,,
2017,general,UNI,23,Uni 023,Buffalo UNI 23,11.0,134.0,,0.0,,,9.0,,,,,,,,,,,,0.0,2.0,156.0,,,,,,,,,,,,,,,,,,,,,
2017,general,UNI,24,Uni 024,Buffalo UNI 24,17.0,178.0,,1.0,,,3.0,,,,,,,,,,,,2.0,2.0,203.0,,,,,,,,,,,,,,,,,,,,,
2017,general,UNI,25,Uni 025,Buffalo UNI 25,21.0,220.0,,1.0,,,9.0,,,,,,,,,,,,3.0,1.0,255.0,,,,,,,,,,,,,,,,,,,,,
2017,general,UNI,26,Uni 026,Buffalo UNI 26,12.0,133.0,,1.0,,,6.0,,,,,,,,,,,,8.0,0.0,160.0,,,,,,,,,,,,,,,,,,,,,
2017,general,UNI,27,Uni 027,Buffalo UNI 27,9.0,73.0,,0.0,,,1.0,,,,,,,,,,,,0.0,0.0,83.0,,,,,,,,,,,,,,,,,,,,,
2021,primary,DEL,1,DEL 1 (2 & NOR 4),Buffalo DEL 1,,,,,,,,,,,103.0,,,,,,,,,,,157.0,4.0,0.0,0.0,0.0,264.0,,,,,,,,,,,,,,,
2021,primary,DEL,3,DEL 3 (7 & UNI 1),Buffalo DEL 3,,,,,,,,,,,132.0,,,,,,,,,,,169.0,5.0,3.0,0.0,0.0,309.0,,,,,,,,,,,,,,,
2021,primary,DEL,4,"DEL 4 (5, 6)",Buffalo DEL 4,,,,,,,,,,,96.0,,,,,,,,,,,131.0,8.0,2.0,2.0,0.0,239.0,,,,,,,,,,,,,,,
2021,primary,DEL,8,"DEL 8 (9, 10, 15)",Buffalo DEL 8,,,,,,,,,,,195.0,,,,,,,,,,,297.0,6.0,4.0,0.0,2.0,504.0,,,,,,,,,,,,,,,
2021,primary,DEL,11,DEL 11 (12),Buffalo DEL 11,,,,,,,,,,,98.0,,,,,,,,,,,144.0,9.0,2.0,0.0,1.0,254.0,,,,,,,,,,,,,,,
2021,primary,DEL,13,"DEL 13 (14 & NOR 10, 11)",Buffalo DEL 13,,,,,,,,,,,117.0,,,,,,,,,,,175.0,4.0,1.0,0.0,2.0,299.0,,,,,,,,,,,,,,,
2021,primary,DEL,16,DEL 16 (17),Buffalo DEL 16,,,,,,,,,,,128.0,,,,,,,,,,,212.0,8.0,0.0,0.0,2.0,350.0,,,,,,,,,,,,,,,
2021,primary,DEL,18,"DEL 18 (22, 26)",Buffalo DEL 18,,,,,,,,,,,83.0,,,,,,,,,,,125.0,1.0,1.0,0.0,0.0,210.0,,,,,,,,,,,,,,,
2021,primary,DEL,19,DEL 19 (23),Buffalo DEL 19,,,,,,,,,,,96.0,,,,,,,,,,,166.0,2.0,1.0,0.0,0.0,265.0,,,,,,,,,,,,,,,
2021,primary,DEL,20,DEL 20 (21 & MAS 2),Buffalo DEL 20,,,,,,,,,,,114.0,,,,,,,,,,,178.0,4.0,3.0,0.0,0.0,299.0,,,,,,,,,,,,,,,
2021,primary,DEL,24,"DEL 24 (25, 28)",Buffalo DEL 24,,,,,,,,,,,114.0,,,,,,,,,,,288.0,6.0,2.0,0.0,3.0,413.0,,,,,,,,,,,,,,,
2021,primary,DEL,27,DEL 27,Buffalo DEL 27,,,,,,,,,,,42.0,,,,,,,,,,,26.0,2.0,0.0,0.0,0.0,70.0,,,,,,,,,,,,,,,
2021,primary,DEL,29,DEL 29 (NIA 5),Buffalo DEL 29,,,,,,,,,,,68.0,,,,,,,,,,,236.0,0.0,7.0,0.0,1.0,312.0,,,,,,,,,,,,,,,
2021,primary,DEL,30,DEL 30 (31),Buffalo DEL 30,,,,,,,,,,,115.0,,,,,,,,,,,327.0,6.0,3.0,0.0,0.0,451.0,,,,,,,,,,,,,,,
2021,primary,DEL,32,"DEL 32 (33, 34 & NIA 15)",Buffalo DEL 32,,,,,,,,,,,144.0,,,,,,,,,,,369.0,3.0,6.0,0.0,0.0,522.0,,,,,,,,,,,,,,,
2021,primary,ELL,1,ELL 1,Buffalo ELL 1,,,,,,,,,,,110.0,,,,,,,,,,,173.0,8.0,0.0,0.0,2.0,293.0,,,,,,,,,,,,,,,
2021,primary,ELL,2,ELL 2 (FIL 5),Buffalo ELL 2,,,,,,,,,,,60.0,,,,,,,,,,,120.0,1.0,2.0,0.0,0.0,183.0,,,,,,,,,,,,,,,
2021,primary,ELL,3,"ELL 3 (8, 9)",Buffalo ELL 3,,,,,,,,,,,76.0,,,,,,,,,,,118.0,3.0,1.0,0.0,1.0,199.0,,,,,,,,,,,,,,,
2021,primary,ELL,4,"ELL 4 (5, 6, 10)",Buffalo ELL 4,,,,,,,,,,,121.0,,,,,,,,,,,101.0,11.0,3.0,0.0,0.0,236.0,,,,,,,,,,,,,,,
2021,primary,ELL,7,"ELL 7 (MAS 30, 39, 40)",Buffalo ELL 7,,,,,,,,,,,121.0,,,,,,,,,,,67.0,11.0,1.0,1.0,1.0,202.0,,,,,,,,,,,,,,,
2021,primary,ELL,11,"ELL 11 (12, 13, 17)",Buffalo ELL 11,,,,,,,,,,,193.0,,,,,,,,,,,148.0,11.0,2.0,3.0,1.0,358.0,,,,,,,,,,,,,,,
2021,primary,ELL,14,ELL 14,Buffalo ELL 14,,,,,,,,,,,17.0,,,,,,,,,,,44.0,1.0,0.0,0.0,0.0,62.0,,,,,,,,,,,,,,,
2021,primary,ELL,15,ELL 15 (FIL 1),Buffalo ELL 15,,,,,,,,,,,51.0,,,,,,,,,,,134.0,0.0,4.0,0.0,1.0,190.0,,,,,,,,,,,,,,,
2021,primary,ELL,16,ELL 16,Buffalo ELL 16,,,,,,,,,,,41.0,,,,,,,,,,,36.0,1.0,1.0,1.0,0.0,80.0,,,,,,,,,,,,,,,
2021,primary,ELL,18,ELL 18 (FIL 3),Buffalo ELL 18,,,,,,,,,,,40.0,,,,,,,,,,,72.0,5.0,0.0,0.0,0.0,117.0,,,,,,,,,,,,,,,
2021,primary,ELL,19,ELL 19 (20),Buffalo ELL 19,,,,,,,,,,,111.0,,,,,,,,,,,93.0,4.0,4.0,0.0,1.0,213.0,,,,,,,,,,,,,,,
2021,primary,ELL,21,ELL 21,Buffalo ELL 21,,,,,,,,,,,41.0,,,,,,,,,,,56.0,6.0,2.0,0.0,0.0,105.0,,,,,,,,,,,,,,,
2021,primary,ELL,22,ELL 22 (23),Buffalo ELL 22,,,,,,,,,,,98.0,,,,,,,,,,,65.0,13.0,1.0,0.0,0.0,177.0,,,,,,,,,,,,,,,
2021,primary,ELL,24,"ELL 24 (FIL 2, 4, 6, 7)",Buffalo ELL 24,,,,,,,,,,,72.0,,,,,,,,,,,203.0,4.0,2.0,1.0,0.0,282.0,,,,,,,,,,,,,,,
2021,primary,ELL,25,ELL 25 (26),Buffalo ELL 25,,,,,,,,,,,136.0,,,,,,,,,,,90.0,7.0,2.0,0.0,1.0,236.0,,,,,,,,,,,,,,,
2021,primary,ELL,27,ELL 27,Buffalo ELL 27,,,,,,,,,,,43.0,,,,,,,,,,,38.0,0.0,1.0,0.0,1.0,83.0,,,,,,,,,,,,,,,
2021,primary,ELL,28,ELL 28 (32),Buffalo ELL 28,,,,,,,,,,,76.0,,,,,,,,,,,44.0,3.0,3.0,0.0,0.0,126.0,,,,,,,,,,,,,,,
2021,primary,ELL,29,"ELL 29 (30, 31)",Buffalo ELL 29,,,,,,,,,,,217.0,,,,,,,,,,,143.0,15.0,1.0,2.0,1.0,379.0,,,,,,,,,,,,,,,
2021,primary,ELL,33,ELL 33 (FIL 8),Buffalo ELL 33,,,,,,,,,,,101.0,,,,,,,,,,,86.0,4.0,6.0,0.0,2.0,199.0,,,,,,,,,,,,,,,
2021,primary,ELL,34,"ELL 34 (35, 36)",Buffalo ELL 34,,,,,,,,,,,83.0,,,,,,,,,,,85.0,3.0,0.0,3.0,1.0,175.0,,,,,,,,,,,,,,,
2021,primary,FIL,9,"FIL 9 (LOV 6, 7)",Buffalo FIL 9,,,,,,,,,,,77.0,,,,,,,,,,,81.0,9.0,0.0,0.0,0.0,167.0,,,,,,,,,,,,,,,
2021,primary,FIL,10,"FIL 10 (15, 18)",Buffalo FIL 10,,,,,,,,,,,104.0,,,,,,,,,,,85.0,10.0,4.0,0.0,3.0,206.0,,,,,,,,,,,,,,,
2021,primary,FIL,11,FIL 11 (35),Buffalo FIL 11,,,,,,,,,,,117.0,,,,,,,,,,,70.0,8.0,3.0,1.0,0.0,199.0,,,,,,,,,,,,,,,
2021,primary,FIL,12,FIL 12 (13),Buffalo FIL 12,,,,,,,,,,,82.0,,,,,,,,,,,46.0,2.0,3.0,0.0,0.0,133.0,,,,,,,,,,,,,,,
2021,primary,FIL,14,FIL 14 (16),Buffalo FIL 14,,,,,,,,,,,33.0,,,,,,,,,,,42.0,5.0,1.0,0.0,0.0,81.0,,,,,,,,,,,,,,,
2021,primary,FIL,17,FIL 17 (LOV 23),Buffalo FIL 17,,,,,,,,,,,26.0,,,,,,,,,,,11.0,2.0,0.0,0.0,1.0,40.0,,,,,,,,,,,,,,,
2021,primary,FIL,19,FIL 19,Buffalo FIL 19,,,,,,,,,,,40.0,,,,,,,,,,,19.0,3.0,0.0,0.0,2.0,64.0,,,,,,,,,,,,,,,
2021,primary,FIL,20,"FIL 20 (22, 34)",Buffalo FIL 20,,,,,,,,,,,90.0,,,,,,,,,,,53.0,8.0,0.0,1.0,0.0,152.0,,,,,,,,,,,,,,,
2021,primary,FIL,21,FIL 21 (24),Buffalo FIL 21,,,,,,,,,,,28.0,,,,,,,,,,,26.0,1.0,0.0,0.0,1.0,56.0,,,,,,,,,,,,,,,
2021,primary,FIL,23,"FIL 23 (26, 27)",Buffalo FIL 23,,,,,,,,,,,64.0,,,,,,,,,,,36.0,6.0,4.0,1.0,0.0,111.0,,,,,,,,,,,,,,,
2021,primary,FIL,25,FIL 25 (28),Buffalo FIL 25,,,,,,,,,,,40.0,,,,,,,,,,,39.0,4.0,0.0,0.0,0.0,83.0,,,,,,,,,,,,,,,
2021,primary,FIL,29,FIL 29 (30),Buffalo FIL 29,,,,,,,,,,,101.0,,,,,,,,,,,53.0,8.0,0.0,1.0,0.0,163.0,,,,,,,,,,,,,,,
2021,primary,FIL,31,FIL 31,Buffalo FIL 31,,,,,,,,,,,24.0,,,,,,,,,,,24.0,2.0,1.0,0.0,0.0,51.0,,,,,,,,,,,,,,,
2021,primary,FIL,32,FIL 32 (33),Buffalo FIL 32,,,,,,,,,,,36.0,,,,,,,,,,,42.0,6.0,2.0,0.0,0.0,86.0,,,,,,,,,,,,,,,
2021,primary,LOV,1,"LOV 1 (2, 3)",Buffalo LOV 1,,,,,,,,,,,61.0,,,,,,,,,,,63.0,10.0,1.0,0.0,0.0,135.0,,,,,,,,,,,,,,,
2021,primary,LOV,4,LOV 4 (5),Buffalo LOV 4,,,,,,,,,,,60.0,,,,,,,,,,,89.0,6.0,1.0,1.0,1.0,158.0,,,,,,,,,,,,,,,
2021,primary,LOV,8,"LOV 8 (9, 10)",Buffalo LOV 8,,,,,,,,,,,62.0,,,,,,,,,,,67.0,8.0,2.0,0.0,0.0,139.0,,,,,,,,,,,,,,,
2021,primary,LOV,11,"LOV 11 (12, 13, 14)",Buffalo LOV 11,,,,,,,,,,,175.0,,,,,,,,,,,128.0,12.0,1.0,1.0,0.0,317.0,,,,,,,,,,,,,,,
2021,primary,LOV,15,"LOV 15 (16, 17, 18, 19, 20, 21)",Buffalo LOV 15,,,,,,,,,,,98.0,,,,,,,,,,,92.0,14.0,4.0,2.0,0.0,210.0,,,,,,,,,,,,,,,
2021,primary,LOV,22,LOV 22,Buffalo LOV 22,,,,,,,,,,,0.0,,,,,,,,,,,2.0,1.0,0.0,0.0,0.0,3.0,,,,,,,,,,,,,,,
2021,primary,LOV,24,LOV 24 (28),Buffalo LOV 24,,,,,,,,,,,70.0,,,,,,,,,,,53.0,19.0,1.0,0.0,0.0,143.0,,,,,,,,,,,,,,,
2021,primary,LOV,25,LOV 25 (26),Buffalo LOV 25,,,,,,,,,,,17.0,,,,,,,,,,,8.0,1.0,0.0,0.0,0.0,26.0,,,,,,,,,,,,,,,
2021,primary,LOV,27,LOV 27 (31 & SOU 4),Buffalo LOV 27,,,,,,,,,,,66.0,,,,,,,,,,,59.0,3.0,3.0,0.0,0.0,131.0,,,,,,,,,,,,,,,
2021,primary,LOV,29,"LOV 29 (30, 32)",Buffalo LOV 29,,,,,,,,,,,82.0,,,,,,,,,,,44.0,10.0,3.0,0.0,1.0,140.0,,,,,,,,,,,,,,,
2021,primary,MAS,1,"MAS 1 (3, 8, 9, 10)",Buffalo MAS 1,,,,,,,,,,,233.0,,,,,,,,,,,164.0,10.0,1.0,1.0,2.0,411.0,,,,,,,,,,,,,,,
2021,primary,MAS,4,MAS 4 (11),Buffalo MAS 4,,,,,,,,,,,114.0,,,,,,,,,,,71.0,16.0,1.0,0.0,1.0,203.0,,,,,,,,,,,,,,,
2021,primary,MAS,5,"MAS 5 (6, 7 & UNI 15, 18)",Buffalo MAS 5,,,,,,,,,,,160.0,,,,,,,,,,,147.0,21.0,5.0,4.0,1.0,338.0,,,,,,,,,,,,,,,
2021,primary,MAS,12,"MAS 12 (17, 18)",Buffalo MAS 12,,,,,,,,,,,151.0,,,,,,,,,,,87.0,26.0,4.0,2.0,1.0,271.0,,,,,,,,,,,,,,,
2021,primary,MAS,13,MAS 13 (20 & UNI 24),Buffalo MAS 13,,,,,,,,,,,190.0,,,,,,,,,,,143.0,9.0,1.0,0.0,0.0,343.0,,,,,,,,,,,,,,,
2021,primary,MAS,14,"MAS 14 (15, 21, 22)",Buffalo MAS 14,,,,,,,,,,,162.0,,,,,,,,,,,75.0,7.0,2.0,2.0,0.0,248.0,,,,,,,,,,,,,,,
2021,primary,MAS,16,MAS 16 (24),Buffalo MAS 16,,,,,,,,,,,114.0,,,,,,,,,,,93.0,9.0,2.0,0.0,0.0,218.0,,,,,,,,,,,,,,,
2021,primary,MAS,19,"MAS 19 (23, 25, 26)",Buffalo MAS 19,,,,,,,,,,,197.0,,,,,,,,,,,138.0,19.0,3.0,0.0,3.0,360.0,,,,,,,,,,,,,,,
2021,primary,MAS,27,MAS 27 (34),Buffalo MAS 27,,,,,,,,,,,89.0,,,,,,,,,,,94.0,4.0,1.0,0.0,0.0,188.0,,,,,,,,,,,,,,,
2021,primary,MAS,28,MAS 28 (29),Buffalo MAS 28,,,,,,,,,,,114.0,,,,,,,,,,,67.0,10.0,2.0,0.0,0.0,193.0,,,,,,,,,,,,,,,
2021,primary,MAS,31,MAS 31 (32),Buffalo MAS 31,,,,,,,,,,,74.0,,,,,,,,,,,51.0,6.0,2.0,0.0,0.0,133.0,,,,,,,,,,,,,,,
2021,primary,MAS,33,MAS 33,Buffalo MAS 33,,,,,,,,,,,43.0,,,,,,,,,,,46.0,7.0,1.0,0.0,0.0,97.0,,,,,,,,,,,,,,,
2021,primary,MAS,35,"MAS 35 (36, 37, 38)",Buffalo MAS 35,,,,,,,,,,,141.0,,,,,,,,,,,110.0,10.0,5.0,0.0,1.0,267.0,,,,,,,,,,,,,,,
2021,primary,MAS,41,MAS 41 (42),Buffalo MAS 41,,,,,,,,,,,67.0,,,,,,,,,,,33.0,2.0,2.0,0.0,0.0,104.0,,,,,,,,,,,,,,,
2021,primary,NIA,1,"NIA 1 (2, 4 & NOR 25)",Buffalo NIA 1,,,,,,,,,,,53.0,,,,,,,,,,,162.0,5.0,1.0,1.0,0.0,222.0,,,,,,,,,,,,,,,
2021,primary,NIA,3,NIA 3 (NOR 26),Buffalo NIA 3,,,,,,,,,,,8.0,,,,,,,,,,,34.0,0.0,0.0,0.0,0.0,42.0,,,,,,,,,,,,,,,
2021,primary,NIA,6,NIA 6 (9),Buffalo NIA 6,,,,,,,,,,,62.0,,,,,,,,,,,223.0,0.0,3.0,0.0,0.0,288.0,,,,,,,,,,,,,,,
2021,primary,NIA,7,"NIA 7 (8, 10, 11)",Buffalo NIA 7,,,,,,,,,,,93.0,,,,,,,,,,,210.0,7.0,2.0,0.0,3.0,315.0,,,,,,,,,,,,,,,
2021,primary,NIA,12,"NIA 12 (13, 16, 20)",Buffalo NIA 12,,,,,,,,,,,75.0,,,,,,,,,,,140.0,4.0,2.0,1.0,0.0,222.0,,,,,,,,,,,,,,,
2021,primary,NIA,14,NIA 14 (18),Buffalo NIA 14,,,,,,,,,,,71.0,,,,,,,,,,,285.0,2.0,4.0,0.0,0.0,362.0,,,,,,,,,,,,,,,
2021,primary,NIA,17,NIA 17 (24),Buffalo NIA 17,,,,,,,,,,,27.0,,,,,,,,,,,135.0,3.0,0.0,1.0,0.0,166.0,,,,,,,,,,,,,,,
2021,primary,NIA,19,NIA 19 (25),Buffalo NIA 19,,,,,,,,,,,142.0,,,,,,,,,,,243.0,5.0,4.0,1.0,1.0,396.0,,,,,,,,,,,,,,,
2021,primary,NIA,21,NIA 21 (22),Buffalo NIA 21,,,,,,,,,,,61.0,,,,,,,,,,,110.0,2.0,0.0,0.0,0.0,173.0,,,,,,,,,,,,,,,
2021,primary,NIA,23,"NIA 23 (27, 28)",Buffalo NIA 23,,,,,,,,,,,36.0,,,,,,,,,,,148.0,0.0,1.0,0.0,0.0,185.0,,,,,,,,,,,,,,,
2021,primary,NIA,26,NIA 26,Buffalo NIA 26,,,,,,,,,,,22.0,,,,,,,,,,,49.0,0.0,0.0,0.0,0.0,71.0,,,,,,,,,,,,,,,
2021,primary,NOR,1,NOR 1 (2),Buffalo NOR 1,,,,,,,,,,,79.0,,,,,,,,,,,59.0,4.0,0.0,0.0,1.0,143.0,,,,,,,,,,,,,,,
2021,primary,NOR,3,NOR 3,Buffalo NOR 3,,,,,,,,,,,15.0,,,,,,,,,,,15.0,5.0,0.0,0.0,0.0,35.0,,,,,,,,,,,,,,,
2021,primary,NOR,5,NOR 5 (6),Buffalo NOR 5,,,,,,,,,,,46.0,,,,,,,,,,,43.0,5.0,1.0,0.0,0.0,95.0,,,,,,,,,,,,,,,
2021,primary,NOR,7,NOR 7 (13),Buffalo NOR 7,,,,,,,,,,,70.0,,,,,,,,,,,38.0,13.0,1.0,0.0,0.0,122.0,,,,,,,,,,,,,,,
2021,primary,NOR,8,"NOR 8 (9, 15, 16, 19)",Buffalo NOR 8,,,,,,,,,,,82.0,,,,,,,,,,,80.0,7.0,1.0,0.0,0.0,170.0,,,,,,,,,,,,,,,
2021,primary,NOR,12,NOR 12 (14),Buffalo NOR 12,,,,,,,,,,,72.0,,,,,,,,,,,37.0,8.0,1.0,2.0,0.0,120.0,,,,,,,,,,,,,,,
2021,primary,NOR,17,NOR 17,Buffalo NOR 17,,,,,,,,,,,34.0,,,,,,,,,,,17.0,5.0,0.0,0.0,0.0,56.0,,,,,,,,,,,,,,,
2021,primary,NOR,18,NOR 18 (21),Buffalo NOR 18,,,,,,,,,,,55.0,,,,,,,,,,,37.0,7.0,4.0,0.0,0.0,103.0,,,,,,,,,,,,,,,
2021,primary,NOR,20,NOR 20 (24),Buffalo NOR 20,,,,,,,,,,,100.0,,,,,,,,,,,154.0,4.0,1.0,0.0,1.0,260.0,,,,,,,,,,,,,,,
2021,primary,NOR,22,"NOR 22 (23, 27)",Buffalo NOR 22,,,,,,,,,,,81.0,,,,,,,,,,,116.0,0.0,0.0,0.0,0.0,197.0,,,,,,,,,,,,,,,
2021,primary,SOU,1,SOU 1 (3),Buffalo SOU 1,,,,,,,,,,,47.0,,,,,,,,,,,19.0,0.0,0.0,0.0,0.0,66.0,,,,,,,,,,,,,,,
2021,primary,SOU,2,SOU 2 (8),Buffalo SOU 2,,,,,,,,,,,63.0,,,,,,,,,,,56.0,3.0,2.0,1.0,1.0,126.0,,,,,,,,,,,,,,,
2021,primary,SOU,5,SOU 5 (6),Buffalo SOU 5,,,,,,,,,,,63.0,,,,,,,,,,,65.0,3.0,2.0,0.0,0.0,133.0,,,,,,,,,,,,,,,
2021,primary,SOU,7,"SOU 7 (9, 10, 14)",Buffalo SOU 7,,,,,,,,,,,137.0,,,,,,,,,,,91.0,4.0,3.0,1.0,3.0,239.0,,,,,,,,,,,,,,,
2021,primary,SOU,11,SOU 11,Buffalo SOU 11,,,,,,,,,,,56.0,,,,,,,,,,,51.0,4.0,0.0,0.0,1.0,112.0,,,,,,,,,,,,,,,
2021,primary,SOU,12,SOU 12,Buffalo SOU 12,,,,,,,,,,,31.0,,,,,,,,,,,20.0,5.0,3.0,0.0,0.0,59.0,,,,,,,,,,,,,,,
2021,primary,SOU,13,SOU 13 (17),Buffalo SOU 13,,,,,,,,,,,93.0,,,,,,,,,,,46.0,7.0,0.0,0.0,1.0,147.0,,,,,,,,,,,,,,,
2021,primary,SOU,15,"SOU 15 (16, 19, 20)",Buffalo SOU 15,,,,,,,,,,,90.0,,,,,,,,,,,65.0,2.0,1.0,0.0,1.0,159.0,,,,,,,,,,,,,,,
2021,primary,SOU,18,SOU 18 (21),Buffalo SOU 18,,,,,,,,,,,116.0,,,,,,,,,,,56.0,1.0,1.0,0.0,2.0,176.0,,,,,,,,,,,,,,,
2021,primary,SOU,22,"SOU 22 (23, 26, 27, 29)",Buffalo SOU 22,,,,,,,,,,,184.0,,,,,,,,,,,115.0,5.0,6.0,0.0,3.0,313.0,,,,,,,,,,,,,,,
2021,primary,SOU,24,SOU 24 (25),Buffalo SOU 24,,,,,,,,,,,179.0,,,,,,,,,,,74.0,0.0,2.0,0.0,0.0,255.0,,,,,,,,,,,,,,,
2021,primary,SOU,28,SOU 28 (30),Buffalo SOU 28,,,,,,,,,,,185.0,,,,,,,,,,,72.0,13.0,1.0,0.0,3.0,274.0,,,,,,,,,,,,,,,
2021,primary,UNI,2,UNI 2 (3),Buffalo UNI 2,,,,,,,,,,,113.0,,,,,,,,,,,148.0,4.0,0.0,0.0,5.0,270.0,,,,,,,,,,,,,,,
2021,primary,UNI,4,"UNI 4 (6, 8)",Buffalo UNI 4,,,,,,,,,,,67.0,,,,,,,,,,,105.0,2.0,2.0,1.0,0.0,177.0,,,,,,,,,,,,,,,
2021,primary,UNI,5,UNI 5 (7),Buffalo UNI 5,,,,,,,,,,,121.0,,,,,,,,,,,137.0,6.0,3.0,0.0,1.0,268.0,,,,,,,,,,,,,,,
2021,primary,UNI,9,UNI 9 (10),Buffalo UNI 9,,,,,,,,,,,110.0,,,,,,,,,,,107.0,10.0,0.0,1.0,0.0,228.0,,,,,,,,,,,,,,,
2021,primary,UNI,11,UNI 11 (13),Buffalo UNI 11,,,,,,,,,,,135.0,,,,,,,,,,,109.0,15.0,1.0,0.0,0.0,260.0,,,,,,,,,,,,,,,
2021,primary,UNI,12,UNI 12 (14),Buffalo UNI 12,,,,,,,,,,,147.0,,,,,,,,,,,120.0,6.0,8.0,2.0,0.0,283.0,,,,,,,,,,,,,,,
2021,primary,UNI,16,UNI 16,Buffalo UNI 16,,,,,,,,,,,57.0,,,,,,,,,,,59.0,9.0,0.0,0.0,1.0,126.0,,,,,,,,,,,,,,,
2021,primary,UNI,17,UNI 17 (20),Buffalo UNI 17,,,,,,,,,,,117.0,,,,,,,,,,,96.0,12.0,2.0,2.0,0.0,229.0,,,,,,,,,,,,,,,
2021,primary,UNI,19,UNI 19 (21),Buffalo UNI 19,,,,,,,,,,,135.0,,,,,,,,,,,101.0,4.0,3.0,0.0,0.0,243.0,,,,,,,,,,,,,,,
2021,primary,UNI,22,UNI 22 (23),Buffalo UNI 22,,,,,,,,,,,96.0,,,,,,,,,,,80.0,15.0,2.0,0.0,0.0,193.0,,,,,,,,,,,,,,,
2021,primary,UNI,25,"UNI 25 (26, 27)",Buffalo UNI 25,,,,,,,,,,,188.0,,,,,,,,,,,124.0,20.0,2.0,2.0,0.0,336.0,,,,,,,,,,,,,,,
2021,general,DEL,1,DEL 001,Buffalo DEL 1,,,,,,,,4.0,,,,,,,,,,,,,,3.0,,,,,,1.0,0.0,0.0,0.0,0.0,,,,,,,,,,
2021,general,DEL,2,DEL 002,Buffalo DEL 2,,,,,,,,638.0,,,,,,,,,,,,,,227.0,,,,,,389.0,8.0,0.0,1.0,13.0,,,,,,,,,,
2021,general,DEL,3,DEL 003,Buffalo DEL 3,,,,,,,,334.0,,,,,,,,,,,,,,81.0,,,,,,250.0,1.0,0.0,0.0,2.0,,,,,,,,,,
2021,general,DEL,4,DEL 004,Buffalo DEL 4,,,,,,,,216.0,,,,,,,,,,,,,,76.0,,,,,,132.0,1.0,0.0,0.0,7.0,,,,,,,,,,
2021,general,DEL,5,DEL 005,Buffalo DEL 5,,,,,,,,310.0,,,,,,,,,,,,,,117.0,,,,,,187.0,2.0,0.0,0.0,4.0,,,,,,,,,,
2021,general,DEL,6,DEL 006,Buffalo DEL 6,,,,,,,,233.0,,,,,,,,,,,,,,96.0,,,,,,131.0,0.0,0.0,0.0,6.0,,,,,,,,,,
2021,general,DEL,7,DEL 007,Buffalo DEL 7,,,,,,,,445.0,,,,,,,,,,,,,,160.0,,,,,,282.0,0.0,0.0,0.0,3.0,,,,,,,,,,
2021,general,DEL,8,DEL 008,Buffalo DEL 8,,,,,,,,518.0,,,,,,,,,,,,,,195.0,,,,,,320.0,2.0,0.0,0.0,1.0,,,,,,,,,,
2021,general,DEL,9,DEL 009,Buffalo DEL 9,,,,,,,,581.0,,,,,,,,,,,,,,199.0,,,,,,373.0,2.0,0.0,1.0,6.0,,,,,,,,,,
2021,general,DEL,10,DEL 010,Buffalo DEL 10,,,,,,,,197.0,,,,,,,,,,,,,,55.0,,,,,,141.0,0.0,0.0,0.0,1.0,,,,,,,,,,
2021,general,DEL,11,DEL 011,Buffalo DEL 11,,,,,,,,410.0,,,,,,,,,,,,,,171.0,,,,,,232.0,4.0,0.0,0.0,3.0,,,,,,,,,,
2021,general,DEL,12,DEL 012,Buffalo DEL 12,,,,,,,,426.0,,,,,,,,,,,,,,142.0,,,,,,276.0,1.0,0.0,0.0,7.0,,,,,,,,,,
2021,general,DEL,13,DEL 013,Buffalo DEL 13,,,,,,,,216.0,,,,,,,,,,,,,,83.0,,,,,,130.0,0.0,0.0,0.0,3.0,,,,,,,,,,
2021,general,DEL,14,DEL 014,Buffalo DEL 14,,,,,,,,356.0,,,,,,,,,,,,,,137.0,,,,,,213.0,0.0,0.0,1.0,5.0,,,,,,,,,,
2021,general,DEL,15,DEL 015,Buffalo DEL 15,,,,,,,,264.0,,,,,,,,,,,,,,109.0,,,,,,144.0,0.0,0.0,0.0,11.0,,,,,,,,,,
2021,general,DEL,16,DEL 016,Buffalo DEL 16,,,,,,,,469.0,,,,,,,,,,,,,,207.0,,,,,,253.0,1.0,0.0,0.0,8.0,,,,,,,,,,
2021,general,DEL,17,DEL 017,Buffalo DEL 17,,,,,,,,365.0,,,,,,,,,,,,,,151.0,,,,,,204.0,2.0,0.0,0.0,8.0,,,,,,,,,,
2021,general,DEL,18,DEL 018,Buffalo DEL 18,,,,,,,,239.0,,,,,,,,,,,,,,79.0,,,,,,158.0,0.0,0.0,0.0,2.0,,,,,,,,,,
2021,general,DEL,19,DEL 019,Buffalo DEL 19,,,,,,,,318.0,,,,,,,,,,,,,,118.0,,,,,,193.0,1.0,0.0,0.0,6.0,,,,,,,,,,
2021,general,DEL,20,DEL 020,Buffalo DEL 20,,,,,,,,285.0,,,,,,,,,,,,,,82.0,,,,,,200.0,1.0,0.0,0.0,2.0,,,,,,,,,,
2021,general,DEL,21,DEL 021,Buffalo DEL 21,,,,,,,,430.0,,,,,,,,,,,,,,114.0,,,,,,312.0,1.0,0.0,0.0,3.0,,,,,,,,,,
2021,general,DEL,22,DEL 022,Buffalo DEL 22,,,,,,,,250.0,,,,,,,,,,,,,,64.0,,,,,,185.0,1.0,0.0,0.0,0.0,,,,,,,,,,
2021,general,DEL,23,DEL 023,Buffalo DEL 23,,,,,,,,413.0,,,,,,,,,,,,,,185.0,,,,,,224.0,1.0,0.0,0.0,3.0,,,,,,,,,,
2021,general,DEL,24,DEL 024,Buffalo DEL 24,,,,,,,,297.0,,,,,,,,,,,,,,171.0,,,,,,119.0,2.0,0.0,0.0,5.0,,,,,,,,,,
2021,general,DEL,25,DEL 025,Buffalo DEL 25,,,,,,,,443.0,,,,,,,,,,,,,,247.0,,,,,,192.0,1.0,0.0,0.0,3.0,,,,,,,,,,
2021,general,DEL,26,DEL 026,Buffalo DEL 26,,,,,,,,406.0,,,,,,,,,,,,,,157.0,,,,,,247.0,0.0,0.0,0.0,2.0,,,,,,,,,,
2021,general,DEL,27,DEL 027,Buffalo DEL 27,,,,,,,,134.0,,,,,,,,,,,,,,70.0,,,,,,58.0,0.0,0.0,0.0,6.0,,,,,,,,,,
2021,general,DEL,28,DEL 028,Buffalo DEL 28,,,,,,,,243.0,,,,,,,,,,,,,,123.0,,,,,,115.0,2.0,0.0,0.0,3.0,,,,,,,,,,
2021,general,DEL,29,DEL 029,Buffalo DEL 29,,,,,,,,455.0,,,,,,,,,,,,,,255.0,,,,,,198.0,0.0,0.0,0.0,2.0,,,,,,,,,,
2021,general,DEL,30,DEL 030,Buffalo DEL 30,,,,,,,,507.0,,,,,,,,,,,,,,251.0,,,,,,251.0,1.0,0.0,0.0,4.0,,,,,,,,,,
2021,general,DEL,31,DEL 031,Buffalo DEL 31,,,,,,,,573.0,,,,,,,,,,,,,,321.0,,,,,,244.0,2.0,0.0,0.0,6.0,,,,,,,,,,
2021,general,DEL,32,DEL 032,Buffalo DEL 32,,,,,,,,584.0,,,,,,,,,,,,,,259.0,,,,,,317.0,0.0,0.0,0.0,8.0,,,,,,,,,,
2021,general,DEL,33,DEL 033,Buffalo DEL 33,,,,,,,,336.0,,,,,,,,,,,,,,143.0,,,,,,189.0,1.0,0.0,0.0,3.0,,,,,,,,,,
2021,general,DEL,34,DEL 034,Buffalo DEL 34,,,,,,,,414.0,,,,,,,,,,,,,,167.0,,,,,,233.0,5.0,0.0,0.0,9.0,,,,,,,,,,
2021,general,ELL,1,ELL 001,Buffalo ELL 1,,,,,,,,614.0,,,,,,,,,,,,,,346.0,,,,,,255.0,0.0,0.0,0.0,13.0,,,,,,,,,,
2021,general,ELL,2,ELL 002,Buffalo ELL 2,,,,,,,,166.0,,,,,,,,,,,,,,99.0,,,,,,66.0,1.0,0.0,0.0,0.0,,,,,,,,,,
2021,general,ELL,3,ELL 003,Buffalo ELL 3,,,,,,,,326.0,,,,,,,,,,,,,,136.0,,,,,,182.0,1.0,0.0,0.0,7.0,,,,,,,,,,
2021,general,ELL,4,ELL 004,Buffalo ELL 4,,,,,,,,105.0,,,,,,,,,,,,,,53.0,,,,,,47.0,0.0,0.0,0.0,5.0,,,,,,,,,,
2021,general,ELL,5,ELL 005,Buffalo ELL 5,,,,,,,,81.0,,,,,,,,,,,,,,45.0,,,,,,33.0,0.0,0.0,0.0,3.0,,,,,,,,,,
2021,general,ELL,6,ELL 006,Buffalo ELL 6,,,,,,,,131.0,,,,,,,,,,,,,,75.0,,,,,,50.0,0.0,0.0,0.0,6.0,,,,,,,,,,
2021,general,ELL,7,ELL 007,Buffalo ELL 7,,,,,,,,151.0,,,,,,,,,,,,,,64.0,,,,,,75.0,0.0,0.0,0.0,12.0,,,,,,,,,,
2021,general,ELL,8,ELL 008,Buffalo ELL 8,,,,,,,,76.0,,,,,,,,,,,,,,31.0,,,,,,41.0,0.0,0.0,0.0,4.0,,,,,,,,,,
2021,general,ELL,9,ELL 009,Buffalo ELL 9,,,,,,,,84.0,,,,,,,,,,,,,,51.0,,,,,,32.0,0.0,0.0,0.0,1.0,,,,,,,,,,
2021,general,ELL,10,ELL 010,Buffalo ELL 10,,,,,,,,114.0,,,,,,,,,,,,,,67.0,,,,,,45.0,0.0,0.0,0.0,2.0,,,,,,,,,,
2021,general,ELL,11,ELL 011,Buffalo ELL 11,,,,,,,,167.0,,,,,,,,,,,,,,92.0,,,,,,69.0,1.0,0.0,0.0,5.0,,,,,,,,,,
2021,general,ELL,12,ELL 012,Buffalo ELL 12,,,,,,,,188.0,,,,,,,,,,,,,,96.0,,,,,,86.0,1.0,0.0,0.0,5.0,,,,,,,,,,
2021,general,ELL,13,ELL 013,Buffalo ELL 13,,,,,,,,232.0,,,,,,,,,,,,,,112.0,,,,,,115.0,0.0,0.0,0.0,5.0,,,,,,,,,,
2021,general,ELL,14,ELL 014,Buffalo ELL 14,,,,,,,,168.0,,,,,,,,,,,,,,86.0,,,,,,78.0,1.0,1.0,0.0,2.0,,,,,,,,,,
2021,general,ELL,15,ELL 015,Buffalo ELL 15,,,,,,,,169.0,,,,,,,,,,,,,,100.0,,,,,,64.0,0.0,0.0,0.0,5.0,,,,,,,,,,
2021,general,ELL,16,ELL 016,Buffalo ELL 16,,,,,,,,204.0,,,,,,,,,,,,,,100.0,,,,,,100.0,0.0,0.0,0.0,4.0,,,,,,,,,,
2021,general,ELL,17,ELL 017,Buffalo ELL 17,,,,,,,,152.0,,,,,,,,,,,,,,67.0,,,,,,75.0,0.0,0.0,0.0,10.0,,,,,,,,,,
2021,general,ELL,18,ELL 018,Buffalo ELL 18,,,,,,,,88.0,,,,,,,,,,,,,,47.0,,,,,,38.0,0.0,0.0,0.0,3.0,,,,,,,,,,
2021,general,ELL,19,ELL 019,Buffalo ELL 19,,,,,,,,244.0,,,,,,,,,,,,,,133.0,,,,,,105.0,0.0,0.0,0.0,6.0,,,,,,,,,,
2021,general,ELL,20,ELL 020,Buffalo ELL 20,,,,,,,,120.0,,,,,,,,,,,,,,57.0,,,,,,55.0,0.0,1.0,0.0,7.0,,,,,,,,,,
2021,general,ELL,21,ELL 021,Buffalo ELL 21,,,,,,,,203.0,,,,,,,,,,,,,,109.0,,,,,,87.0,2.0,0.0,0.0,5.0,,,,,,,,,,
2021,general,ELL,22,ELL 022,Buffalo ELL 22,,,,,,,,226.0,,,,,,,,,,,,,,121.0,,,,,,100.0,0.0,0.0,0.0,5.0,,,,,,,,,,
2021,general,ELL,23,ELL 023,Buffalo ELL 23,,,,,,,,160.0,,,,,,,,,,,,,,78.0,,,,,,81.0,0.0,0.0,0.0,1.0,,,,,,,,,,
2021,general,ELL,24,ELL 024,Buffalo ELL 24,,,,,,,,77.0,,,,,,,,,,,,,,23.0,,,,,,52.0,0.0,0.0,0.0,2.0,,,,,,,,,,
2021,general,ELL,25,ELL 025,Buffalo ELL 25,,,,,,,,154.0,,,,,,,,,,,,,,58.0,,,,,,94.0,0.0,0.0,1.0,1.0,,,,,,,,,,
2021,general,ELL,26,ELL 026,Buffalo ELL 26,,,,,,,,354.0,,,,,,,,,,,,,,168.0,,,,,,178.0,0.0,0.0,0.0,8.0,,,,,,,,,,
2021,general,ELL,27,ELL 027,Buffalo ELL 27,,,,,,,,160.0,,,,,,,,,,,,,,78.0,,,,,,80.0,0.0,0.0,0.0,2.0,,,,,,,,,,
2021,general,ELL,28,ELL 028,Buffalo ELL 28,,,,,,,,159.0,,,,,,,,,,,,,,83.0,,,,,,71.0,0.0,0.0,0.0,5.0,,,,,,,,,,
2021,general,ELL,29,ELL 029,Buffalo ELL 29,,,,,,,,371.0,,,,,,,,,,,,,,178.0,,,,,,186.0,0.0,0.0,0.0,7.0,,,,,,,,,,
2021,general,ELL,30,ELL 030,Buffalo ELL 30,,,,,,,,75.0,,,,,,,,,,,,,,41.0,,,,,,33.0,0.0,0.0,0.0,1.0,,,,,,,,,,
2021,general,ELL,31,ELL 031,Buffalo ELL 31,,,,,,,,301.0,,,,,,,,,,,,,,158.0,,,,,,137.0,0.0,0.0,0.0,6.0,,,,,,,,,,
2021,general,ELL,32,ELL 032,Buffalo ELL 32,,,,,,,,91.0,,,,,,,,,,,,,,44.0,,,,,,42.0,0.0,1.0,0.0,4.0,,,,,,,,,,
2021,general,ELL,33,ELL 033,Buffalo ELL 33,,,,,,,,179.0,,,,,,,,,,,,,,15.0,,,,,,159.0,1.0,0.0,0.0,4.0,,,,,,,,,,
2021,general,ELL,34,ELL 034,Buffalo ELL 34,,,,,,,,98.0,,,,,,,,,,,,,,36.0,,,,,,53.0,2.0,0.0,0.0,7.0,,,,,,,,,,
2021,general,ELL,35,ELL 035,Buffalo ELL 35,,,,,,,,271.0,,,,,,,,,,,,,,85.0,,,,,,176.0,1.0,0.0,0.0,9.0,,,,,,,,,,
2021,general,ELL,36,ELL 036,Buffalo ELL 36,,,,,,,,136.0,,,,,,,,,,,,,,67.0,,,,,,69.0,0.0,0.0,0.0,0.0,,,,,,,,,,
2021,general,FIL,1,FIL 001,Buffalo FIL 1,,,,,,,,327.0,,,,,,,,,,,,,,195.0,,,,,,125.0,3.0,0.0,0.0,4.0,,,,,,,,,,
2021,general,FIL,2,FIL 002,Buffalo FIL 2,,,,,,,,271.0,,,,,,,,,,,,,,173.0,,,,,,96.0,1.0,0.0,0.0,1.0,,,,,,,,,,
2021,general,FIL,3,FIL 003,Buffalo FIL 3,,,,,,,,228.0,,,,,,,,,,,,,,127.0,,,,,,99.0,2.0,0.0,0.0,0.0,,,,,,,,,,
2021,general,FIL,4,FIL 004,Buffalo FIL 4,,,,,,,,145.0,,,,,,,,,,,,,,88.0,,,,,,53.0,1.0,0.0,0.0,3.0,,,,,,,,,,
2021,general,FIL,5,FIL 005,Buffalo FIL 5,,,,,,,,314.0,,,,,,,,,,,,,,159.0,,,,,,144.0,5.0,0.0,0.0,6.0,,,,,,,,,,
2021,general,FIL,6,FIL 006,Buffalo FIL 6,,,,,,,,80.0,,,,,,,,,,,,,,41.0,,,,,,36.0,2.0,0.0,0.0,1.0,,,,,,,,,,
2021,general,FIL,7,FIL 007,Buffalo FIL 7,,,,,,,,181.0,,,,,,,,,,,,,,76.0,,,,,,89.0,1.0,0.0,0.0,15.0,,,,,,,,,,
2021,general,FIL,8,FIL 008,Buffalo FIL 8,,,,,,,,425.0,,,,,,,,,,,,,,119.0,,,,,,301.0,0.0,1.0,0.0,4.0,,,,,,,,,,
2021,general,FIL,9,FIL 009,Buffalo FIL 9,,,,,,,,83.0,,,,,,,,,,,,,,41.0,,,,,,40.0,0.0,0.0,0.0,2.0,,,,,,,,,,
2021,general,FIL,10,FIL 010,Buffalo FIL 10,,,,,,,,276.0,,,,,,,,,,,,,,133.0,,,,,,140.0,1.0,0.0,0.0,2.0,,,,,,,,,,
2021,general,FIL,11,FIL 011,Buffalo FIL 11,,,,,,,,363.0,,,,,,,,,,,,,,161.0,,,,,,195.0,1.0,0.0,0.0,6.0,,,,,,,,,,
2021,general,FIL,12,FIL 012,Buffalo FIL 12,,,,,,,,22.0,,,,,,,,,,,,,,4.0,,,,,,18.0,0.0,0.0,0.0,0.0,,,,,,,,,,
2021,general,FIL,13,FIL 013,Buffalo FIL 13,,,,,,,,474.0,,,,,,,,,,,,,,73.0,,,,,,389.0,2.0,0.0,0.0,10.0,,,,,,,,,,
2021,general,FIL,14,FIL 014,Buffalo FIL 14,,,,,,,,265.0,,,,,,,,,,,,,,51.0,,,,,,210.0,3.0,1.0,0.0,0.0,,,,,,,,,,
2021,general,FIL,15,FIL 015,Buffalo FIL 15,,,,,,,,176.0,,,,,,,,,,,,,,67.0,,,,,,107.0,1.0,0.0,0.0,1.0,,,,,,,,,,
2021,general,FIL,16,FIL 016,Buffalo FIL 16,,,,,,,,58.0,,,,,,,,,,,,,,5.0,,,,,,52.0,0.0,0.0,0.0,1.0,,,,,,,,,,
2021,general,FIL,17,FIL 017,Buffalo FIL 17,,,,,,,,53.0,,,,,,,,,,,,,,7.0,,,,,,43.0,1.0,0.0,0.0,2.0,,,,,,,,,,
2021,general,FIL,18,FIL 018,Buffalo FIL 18,,,,,,,,248.0,,,,,,,,,,,,,,83.0,,,,,,159.0,0.0,0.0,0.0,6.0,,,,,,,,,,
2021,general,FIL,19,FIL 019,Buffalo FIL 19,,,,,,,,230.0,,,,,,,,,,,,,,38.0,,,,,,183.0,3.0,1.0,0.0,5.0,,,,,,,,,,
2021,general,FIL,20,FIL 020,Buffalo FIL 20,,,,,,,,172.0,,,,,,,,,,,,,,86.0,,,,,,78.0,1.0,0.0,0.0,7.0,,,,,,,,,,
2021,general,FIL,21,FIL 021,Buffalo FIL 21,,,,,,,,79.0,,,,,,,,,,,,,,38.0,,,,,,40.0,0.0,0.0,0.0,1.0,,,,,,,,,,
2021,general,FIL,22,FIL 022,Buffalo FIL 22,,,,,,,,41.0,,,,,,,,,,,,,,19.0,,,,,,21.0,0.0,0.0,0.0,1.0,,,,,,,,,,
2021,general,FIL,23,FIL 023,Buffalo FIL 23,,,,,,,,46.0,,,,,,,,,,,,,,24.0,,,,,,20.0,0.0,0.0,0.0,2.0,,,,,,,,,,
2021,general,FIL,24,FIL 024,Buffalo FIL 24,,,,,,,,88.0,,,,,,,,,,,,,,47.0,,,,,,36.0,0.0,0.0,0.0,5.0,,,,,,,,,,
2021,general,FIL,25,FIL 025,Buffalo FIL 25,,,,,,,,149.0,,,,,,,,,,,,,,71.0,,,,,,75.0,0.0,0.0,0.0,3.0,,,,,,,,,,
2021,general,FIL,26,FIL 026,Buffalo FIL 26,,,,,,,,98.0,,,,,,,,,,,,,,37.0,,,,,,60.0,0.0,0.0,1.0,0.0,,,,,,,,,,
2021,general,FIL,27,FIL 027,Buffalo FIL 27,,,,,,,,125.0,,,,,,,,,,,,,,40.0,,,,,,79.0,0.0,0.0,0.0,6.0,,,,,,,,,,
2021,general,FIL,28,FIL 028,Buffalo FIL 28,,,,,,,,134.0,,,,,,,,,,,,,,55.0,,,,,,69.0,0.0,0.0,0.0,10.0,,,,,,,,,,
2021,general,FIL,29,FIL 029,Buffalo FIL 29,,,,,,,,148.0,,,,,,,,,,,,,,72.0,,,,,,73.0,0.0,0.0,0.0,3.0,,,,,,,,,,
2021,general,FIL,30,FIL 030,Buffalo FIL 30,,,,,,,,155.0,,,,,,,,,,,,,,79.0,,,,,,68.0,0.0,0.0,0.0,8.0,,,,,,,,,,
2021,general,FIL,31,FIL 031,Buffalo FIL 31,,,,,,,,134.0,,,,,,,,,,,,,,72.0,,,,,,55.0,0.0,0.0,0.0,7.0,,,,,,,,,,
2021,general,FIL,32,FIL 032,Buffalo FIL 32,,,,,,,,96.0,,,,,,,,,,,,,,49.0,,,,,,46.0,0.0,0.0,0.0,1.0,,,,,,,,,,
2021,general,FIL,33,FIL 033,Buffalo FIL 33,,,,,,,,121.0,,,,,,,,,,,,,,79.0,,,,,,41.0,0.0,0.0,0.0,1.0,,,,,,,,,,
2021,general,FIL,34,FIL 034,Buffalo FIL 34,,,,,,,,76.0,,,,,,,,,,,,,,31.0,,,,,,40.0,0.0,0.0,0.0,5.0,,,,,,,,,,
2021,general,FIL,35,FIL 035,Buffalo FIL 35,,,,,,,,94.0,,,,,,,,,,,,,,43.0,,,,,,46.0,0.0,0.0,0.0,5.0,,,,,,,,,,
2021,general,LOV,1,LOV 001,Buffalo LOV 1,,,,,,,,94.0,,,,,,,,,,,,,,58.0,,,,,,34.0,0.0,0.0,0.0,2.0,,,,,,,,,,
2021,general,LOV,2,LOV 002,Buffalo LOV 2,,,,,,,,20.0,,,,,,,,,,,,,,14.0,,,,,,5.0,0.0,0.0,0.0,1.0,,,,,,,,,,
2021,general,LOV,3,LOV 003,Buffalo LOV 3,,,,,,,,218.0,,,,,,,,,,,,,,112.0,,,,,,101.0,0.0,0.0,0.0,5.0,,,,,,,,,,
2021,general,LOV,4,LOV 004,Buffalo LOV 4,,,,,,,,185.0,,,,,,,,,,,,,,109.0,,,,,,71.0,0.0,0.0,0.0,5.0,,,,,,,,,,
2021,general,LOV,5,LOV 005,Buffalo LOV 5,,,,,,,,154.0,,,,,,,,,,,,,,82.0,,,,,,67.0,1.0,0.0,0.0,4.0,,,,,,,,,,
2021,general,LOV,6,LOV 006,Buffalo LOV 6,,,,,,,,209.0,,,,,,,,,,,,,,99.0,,,,,,101.0,2.0,0.0,0.0,7.0,,,,,,,,,,
2021,general,LOV,7,LOV 007,Buffalo LOV 7,,,,,,,,98.0,,,,,,,,,,,,,,58.0,,,,,,37.0,0.0,0.0,0.0,3.0,,,,,,,,,,
2021,general,LOV,8,LOV 008,Buffalo LOV 8,,,,,,,,60.0,,,,,,,,,,,,,,28.0,,,,,,31.0,0.0,0.0,0.0,1.0,,,,,,,,,,
2021,general,LOV,9,LOV 009,Buffalo LOV 9,,,,,,,,160.0,,,,,,,,,,,,,,83.0,,,,,,72.0,0.0,0.0,0.0,5.0,,,,,,,,,,
2021,general,LOV,10,LOV 010,Buffalo LOV 10,,,,,,,,171.0,,,,,,,,,,,,,,91.0,,,,,,73.0,0.0,0.0,0.0,7.0,,,,,,,,,,
2021,general,LOV,11,LOV 011,Buffalo LOV 11,,,,,,,,88.0,,,,,,,,,,,,,,35.0,,,,,,50.0,1.0,0.0,0.0,2.0,,,,,,,,,,
2021,general,LOV,12,LOV 012,Buffalo LOV 12,,,,,,,,212.0,,,,,,,,,,,,,,92.0,,,,,,111.0,0.0,0.0,0.0,9.0,,,,,,,,,,
2021,general,LOV,13,LOV 013,Buffalo LOV 13,,,,,,,,170.0,,,,,,,,,,,,,,80.0,,,,,,88.0,0.0,1.0,0.0,1.0,,,,,,,,,,
2021,general,LOV,14,LOV 014,Buffalo LOV 14,,,,,,,,317.0,,,,,,,,,,,,,,149.0,,,,,,157.0,1.0,2.0,0.0,8.0,,,,,,,,,,
2021,general,LOV,15,LOV 015,Buffalo LOV 15,,,,,,,,134.0,,,,,,,,,,,,,,33.0,,,,,,96.0,1.0,0.0,0.0,4.0,,,,,,,,,,
2021,general,LOV,16,LOV 016,Buffalo LOV 16,,,,,,,,209.0,,,,,,,,,,,,,,57.0,,,,,,144.0,2.0,1.0,0.0,5.0,,,,,,,,,,
2021,general,LOV,17,LOV 017,Buffalo LOV 17,,,,,,,,225.0,,,,,,,,,,,,,,55.0,,,,,,159.0,5.0,1.0,0.0,5.0,,,,,,,,,,
2021,general,LOV,18,LOV 018,Buffalo LOV 18,,,,,,,,183.0,,,,,,,,,,,,,,31.0,,,,,,143.0,1.0,3.0,0.0,5.0,,,,,,,,,,
2021,general,LOV,19,LOV 019,Buffalo LOV 19,,,,,,,,130.0,,,,,,,,,,,,,,28.0,,,,,,100.0,0.0,0.0,0.0,2.0,,,,,,,,,,
2021,general,LOV,20,LOV 020,Buffalo LOV 20,,,,,,,,110.0,,,,,,,,,,,,,,15.0,,,,,,95.0,0.0,0.0,0.0,0.0,,,,,,,,,,
2021,general,LOV,21,LOV 021,Buffalo LOV 21,,,,,,,,93.0,,,,,,,,,,,,,,11.0,,,,,,78.0,0.0,0.0,0.0,4.0,,,,,,,,,,
2021,general,LOV,22,LOV 022,Buffalo LOV 22,,,,,,,,41.0,,,,,,,,,,,,,,9.0,,,,,,32.0,0.0,0.0,0.0,0.0,,,,,,,,,,
2021,general,LOV,23,LOV 023,Buffalo LOV 23,,,,,,,,125.0,,,,,,,,,,,,,,26.0,,,,,,96.0,1.0,0.0,0.0,2.0,,,,,,,,,,
2021,general,LOV,24,LOV 024,Buffalo LOV 24,,,,,,,,316.0,,,,,,,,,,,,,,65.0,,,,,,246.0,1.0,0.0,0.0,4.0,,,,,,,,,,
2021,general,LOV,25,LOV 025,Buffalo LOV 25,,,,,,,,1.0,,,,,,,,,,,,,,0.0,,,,,,1.0,0.0,0.0,0.0,0.0,,,,,,,,,,
2021,general,LOV,26,LOV 026,Buffalo LOV 26,,,,,,,,97.0,,,,,,,,,,,,,,19.0,,,,,,76.0,0.0,0.0,0.0,2.0,,,,,,,,,,
2021,general,LOV,27,LOV 027,Buffalo LOV 27,,,,,,,,35.0,,,,,,,,,,,,,,3.0,,,,,,31.0,0.0,0.0,0.0,1.0,,,,,,,,,,
2021,general,LOV,28,LOV 028,Buffalo LOV 28,,,,,,,,283.0,,,,,,,,,,,,,,54.0,,,,,,222.0,1.0,0.0,0.0,6.0,,,,,,,,,,
2021,general,LOV,29,LOV 029,Buffalo LOV 29,,,,,,,,298.0,,,,,,,,,,,,,,59.0,,,,,,228.0,3.0,0.0,0.0,8.0,,,,,,,,,,
2021,general,LOV,30,LOV 030,Buffalo LOV 30,,,,,,,,338.0,,,,,,,,,,,,,,55.0,,,,,,277.0,2.0,0.0,0.0,4.0,,,,,,,,,,
2021,general,LOV,31,LOV 031,Buffalo LOV 31,,,,,,,,346.0,,,,,,,,,,,,,,67.0,,,,,,267.0,2.0,0.0,0.0,10.0,,,,,,,,,,
2021,general,LOV,32,LOV 032,Buffalo LOV 32,,,,,,,,68.0,,,,,,,,,,,,,,2.0,,,,,,66.0,0.0,0.0,0.0,0.0,,,,,,,,,,
2021,general,MAS,1,MAS 001,Buffalo MAS 1,,,,,,,,214.0,,,,,,,,,,,,,,116.0,,,,,,97.0,1.0,0.0,0.0,0.0,,,,,,,,,,
2021,general,MAS,2,MAS 002,Buffalo MAS 2,,,,,,,,120.0,,,,,,,,,,,,,,63.0,,,,,,53.0,0.0,0.0,0.0,4.0,,,,,,,,,,
2021,general,MAS,3,MAS 003,Buffalo MAS 3,,,,,,,,266.0,,,,,,,,,,,,,,116.0,,,,,,141.0,0.0,0.0,0.0,9.0,,,,,,,,,,
2021,general,MAS,4,MAS 004,Buffalo MAS 4,,,,,,,,183.0,,,,,,,,,,,,,,90.0,,,,,,92.0,0.0,0.0,0.0,1.0,,,,,,,,,,
2021,general,MAS,5,MAS 005,Buffalo MAS 5,,,,,,,,16.0,,,,,,,,,,,,,,9.0,,,,,,7.0,0.0,0.0,0.0,0.0,,,,,,,,,,
2021,general,MAS,6,MAS 006,Buffalo MAS 6,,,,,,,,76.0,,,,,,,,,,,,,,37.0,,,,,,39.0,0.0,0.0,0.0,0.0,,,,,,,,,,
2021,general,MAS,7,MAS 007,Buffalo MAS 7,,,,,,,,262.0,,,,,,,,,,,,,,145.0,,,,,,111.0,0.0,0.0,0.0,6.0,,,,,,,,,,
2021,general,MAS,8,MAS 008,Buffalo MAS 8,,,,,,,,150.0,,,,,,,,,,,,,,64.0,,,,,,82.0,0.0,0.0,0.0,4.0,,,,,,,,,,
2021,general,MAS,9,MAS 009,Buffalo MAS 9,,,,,,,,136.0,,,,,,,,,,,,,,65.0,,,,,,70.0,0.0,0.0,0.0,1.0,,,,,,,,,,
2021,general,MAS,10,MAS 010,Buffalo MAS 10,,,,,,,,109.0,,,,,,,,,,,,,,39.0,,,,,,68.0,0.0,0.0,0.0,2.0,,,,,,,,,,
2021,general,MAS,11,MAS 011,Buffalo MAS 11,,,,,,,,256.0,,,,,,,,,,,,,,125.0,,,,,,124.0,2.0,0.0,0.0,5.0,,,,,,,,,,
2021,general,MAS,12,MAS 012,Buffalo MAS 12,,,,,,,,259.0,,,,,,,,,,,,,,119.0,,,,,,136.0,0.0,0.0,0.0,4.0,,,,,,,,,,
2021,general,MAS,13,MAS 013,Buffalo MAS 13,,,,,,,,164.0,,,,,,,,,,,,,,91.0,,,,,,69.0,0.0,0.0,0.0,4.0,,,,,,,,,,
2021,general,MAS,14,MAS 014,Buffalo MAS 14,,,,,,,,117.0,,,,,,,,,,,,,,53.0,,,,,,64.0,0.0,0.0,0.0,0.0,,,,,,,,,,
2021,general,MAS,15,MAS 015,Buffalo MAS 15,,,,,,,,125.0,,,,,,,,,,,,,,61.0,,,,,,58.0,0.0,0.0,0.0,6.0,,,,,,,,,,
2021,general,MAS,16,MAS 016,Buffalo MAS 16,,,,,,,,95.0,,,,,,,,,,,,,,41.0,,,,,,50.0,0.0,0.0,0.0,4.0,,,,,,,,,,
2021,general,MAS,17,MAS 017,Buffalo MAS 17,,,,,,,,135.0,,,,,,,,,,,,,,65.0,,,,,,64.0,0.0,0.0,0.0,6.0,,,,,,,,,,
2021,general,MAS,18,MAS 018,Buffalo MAS 18,,,,,,,,134.0,,,,,,,,,,,,,,63.0,,,,,,68.0,0.0,0.0,0.0,3.0,,,,,,,,,,
2021,general,MAS,19,MAS 019,Buffalo MAS 19,,,,,,,,159.0,,,,,,,,,,,,,,73.0,,,,,,84.0,0.0,0.0,0.0,2.0,,,,,,,,,,
2021,general,MAS,20,MAS 020,Buffalo MAS 20,,,,,,,,242.0,,,,,,,,,,,,,,130.0,,,,,,102.0,0.0,0.0,0.0,10.0,,,,,,,,,,
2021,general,MAS,21,MAS 021,Buffalo MAS 21,,,,,,,,146.0,,,,,,,,,,,,,,57.0,,,,,,86.0,2.0,0.0,0.0,1.0,,,,,,,,,,
2021,general,MAS,22,MAS 022,Buffalo MAS 22,,,,,,,,138.0,,,,,,,,,,,,,,62.0,,,,,,70.0,0.0,0.0,0.0,6.0,,,,,,,,,,
2021,general,MAS,23,MAS 023,Buffalo MAS 23,,,,,,,,312.0,,,,,,,,,,,,,,162.0,,,,,,139.0,0.0,0.0,0.0,11.0,,,,,,,,,,
2021,general,MAS,24,MAS 024,Buffalo MAS 24,,,,,,,,305.0,,,,,,,,,,,,,,159.0,,,,,,135.0,0.0,0.0,0.0,11.0,,,,,,,,,,
2021,general,MAS,25,MAS 025,Buffalo MAS 25,,,,,,,,149.0,,,,,,,,,,,,,,78.0,,,,,,69.0,0.0,0.0,0.0,2.0,,,,,,,,,,
2021,general,MAS,26,MAS 026,Buffalo MAS 26,,,,,,,,96.0,,,,,,,,,,,,,,38.0,,,,,,54.0,1.0,0.0,0.0,3.0,,,,,,,,,,
2021,general,MAS,27,MAS 027,Buffalo MAS 27,,,,,,,,323.0,,,,,,,,,,,,,,182.0,,,,,,133.0,0.0,0.0,0.0,8.0,,,,,,,,,,
2021,general,MAS,28,MAS 028,Buffalo MAS 28,,,,,,,,205.0,,,,,,,,,,,,,,115.0,,,,,,86.0,0.0,0.0,0.0,4.0,,,,,,,,,,
2021,general,MAS,29,MAS 029,Buffalo MAS 29,,,,,,,,174.0,,,,,,,,,,,,,,66.0,,,,,,107.0,0.0,0.0,0.0,1.0,,,,,,,,,,
2021,general,MAS,30,MAS 030,Buffalo MAS 30,,,,,,,,134.0,,,,,,,,,,,,,,66.0,,,,,,66.0,0.0,0.0,0.0,2.0,,,,,,,,,,
2021,general,MAS,31,MAS 031,Buffalo MAS 31,,,,,,,,67.0,,,,,,,,,,,,,,29.0,,,,,,38.0,0.0,0.0,0.0,0.0,,,,,,,,,,
2021,general,MAS,32,MAS 032,Buffalo MAS 32,,,,,,,,213.0,,,,,,,,,,,,,,111.0,,,,,,94.0,0.0,0.0,0.0,8.0,,,,,,,,,,
2021,general,MAS,33,MAS 033,Buffalo MAS 33,,,,,,,,205.0,,,,,,,,,,,,,,123.0,,,,,,77.0,0.0,0.0,0.0,5.0,,,,,,,,,,
2021,general,MAS,34,MAS 034,Buffalo MAS 34,,,,,,,,63.0,,,,,,,,,,,,,,31.0,,,,,,31.0,0.0,0.0,0.0,1.0,,,,,,,,,,
2021,general,MAS,35,MAS 035,Buffalo MAS 35,,,,,,,,120.0,,,,,,,,,,,,,,71.0,,,,,,48.0,0.0,0.0,0.0,1.0,,,,,,,,,,
2021,general,MAS,36,MAS 036,Buffalo MAS 36,,,,,,,,138.0,,,,,,,,,,,,,,74.0,,,,,,59.0,0.0,1.0,0.0,4.0,,,,,,,,,,
2021,general,MAS,37,MAS 037,Buffalo MAS 37,,,,,,,,29.0,,,,,,,,,,,,,,19.0,,,,,,8.0,0.0,0.0,0.0,2.0,,,,,,,,,,
2021,general,MAS,38,MAS 038,Buffalo MAS 38,,,,,,,,173.0,,,,,,,,,,,,,,86.0,,,,,,83.0,0.0,0.0,0.0,4.0,,,,,,,,,,
2021,general,MAS,39,MAS 039,Buffalo MAS 39,,,,,,,,37.0,,,,,,,,,,,,,,23.0,,,,,,14.0,0.0,0.0,0.0,0.0,,,,,,,,,,
2021,general,MAS,40,MAS 040,Buffalo MAS 40,,,,,,,,115.0,,,,,,,,,,,,,,58.0,,,,,,55.0,0.0,0.0,0.0,2.0,,,,,,,,,,
2021,general,MAS,41,MAS 041,Buffalo MAS 41,,,,,,,,50.0,,,,,,,,,,,,,,24.0,,,,,,24.0,1.0,0.0,0.0,1.0,,,,,,,,,,
2021,general,MAS,42,MAS 042,Buffalo MAS 42,,,,,,,,171.0,,,,,,,,,,,,,,91.0,,,,,,78.0,0.0,0.0,0.0,2.0,,,,,,,,,,
2021,general,NIA,1,NIA 001,Buffalo NIA 1,,,,,,,,146.0,,,,,,,,,,,,,,75.0,,,,,,66.0,1.0,0.0,0.0,4.0,,,,,,,,,,
2021,general,NIA,2,NIA 002,Buffalo NIA 2,,,,,,,,347.0,,,,,,,,,,,,,,193.0,,,,,,147.0,2.0,0.0,0.0,5.0,,,,,,,,,,
2021,general,NIA,3,NIA 003,Buffalo NIA 3,,,,,,,,96.0,,,,,,,,,,,,,,60.0,,,,,,36.0,0.0,0.0,0.0,0.0,,,,,,,,,,
2021,general,NIA,4,NIA 004,Buffalo NIA 4,,,,,,,,57.0,,,,,,,,,,,,,,25.0,,,,,,30.0,0.0,0.0,0.0,2.0,,,,,,,,,,
2021,general,NIA,5,NIA 005,Buffalo NIA 5,,,,,,,,328.0,,,,,,,,,,,,,,192.0,,,,,,125.0,5.0,0.0,0.0,6.0,,,,,,,,,,
2021,general,NIA,6,NIA 006,Buffalo NIA 6,,,,,,,,325.0,,,,,,,,,,,,,,167.0,,,,,,152.0,3.0,0.0,0.0,3.0,,,,,,,,,,
2021,general,NIA,7,NIA 007,Buffalo NIA 7,,,,,,,,201.0,,,,,,,,,,,,,,106.0,,,,,,91.0,1.0,0.0,0.0,3.0,,,,,,,,,,
2021,general,NIA,8,NIA 008,Buffalo NIA 8,,,,,,,,254.0,,,,,,,,,,,,,,151.0,,,,,,75.0,2.0,0.0,0.0,26.0,,,,,,,,,,
2021,general,NIA,9,NIA 009,Buffalo NIA 9,,,,,,,,440.0,,,,,,,,,,,,,,267.0,,,,,,168.0,0.0,0.0,0.0,5.0,,,,,,,,,,
2021,general,NIA,10,NIA 010,Buffalo NIA 10,,,,,,,,137.0,,,,,,,,,,,,,,66.0,,,,,,66.0,0.0,0.0,0.0,5.0,,,,,,,,,,
2021,general,NIA,11,NIA 011,Buffalo NIA 11,,,,,,,,172.0,,,,,,,,,,,,,,110.0,,,,,,59.0,0.0,0.0,0.0,3.0,,,,,,,,,,
2021,general,NIA,12,NIA 012,Buffalo NIA 12,,,,,,,,215.0,,,,,,,,,,,,,,76.0,,,,,,131.0,2.0,0.0,0.0,6.0,,,,,,,,,,
2021,general,NIA,13,NIA 013,Buffalo NIA 13,,,,,,,,207.0,,,,,,,,,,,,,,109.0,,,,,,90.0,0.0,0.0,0.0,8.0,,,,,,,,,,
2021,general,NIA,14,NIA 014,Buffalo NIA 14,,,,,,,,360.0,,,,,,,,,,,,,,236.0,,,,,,118.0,0.0,0.0,0.0,6.0,,,,,,,,,,
2021,general,NIA,15,NIA 015,Buffalo NIA 15,,,,,,,,123.0,,,,,,,,,,,,,,62.0,,,,,,60.0,0.0,0.0,0.0,1.0,,,,,,,,,,
2021,general,NIA,16,NIA 016,Buffalo NIA 16,,,,,,,,253.0,,,,,,,,,,,,,,112.0,,,,,,133.0,2.0,0.0,0.0,6.0,,,,,,,,,,
2021,general,NIA,17,NIA 017,Buffalo NIA 17,,,,,,,,86.0,,,,,,,,,,,,,,52.0,,,,,,33.0,1.0,0.0,0.0,0.0,,,,,,,,,,
2021,general,NIA,18,NIA 018,Buffalo NIA 18,,,,,,,,512.0,,,,,,,,,,,,,,292.0,,,,,,213.0,0.0,0.0,0.0,7.0,,,,,,,,,,
2021,general,NIA,19,NIA 019,Buffalo NIA 19,,,,,,,,596.0,,,,,,,,,,,,,,291.0,,,,,,300.0,1.0,0.0,0.0,4.0,,,,,,,,,,
2021,general,NIA,20,NIA 020,Buffalo NIA 20,,,,,,,,99.0,,,,,,,,,,,,,,45.0,,,,,,50.0,2.0,0.0,0.0,2.0,,,,,,,,,,
2021,general,NIA,21,NIA 021,Buffalo NIA 21,,,,,,,,367.0,,,,,,,,,,,,,,188.0,,,,,,165.0,5.0,0.0,0.0,9.0,,,,,,,,,,
2021,general,NIA,22,NIA 022,Buffalo NIA 22,,,,,,,,105.0,,,,,,,,,,,,,,48.0,,,,,,52.0,0.0,0.0,0.0,5.0,,,,,,,,,,
2021,general,NIA,23,NIA 023,Buffalo NIA 23,,,,,,,,158.0,,,,,,,,,,,,,,81.0,,,,,,73.0,0.0,0.0,0.0,4.0,,,,,,,,,,
2021,general,NIA,24,NIA 024,Buffalo NIA 24,,,,,,,,328.0,,,,,,,,,,,,,,214.0,,,,,,111.0,1.0,0.0,0.0,2.0,,,,,,,,,,
2021,general,NIA,25,NIA 025,Buffalo NIA 25,,,,,,,,434.0,,,,,,,,,,,,,,232.0,,,,,,194.0,0.0,0.0,0.0,8.0,,,,,,,,,,
2021,general,NIA,26,NIA 026,Buffalo NIA 26,,,,,,,,197.0,,,,,,,,,,,,,,76.0,,,,,,120.0,0.0,0.0,0.0,1.0,,,,,,,,,,
2021,general,NIA,27,NIA 027,Buffalo NIA 27,,,,,,,,97.0,,,,,,,,,,,,,,56.0,,,,,,38.0,2.0,0.0,0.0,1.0,,,,,,,,,,
2021,general,NIA,28,NIA 028,Buffalo NIA 28,,,,,,,,220.0,,,,,,,,,,,,,,135.0,,,,,,84.0,0.0,0.0,0.0,1.0,,,,,,,,,,
2021,general,NOR,1,NOR 001,Buffalo NOR 1,,,,,,,,281.0,,,,,,,,,,,,,,60.0,,,,,,217.0,0.0,0.0,0.0,4.0,,,,,,,,,,
2021,general,NOR,2,NOR 002,Buffalo NOR 2,,,,,,,,271.0,,,,,,,,,,,,,,57.0,,,,,,203.0,1.0,0.0,0.0,10.0,,,,,,,,,,
2021,general,NOR,3,NOR 003,Buffalo NOR 3,,,,,,,,107.0,,,,,,,,,,,,,,48.0,,,,,,52.0,0.0,1.0,1.0,5.0,,,,,,,,,,
2021,general,NOR,4,NOR 004,Buffalo NOR 4,,,,,,,,184.0,,,,,,,,,,,,,,86.0,,,,,,95.0,0.0,0.0,0.0,3.0,,,,,,,,,,
2021,general,NOR,5,NOR 005,Buffalo NOR 5,,,,,,,,235.0,,,,,,,,,,,,,,55.0,,,,,,175.0,0.0,0.0,0.0,5.0,,,,,,,,,,
2021,general,NOR,6,NOR 006,Buffalo NOR 6,,,,,,,,177.0,,,,,,,,,,,,,,54.0,,,,,,113.0,1.0,0.0,0.0,9.0,,,,,,,,,,
2021,general,NOR,7,NOR 007,Buffalo NOR 7,,,,,,,,119.0,,,,,,,,,,,,,,30.0,,,,,,85.0,3.0,0.0,0.0,1.0,,,,,,,,,,
2021,general,NOR,8,NOR 008,Buffalo NOR 8,,,,,,,,46.0,,,,,,,,,,,,,,14.0,,,,,,31.0,1.0,0.0,0.0,0.0,,,,,,,,,,
2021,general,NOR,9,NOR 009,Buffalo NOR 9,,,,,,,,229.0,,,,,,,,,,,,,,50.0,,,,,,170.0,3.0,0.0,0.0,6.0,,,,,,,,,,
2021,general,NOR,10,NOR 010,Buffalo NOR 10,,,,,,,,191.0,,,,,,,,,,,,,,60.0,,,,,,130.0,0.0,1.0,0.0,0.0,,,,,,,,,,
2021,general,NOR,11,NOR 011,Buffalo NOR 11,,,,,,,,281.0,,,,,,,,,,,,,,101.0,,,,,,177.0,0.0,0.0,0.0,3.0,,,,,,,,,,
2021,general,NOR,12,NOR 012,Buffalo NOR 12,,,,,,,,267.0,,,,,,,,,,,,,,70.0,,,,,,190.0,0.0,0.0,0.0,7.0,,,,,,,,,,
2021,general,NOR,13,NOR 013,Buffalo NOR 13,,,,,,,,202.0,,,,,,,,,,,,,,52.0,,,,,,144.0,1.0,0.0,0.0,5.0,,,,,,,,,,
2021,general,NOR,14,NOR 014,Buffalo NOR 14,,,,,,,,127.0,,,,,,,,,,,,,,30.0,,,,,,92.0,3.0,0.0,0.0,2.0,,,,,,,,,,
2021,general,NOR,15,NOR 015,Buffalo NOR 15,,,,,,,,52.0,,,,,,,,,,,,,,26.0,,,,,,26.0,0.0,0.0,0.0,0.0,,,,,,,,,,
2021,general,NOR,16,NOR 016,Buffalo NOR 16,,,,,,,,187.0,,,,,,,,,,,,,,63.0,,,,,,123.0,0.0,0.0,1.0,0.0,,,,,,,,,,
2021,general,NOR,17,NOR 017,Buffalo NOR 17,,,,,,,,164.0,,,,,,,,,,,,,,48.0,,,,,,112.0,2.0,0.0,0.0,2.0,,,,,,,,,,
2021,general,NOR,18,NOR 018,Buffalo NOR 18,,,,,,,,234.0,,,,,,,,,,,,,,53.0,,,,,,171.0,0.0,0.0,0.0,10.0,,,,,,,,,,
2021,general,NOR,19,NOR 019,Buffalo NOR 19,,,,,,,,172.0,,,,,,,,,,,,,,70.0,,,,,,99.0,1.0,0.0,1.0,1.0,,,,,,,,,,
2021,general,NOR,20,NOR 020,Buffalo NOR 20,,,,,,,,551.0,,,,,,,,,,,,,,201.0,,,,,,342.0,0.0,0.0,0.0,8.0,,,,,,,,,,
2021,general,NOR,21,NOR 021,Buffalo NOR 21,,,,,,,,199.0,,,,,,,,,,,,,,53.0,,,,,,146.0,0.0,0.0,0.0,0.0,,,,,,,,,,
2021,general,NOR,22,NOR 022,Buffalo NOR 22,,,,,,,,109.0,,,,,,,,,,,,,,49.0,,,,,,57.0,1.0,0.0,0.0,2.0,,,,,,,,,,
2021,general,NOR,23,NOR 023,Buffalo NOR 23,,,,,,,,472.0,,,,,,,,,,,,,,194.0,,,,,,267.0,3.0,0.0,0.0,8.0,,,,,,,,,,
2021,general,NOR,24,NOR 024,Buffalo NOR 24,,,,,,,,321.0,,,,,,,,,,,,,,106.0,,,,,,213.0,1.0,0.0,0.0,1.0,,,,,,,,,,
2021,general,NOR,25,NOR 025,Buffalo NOR 25,,,,,,,,78.0,,,,,,,,,,,,,,33.0,,,,,,43.0,0.0,1.0,0.0,1.0,,,,,,,,,,
2021,general,NOR,26,NOR 026,Buffalo NOR 26,,,,,,,,25.0,,,,,,,,,,,,,,20.0,,,,,,3.0,0.0,0.0,0.0,2.0,,,,,,,,,,
2021,general,NOR,27,NOR 027,Buffalo NOR 27,,,,,,,,67.0,,,,,,,,,,,,,,8.0,,,,,,57.0,1.0,0.0,0.0,1.0,,,,,,,,,,
2021,general,SOU,1,SOU 001,Buffalo SOU 1,,,,,,,,104.0,,,,,,,,,,,,,,15.0,,,,,,46.0,3.0,0.0,0.0,40.0,,,,,,,,,,
2021,general,SOU,2,SOU 002,Buffalo SOU 2,,,,,,,,455.0,,,,,,,,,,,,,,99.0,,,,,,343.0,4.0,0.0,0.0,9.0,,,,,,,,,,
2021,general,SOU,3,SOU 003,Buffalo SOU 3,,,,,,,,217.0,,,,,,,,,,,,,,45.0,,,,,,170.0,0.0,0.0,0.0,2.0,,,,,,,,,,
2021,general,SOU,4,SOU 004,Buffalo SOU 4,,,,,,,,240.0,,,,,,,,,,,,,,40.0,,,,,,193.0,1.0,0.0,0.0,6.0,,,,,,,,,,
2021,general,SOU,5,SOU 005,Buffalo SOU 5,,,,,,,,416.0,,,,,,,,,,,,,,63.0,,,,,,349.0,0.0,0.0,0.0,4.0,,,,,,,,,,
2021,general,SOU,6,SOU 006,Buffalo SOU 6,,,,,,,,258.0,,,,,,,,,,,,,,74.0,,,,,,182.0,0.0,0.0,0.0,2.0,,,,,,,,,,
2021,general,SOU,7,SOU 007,Buffalo SOU 7,,,,,,,,162.0,,,,,,,,,,,,,,37.0,,,,,,120.0,0.0,0.0,0.0,5.0,,,,,,,,,,
2021,general,SOU,8,SOU 008,Buffalo SOU 8,,,,,,,,233.0,,,,,,,,,,,,,,40.0,,,,,,178.0,0.0,0.0,0.0,15.0,,,,,,,,,,
2021,general,SOU,9,SOU 009,Buffalo SOU 9,,,,,,,,281.0,,,,,,,,,,,,,,34.0,,,,,,242.0,0.0,0.0,0.0,5.0,,,,,,,,,,
2021,general,SOU,10,SOU 010,Buffalo SOU 10,,,,,,,,195.0,,,,,,,,,,,,,,33.0,,,,,,161.0,0.0,0.0,0.0,1.0,,,,,,,,,,
2021,general,SOU,11,SOU 011,Buffalo SOU 11,,,,,,,,605.0,,,,,,,,,,,,,,120.0,,,,,,460.0,8.0,2.0,0.0,15.0,,,,,,,,,,
2021,general,SOU,12,SOU 012,Buffalo SOU 12,,,,,,,,324.0,,,,,,,,,,,,,,60.0,,,,,,259.0,2.0,0.0,0.0,3.0,,,,,,,,,,
2021,general,SOU,13,SOU 013,Buffalo SOU 13,,,,,,,,232.0,,,,,,,,,,,,,,35.0,,,,,,195.0,0.0,0.0,0.0,2.0,,,,,,,,,,
2021,general,SOU,14,SOU 014,Buffalo SOU 14,,,,,,,,245.0,,,,,,,,,,,,,,34.0,,,,,,210.0,1.0,0.0,0.0,0.0,,,,,,,,,,
2021,general,SOU,15,SOU 015,Buffalo SOU 15,,,,,,,,188.0,,,,,,,,,,,,,,27.0,,,,,,158.0,1.0,0.0,0.0,2.0,,,,,,,,,,
2021,general,SOU,16,SOU 016,Buffalo SOU 16,,,,,,,,339.0,,,,,,,,,,,,,,75.0,,,,,,254.0,2.0,0.0,0.0,8.0,,,,,,,,,,
2021,general,SOU,17,SOU 017,Buffalo SOU 17,,,,,,,,445.0,,,,,,,,,,,,,,65.0,,,,,,373.0,1.0,1.0,0.0,5.0,,,,,,,,,,
2021,general,SOU,18,SOU 018,Buffalo SOU 18,,,,,,,,412.0,,,,,,,,,,,,,,47.0,,,,,,338.0,1.0,0.0,0.0,26.0,,,,,,,,,,
2021,general,SOU,19,SOU 019,Buffalo SOU 19,,,,,,,,132.0,,,,,,,,,,,,,,24.0,,,,,,103.0,0.0,0.0,0.0,5.0,,,,,,,,,,
2021,general,SOU,20,SOU 020,Buffalo SOU 20,,,,,,,,209.0,,,,,,,,,,,,,,51.0,,,,,,150.0,1.0,0.0,0.0,7.0,,,,,,,,,,
2021,general,SOU,21,SOU 021,Buffalo SOU 21,,,,,,,,177.0,,,,,,,,,,,,,,28.0,,,,,,147.0,2.0,0.0,0.0,0.0,,,,,,,,,,
2021,general,SOU,22,SOU 022,Buffalo SOU 22,,,,,,,,261.0,,,,,,,,,,,,,,37.0,,,,,,213.0,1.0,0.0,0.0,10.0,,,,,,,,,,
2021,general,SOU,23,SOU 023,Buffalo SOU 23,,,,,,,,362.0,,,,,,,,,,,,,,69.0,,,,,,288.0,2.0,0.0,0.0,3.0,,,,,,,,,,
2021,general,SOU,24,SOU 024,Buffalo SOU 24,,,,,,,,439.0,,,,,,,,,,,,,,52.0,,,,,,378.0,1.0,0.0,0.0,8.0,,,,,,,,,,
2021,general,SOU,25,SOU 025,Buffalo SOU 25,,,,,,,,649.0,,,,,,,,,,,,,,66.0,,,,,,571.0,0.0,0.0,0.0,12.0,,,,,,,,,,
2021,general,SOU,26,SOU 026,Buffalo SOU 26,,,,,,,,290.0,,,,,,,,,,,,,,40.0,,,,,,247.0,2.0,0.0,0.0,1.0,,,,,,,,,,
2021,general,SOU,27,SOU 027,Buffalo SOU 27,,,,,,,,322.0,,,,,,,,,,,,,,46.0,,,,,,270.0,1.0,0.0,0.0,5.0,,,,,,,,,,
2021,general,SOU,28,SOU 028,Buffalo SOU 28,,,,,,,,597.0,,,,,,,,,,,,,,58.0,,,,,,533.0,2.0,0.0,0.0,4.0,,,,,,,,,,
2021,general,SOU,29,SOU 029,Buffalo SOU 29,,,,,,,,247.0,,,,,,,,,,,,,,44.0,,,,,,194.0,3.0,0.0,0.0,6.0,,,,,,,,,,
2021,general,SOU,30,SOU 030,Buffalo SOU 30,,,,,,,,434.0,,,,,,,,,,,,,,33.0,,,,,,390.0,3.0,0.0,0.0,8.0,,,,,,,,,,
2021,general,UNI,1,UNI 001,Buffalo UNI 1,,,,,,,,143.0,,,,,,,,,,,,,,35.0,,,,,,106.0,0.0,0.0,0.0,2.0,,,,,,,,,,
2021,general,UNI,2,UNI 002,Buffalo UNI 2,,,,,,,,358.0,,,,,,,,,,,,,,175.0,,,,,,177.0,2.0,0.0,0.0,4.0,,,,,,,,,,
2021,general,UNI,3,UNI 003,Buffalo UNI 3,,,,,,,,393.0,,,,,,,,,,,,,,158.0,,,,,,228.0,0.0,0.0,0.0,7.0,,,,,,,,,,
2021,general,UNI,4,UNI 004,Buffalo UNI 4,,,,,,,,220.0,,,,,,,,,,,,,,121.0,,,,,,98.0,0.0,0.0,0.0,1.0,,,,,,,,,,
2021,general,UNI,5,UNI 005,Buffalo UNI 5,,,,,,,,325.0,,,,,,,,,,,,,,129.0,,,,,,190.0,1.0,0.0,0.0,5.0,,,,,,,,,,
2021,general,UNI,6,UNI 006,Buffalo UNI 6,,,,,,,,129.0,,,,,,,,,,,,,,61.0,,,,,,66.0,0.0,0.0,0.0,2.0,,,,,,,,,,
2021,general,UNI,7,UNI 007,Buffalo UNI 7,,,,,,,,539.0,,,,,,,,,,,,,,196.0,,,,,,335.0,2.0,0.0,0.0,6.0,,,,,,,,,,
2021,general,UNI,8,UNI 008,Buffalo UNI 8,,,,,,,,90.0,,,,,,,,,,,,,,48.0,,,,,,38.0,1.0,0.0,0.0,3.0,,,,,,,,,,
2021,general,UNI,9,UNI 009,Buffalo UNI 9,,,,,,,,90.0,,,,,,,,,,,,,,45.0,,,,,,41.0,1.0,0.0,0.0,3.0,,,,,,,,,,
2021,general,UNI,10,UNI 010,Buffalo UNI 10,,,,,,,,415.0,,,,,,,,,,,,,,194.0,,,,,,211.0,2.0,1.0,0.0,7.0,,,,,,,,,,
2021,general,UNI,11,UNI 011,Buffalo UNI 11,,,,,,,,256.0,,,,,,,,,,,,,,106.0,,,,,,145.0,0.0,0.0,0.0,5.0,,,,,,,,,,
2021,general,UNI,12,UNI 012,Buffalo UNI 12,,,,,,,,413.0,,,,,,,,,,,,,,178.0,,,,,,228.0,0.0,0.0,0.0,7.0,,,,,,,,,,
2021,general,UNI,13,UNI 013,Buffalo UNI 13,,,,,,,,406.0,,,,,,,,,,,,,,193.0,,,,,,209.0,0.0,0.0,0.0,4.0,,,,,,,,,,
2021,general,UNI,14,UNI 014,Buffalo UNI 14,,,,,,,,237.0,,,,,,,,,,,,,,117.0,,,,,,117.0,2.0,0.0,0.0,1.0,,,,,,,,,,
2021,general,UNI,15,UNI 015,Buffalo UNI 15,,,,,,,,235.0,,,,,,,,,,,,,,109.0,,,,,,122.0,0.0,0.0,0.0,4.0,,,,,,,,,,
2021,general,UNI,16,UNI 016,Buffalo UNI 16,,,,,,,,353.0,,,,,,,,,,,,,,181.0,,,,,,163.0,0.0,0.0,0.0,9.0,,,,,,,,,,
2021,general,UNI,17,UNI 017,Buffalo UNI 17,,,,,,,,259.0,,,,,,,,,,,,,,122.0,,,,,,130.0,0.0,1.0,0.0,6.0,,,,,,,,,,
2021,general,UNI,18,UNI 018,Buffalo UNI 18,,,,,,,,97.0,,,,,,,,,,,,,,50.0,,,,,,47.0,0.0,0.0,0.0,0.0,,,,,,,,,,
2021,general,UNI,19,UNI 019,Buffalo UNI 19,,,,,,,,250.0,,,,,,,,,,,,,,116.0,,,,,,130.0,0.0,0.0,0.0,4.0,,,,,,,,,,
2021,general,UNI,20,UNI 020,Buffalo UNI 20,,,,,,,,196.0,,,,,,,,,,,,,,95.0,,,,,,98.0,0.0,0.0,0.0,3.0,,,,,,,,,,
2021,general,UNI,21,UNI 021,Buffalo UNI 21,,,,,,,,321.0,,,,,,,,,,,,,,141.0,,,,,,168.0,0.0,0.0,0.0,12.0,,,,,,,,,,
2021,general,UNI,22,UNI 022,Buffalo UNI 22,,,,,,,,218.0,,,,,,,,,,,,,,103.0,,,,,,113.0,1.0,0.0,0.0,1.0,,,,,,,,,,
2021,general,UNI,23,UNI 023,Buffalo UNI 23,,,,,,,,212.0,,,,,,,,,,,,,,105.0,,,,,,101.0,0.0,0.0,0.0,6.0,,,,,,,,,,
2021,general,UNI,24,UNI 024,Buffalo UNI 24,,,,,,,,284.0,,,,,,,,,,,,,,146.0,,,,,,134.0,0.0,0.0,0.0,4.0,,,,,,,,,,
2021,general,UNI,25,UNI 025,Buffalo UNI 25,,,,,,,,378.0,,,,,,,,,,,,,,163.0,,,,,,201.0,0.0,0.0,0.0,14.0,,,,,,,,,,
2021,general,UNI,26,UNI 026,Buffalo UNI 26,,,,,,,,218.0,,,,,,,,,,,,,,103.0,,,,,,110.0,0.0,0.0,0.0,5.0,,,,,,,,,,
2021,general,UNI,27,UNI 027,Buffalo UNI 27,,,,,,,,112.0,,,,,,,,,,,,,,51.0,,,,,,58.0,0.0,0.0,0.0,3.0,,,,,,,,,,
2025,primary,DEL,1,"DEL 1 (11, 14 & NOR 10)",Buffalo DEL 1,,,,,,,,,,,,,,,,,,,,,,,,2.0,1.0,1.0,530.0,,,,,,160.0,4.0,14.0,21.0,327.0,0.0,,,,
2025,primary,DEL,2,DEL 2 (NOR 11),Buffalo DEL 2,,,,,,,,,,,,,,,,,,,,,,,,0.0,0.0,0.0,177.0,,,,,,38.0,4.0,8.0,12.0,115.0,0.0,,,,
2025,primary,DEL,3,"DEL 3 (UNI 1, 5, 18)",Buffalo DEL 3,,,,,,,,,,,,,,,,,,,,,,,,0.0,1.0,0.0,762.0,,,,,,279.0,11.0,32.0,34.0,405.0,0.0,,,,
2025,primary,DEL,4,"DEL 4 (6, 12)",Buffalo DEL 4,,,,,,,,,,,,,,,,,,,,,,,,2.0,0.0,1.0,440.0,,,,,,136.0,4.0,16.0,15.0,266.0,0.0,,,,
2025,primary,DEL,5,"DEL 5 (16, 17)",Buffalo DEL 5,,,,,,,,,,,,,,,,,,,,,,,,1.0,0.0,2.0,798.0,,,,,,217.0,16.0,15.0,32.0,515.0,0.0,,,,
2025,primary,DEL,7,DEL 7 (NIA 9),Buffalo DEL 7,,,,,,,,,,,,,,,,,,,,,,,,0.0,0.0,3.0,606.0,,,,,,84.0,7.0,8.0,11.0,493.0,0.0,,,,
2025,primary,DEL,8,"DEL 8 (9, 10)",Buffalo DEL 8,,,,,,,,,,,,,,,,,,,,,,,,0.0,0.0,0.0,829.0,,,,,,318.0,9.0,10.0,13.0,479.0,0.0,,,,
2025,primary,DEL,13,DEL 13 (NIA 4),Buffalo DEL 13,,,,,,,,,,,,,,,,,,,,,,,,0.0,0.0,1.0,626.0,,,,,,102.0,3.0,4.0,11.0,504.0,1.0,,,,
2025,primary,DEL,15,DEL 15,Buffalo DEL 15,,,,,,,,,,,,,,,,,,,,,,,,0.0,0.0,2.0,274.0,,,,,,77.0,0.0,2.0,13.0,180.0,0.0,,,,
2025,primary,DEL,18,"DEL 18 (NOR 14, 20)",Buffalo DEL 18,,,,,,,,,,,,,,,,,,,,,,,,0.0,0.0,1.0,559.0,,,,,,141.0,6.0,11.0,32.0,368.0,0.0,,,,
2025,primary,DEL,19,DEL 19,Buffalo DEL 19,,,,,,,,,,,,,,,,,,,,,,,,0.0,0.0,0.0,64.0,,,,,,25.0,3.0,4.0,6.0,26.0,0.0,,,,
2025,primary,DEL,20,DEL 20,Buffalo DEL 20,,,,,,,,,,,,,,,,,,,,,,,,0.0,0.0,0.0,208.0,,,,,,45.0,2.0,0.0,5.0,156.0,0.0,,,,
2025,primary,DEL,21,DEL 21,Buffalo DEL 21,,,,,,,,,,,,,,,,,,,,,,,,0.0,0.0,0.0,8.0,,,,,,3.0,0.0,0.0,2.0,3.0,0.0,,,,
2025,primary,DEL,22,"DEL 22 (NIA 1, 2)",Buffalo DEL 22,,,,,,,,,,,,,,,,,,,,,,,,0.0,0.0,0.0,238.0,,,,,,33.0,4.0,9.0,16.0,176.0,0.0,,,,
2025,primary,DEL,23,DEL 23 (24),Buffalo DEL 23,,,,,,,,,,,,,,,,,,,,,,,,0.0,0.0,3.0,715.0,,,,,,137.0,10.0,8.0,26.0,531.0,0.0,,,,
2025,primary,ELL,1,ELL 1 (2),Buffalo ELL 1,,,,,,,,,,,,,,,,,,,,,,,,0.0,0.0,0.0,336.0,,,,,,47.0,5.0,26.0,18.0,240.0,0.0,,,,
2025,primary,ELL,3,ELL 3 (FIL 10),Buffalo ELL 3,,,,,,,,,,,,,,,,,,,,,,,,0.0,1.0,2.0,254.0,,,,,,60.0,2.0,12.0,18.0,159.0,0.0,,,,
2025,primary,ELL,4,ELL 4 (6),Buffalo ELL 4,,,,,,,,,,,,,,,,,,,,,,,,0.0,0.0,1.0,168.0,,,,,,40.0,8.0,24.0,46.0,49.0,0.0,,,,
2025,primary,ELL,5,ELL 5,Buffalo ELL 5,,,,,,,,,,,,,,,,,,,,,,,,0.0,1.0,0.0,493.0,,,,,,97.0,6.0,6.0,10.0,373.0,0.0,,,,
2025,primary,ELL,7,"ELL 7 (MAS 21, 23)",Buffalo ELL 7,,,,,,,,,,,,,,,,,,,,,,,,0.0,1.0,0.0,136.0,,,,,,26.0,5.0,21.0,46.0,37.0,0.0,,,,
2025,primary,ELL,8,"ELL 8 (26 & FIL 15, 18)",Buffalo ELL 8,,,,,,,,,,,,,,,,,,,,,,,,1.0,0.0,0.0,208.0,,,,,,52.0,9.0,23.0,26.0,97.0,0.0,,,,
2025,primary,ELL,9,"ELL 9 (LOV 2, 6, 7)",Buffalo ELL 9,,,,,,,,,,,,,,,,,,,,,,,,0.0,1.0,0.0,218.0,,,,,,59.0,12.0,51.0,43.0,52.0,0.0,,,,
2025,primary,ELL,10,ELL 10 (FIL 4),Buffalo ELL 10,,,,,,,,,,,,,,,,,,,,,,,,0.0,1.0,0.0,503.0,,,,,,111.0,5.0,3.0,17.0,366.0,0.0,,,,
2025,primary,ELL,11,ELL 11 (12),Buffalo ELL 11,,,,,,,,,,,,,,,,,,,,,,,,1.0,2.0,0.0,288.0,,,,,,54.0,9.0,75.0,67.0,79.0,1.0,,,,
2025,primary,ELL,13,"ELL 13 (FIL 1, 7)",Buffalo ELL 13,,,,,,,,,,,,,,,,,,,,,,,,0.0,0.0,2.0,523.0,,,,,,75.0,3.0,6.0,22.0,414.0,1.0,,,,
2025,primary,ELL,14,ELL 14,Buffalo ELL 14,,,,,,,,,,,,,,,,,,,,,,,,0.0,0.0,0.0,113.0,,,,,,33.0,3.0,19.0,27.0,31.0,0.0,,,,
2025,primary,ELL,15,ELL 15,Buffalo ELL 15,,,,,,,,,,,,,,,,,,,,,,,,0.0,0.0,0.0,35.0,,,,,,10.0,2.0,6.0,7.0,10.0,0.0,,,,
2025,primary,ELL,16,ELL 16 (24),Buffalo ELL 16,,,,,,,,,,,,,,,,,,,,,,,,0.0,1.0,0.0,101.0,,,,,,19.0,7.0,12.0,22.0,40.0,0.0,,,,
2025,primary,ELL,17,ELL 17,Buffalo ELL 17,,,,,,,,,,,,,,,,,,,,,,,,0.0,0.0,0.0,86.0,,,,,,23.0,5.0,19.0,15.0,24.0,0.0,,,,
2025,primary,ELL,18,ELL 18 (FIL 3),Buffalo ELL 18,,,,,,,,,,,,,,,,,,,,,,,,0.0,0.0,1.0,281.0,,,,,,52.0,4.0,11.0,25.0,188.0,0.0,,,,
2025,primary,ELL,19,ELL 19,Buffalo ELL 19,,,,,,,,,,,,,,,,,,,,,,,,0.0,0.0,0.0,143.0,,,,,,29.0,4.0,31.0,28.0,51.0,0.0,,,,
2025,primary,ELL,20,ELL 20 (23),Buffalo ELL 20,,,,,,,,,,,,,,,,,,,,,,,,0.0,0.0,0.0,273.0,,,,,,69.0,18.0,41.0,65.0,80.0,0.0,,,,
2025,primary,ELL,21,ELL 21,Buffalo ELL 21,,,,,,,,,,,,,,,,,,,,,,,,0.0,0.0,1.0,102.0,,,,,,25.0,6.0,23.0,14.0,33.0,0.0,,,,
2025,primary,ELL,22,ELL 22,Buffalo ELL 22,,,,,,,,,,,,,,,,,,,,,,,,0.0,0.0,0.0,166.0,,,,,,36.0,7.0,32.0,38.0,53.0,0.0,,,,
2025,primary,ELL,25,ELL 25,Buffalo ELL 25,,,,,,,,,,,,,,,,,,,,,,,,0.0,0.0,0.0,201.0,,,,,,44.0,10.0,29.0,41.0,77.0,0.0,,,,
2025,primary,ELL,27,ELL 27,Buffalo ELL 27,,,,,,,,,,,,,,,,,,,,,,,,0.0,0.0,0.0,69.0,,,,,,14.0,4.0,8.0,26.0,17.0,0.0,,,,
2025,primary,FIL,2,FIL 2 (6),Buffalo FIL 2,,,,,,,,,,,,,,,,,,,,,,,,0.0,0.0,0.0,510.0,,,,,,117.0,10.0,10.0,23.0,350.0,0.0,,,,
2025,primary,FIL,5,FIL 5 (NIA 19),Buffalo FIL 5,,,,,,,,,,,,,,,,,,,,,,,,1.0,0.0,0.0,124.0,,,,,,48.0,2.0,5.0,7.0,61.0,0.0,,,,
2025,primary,FIL,8,"FIL 8 (9, 24)",Buffalo FIL 8,,,,,,,,,,,,,,,,,,,,,,,,0.0,0.0,0.0,248.0,,,,,,119.0,6.0,6.0,13.0,104.0,0.0,,,,
2025,primary,FIL,11,FIL 11,Buffalo FIL 11,,,,,,,,,,,,,,,,,,,,,,,,0.0,0.0,0.0,61.0,,,,,,19.0,5.0,8.0,10.0,19.0,0.0,,,,
2025,primary,FIL,12,FIL 12,Buffalo FIL 12,,,,,,,,,,,,,,,,,,,,,,,,0.0,0.0,0.0,0.0,,,,,,0.0,0.0,0.0,0.0,0.0,0.0,,,,
2025,primary,FIL,13,FIL 13,Buffalo FIL 13,,,,,,,,,,,,,,,,,,,,,,,,0.0,0.0,0.0,211.0,,,,,,158.0,1.0,2.0,3.0,47.0,0.0,,,,
2025,primary,FIL,14,FIL 14,Buffalo FIL 14,,,,,,,,,,,,,,,,,,,,,,,,0.0,0.0,0.0,5.0,,,,,,4.0,0.0,0.0,1.0,0.0,0.0,,,,
2025,primary,FIL,16,FIL 16,Buffalo FIL 16,,,,,,,,,,,,,,,,,,,,,,,,0.0,0.0,0.0,14.0,,,,,,11.0,0.0,1.0,0.0,2.0,0.0,,,,
2025,primary,FIL,17,FIL 17,Buffalo FIL 17,,,,,,,,,,,,,,,,,,,,,,,,0.0,0.0,1.0,75.0,,,,,,57.0,2.0,2.0,4.0,9.0,0.0,,,,
2025,primary,FIL,19,FIL 19,Buffalo FIL 19,,,,,,,,,,,,,,,,,,,,,,,,1.0,0.0,0.0,44.0,,,,,,20.0,0.0,7.0,4.0,12.0,0.0,,,,
2025,primary,FIL,20,FIL 20,Buffalo FIL 20,,,,,,,,,,,,,,,,,,,,,,,,0.0,0.0,0.0,114.0,,,,,,25.0,6.0,16.0,22.0,45.0,0.0,,,,
2025,primary,FIL,21,FIL 21,Buffalo FIL 21,,,,,,,,,,,,,,,,,,,,,,,,0.0,0.0,0.0,50.0,,,,,,14.0,1.0,8.0,4.0,22.0,1.0,,,,
2025,primary,FIL,22,FIL 22,Buffalo FIL 22,,,,,,,,,,,,,,,,,,,,,,,,0.0,0.0,0.0,13.0,,,,,,6.0,0.0,0.0,1.0,6.0,0.0,,,,
2025,primary,FIL,23,FIL 23,Buffalo FIL 23,,,,,,,,,,,,,,,,,,,,,,,,0.0,0.0,0.0,0.0,,,,,,0.0,0.0,0.0,0.0,0.0,0.0,,,,
2025,primary,FIL,25,FIL 25,Buffalo FIL 25,,,,,,,,,,,,,,,,,,,,,,,,0.0,0.0,0.0,50.0,,,,,,22.0,6.0,5.0,4.0,13.0,0.0,,,,
2025,primary,LOV,1,LOV 1 (3),Buffalo LOV 1,,,,,,,,,,,,,,,,,,,,,,,,0.0,0.0,1.0,108.0,,,,,,22.0,3.0,25.0,28.0,29.0,0.0,,,,
2025,primary,LOV,4,"LOV 4 (UNI 8, 9)",Buffalo LOV 4,,,,,,,,,,,,,,,,,,,,,,,,0.0,0.0,0.0,380.0,,,,,,99.0,22.0,108.0,74.0,77.0,0.0,,,,
2025,primary,LOV,5,LOV 5 (8),Buffalo LOV 5,,,,,,,,,,,,,,,,,,,,,,,,0.0,0.0,0.0,213.0,,,,,,143.0,7.0,3.0,4.0,56.0,0.0,,,,
2025,primary,LOV,9,LOV 9 (10),Buffalo LOV 9,,,,,,,,,,,,,,,,,,,,,,,,0.0,0.0,1.0,240.0,,,,,,162.0,5.0,2.0,8.0,62.0,0.0,,,,
2025,primary,LOV,11,LOV 11 (13),Buffalo LOV 11,,,,,,,,,,,,,,,,,,,,,,,,2.0,0.0,2.0,255.0,,,,,,84.0,11.0,45.0,39.0,71.0,1.0,,,,
2025,primary,LOV,12,"LOV 12 (20 & SOU 4, 5, 6)",Buffalo LOV 12,,,,,,,,,,,,,,,,,,,,,,,,0.0,0.0,0.0,379.0,,,,,,275.0,6.0,6.0,5.0,87.0,0.0,,,,
2025,primary,LOV,14,LOV 14 (17),Buffalo LOV 14,,,,,,,,,,,,,,,,,,,,,,,,1.0,0.0,0.0,111.0,,,,,,75.0,3.0,5.0,1.0,26.0,0.0,,,,
2025,primary,LOV,15,LOV 15 (18),Buffalo LOV 15,,,,,,,,,,,,,,,,,,,,,,,,0.0,0.0,1.0,127.0,,,,,,85.0,4.0,5.0,5.0,27.0,0.0,,,,
2025,primary,LOV,16,LOV 16 (19),Buffalo LOV 16,,,,,,,,,,,,,,,,,,,,,,,,0.0,0.0,0.0,144.0,,,,,,86.0,4.0,7.0,7.0,40.0,0.0,,,,
2025,primary,MAS,1,"MAS 1 (8, 9)",Buffalo MAS 1,,,,,,,,,,,,,,,,,,,,,,,,0.0,2.0,1.0,344.0,,,,,,83.0,15.0,49.0,64.0,130.0,0.0,,,,
2025,primary,MAS,2,"MAS 2 (3, 10, 15, 17, 27)",Buffalo MAS 2,,,,,,,,,,,,,,,,,,,,,,,,0.0,0.0,1.0,163.0,,,,,,30.0,7.0,34.0,36.0,54.0,1.0,,,,
2025,primary,MAS,4,"MAS 4 (11, 12)",Buffalo MAS 4,,,,,,,,,,,,,,,,,,,,,,,,0.0,1.0,0.0,402.0,,,,,,112.0,11.0,75.0,96.0,107.0,0.0,,,,
2025,primary,MAS,5,"MAS 5 (6, 7 & UNI 15)",Buffalo MAS 5,,,,,,,,,,,,,,,,,,,,,,,,0.0,0.0,0.0,249.0,,,,,,53.0,14.0,71.0,50.0,61.0,0.0,,,,
2025,primary,MAS,13,MAS 13 (UNI 7),Buffalo MAS 13,,,,,,,,,,,,,,,,,,,,,,,,0.0,0.0,1.0,289.0,,,,,,56.0,17.0,93.0,55.0,67.0,0.0,,,,
2025,primary,MAS,14,MAS 14,Buffalo MAS 14,,,,,,,,,,,,,,,,,,,,,,,,0.0,0.0,1.0,237.0,,,,,,40.0,21.0,37.0,55.0,83.0,0.0,,,,
2025,primary,MAS,16,MAS 16 (19),Buffalo MAS 16,,,,,,,,,,,,,,,,,,,,,,,,0.0,0.0,0.0,312.0,,,,,,72.0,22.0,67.0,68.0,83.0,0.0,,,,
2025,primary,MAS,18,MAS 18 (20),Buffalo MAS 18,,,,,,,,,,,,,,,,,,,,,,,,0.0,0.0,0.0,180.0,,,,,,38.0,13.0,27.0,49.0,53.0,0.0,,,,
2025,primary,MAS,22,MAS 22,Buffalo MAS 22,,,,,,,,,,,,,,,,,,,,,,,,0.0,0.0,0.0,113.0,,,,,,28.0,5.0,14.0,33.0,33.0,0.0,,,,
2025,primary,MAS,24,MAS 24 (28),Buffalo MAS 24,,,,,,,,,,,,,,,,,,,,,,,,5.0,0.0,0.0,332.0,,,,,,69.0,37.0,31.0,83.0,107.0,0.0,,,,
2025,primary,MAS,25,MAS 25,Buffalo MAS 25,,,,,,,,,,,,,,,,,,,,,,,,0.0,0.0,0.0,78.0,,,,,,23.0,7.0,12.0,20.0,16.0,0.0,,,,
2025,primary,MAS,26,MAS 26,Buffalo MAS 26,,,,,,,,,,,,,,,,,,,,,,,,0.0,0.0,0.0,67.0,,,,,,7.0,1.0,18.0,24.0,17.0,0.0,,,,
2025,primary,NIA,3,NIA 3 (5),Buffalo NIA 3,,,,,,,,,,,,,,,,,,,,,,,,0.0,0.0,0.0,358.0,,,,,,58.0,2.0,1.0,8.0,289.0,0.0,,,,
2025,primary,NIA,6,"NIA 6 (14, 17, 18)",Buffalo NIA 6,,,,,,,,,,,,,,,,,,,,,,,,0.0,0.0,1.0,656.0,,,,,,64.0,8.0,3.0,19.0,559.0,2.0,,,,
2025,primary,NIA,7,"NIA 7 (8, 10)",Buffalo NIA 7,,,,,,,,,,,,,,,,,,,,,,,,0.0,0.0,1.0,338.0,,,,,,60.0,9.0,6.0,11.0,250.0,1.0,,,,
2025,primary,NIA,11,"NIA 11 (15, 20)",Buffalo NIA 11,,,,,,,,,,,,,,,,,,,,,,,,0.0,1.0,0.0,272.0,,,,,,50.0,8.0,4.0,13.0,196.0,0.0,,,,
2025,primary,NIA,12,"NIA 12 (13, 16)",Buffalo NIA 12,,,,,,,,,,,,,,,,,,,,,,,,0.0,0.0,0.0,278.0,,,,,,66.0,8.0,6.0,11.0,187.0,0.0,,,,
2025,primary,NIA,21,NIA 21,Buffalo NIA 21,,,,,,,,,,,,,,,,,,,,,,,,0.0,0.0,1.0,195.0,,,,,,55.0,2.0,2.0,5.0,130.0,0.0,,,,
2025,primary,NOR,1,"NOR 1 (5, 15, 16)",Buffalo NOR 1,,,,,,,,,,,,,,,,,,,,,,,,1.0,0.0,0.0,188.0,,,,,,111.0,3.0,3.0,9.0,61.0,0.0,,,,
2025,primary,NOR,2,NOR 2 (6),Buffalo NOR 2,,,,,,,,,,,,,,,,,,,,,,,,0.0,0.0,0.0,94.0,,,,,,47.0,0.0,3.0,5.0,39.0,0.0,,,,
2025,primary,NOR,3,NOR 3,Buffalo NOR 3,,,,,,,,,,,,,,,,,,,,,,,,0.0,0.0,0.0,36.0,,,,,,11.0,1.0,1.0,8.0,15.0,0.0,,,,
2025,primary,NOR,4,NOR 4,Buffalo NOR 4,,,,,,,,,,,,,,,,,,,,,,,,0.0,0.0,0.0,69.0,,,,,,14.0,3.0,8.0,6.0,38.0,0.0,,,,
2025,primary,NOR,7,NOR 7,Buffalo NOR 7,,,,,,,,,,,,,,,,,,,,,,,,0.0,1.0,0.0,93.0,,,,,,44.0,0.0,5.0,6.0,37.0,0.0,,,,
2025,primary,NOR,8,NOR 8,Buffalo NOR 8,,,,,,,,,,,,,,,,,,,,,,,,0.0,0.0,0.0,13.0,,,,,,5.0,0.0,0.0,2.0,6.0,0.0,,,,
2025,primary,NOR,9,NOR 9 (19),Buffalo NOR 9,,,,,,,,,,,,,,,,,,,,,,,,0.0,0.0,0.0,188.0,,,,,,98.0,4.0,5.0,15.0,66.0,0.0,,,,
2025,primary,NOR,12,NOR 12,Buffalo NOR 12,,,,,,,,,,,,,,,,,,,,,,,,0.0,0.0,0.0,132.0,,,,,,66.0,1.0,7.0,5.0,53.0,0.0,,,,
2025,primary,NOR,13,NOR 13,Buffalo NOR 13,,,,,,,,,,,,,,,,,,,,,,,,0.0,0.0,0.0,165.0,,,,,,50.0,2.0,2.0,7.0,103.0,1.0,,,,
2025,primary,NOR,17,NOR 17,Buffalo NOR 17,,,,,,,,,,,,,,,,,,,,,,,,0.0,0.0,0.0,44.0,,,,,,21.0,2.0,1.0,5.0,15.0,0.0,,,,
2025,primary,NOR,18,NOR 18 (21),Buffalo NOR 18,,,,,,,,,,,,,,,,,,,,,,,,1.0,0.0,0.0,151.0,,,,,,64.0,2.0,3.0,6.0,75.0,0.0,,,,
2025,primary,NOR,22,NOR 22,Buffalo NOR 22,,,,,,,,,,,,,,,,,,,,,,,,0.0,0.0,0.0,32.0,,,,,,9.0,1.0,1.0,2.0,19.0,0.0,,,,
2025,primary,SOU,1,"SOU 1 (2, 3)",Buffalo SOU 1,,,,,,,,,,,,,,,,,,,,,,,,0.0,0.0,1.0,437.0,,,,,,307.0,4.0,4.0,9.0,112.0,0.0,,,,
2025,primary,SOU,7,"SOU 7 (9, 16, 19)",Buffalo SOU 7,,,,,,,,,,,,,,,,,,,,,,,,0.0,1.0,1.0,776.0,,,,,,613.0,8.0,5.0,5.0,143.0,0.0,,,,
2025,primary,SOU,8,"SOU 8 (10, 12, 15)",Buffalo SOU 8,,,,,,,,,,,,,,,,,,,,,,,,0.0,1.0,3.0,698.0,,,,,,547.0,4.0,7.0,3.0,133.0,0.0,,,,
2025,primary,SOU,11,SOU 11,Buffalo SOU 11,,,,,,,,,,,,,,,,,,,,,,,,0.0,1.0,1.0,196.0,,,,,,147.0,1.0,1.0,2.0,43.0,0.0,,,,
2025,primary,SOU,13,SOU 13,Buffalo SOU 13,,,,,,,,,,,,,,,,,,,,,,,,0.0,0.0,0.0,295.0,,,,,,235.0,0.0,1.0,5.0,54.0,0.0,,,,
2025,primary,SOU,14,SOU 14,Buffalo SOU 14,,,,,,,,,,,,,,,,,,,,,,,,0.0,0.0,0.0,529.0,,,,,,458.0,4.0,4.0,4.0,59.0,0.0,,,,
2025,primary,SOU,17,"SOU 17 (18, 20)",Buffalo SOU 17,,,,,,,,,,,,,,,,,,,,,,,,1.0,0.0,0.0,897.0,,,,,,798.0,5.0,2.0,6.0,85.0,0.0,,,,
2025,primary,UNI,2,UNI 2,Buffalo UNI 2,,,,,,,,,,,,,,,,,,,,,,,,1.0,0.0,0.0,340.0,,,,,,89.0,4.0,26.0,16.0,204.0,0.0,,,,
2025,primary,UNI,3,"UNI 3 (16, 19)",Buffalo UNI 3,,,,,,,,,,,,,,,,,,,,,,,,1.0,1.0,0.0,340.0,,,,,,53.0,11.0,132.0,71.0,71.0,0.0,,,,
2025,primary,UNI,4,UNI 4 (6),Buffalo UNI 4,,,,,,,,,,,,,,,,,,,,,,,,0.0,0.0,0.0,228.0,,,,,,43.0,9.0,38.0,20.0,118.0,0.0,,,,
2025,primary,UNI,10,"UNI 10 (11, 13)",Buffalo UNI 10,,,,,,,,,,,,,,,,,,,,,,,,2.0,1.0,0.0,396.0,,,,,,66.0,20.0,115.0,63.0,129.0,0.0,,,,
2025,primary,UNI,12,"UNI 12 (14, 17)",Buffalo UNI 12,,,,,,,,,,,,,,,,,,,,,,,,1.0,0.0,1.0,507.0,,,,,,107.0,20.0,184.0,61.0,133.0,0.0,,,,
2025,primary,UNI,20,UNI 20,Buffalo UNI 20,,,,,,,,,,,,,,,,,,,,,,,,1.0,0.0,0.0,164.0,,,,,,42.0,5.0,63.0,26.0,27.0,0.0,,,,
2025,general,DEL,1,DEL 001,Buffalo DEL 1,,,,,,,,16.0,,,,,,,,,,,,,,,,0.0,0.0,0.0,,,,,,,,,,,12.0,,2.0,2.0,0.0,0.0
2025,general,DEL,2,DEL 002,Buffalo DEL 2,,,,,,,,272.0,,,,,,,,,,,,,,,,2.0,1.0,1.0,,,,,,,,,,,204.0,,53.0,11.0,0.0,0.0
2025,general,DEL,3,DEL 003,Buffalo DEL 3,,,,,,,,728.0,,,,,,,,,,,,,,,,3.0,2.0,6.0,,,,,,,,,,,493.0,,192.0,32.0,0.0,0.0
2025,general,DEL,4,DEL 004,Buffalo DEL 4,,,,,,,,305.0,,,,,,,,,,,,,,,,2.0,0.0,0.0,,,,,,,,,,,237.0,,59.0,7.0,0.0,0.0
2025,general,DEL,5,DEL 005,Buffalo DEL 5,,,,,,,,98.0,,,,,,,,,,,,,,,,0.0,0.0,0.0,,,,,,,,,,,73.0,,15.0,10.0,0.0,0.0
2025,general,DEL,6,DEL 006,Buffalo DEL 6,,,,,,,,236.0,,,,,,,,,,,,,,,,0.0,0.0,1.0,,,,,,,,,,,166.0,,60.0,9.0,0.0,0.0
2025,general,DEL,7,DEL 007,Buffalo DEL 7,,,,,,,,559.0,,,,,,,,,,,,,,,,3.0,0.0,2.0,,,,,,,,,,,454.0,,69.0,31.0,0.0,0.0
2025,general,DEL,8,DEL 008,Buffalo DEL 8,,,,,,,,392.0,,,,,,,,,,,,,,,,0.0,0.0,2.0,,,,,,,,,,,271.0,,100.0,19.0,0.0,0.0
2025,general,DEL,9,DEL 009,Buffalo DEL 9,,,,,,,,429.0,,,,,,,,,,,,,,,,1.0,0.0,3.0,,,,,,,,,,,319.0,,79.0,27.0,0.0,0.0
2025,general,DEL,10,DEL 010,Buffalo DEL 10,,,,,,,,358.0,,,,,,,,,,,,,,,,1.0,0.0,4.0,,,,,,,,,,,236.0,,96.0,21.0,0.0,0.0
2025,general,DEL,11,DEL 011,Buffalo DEL 11,,,,,,,,350.0,,,,,,,,,,,,,,,,3.0,0.0,1.0,,,,,,,,,,,270.0,,63.0,13.0,0.0,0.0
2025,general,DEL,12,DEL 012,Buffalo DEL 12,,,,,,,,165.0,,,,,,,,,,,,,,,,3.0,0.0,1.0,,,,,,,,,,,122.0,,33.0,6.0,0.0,0.0
2025,general,DEL,13,DEL 013,Buffalo DEL 13,,,,,,,,616.0,,,,,,,,,,,,,,,,2.0,0.0,2.0,,,,,,,,,,,511.0,,70.0,31.0,0.0,0.0
2025,general,DEL,14,DEL 014,Buffalo DEL 14,,,,,,,,191.0,,,,,,,,,,,,,,,,0.0,0.0,0.0,,,,,,,,,,,145.0,,40.0,6.0,0.0,0.0
2025,general,DEL,15,DEL 015,Buffalo DEL 15,,,,,,,,414.0,,,,,,,,,,,,,,,,6.0,0.0,5.0,,,,,,,,,,,314.0,,74.0,15.0,0.0,0.0
2025,general,DEL,16,DEL 016,Buffalo DEL 16,,,,,,,,554.0,,,,,,,,,,,,,,,,4.0,0.0,4.0,,,,,,,,,,,413.0,,109.0,24.0,0.0,0.0
2025,general,DEL,17,DEL 017,Buffalo DEL 17,,,,,,,,572.0,,,,,,,,,,,,,,,,4.0,0.0,4.0,,,,,,,,,,,397.0,,128.0,39.0,0.0,0.0
2025,general,DEL,18,DEL 018,Buffalo DEL 18,,,,,,,,309.0,,,,,,,,,,,,,,,,0.0,1.0,3.0,,,,,,,,,,,220.0,,75.0,10.0,0.0,0.0
2025,general,DEL,19,DEL 019,Buffalo DEL 19,,,,,,,,94.0,,,,,,,,,,,,,,,,3.0,0.0,1.0,,,,,,,,,,,72.0,,14.0,4.0,0.0,0.0
2025,general,DEL,20,DEL 020,Buffalo DEL 20,,,,,,,,318.0,,,,,,,,,,,,,,,,1.0,0.0,2.0,,,,,,,,,,,240.0,,69.0,6.0,0.0,0.0
2025,general,DEL,21,DEL 021,Buffalo DEL 21,,,,,,,,43.0,,,,,,,,,,,,,,,,1.0,0.0,0.0,,,,,,,,,,,29.0,,9.0,4.0,0.0,0.0
2025,general,DEL,22,DEL 022,Buffalo DEL 22,,,,,,,,66.0,,,,,,,,,,,,,,,,2.0,0.0,0.0,,,,,,,,,,,49.0,,13.0,2.0,0.0,0.0
2025,general,DEL,23,DEL 023,Buffalo DEL 23,,,,,,,,534.0,,,,,,,,,,,,,,,,0.0,0.0,8.0,,,,,,,,,,,416.0,,71.0,39.0,0.0,0.0
2025,general,DEL,24,DEL 024,Buffalo DEL 24,,,,,,,,501.0,,,,,,,,,,,,,,,,1.0,0.0,5.0,,,,,,,,,,,412.0,,50.0,33.0,0.0,0.0
2025,general,ELL,1,ELL 001,Buffalo ELL 1,,,,,,,,471.0,,,,,,,,,,,,,,,,3.0,0.0,5.0,,,,,,,,,,,405.0,,41.0,17.0,0.0,0.0
2025,general,ELL,2,ELL 002,Buffalo ELL 2,,,,,,,,1.0,,,,,,,,,,,,,,,,0.0,0.0,0.0,,,,,,,,,,,0.0,,1.0,0.0,0.0,0.0
2025,general,ELL,3,ELL 003,Buffalo ELL 3,,,,,,,,260.0,,,,,,,,,,,,,,,,3.0,0.0,1.0,,,,,,,,,,,193.0,,40.0,23.0,0.0,0.0
2025,general,ELL,4,ELL 004,Buffalo ELL 4,,,,,,,,186.0,,,,,,,,,,,,,,,,1.0,0.0,5.0,,,,,,,,,,,159.0,,11.0,10.0,0.0,0.0
2025,general,ELL,5,ELL 005,Buffalo ELL 5,,,,,,,,734.0,,,,,,,,,,,,,,,,7.0,0.0,3.0,,,,,,,,,,,534.0,,117.0,73.0,0.0,0.0
2025,general,ELL,6,ELL 006,Buffalo ELL 6,,,,,,,,79.0,,,,,,,,,,,,,,,,2.0,0.0,0.0,,,,,,,,,,,71.0,,4.0,2.0,0.0,0.0
2025,general,ELL,7,ELL 007,Buffalo ELL 7,,,,,,,,50.0,,,,,,,,,,,,,,,,0.0,0.0,0.0,,,,,,,,,,,46.0,,4.0,0.0,0.0,0.0
2025,general,ELL,8,ELL 008,Buffalo ELL 8,,,,,,,,139.0,,,,,,,,,,,,,,,,0.0,1.0,0.0,,,,,,,,,,,123.0,,10.0,5.0,0.0,0.0
2025,general,ELL,9,ELL 009,Buffalo ELL 9,,,,,,,,23.0,,,,,,,,,,,,,,,,2.0,0.0,0.0,,,,,,,,,,,14.0,,6.0,1.0,0.0,0.0
2025,general,ELL,10,ELL 010,Buffalo ELL 10,,,,,,,,634.0,,,,,,,,,,,,,,,,3.0,3.0,3.0,,,,,,,,,,,509.0,,76.0,40.0,0.0,0.0
2025,general,ELL,11,ELL 011,Buffalo ELL 11,,,,,,,,239.0,,,,,,,,,,,,,,,,3.0,0.0,3.0,,,,,,,,,,,209.0,,11.0,13.0,0.0,0.0
2025,general,ELL,12,ELL 012,Buffalo ELL 12,,,,,,,,231.0,,,,,,,,,,,,,,,,5.0,1.0,2.0,,,,,,,,,,,201.0,,9.0,13.0,0.0,0.0
2025,general,ELL,13,ELL 013,Buffalo ELL 13,,,,,,,,320.0,,,,,,,,,,,,,,,,4.0,0.0,5.0,,,,,,,,,,,250.0,,42.0,19.0,0.0,0.0
2025,general,ELL,14,ELL 014,Buffalo ELL 14,,,,,,,,230.0,,,,,,,,,,,,,,,,5.0,0.0,0.0,,,,,,,,,,,194.0,,28.0,3.0,0.0,0.0
2025,general,ELL,15,ELL 015,Buffalo ELL 15,,,,,,,,65.0,,,,,,,,,,,,,,,,2.0,0.0,1.0,,,,,,,,,,,43.0,,18.0,1.0,0.0,0.0
2025,general,ELL,16,ELL 016,Buffalo ELL 16,,,,,,,,84.0,,,,,,,,,,,,,,,,1.0,0.0,0.0,,,,,,,,,,,76.0,,6.0,1.0,0.0,0.0
2025,general,ELL,17,ELL 017,Buffalo ELL 17,,,,,,,,149.0,,,,,,,,,,,,,,,,6.0,0.0,1.0,,,,,,,,,,,135.0,,4.0,3.0,0.0,0.0
2025,general,ELL,18,ELL 018,Buffalo ELL 18,,,,,,,,47.0,,,,,,,,,,,,,,,,1.0,0.0,3.0,,,,,,,,,,,40.0,,3.0,0.0,0.0,0.0
2025,general,ELL,19,ELL 019,Buffalo ELL 19,,,,,,,,199.0,,,,,,,,,,,,,,,,1.0,0.0,0.0,,,,,,,,,,,179.0,,13.0,6.0,0.0,0.0
2025,general,ELL,20,ELL 020,Buffalo ELL 20,,,,,,,,220.0,,,,,,,,,,,,,,,,0.0,1.0,0.0,,,,,,,,,,,200.0,,13.0,6.0,0.0,0.0
2025,general,ELL,21,ELL 021,Buffalo ELL 21,,,,,,,,139.0,,,,,,,,,,,,,,,,1.0,1.0,0.0,,,,,,,,,,,125.0,,7.0,5.0,0.0,0.0
2025,general,ELL,22,ELL 022,Buffalo ELL 22,,,,,,,,215.0,,,,,,,,,,,,,,,,4.0,1.0,1.0,,,,,,,,,,,193.0,,10.0,6.0,0.0,0.0
2025,general,ELL,23,ELL 023,Buffalo ELL 23,,,,,,,,169.0,,,,,,,,,,,,,,,,3.0,0.0,1.0,,,,,,,,,,,151.0,,9.0,5.0,0.0,0.0
2025,general,ELL,24,ELL 024,Buffalo ELL 24,,,,,,,,70.0,,,,,,,,,,,,,,,,1.0,0.0,0.0,,,,,,,,,,,62.0,,7.0,0.0,0.0,0.0
2025,general,ELL,25,ELL 025,Buffalo ELL 25,,,,,,,,274.0,,,,,,,,,,,,,,,,4.0,0.0,3.0,,,,,,,,,,,245.0,,14.0,8.0,0.0,0.0
2025,general,ELL,26,ELL 026,Buffalo ELL 26,,,,,,,,39.0,,,,,,,,,,,,,,,,1.0,0.0,0.0,,,,,,,,,,,33.0,,3.0,2.0,0.0,0.0
2025,general,ELL,27,ELL 027,Buffalo ELL 27,,,,,,,,90.0,,,,,,,,,,,,,,,,1.0,0.0,0.0,,,,,,,,,,,85.0,,1.0,3.0,0.0,0.0
2025,general,FIL,1,FIL 001,Buffalo FIL 1,,,,,,,,320.0,,,,,,,,,,,,,,,,2.0,0.0,2.0,,,,,,,,,,,260.0,,37.0,19.0,0.0,0.0
2025,general,FIL,2,FIL 002,Buffalo FIL 2,,,,,,,,457.0,,,,,,,,,,,,,,,,2.0,1.0,4.0,,,,,,,,,,,353.0,,52.0,45.0,0.0,0.0
2025,general,FIL,3,FIL 003,Buffalo FIL 3,,,,,,,,457.0,,,,,,,,,,,,,,,,2.0,0.0,7.0,,,,,,,,,,,360.0,,63.0,25.0,0.0,0.0
2025,general,FIL,4,FIL 004,Buffalo FIL 4,,,,,,,,124.0,,,,,,,,,,,,,,,,3.0,0.0,1.0,,,,,,,,,,,97.0,,12.0,11.0,0.0,0.0
2025,general,FIL,5,FIL 005,Buffalo FIL 5,,,,,,,,85.0,,,,,,,,,,,,,,,,5.0,0.0,0.0,,,,,,,,,,,63.0,,15.0,2.0,0.0,0.0
2025,general,FIL,6,FIL 006,Buffalo FIL 6,,,,,,,,341.0,,,,,,,,,,,,,,,,6.0,4.0,0.0,,,,,,,,,,,267.0,,56.0,8.0,0.0,0.0
2025,general,FIL,7,FIL 007,Buffalo FIL 7,,,,,,,,109.0,,,,,,,,,,,,,,,,1.0,1.0,1.0,,,,,,,,,,,85.0,,15.0,6.0,0.0,0.0
2025,general,FIL,8,FIL 008,Buffalo FIL 8,,,,,,,,246.0,,,,,,,,,,,,,,,,2.0,0.0,2.0,,,,,,,,,,,166.0,,60.0,16.0,0.0,0.0
2025,general,FIL,9,FIL 009,Buffalo FIL 9,,,,,,,,124.0,,,,,,,,,,,,,,,,1.0,1.0,0.0,,,,,,,,,,,83.0,,36.0,3.0,0.0,0.0
2025,general,FIL,10,FIL 010,Buffalo FIL 10,,,,,,,,101.0,,,,,,,,,,,,,,,,0.0,0.0,0.0,,,,,,,,,,,83.0,,13.0,5.0,0.0,0.0
2025,general,FIL,11,FIL 011,Buffalo FIL 11,,,,,,,,151.0,,,,,,,,,,,,,,,,2.0,2.0,0.0,,,,,,,,,,,113.0,,30.0,4.0,0.0,0.0
2025,general,FIL,12,FIL 012,Buffalo FIL 12,,,,,,,,1.0,,,,,,,,,,,,,,,,0.0,0.0,0.0,,,,,,,,,,,0.0,,1.0,0.0,0.0,0.0
2025,general,FIL,13,FIL 013,Buffalo FIL 13,,,,,,,,362.0,,,,,,,,,,,,,,,,2.0,0.0,7.0,,,,,,,,,,,123.0,,213.0,17.0,0.0,0.0
2025,general,FIL,14,FIL 014,Buffalo FIL 14,,,,,,,,18.0,,,,,,,,,,,,,,,,0.0,0.0,0.0,,,,,,,,,,,10.0,,5.0,3.0,0.0,0.0
2025,general,FIL,15,FIL 015,Buffalo FIL 15,,,,,,,,36.0,,,,,,,,,,,,,,,,0.0,0.0,0.0,,,,,,,,,,,25.0,,10.0,1.0,0.0,0.0
2025,general,FIL,16,FIL 016,Buffalo FIL 16,,,,,,,,38.0,,,,,,,,,,,,,,,,0.0,0.0,0.0,,,,,,,,,,,20.0,,15.0,3.0,0.0,0.0
2025,general,FIL,17,FIL 017,Buffalo FIL 17,,,,,,,,173.0,,,,,,,,,,,,,,,,2.0,0.0,1.0,,,,,,,,,,,84.0,,78.0,8.0,0.0,0.0
2025,general,FIL,18,FIL 018,Buffalo FIL 18,,,,,,,,105.0,,,,,,,,,,,,,,,,0.0,0.0,0.0,,,,,,,,,,,77.0,,24.0,4.0,0.0,0.0
2025,general,FIL,19,FIL 019,Buffalo FIL 19,,,,,,,,110.0,,,,,,,,,,,,,,,,3.0,0.0,0.0,,,,,,,,,,,86.0,,19.0,2.0,0.0,0.0
2025,general,FIL,20,FIL 020,Buffalo FIL 20,,,,,,,,178.0,,,,,,,,,,,,,,,,3.0,3.0,1.0,,,,,,,,,,,148.0,,18.0,5.0,0.0,0.0
2025,general,FIL,21,FIL 021,Buffalo FIL 21,,,,,,,,130.0,,,,,,,,,,,,,,,,4.0,5.0,1.0,,,,,,,,,,,73.0,,40.0,7.0,0.0,0.0
2025,general,FIL,22,FIL 022,Buffalo FIL 22,,,,,,,,34.0,,,,,,,,,,,,,,,,0.0,0.0,0.0,,,,,,,,,,,18.0,,14.0,2.0,0.0,0.0
2025,general,FIL,23,FIL 023,Buffalo FIL 23,,,,,,,,0.0,,,,,,,,,,,,,,,,0.0,0.0,0.0,,,,,,,,,,,0.0,,0.0,0.0,0.0,0.0
2025,general,FIL,24,FIL 024,Buffalo FIL 24,,,,,,,,8.0,,,,,,,,,,,,,,,,0.0,0.0,0.0,,,,,,,,,,,2.0,,6.0,0.0,0.0,0.0
2025,general,FIL,25,FIL 025,Buffalo FIL 25,,,,,,,,169.0,,,,,,,,,,,,,,,,1.0,0.0,0.0,,,,,,,,,,,119.0,,46.0,3.0,0.0,0.0
2025,general,LOV,1,LOV 001,Buffalo LOV 1,,,,,,,,69.0,,,,,,,,,,,,,,,,0.0,0.0,0.0,,,,,,,,,,,62.0,,6.0,1.0,0.0,0.0
2025,general,LOV,2,LOV 002,Buffalo LOV 2,,,,,,,,35.0,,,,,,,,,,,,,,,,0.0,0.0,0.0,,,,,,,,,,,33.0,,2.0,0.0,0.0,0.0
2025,general,LOV,3,LOV 003,Buffalo LOV 3,,,,,,,,148.0,,,,,,,,,,,,,,,,3.0,0.0,0.0,,,,,,,,,,,113.0,,28.0,4.0,0.0,0.0
2025,general,LOV,4,LOV 004,Buffalo LOV 4,,,,,,,,190.0,,,,,,,,,,,,,,,,3.0,0.0,1.0,,,,,,,,,,,145.0,,39.0,2.0,0.0,0.0
2025,general,LOV,5,LOV 005,Buffalo LOV 5,,,,,,,,223.0,,,,,,,,,,,,,,,,3.0,1.0,2.0,,,,,,,,,,,83.0,,127.0,7.0,0.0,0.0
2025,general,LOV,6,LOV 006,Buffalo LOV 6,,,,,,,,282.0,,,,,,,,,,,,,,,,4.0,0.0,1.0,,,,,,,,,,,220.0,,44.0,13.0,0.0,0.0
2025,general,LOV,7,LOV 007,Buffalo LOV 7,,,,,,,,159.0,,,,,,,,,,,,,,,,3.0,1.0,2.0,,,,,,,,,,,121.0,,25.0,7.0,0.0,0.0
2025,general,LOV,8,LOV 008,Buffalo LOV 8,,,,,,,,192.0,,,,,,,,,,,,,,,,0.0,0.0,2.0,,,,,,,,,,,92.0,,85.0,13.0,0.0,0.0
2025,general,LOV,9,LOV 009,Buffalo LOV 9,,,,,,,,212.0,,,,,,,,,,,,,,,,2.0,0.0,1.0,,,,,,,,,,,98.0,,107.0,4.0,0.0,0.0
2025,general,LOV,10,LOV 010,Buffalo LOV 10,,,,,,,,258.0,,,,,,,,,,,,,,,,0.0,1.0,9.0,,,,,,,,,,,107.0,,136.0,5.0,0.0,0.0
2025,general,LOV,11,LOV 011,Buffalo LOV 11,,,,,,,,180.0,,,,,,,,,,,,,,,,2.0,1.0,1.0,,,,,,,,,,,133.0,,36.0,7.0,0.0,0.0
2025,general,LOV,12,LOV 012,Buffalo LOV 12,,,,,,,,27.0,,,,,,,,,,,,,,,,0.0,0.0,0.0,,,,,,,,,,,11.0,,15.0,1.0,0.0,0.0
2025,general,LOV,13,LOV 013,Buffalo LOV 13,,,,,,,,342.0,,,,,,,,,,,,,,,,7.0,0.0,0.0,,,,,,,,,,,267.0,,60.0,8.0,0.0,0.0
2025,general,LOV,14,LOV 014,Buffalo LOV 14,,,,,,,,60.0,,,,,,,,,,,,,,,,0.0,0.0,3.0,,,,,,,,,,,20.0,,35.0,2.0,0.0,0.0
2025,general,LOV,15,LOV 015,Buffalo LOV 15,,,,,,,,227.0,,,,,,,,,,,,,,,,1.0,1.0,0.0,,,,,,,,,,,123.0,,94.0,8.0,0.0,0.0
2025,general,LOV,16,LOV 016,Buffalo LOV 16,,,,,,,,215.0,,,,,,,,,,,,,,,,2.0,1.0,0.0,,,,,,,,,,,102.0,,99.0,11.0,0.0,0.0
2025,general,LOV,17,LOV 017,Buffalo LOV 17,,,,,,,,142.0,,,,,,,,,,,,,,,,1.0,0.0,1.0,,,,,,,,,,,53.0,,81.0,6.0,0.0,0.0
2025,general,LOV,18,LOV 018,Buffalo LOV 18,,,,,,,,145.0,,,,,,,,,,,,,,,,0.0,0.0,1.0,,,,,,,,,,,70.0,,67.0,7.0,0.0,0.0
2025,general,LOV,19,LOV 019,Buffalo LOV 19,,,,,,,,124.0,,,,,,,,,,,,,,,,0.0,0.0,0.0,,,,,,,,,,,69.0,,52.0,3.0,0.0,0.0
2025,general,LOV,20,LOV 020,Buffalo LOV 20,,,,,,,,114.0,,,,,,,,,,,,,,,,0.0,1.0,1.0,,,,,,,,,,,59.0,,50.0,3.0,0.0,0.0
2025,general,MAS,1,MAS 001,Buffalo MAS 1,,,,,,,,293.0,,,,,,,,,,,,,,,,4.0,2.0,1.0,,,,,,,,,,,251.0,,27.0,8.0,0.0,0.0
2025,general,MAS,2,MAS 002,Buffalo MAS 2,,,,,,,,11.0,,,,,,,,,,,,,,,,0.0,0.0,0.0,,,,,,,,,,,8.0,,3.0,0.0,0.0,0.0
2025,general,MAS,3,MAS 003,Buffalo MAS 3,,,,,,,,2.0,,,,,,,,,,,,,,,,0.0,0.0,0.0,,,,,,,,,,,1.0,,1.0,0.0,0.0,0.0
2025,general,MAS,4,MAS 004,Buffalo MAS 4,,,,,,,,174.0,,,,,,,,,,,,,,,,3.0,1.0,0.0,,,,,,,,,,,151.0,,14.0,5.0,0.0,0.0
2025,general,MAS,5,MAS 005,Buffalo MAS 5,,,,,,,,12.0,,,,,,,,,,,,,,,,2.0,0.0,0.0,,,,,,,,,,,9.0,,1.0,0.0,0.0,0.0
2025,general,MAS,6,MAS 006,Buffalo MAS 6,,,,,,,,50.0,,,,,,,,,,,,,,,,2.0,0.0,0.0,,,,,,,,,,,35.0,,9.0,4.0,0.0,0.0
2025,general,MAS,7,MAS 007,Buffalo MAS 7,,,,,,,,154.0,,,,,,,,,,,,,,,,0.0,0.0,0.0,,,,,,,,,,,136.0,,10.0,8.0,0.0,0.0
2025,general,MAS,8,MAS 008,Buffalo MAS 8,,,,,,,,94.0,,,,,,,,,,,,,,,,2.0,2.0,0.0,,,,,,,,,,,77.0,,6.0,7.0,0.0,0.0
2025,general,MAS,9,MAS 009,Buffalo MAS 9,,,,,,,,184.0,,,,,,,,,,,,,,,,3.0,1.0,3.0,,,,,,,,,,,152.0,,19.0,6.0,0.0,0.0
2025,general,MAS,10,MAS 010,Buffalo MAS 10,,,,,,,,16.0,,,,,,,,,,,,,,,,0.0,0.0,0.0,,,,,,,,,,,14.0,,0.0,2.0,0.0,0.0
2025,general,MAS,11,MAS 011,Buffalo MAS 11,,,,,,,,210.0,,,,,,,,,,,,,,,,4.0,0.0,1.0,,,,,,,,,,,180.0,,22.0,3.0,0.0,0.0
2025,general,MAS,12,MAS 012,Buffalo MAS 12,,,,,,,,218.0,,,,,,,,,,,,,,,,3.0,0.0,2.0,,,,,,,,,,,192.0,,16.0,5.0,0.0,0.0
2025,general,MAS,13,MAS 013,Buffalo MAS 13,,,,,,,,249.0,,,,,,,,,,,,,,,,3.0,2.0,0.0,,,,,,,,,,,229.0,,10.0,5.0,0.0,0.0
2025,general,MAS,14,MAS 014,Buffalo MAS 14,,,,,,,,326.0,,,,,,,,,,,,,,,,2.0,2.0,1.0,,,,,,,,,,,288.0,,18.0,15.0,0.0,0.0
2025,general,MAS,15,MAS 015,Buffalo MAS 15,,,,,,,,24.0,,,,,,,,,,,,,,,,0.0,0.0,0.0,,,,,,,,,,,21.0,,1.0,2.0,0.0,0.0
2025,general,MAS,16,MAS 016,Buffalo MAS 16,,,,,,,,104.0,,,,,,,,,,,,,,,,0.0,0.0,0.0,,,,,,,,,,,96.0,,6.0,2.0,0.0,0.0
2025,general,MAS,17,MAS 017,Buffalo MAS 17,,,,,,,,2.0,,,,,,,,,,,,,,,,0.0,0.0,0.0,,,,,,,,,,,1.0,,0.0,1.0,0.0,0.0
2025,general,MAS,18,MAS 018,Buffalo MAS 18,,,,,,,,21.0,,,,,,,,,,,,,,,,0.0,1.0,0.0,,,,,,,,,,,17.0,,0.0,3.0,0.0,0.0
2025,general,MAS,19,MAS 019,Buffalo MAS 19,,,,,,,,369.0,,,,,,,,,,,,,,,,7.0,2.0,0.0,,,,,,,,,,,318.0,,26.0,15.0,1.0,0.0
2025,general,MAS,20,MAS 020,Buffalo MAS 20,,,,,,,,253.0,,,,,,,,,,,,,,,,4.0,3.0,1.0,,,,,,,,,,,231.0,,9.0,5.0,0.0,0.0
2025,general,MAS,21,MAS 021,Buffalo MAS 21,,,,,,,,68.0,,,,,,,,,,,,,,,,2.0,0.0,1.0,,,,,,,,,,,60.0,,3.0,2.0,0.0,0.0
2025,general,MAS,22,MAS 022,Buffalo MAS 22,,,,,,,,137.0,,,,,,,,,,,,,,,,4.0,0.0,0.0,,,,,,,,,,,125.0,,4.0,4.0,0.0,0.0
2025,general,MAS,23,MAS 023,Buffalo MAS 23,,,,,,,,129.0,,,,,,,,,,,,,,,,1.0,1.0,0.0,,,,,,,,,,,114.0,,11.0,2.0,0.0,0.0
2025,general,MAS,24,MAS 024,Buffalo MAS 24,,,,,,,,219.0,,,,,,,,,,,,,,,,4.0,0.0,1.0,,,,,,,,,,,187.0,,7.0,20.0,0.0,0.0
2025,general,MAS,25,MAS 025,Buffalo MAS 25,,,,,,,,94.0,,,,,,,,,,,,,,,,1.0,0.0,1.0,,,,,,,,,,,83.0,,7.0,2.0,0.0,0.0
2025,general,MAS,26,MAS 026,Buffalo MAS 26,,,,,,,,111.0,,,,,,,,,,,,,,,,2.0,0.0,0.0,,,,,,,,,,,101.0,,6.0,2.0,0.0,0.0
2025,general,MAS,27,MAS 027,Buffalo MAS 27,,,,,,,,185.0,,,,,,,,,,,,,,,,5.0,0.0,0.0,,,,,,,,,,,154.0,,9.0,17.0,0.0,0.0
2025,general,MAS,28,MAS 028,Buffalo MAS 28,,,,,,,,235.0,,,,,,,,,,,,,,,,2.0,0.0,2.0,,,,,,,,,,,214.0,,9.0,8.0,0.0,0.0
2025,general,NIA,1,NIA 001,Buffalo NIA 1,,,,,,,,167.0,,,,,,,,,,,,,,,,2.0,2.0,2.0,,,,,,,,,,,126.0,,25.0,10.0,0.0,0.0
2025,general,NIA,2,NIA 002,Buffalo NIA 2,,,,,,,,247.0,,,,,,,,,,,,,,,,4.0,0.0,1.0,,,,,,,,,,,198.0,,25.0,19.0,0.0,0.0
2025,general,NIA,3,NIA 003,Buffalo NIA 3,,,,,,,,320.0,,,,,,,,,,,,,,,,1.0,0.0,1.0,,,,,,,,,,,255.0,,32.0,31.0,0.0,0.0
2025,general,NIA,4,NIA 004,Buffalo NIA 4,,,,,,,,252.0,,,,,,,,,,,,,,,,0.0,0.0,1.0,,,,,,,,,,,210.0,,25.0,16.0,0.0,0.0
2025,general,NIA,5,NIA 005,Buffalo NIA 5,,,,,,,,300.0,,,,,,,,,,,,,,,,8.0,1.0,0.0,,,,,,,,,,,247.0,,32.0,12.0,0.0,0.0
2025,general,NIA,6,NIA 006,Buffalo NIA 6,,,,,,,,248.0,,,,,,,,,,,,,,,,3.0,0.0,0.0,,,,,,,,,,,203.0,,26.0,16.0,0.0,0.0
2025,general,NIA,7,NIA 007,Buffalo NIA 7,,,,,,,,153.0,,,,,,,,,,,,,,,,3.0,0.0,0.0,,,,,,,,,,,128.0,,18.0,4.0,0.0,0.0
2025,general,NIA,8,NIA 008,Buffalo NIA 8,,,,,,,,341.0,,,,,,,,,,,,,,,,3.0,0.0,3.0,,,,,,,,,,,276.0,,31.0,28.0,0.0,0.0
2025,general,NIA,9,NIA 009,Buffalo NIA 9,,,,,,,,306.0,,,,,,,,,,,,,,,,1.0,0.0,0.0,,,,,,,,,,,243.0,,37.0,25.0,0.0,0.0
2025,general,NIA,10,NIA 010,Buffalo NIA 10,,,,,,,,90.0,,,,,,,,,,,,,,,,2.0,0.0,0.0,,,,,,,,,,,71.0,,13.0,4.0,0.0,0.0
2025,general,NIA,11,NIA 011,Buffalo NIA 11,,,,,,,,116.0,,,,,,,,,,,,,,,,0.0,0.0,2.0,,,,,,,,,,,92.0,,16.0,6.0,0.0,0.0
2025,general,NIA,12,NIA 012,Buffalo NIA 12,,,,,,,,149.0,,,,,,,,,,,,,,,,7.0,0.0,0.0,,,,,,,,,,,102.0,,34.0,6.0,0.0,0.0
2025,general,NIA,13,NIA 013,Buffalo NIA 13,,,,,,,,144.0,,,,,,,,,,,,,,,,1.0,1.0,1.0,,,,,,,,,,,122.0,,14.0,5.0,0.0,0.0
2025,general,NIA,14,NIA 014,Buffalo NIA 14,,,,,,,,276.0,,,,,,,,,,,,,,,,2.0,0.0,1.0,,,,,,,,,,,229.0,,22.0,22.0,0.0,0.0
2025,general,NIA,15,NIA 015,Buffalo NIA 15,,,,,,,,141.0,,,,,,,,,,,,,,,,0.0,0.0,2.0,,,,,,,,,,,102.0,,24.0,13.0,0.0,0.0
2025,general,NIA,16,NIA 016,Buffalo NIA 16,,,,,,,,218.0,,,,,,,,,,,,,,,,7.0,2.0,2.0,,,,,,,,,,,164.0,,32.0,11.0,0.0,0.0
2025,general,NIA,17,NIA 017,Buffalo NIA 17,,,,,,,,66.0,,,,,,,,,,,,,,,,3.0,0.0,0.0,,,,,,,,,,,49.0,,9.0,5.0,0.0,0.0
2025,general,NIA,18,NIA 018,Buffalo NIA 18,,,,,,,,326.0,,,,,,,,,,,,,,,,1.0,0.0,1.0,,,,,,,,,,,289.0,,20.0,15.0,0.0,0.0
2025,general,NIA,19,NIA 019,Buffalo NIA 19,,,,,,,,141.0,,,,,,,,,,,,,,,,5.0,3.0,1.0,,,,,,,,,,,107.0,,18.0,7.0,0.0,0.0
2025,general,NIA,20,NIA 020,Buffalo NIA 20,,,,,,,,177.0,,,,,,,,,,,,,,,,2.0,0.0,0.0,,,,,,,,,,,140.0,,26.0,8.0,0.0,1.0
2025,general,NIA,21,NIA 021,Buffalo NIA 21,,,,,,,,325.0,,,,,,,,,,,,,,,,6.0,1.0,2.0,,,,,,,,,,,238.0,,56.0,22.0,0.0,0.0
2025,general,NOR,1,NOR 001,Buffalo NOR 1,,,,,,,,143.0,,,,,,,,,,,,,,,,2.0,0.0,2.0,,,,,,,,,,,69.0,,63.0,7.0,0.0,0.0
2025,general,NOR,2,NOR 002,Buffalo NOR 2,,,,,,,,91.0,,,,,,,,,,,,,,,,0.0,0.0,0.0,,,,,,,,,,,49.0,,41.0,1.0,0.0,0.0
2025,general,NOR,3,NOR 003,Buffalo NOR 3,,,,,,,,58.0,,,,,,,,,,,,,,,,3.0,0.0,0.0,,,,,,,,,,,40.0,,15.0,0.0,0.0,0.0
2025,general,NOR,4,NOR 004,Buffalo NOR 4,,,,,,,,132.0,,,,,,,,,,,,,,,,1.0,0.0,0.0,,,,,,,,,,,97.0,,28.0,6.0,0.0,0.0
2025,general,NOR,5,NOR 005,Buffalo NOR 5,,,,,,,,104.0,,,,,,,,,,,,,,,,1.0,0.0,0.0,,,,,,,,,,,63.0,,33.0,7.0,0.0,0.0
2025,general,NOR,6,NOR 006,Buffalo NOR 6,,,,,,,,122.0,,,,,,,,,,,,,,,,2.0,0.0,2.0,,,,,,,,,,,77.0,,38.0,3.0,0.0,0.0
2025,general,NOR,7,NOR 007,Buffalo NOR 7,,,,,,,,199.0,,,,,,,,,,,,,,,,2.0,2.0,0.0,,,,,,,,,,,126.0,,56.0,13.0,0.0,0.0
2025,general,NOR,8,NOR 008,Buffalo NOR 8,,,,,,,,33.0,,,,,,,,,,,,,,,,1.0,0.0,0.0,,,,,,,,,,,17.0,,15.0,0.0,0.0,0.0
2025,general,NOR,9,NOR 009,Buffalo NOR 9,,,,,,,,258.0,,,,,,,,,,,,,,,,1.0,1.0,1.0,,,,,,,,,,,143.0,,101.0,11.0,0.0,0.0
2025,general,NOR,10,NOR 010,Buffalo NOR 10,,,,,,,,293.0,,,,,,,,,,,,,,,,2.0,0.0,0.0,,,,,,,,,,,219.0,,62.0,10.0,0.0,0.0
2025,general,NOR,11,NOR 011,Buffalo NOR 11,,,,,,,,5.0,,,,,,,,,,,,,,,,0.0,0.0,0.0,,,,,,,,,,,5.0,,0.0,0.0,0.0,0.0
2025,general,NOR,12,NOR 012,Buffalo NOR 12,,,,,,,,237.0,,,,,,,,,,,,,,,,1.0,0.0,2.0,,,,,,,,,,,153.0,,73.0,8.0,0.0,0.0
2025,general,NOR,13,NOR 013,Buffalo NOR 13,,,,,,,,310.0,,,,,,,,,,,,,,,,1.0,0.0,1.0,,,,,,,,,,,225.0,,69.0,14.0,0.0,0.0
2025,general,NOR,14,NOR 014,Buffalo NOR 14,,,,,,,,276.0,,,,,,,,,,,,,,,,1.0,0.0,3.0,,,,,,,,,,,198.0,,61.0,13.0,0.0,0.0
2025,general,NOR,15,NOR 015,Buffalo NOR 15,,,,,,,,59.0,,,,,,,,,,,,,,,,0.0,0.0,0.0,,,,,,,,,,,30.0,,25.0,4.0,0.0,0.0
2025,general,NOR,16,NOR 016,Buffalo NOR 16,,,,,,,,14.0,,,,,,,,,,,,,,,,0.0,0.0,2.0,,,,,,,,,,,4.0,,8.0,0.0,0.0,0.0
2025,general,NOR,17,NOR 017,Buffalo NOR 17,,,,,,,,78.0,,,,,,,,,,,,,,,,2.0,0.0,0.0,,,,,,,,,,,56.0,,17.0,3.0,0.0,0.0
2025,general,NOR,18,NOR 018,Buffalo NOR 18,,,,,,,,159.0,,,,,,,,,,,,,,,,3.0,0.0,3.0,,,,,,,,,,,97.0,,48.0,8.0,0.0,0.0
2025,general,NOR,19,NOR 019,Buffalo NOR 19,,,,,,,,98.0,,,,,,,,,,,,,,,,0.0,0.0,2.0,,,,,,,,,,,65.0,,26.0,5.0,0.0,0.0
2025,general,NOR,20,NOR 020,Buffalo NOR 20,,,,,,,,377.0,,,,,,,,,,,,,,,,2.0,1.0,0.0,,,,,,,,,,,279.0,,76.0,19.0,0.0,0.0
2025,general,NOR,21,NOR 021,Buffalo NOR 21,,,,,,,,106.0,,,,,,,,,,,,,,,,4.0,1.0,0.0,,,,,,,,,,,66.0,,27.0,8.0,0.0,0.0
2025,general,NOR,22,NOR 022,Buffalo NOR 22,,,,,,,,85.0,,,,,,,,,,,,,,,,2.0,0.0,1.0,,,,,,,,,,,65.0,,12.0,5.0,0.0,0.0
2025,general,SOU,1,SOU 001,Buffalo SOU 1,,,,,,,,73.0,,,,,,,,,,,,,,,,2.0,0.0,3.0,,,,,,,,,,,29.0,,37.0,2.0,0.0,0.0
2025,general,SOU,2,SOU 002,Buffalo SOU 2,,,,,,,,364.0,,,,,,,,,,,,,,,,2.0,2.0,7.0,,,,,,,,,,,184.0,,151.0,18.0,0.0,0.0
2025,general,SOU,3,SOU 003,Buffalo SOU 3,,,,,,,,275.0,,,,,,,,,,,,,,,,3.0,0.0,9.0,,,,,,,,,,,142.0,,111.0,10.0,0.0,0.0
2025,general,SOU,4,SOU 004,Buffalo SOU 4,,,,,,,,183.0,,,,,,,,,,,,,,,,1.0,1.0,3.0,,,,,,,,,,,87.0,,87.0,4.0,0.0,0.0
2025,general,SOU,5,SOU 005,Buffalo SOU 5,,,,,,,,268.0,,,,,,,,,,,,,,,,1.0,0.0,1.0,,,,,,,,,,,113.0,,137.0,16.0,0.0,0.0
2025,general,SOU,6,SOU 006,Buffalo SOU 6,,,,,,,,167.0,,,,,,,,,,,,,,,,1.0,0.0,1.0,,,,,,,,,,,100.0,,60.0,5.0,0.0,0.0
2025,general,SOU,7,SOU 007,Buffalo SOU 7,,,,,,,,373.0,,,,,,,,,,,,,,,,8.0,0.0,10.0,,,,,,,,,,,180.0,,158.0,17.0,0.0,0.0
2025,general,SOU,8,SOU 008,Buffalo SOU 8,,,,,,,,436.0,,,,,,,,,,,,,,,,5.0,0.0,9.0,,,,,,,,,,,178.0,,220.0,24.0,0.0,0.0
2025,general,SOU,9,SOU 009,Buffalo SOU 9,,,,,,,,336.0,,,,,,,,,,,,,,,,6.0,0.0,7.0,,,,,,,,,,,140.0,,169.0,14.0,0.0,0.0
2025,general,SOU,10,SOU 010,Buffalo SOU 10,,,,,,,,355.0,,,,,,,,,,,,,,,,6.0,1.0,8.0,,,,,,,,,,,158.0,,167.0,15.0,0.0,0.0
2025,general,SOU,11,SOU 011,Buffalo SOU 11,,,,,,,,366.0,,,,,,,,,,,,,,,,4.0,1.0,6.0,,,,,,,,,,,176.0,,164.0,15.0,0.0,0.0
2025,general,SOU,12,SOU 012,Buffalo SOU 12,,,,,,,,197.0,,,,,,,,,,,,,,,,1.0,0.0,1.0,,,,,,,,,,,95.0,,87.0,13.0,0.0,0.0
2025,general,SOU,13,SOU 013,Buffalo SOU 13,,,,,,,,435.0,,,,,,,,,,,,,,,,4.0,0.0,17.0,,,,,,,,,,,188.0,,206.0,20.0,0.0,0.0
2025,general,SOU,14,SOU 014,Buffalo SOU 14,,,,,,,,737.0,,,,,,,,,,,,,,,,12.0,2.0,17.0,,,,,,,,,,,235.0,,442.0,29.0,0.0,0.0
2025,general,SOU,15,SOU 015,Buffalo SOU 15,,,,,,,,167.0,,,,,,,,,,,,,,,,1.0,0.0,2.0,,,,,,,,,,,63.0,,96.0,5.0,0.0,0.0
2025,general,SOU,16,SOU 016,Buffalo SOU 16,,,,,,,,200.0,,,,,,,,,,,,,,,,2.0,1.0,1.0,,,,,,,,,,,98.0,,92.0,6.0,0.0,0.0
2025,general,SOU,17,SOU 017,Buffalo SOU 17,,,,,,,,312.0,,,,,,,,,,,,,,,,6.0,0.0,12.0,,,,,,,,,,,126.0,,157.0,11.0,0.0,0.0
2025,general,SOU,18,SOU 018,Buffalo SOU 18,,,,,,,,384.0,,,,,,,,,,,,,,,,6.0,1.0,13.0,,,,,,,,,,,154.0,,201.0,9.0,0.0,0.0
2025,general,SOU,19,SOU 019,Buffalo SOU 19,,,,,,,,237.0,,,,,,,,,,,,,,,,2.0,0.0,4.0,,,,,,,,,,,106.0,,118.0,7.0,0.0,0.0
2025,general,SOU,20,SOU 020,Buffalo SOU 20,,,,,,,,472.0,,,,,,,,,,,,,,,,8.0,0.0,24.0,,,,,,,,,,,148.0,,274.0,18.0,0.0,0.0
2025,general,SOU,21,SOU 021,Buffalo SOU 21,,,,,,,,1.0,,,,,,,,,,,,,,,,0.0,0.0,0.0,,,,,,,,,,,0.0,,0.0,1.0,0.0,0.0
2025,general,UNI,1,UNI 001,Buffalo UNI 1,,,,,,,,72.0,,,,,,,,,,,,,,,,0.0,0.0,0.0,,,,,,,,,,,46.0,,25.0,1.0,0.0,0.0
2025,general,UNI,2,UNI 002,Buffalo UNI 2,,,,,,,,567.0,,,,,,,,,,,,,,,,1.0,2.0,4.0,,,,,,,,,,,416.0,,124.0,20.0,0.0,0.0
2025,general,UNI,3,UNI 003,Buffalo UNI 3,,,,,,,,170.0,,,,,,,,,,,,,,,,2.0,0.0,0.0,,,,,,,,,,,152.0,,10.0,6.0,0.0,0.0
2025,general,UNI,4,UNI 004,Buffalo UNI 4,,,,,,,,147.0,,,,,,,,,,,,,,,,2.0,0.0,1.0,,,,,,,,,,,118.0,,17.0,9.0,0.0,0.0
2025,general,UNI,5,UNI 005,Buffalo UNI 5,,,,,,,,370.0,,,,,,,,,,,,,,,,0.0,0.0,1.0,,,,,,,,,,,287.0,,66.0,16.0,0.0,0.0
2025,general,UNI,6,UNI 006,Buffalo UNI 6,,,,,,,,206.0,,,,,,,,,,,,,,,,0.0,1.0,3.0,,,,,,,,,,,161.0,,27.0,14.0,0.0,0.0
2025,general,UNI,7,UNI 007,Buffalo UNI 7,,,,,,,,156.0,,,,,,,,,,,,,,,,3.0,0.0,0.0,,,,,,,,,,,137.0,,13.0,3.0,0.0,0.0
2025,general,UNI,8,UNI 008,Buffalo UNI 8,,,,,,,,227.0,,,,,,,,,,,,,,,,3.0,1.0,0.0,,,,,,,,,,,176.0,,42.0,5.0,0.0,0.0
2025,general,UNI,9,UNI 009,Buffalo UNI 9,,,,,,,,230.0,,,,,,,,,,,,,,,,3.0,0.0,1.0,,,,,,,,,,,188.0,,32.0,6.0,0.0,0.0
2025,general,UNI,10,UNI 010,Buffalo UNI 10,,,,,,,,290.0,,,,,,,,,,,,,,,,3.0,2.0,0.0,,,,,,,,,,,203.0,,72.0,10.0,0.0,0.0
2025,general,UNI,11,UNI 011,Buffalo UNI 11,,,,,,,,160.0,,,,,,,,,,,,,,,,4.0,0.0,0.0,,,,,,,,,,,105.0,,41.0,10.0,0.0,0.0
2025,general,UNI,12,UNI 012,Buffalo UNI 12,,,,,,,,278.0,,,,,,,,,,,,,,,,2.0,0.0,2.0,,,,,,,,,,,227.0,,37.0,10.0,0.0,0.0
2025,general,UNI,13,UNI 013,Buffalo UNI 13,,,,,,,,254.0,,,,,,,,,,,,,,,,2.0,1.0,0.0,,,,,,,,,,,216.0,,30.0,5.0,0.0,0.0
2025,general,UNI,14,UNI 014,Buffalo UNI 14,,,,,,,,150.0,,,,,,,,,,,,,,,,0.0,0.0,2.0,,,,,,,,,,,110.0,,35.0,3.0,0.0,0.0
2025,general,UNI,15,UNI 015,Buffalo UNI 15,,,,,,,,160.0,,,,,,,,,,,,,,,,5.0,0.0,2.0,,,,,,,,,,,118.0,,31.0,4.0,0.0,0.0
2025,general,UNI,16,UNI 016,Buffalo UNI 16,,,,,,,,195.0,,,,,,,,,,,,,,,,1.0,1.0,0.0,,,,,,,,,,,144.0,,44.0,5.0,0.0,0.0
2025,general,UNI,17,UNI 017,Buffalo UNI 17,,,,,,,,296.0,,,,,,,,,,,,,,,,5.0,1.0,0.0,,,,,,,,,,,252.0,,29.0,9.0,0.0,0.0
2025,general,UNI,18,UNI 018,Buffalo UNI 18,,,,,,,,31.0,,,,,,,,,,,,,,,,0.0,0.0,1.0,,,,,,,,,,,16.0,,11.0,3.0,0.0,0.0
2025,general,UNI,19,UNI 019,Buffalo UNI 19,,,,,,,,145.0,,,,,,,,,,,,,,,,4.0,0.0,0.0,,,,,,,,,,,118.0,,19.0,4.0,0.0,0.0
2025,general,UNI,20,UNI 020,Buffalo UNI 20,,,,,,,,207.0,,,,,,,,,,,,,,,,5.0,1.0,0.0,,,,,,,,,,,182.0,,15.0,4.0,0.0,0.0
